Date,Open,High,Low,Close,Volume,Dividends,Stock Splits,Capital Gains
2014-12-24 00:00:00-05:00,21.25730323791504,21.25730323791504,21.25730323791504,21.25730323791504,0,0.0,0.0,0.0
2014-12-26 00:00:00-05:00,21.367141723632812,21.367141723632812,21.367141723632812,21.367141723632812,0,0.0,0.0,0.0
2014-12-29 00:00:00-05:00,21.350242951946345,21.4600772857666,21.350242951946345,21.4600772857666,4000,0.0,0.0,0.0
2014-12-30 00:00:00-05:00,21.417832831265613,21.417832831265613,21.341793060302734,21.341793060302734,4000,0.0,0.0,0.0
2014-12-31 00:00:00-05:00,21.341793060302734,21.341793060302734,21.341793060302734,21.341793060302734,6000,0.0,0.0,0.0
2015-01-02 00:00:00-05:00,21.214217324914017,21.214217324914017,21.037636665228064,21.088329315185547,4200,0.0,0.0,0.0
2015-01-05 00:00:00-05:00,20.67432939086575,20.699676513671875,20.63208579767866,20.699676513671875,1300,0.0,0.0,0.0
2015-01-06 00:00:00-05:00,20.6996808904418,20.74192449256094,20.50535774230957,20.50535774230957,6600,0.0,0.0,0.0
2015-01-07 00:00:00-05:00,20.597448142817175,20.64898681640625,20.597448142817175,20.64898681640625,3100,0.0,0.0,0.0
2015-01-08 00:00:00-05:00,20.96074867248535,20.96074867248535,20.96074867248535,20.96074867248535,200,0.0,0.0,0.0
2015-01-09 00:00:00-05:00,20.80866588334863,20.893999099731445,20.80866588334863,20.893999099731445,500,0.0,0.0,0.0
2015-01-12 00:00:00-05:00,20.74192237854004,20.74192237854004,20.74192237854004,20.74192237854004,100,0.0,0.0,0.0
2015-01-13 00:00:00-05:00,20.74192237854004,20.74192237854004,20.74192237854004,20.74192237854004,0,0.0,0.0,0.0
2015-01-14 00:00:00-05:00,20.54760381740313,20.54760381740313,20.37862777709961,20.37862777709961,500,0.0,0.0,0.0
2015-01-15 00:00:00-05:00,20.556043467997487,20.564492507875396,20.429311092808,20.45465660095215,30400,0.0,0.0,0.0
2015-01-16 00:00:00-05:00,20.471560166548876,20.606741617841354,20.471560166548876,20.581396102905273,32700,0.0,0.0,0.0
2015-01-20 00:00:00-05:00,20.6405414196189,20.685319900512695,20.496910900902115,20.685319900512695,83800,0.0,0.0,0.0
2015-01-21 00:00:00-05:00,20.758821628509967,20.8686575673801,20.741923543839167,20.792617797851562,90100,0.0,0.0,0.0
2015-01-22 00:00:00-05:00,20.92526155400725,21.096772416945072,20.91089834512475,21.079875946044922,75500,0.0,0.0,0.0
2015-01-23 00:00:00-05:00,21.06297735354338,21.122119028986177,21.002989645958692,21.003835678100586,68200,0.0,0.0,0.0
2015-01-26 00:00:00-05:00,20.98694516480437,21.13902473449707,20.91090537995802,21.13902473449707,10600,0.0,0.0,0.0
2015-01-27 00:00:00-05:00,20.97004038812825,21.09677278528616,20.91089871022055,21.054529190063477,14200,0.0,0.0,0.0
2015-01-28 00:00:00-05:00,21.054534515370054,21.054534515370054,20.699682746681617,20.708131790161133,14600,0.0,0.0,0.0
2015-01-29 00:00:00-05:00,20.725026548053997,20.868657041153874,20.513805329465352,20.85175895690918,297200,0.0,0.0,0.0
2015-01-30 00:00:00-05:00,20.69123041560155,20.910900676695128,20.640537774269188,20.64898681640625,290600,0.0,0.0,0.0
2015-02-02 00:00:00-05:00,20.725026351084793,20.927798525623956,20.623639458070215,20.9007625579834,294200,0.0,0.0,0.0
2015-02-03 00:00:00-05:00,21.11367048573651,21.28264808654785,21.05452880889949,21.28264808654785,279000,0.0,0.0,0.0
2015-02-04 00:00:00-05:00,21.215058254593657,21.29109801698567,21.130569450659213,21.19816017150879,285500,0.0,0.0,0.0
2015-02-05 00:00:00-05:00,21.248856049466752,21.468526328597413,21.248856049466752,21.4600772857666,533900,0.0,0.0,0.0
2015-02-06 00:00:00-05:00,21.493871197441106,21.493871197441106,21.3417916654549,21.35024070739746,4400,0.0,0.0,0.0
2015-02-09 00:00:00-05:00,21.316442314905476,21.350238479148548,21.29278564453125,21.29278564453125,1600,0.0,0.0,0.0
2015-02-10 00:00:00-05:00,21.28265551366947,21.329124450683594,21.28265551366947,21.329124450683594,900,0.0,0.0,0.0
2015-02-11 00:00:00-05:00,21.36714435572419,21.443182530029212,21.29110456992877,21.38404083251953,443600,0.0,0.0,0.0
2015-02-12 00:00:00-05:00,21.55301562059956,21.62905539626318,21.55301562059956,21.603708267211914,486500,0.0,0.0,0.0
2015-02-13 00:00:00-05:00,21.67974851454019,21.747339248657227,21.645953953226776,21.747339248657227,409800,0.0,0.0,0.0
2015-02-17 00:00:00-05:00,21.73888324116588,21.823372034617815,21.705088690678924,21.78957748413086,548900,0.0,0.0,0.0
2015-02-18 00:00:00-05:00,21.688193887216904,22.169777987733468,21.67974484544592,21.848722457885742,438300,0.0,0.0,0.0
2015-02-19 00:00:00-05:00,21.84871915713727,21.91630986960409,21.83182107614814,21.857168197631836,509300,0.0,0.0,0.0
2015-02-20 00:00:00-05:00,21.831822841211007,21.967004277073812,21.82337380003335,21.9534854888916,395200,0.0,0.0,0.0
2015-02-23 00:00:00-05:00,21.941661129992298,21.941661129992298,21.855483472746116,21.917160034179688,5100,0.0,0.0,0.0
2015-02-24 00:00:00-05:00,21.93320824338554,22.000800573210547,21.916311772419125,21.992351531982422,485400,0.0,0.0,0.0
2015-02-25 00:00:00-05:00,21.967010633980983,22.059948502340102,21.95433787429212,22.00080680847168,702900,0.0,0.0,0.0
2015-02-26 00:00:00-05:00,21.98644521529654,21.98644521529654,21.848728855932364,21.880834579467773,13800,0.0,0.0,0.0
2015-02-27 00:00:00-05:00,21.890966055250725,21.924762222334667,21.848722457885742,21.848722457885742,30100,0.0,0.0,0.0
2015-03-02 00:00:00-05:00,21.848722276343835,21.907863956759382,21.827598866346918,21.892656326293945,13500,0.0,0.0,0.0
2015-03-03 00:00:00-05:00,21.874065744653176,21.874065744653176,21.823373110678357,21.8563232421875,20000,0.0,0.0,0.0
2015-03-04 00:00:00-05:00,21.730441162255413,21.747339248657227,21.698335442688055,21.747339248657227,3100,0.0,0.0,0.0
2015-03-05 00:00:00-05:00,21.78958218192156,21.814927697378796,21.738887928026998,21.77268409729004,3600,0.0,0.0,0.0
2015-03-06 00:00:00-05:00,21.69664423999205,21.69664423999205,21.451626848298304,21.468524932861328,15800,0.0,0.0,0.0
2015-03-09 00:00:00-04:00,21.46007554264272,21.48626708984375,21.46007554264272,21.48626708984375,300,0.0,0.0,0.0
2015-03-10 00:00:00-04:00,21.307994329148276,21.307994329148276,21.223507137335886,21.23448944091797,3200,0.0,0.0,0.0
2015-03-11 00:00:00-04:00,21.22350728880209,21.265750885009766,21.198160164183545,21.265750885009766,7400,0.0,0.0,0.0
2015-03-12 00:00:00-04:00,21.333337938185515,21.434724807739258,21.333337938185515,21.434724807739258,26200,0.0,0.0,0.0
2015-03-13 00:00:00-04:00,21.434728347175717,21.434728347175717,21.189710978664323,21.23195457458496,13200,0.0,0.0,0.0
2015-03-16 00:00:00-04:00,21.38403749424187,21.544566084915342,21.38403749424187,21.527667999267578,37500,0.0,0.0,0.0
2015-03-17 00:00:00-04:00,21.48541956440249,21.510765075683594,21.4305016041438,21.510765075683594,5300,0.0,0.0,0.0
2015-03-18 00:00:00-04:00,21.476969432824927,21.857168197631836,21.476969432824927,21.857168197631836,5300,0.0,0.0,0.0
2015-03-19 00:00:00-04:00,21.80648093957336,21.80648093957336,21.688197557741095,21.747339248657227,112300,0.0,0.0,0.0
2015-03-20 00:00:00-04:00,21.854791605273558,21.93940203902981,21.854791605273558,21.9224796295166,3100,0.037,0.0,0.0
2015-03-23 00:00:00-04:00,21.947863037405842,22.00708985633536,21.930940628051758,21.930940628051758,17800,0.0,0.0,0.0
2015-03-24 00:00:00-04:00,21.888642035908873,21.897101629024473,21.795570373535156,21.795570373535156,3700,0.0,0.0,0.0
2015-03-25 00:00:00-04:00,21.804021424486443,21.812482627471155,21.541728973388672,21.541728973388672,2100,0.0,0.0,0.0
2015-03-26 00:00:00-04:00,21.533270291814524,21.55865228802903,21.474041868425118,21.516347885131836,5300,0.0,0.0,0.0
2015-03-27 00:00:00-04:00,21.448665945687175,21.567119598388672,21.448665945687175,21.567119598388672,2600,0.0,0.0,0.0
2015-03-30 00:00:00-04:00,21.765958593885212,21.88864368282507,21.765958593885212,21.871721267700195,900,0.0,0.0,0.0
2015-03-31 00:00:00-04:00,21.77864460465518,21.804028221522234,21.694034162241625,21.710956573486328,73200,0.0,0.0,0.0
2015-04-01 00:00:00-04:00,21.71941508104366,21.71941508104366,21.592500240094132,21.67711067199707,16400,0.0,0.0,0.0
2015-04-02 00:00:00-04:00,21.694031603716155,21.875943468617702,21.694031603716155,21.804025650024414,8500,0.0,0.0,0.0
2015-04-06 00:00:00-04:00,21.947863002162055,22.007089820996466,21.947863002162055,21.998628616333008,1200,0.0,0.0,0.0
2015-04-07 00:00:00-04:00,21.998626326660577,22.08239111444349,21.947860717773438,21.947860717773438,6300,0.0,0.0,0.0
2015-04-08 00:00:00-04:00,21.973251342773438,21.998634964088303,21.973251342773438,21.973251342773438,900,0.0,0.0,0.0
2015-04-09 00:00:00-04:00,21.973242687194865,22.024009909826653,21.95632189346054,22.015548706054688,12200,0.0,0.0,0.0
2015-04-10 00:00:00-04:00,22.119618348143728,22.134002233111335,22.091697828248677,22.11031150817871,6800,0.0,0.0,0.0
2015-04-13 00:00:00-04:00,22.117082046843286,22.117082046843286,22.007089614868164,22.007089614868164,3300,0.0,0.0,0.0
2015-04-14 00:00:00-04:00,21.9817076601694,22.09170171425601,21.9817076601694,22.083240509033203,1800,0.0,0.0,0.0
2015-04-15 00:00:00-04:00,22.235535840640225,22.320144653320312,22.235535840640225,22.320144653320312,900,0.0,0.0,0.0
2015-04-16 00:00:00-04:00,22.19492443368811,22.286303184987634,22.163618137722526,22.26091957092285,3100,0.0,0.0,0.0
2015-04-17 00:00:00-04:00,21.998626732524187,21.998626732524187,21.897093899067066,21.98255157470703,1300,0.0,0.0,0.0
2015-04-20 00:00:00-04:00,22.11708177204951,22.15092658996582,22.110313453990145,22.15092658996582,3700,0.0,0.0,0.0
2015-04-21 00:00:00-04:00,22.150928537005775,22.150928537005775,22.083240509033203,22.083240509033203,4900,0.0,0.0,0.0
2015-04-22 00:00:00-04:00,22.099313932328943,22.159388000546212,22.099313932328943,22.142465591430664,5200,0.0,0.0,0.0
2015-04-23 00:00:00-04:00,22.1805382659049,22.21015167236328,22.1805382659049,22.21015167236328,700,0.0,0.0,0.0
2015-04-24 00:00:00-04:00,22.201690468545227,22.21269019488966,22.15938606326457,22.21015167236328,7900,0.0,0.0,0.0
2015-04-27 00:00:00-04:00,22.252457642639882,22.26938005146613,22.083238395806603,22.091699600219727,4400,0.0,0.0,0.0
2015-04-28 00:00:00-04:00,22.125545708697736,22.125545708697736,22.117084503173828,22.117084503173828,2400,0.0,0.0,0.0
2015-04-29 00:00:00-04:00,22.074781733452763,22.079858779907227,21.990171285721996,22.079858779907227,1700,0.0,0.0,0.0
2015-04-30 00:00:00-04:00,22.040935811095284,22.057858222560636,21.896252904829492,21.897098541259766,7400,0.0,0.0,0.0
2015-05-01 00:00:00-04:00,22.007086414626787,22.007086414626787,21.98170280456543,21.98170280456543,1300,0.0,0.0,0.0
2015-05-04 00:00:00-04:00,22.16785360014317,22.218619223744945,22.16785360014317,22.18477439880371,2900,0.0,0.0,0.0
2015-05-05 00:00:00-04:00,22.09170283653315,22.09170283653315,21.905559539794922,21.905559539794922,4800,0.0,0.0,0.0
2015-05-06 00:00:00-04:00,21.943632125854492,21.943632125854492,21.943632125854492,21.943632125854492,300,0.0,0.0,0.0
2015-05-07 00:00:00-04:00,21.832801003961244,21.92248689926449,21.832801003961244,21.871721267700195,3000,0.0,0.0,0.0
2015-05-08 00:00:00-04:00,22.032476430126003,22.13570055895701,22.032476430126003,22.08916473388672,8000,0.0,0.0,0.0
2015-05-11 00:00:00-04:00,22.108622510891742,22.125544921337355,22.083240509033203,22.083240509033203,1900,0.0,0.0,0.0
2015-05-12 00:00:00-04:00,21.91993855586013,22.024009909826653,21.880172673322466,22.015548706054688,8700,0.0,0.0,0.0
2015-05-13 00:00:00-04:00,22.040932819395216,22.108620842259082,21.99862841028396,22.007089614868164,5100,0.0,0.0,0.0
2015-05-14 00:00:00-04:00,22.100160976901098,22.159387794444896,22.0976224541764,22.15092658996582,28900,0.0,0.0,0.0
2015-05-15 00:00:00-04:00,22.15938565394907,22.235534873095357,22.15938565394907,22.227073669433594,230100,0.0,0.0,0.0
2015-05-18 00:00:00-04:00,22.20169424184694,22.277843475341797,22.193233036590858,22.277843475341797,216200,0.0,0.0,0.0
2015-05-19 00:00:00-04:00,22.27784027716327,22.29476268524608,22.215229303828476,22.252456665039062,21300,0.0,0.0,0.0
2015-05-20 00:00:00-04:00,22.235538276244423,22.277842687218342,22.22707707128767,22.243999481201172,17800,0.0,0.0,0.0
2015-05-21 00:00:00-04:00,22.328609466552734,22.337070671950347,22.269382642579373,22.328609466552734,40500,0.0,0.0,0.0
2015-05-22 00:00:00-04:00,22.303224975435235,22.34552938389278,22.260918953167952,22.28630256652832,58700,0.0,0.0,0.0
2015-05-26 00:00:00-04:00,22.150928184141822,22.150928184141822,22.032474540529254,22.03754997253418,2700,0.0,0.0,0.0
2015-05-27 00:00:00-04:00,22.108618840356247,22.22707407999939,22.108618840356247,22.21015167236328,34800,0.0,0.0,0.0
2015-05-28 00:00:00-04:00,22.184772616141228,22.184772616141228,22.015553346462948,22.146697998046875,2600,0.0,0.0,0.0
2015-05-29 00:00:00-04:00,22.028234481811523,22.028234481811523,22.028234481811523,22.028234481811523,2100,0.0,0.0,0.0
2015-06-01 00:00:00-04:00,22.12554258190529,22.12554258190529,22.007088948930384,22.06462287902832,3900,0.0,0.0,0.0
2015-06-02 00:00:00-04:00,22.125543216765344,22.14246562590724,22.074777603149414,22.074777603149414,18100,0.0,0.0,0.0
2015-06-03 00:00:00-04:00,22.134003802282372,22.134003802282372,22.09339066700161,22.100160598754883,600,0.0,0.0,0.0
2015-06-04 00:00:00-04:00,22.057855228563625,22.057855228563625,22.007089614868164,22.007089614868164,1400,0.0,0.0,0.0
2015-06-05 00:00:00-04:00,21.871715444647535,21.930942268005918,21.871715444647535,21.914865493774414,9900,0.0,0.0,0.0
2015-06-08 00:00:00-04:00,21.93093875622913,21.93093875622913,21.769333472453255,21.81163787841797,3600,0.0,0.0,0.0
2015-06-09 00:00:00-04:00,21.770179748535156,21.770179748535156,21.770179748535156,21.770179748535156,300,0.0,0.0,0.0
2015-06-10 00:00:00-04:00,21.991012209089565,21.99693489074707,21.99016657279841,21.99693489074707,23600,0.0,0.0,0.0
2015-06-11 00:00:00-04:00,22.040936224608565,22.040936224608565,22.024015426635742,22.024015426635742,15300,0.0,0.0,0.0
2015-06-12 00:00:00-04:00,21.947863243786415,21.947863243786415,21.897096015246788,21.9224796295166,181700,0.0,0.0,0.0
2015-06-15 00:00:00-04:00,21.8040264382535,21.84125380337521,21.727877207690252,21.83786964416504,29600,0.0,0.0,0.0
2015-06-16 00:00:00-04:00,21.87171380912224,21.9394018327288,21.854791399768157,21.930940628051758,5400,0.0,0.0,0.0
2015-06-17 00:00:00-04:00,21.998631188164037,21.998631188164037,21.905559539794922,21.905559539794922,600,0.0,0.0,0.0
2015-06-18 00:00:00-04:00,22.06631462136874,22.167847454232955,22.06631462136874,22.145002365112305,40400,0.0,0.0,0.0
2015-06-19 00:00:00-04:00,22.151797785917022,22.151797785917022,22.117834881094065,22.126325607299805,2000,0.091,0.0,0.0
2015-06-22 00:00:00-04:00,22.163681030273438,22.163681030273438,22.163681030273438,22.163681030273438,600,0.0,0.0,0.0
2015-06-23 00:00:00-04:00,22.185752868652344,22.194243592484263,22.130565592904837,22.185752868652344,369500,0.0,0.0,0.0
2015-06-24 00:00:00-04:00,22.126327234810965,22.134817961641243,21.97349739074707,21.97349739074707,52200,0.0,0.0,0.0
2015-06-25 00:00:00-04:00,22.02443743181821,22.02443743181821,21.86396547925014,21.880098342895508,12300,0.0,0.0,0.0
2015-06-26 00:00:00-04:00,21.88010073004399,21.88944004291223,21.820667266845703,21.820667266845703,3200,0.0,0.0,0.0
2015-06-29 00:00:00-04:00,21.76123547985527,21.76123547985527,21.430105209350586,21.430105209350586,4900,0.0,0.0,0.0
2015-06-30 00:00:00-04:00,21.548971333455935,21.55746206050985,21.49802859057304,21.506519317626953,30800,0.0,0.0,0.0
2015-07-01 00:00:00-04:00,21.582927848591186,21.608400022207817,21.515003671720283,21.540475845336914,4700,0.0,0.0,0.0
2015-07-02 00:00:00-04:00,21.59990943462912,21.59990943462912,21.531985257327523,21.54726791381836,11700,0.0,0.0,0.0
2015-07-06 00:00:00-04:00,21.455575223038124,21.455575223038124,21.336706671212646,21.35623550415039,25400,0.0,0.0,0.0
2015-07-07 00:00:00-04:00,21.370665706791833,21.471702581020015,21.18387461552558,21.447080612182617,11900,0.0,0.0,0.0
2015-07-08 00:00:00-04:00,21.504813504168943,21.515003021083505,21.21783414896996,21.23481559753418,32600,0.0,0.0,0.0
2015-07-09 00:00:00-04:00,21.45557074199374,21.45557074199374,21.305288314819336,21.305288314819336,10600,0.0,0.0,0.0
2015-07-10 00:00:00-04:00,21.455573708683033,21.481044267001796,21.455573708683033,21.47255516052246,19100,0.0,0.0,0.0
2015-07-13 00:00:00-04:00,21.591420327975293,21.667835235595703,21.58292960274633,21.667835235595703,12600,0.0,0.0,0.0
2015-07-14 00:00:00-04:00,21.718776557452973,21.761228561401367,21.718776557452973,21.761228561401367,5300,0.0,0.0,0.0
2015-07-15 00:00:00-04:00,21.75274134537376,21.75274134537376,21.608402252197266,21.608402252197266,40600,0.0,0.0,0.0
2015-07-16 00:00:00-04:00,21.689910888671875,21.689910888671875,21.689910888671875,21.689910888671875,200,0.0,0.0,0.0
2015-07-17 00:00:00-04:00,21.540483315275917,21.582935333251953,21.540483315275917,21.582935333251953,166300,0.0,0.0,0.0
2015-07-20 00:00:00-04:00,21.55745506286621,21.55745506286621,21.55745506286621,21.55745506286621,400,0.0,0.0,0.0
2015-07-21 00:00:00-04:00,21.396135330200195,21.438587330603603,21.345190986388094,21.396135330200195,47200,0.0,0.0,0.0
2015-07-22 00:00:00-04:00,21.396138353952793,21.396138353952793,21.353684728109727,21.38764762878418,21500,0.0,0.0,0.0
2015-07-23 00:00:00-04:00,21.405477205419587,21.405477205419587,21.260289532871532,21.27726936340332,3700,0.0,0.0,0.0
2015-07-24 00:00:00-04:00,21.26029627749373,21.26029627749373,21.04888153076172,21.04888153076172,1000,0.0,0.0,0.0
2015-07-27 00:00:00-04:00,20.98859343154562,20.98859343154562,20.852745056152344,20.852745056152344,8400,0.0,0.0,0.0
2015-07-28 00:00:00-04:00,20.895197659015416,21.20764923095703,20.895197659015416,21.20764923095703,1300,0.0,0.0,0.0
2015-07-29 00:00:00-04:00,21.226331357015486,21.328218460083008,21.226331357015486,21.328218460083008,3600,0.0,0.0,0.0
2015-07-30 00:00:00-04:00,21.37067095029089,21.421613693237305,21.37067095029089,21.421613693237305,2400,0.0,0.0,0.0
2015-07-31 00:00:00-04:00,21.55746443048812,21.55746443048812,21.531993865966797,21.531993865966797,8700,0.0,0.0,0.0
2015-08-03 00:00:00-04:00,21.421605271455913,21.421605271455913,21.413114547729492,21.413114547729492,900,0.0,0.0,0.0
2015-08-04 00:00:00-04:00,21.42245608450667,21.42245608450667,21.294248257876482,21.311229705810547,174000,0.0,0.0,0.0
2015-08-05 00:00:00-04:00,21.51331127831709,21.51331127831709,21.396143131484397,21.421613693237305,1000,0.0,0.0,0.0
2015-08-06 00:00:00-04:00,21.234813827583448,21.241605758666992,21.20254972577672,21.241605758666992,1200,0.0,0.0,0.0
2015-08-07 00:00:00-04:00,21.175386428833008,21.175386428833008,21.175386428833008,21.175386428833008,100,0.0,0.0,0.0
2015-08-10 00:00:00-04:00,21.35368364346339,21.548965454101562,21.35368364346339,21.548965454101562,184500,0.0,0.0,0.0
2015-08-11 00:00:00-04:00,21.438592600260268,21.438592600260268,21.361329098425706,21.370668411254883,7200,0.0,0.0,0.0
2015-08-12 00:00:00-04:00,21.132932158436642,21.3621768951416,21.115952326393582,21.3621768951416,6800,0.0,0.0,0.0
2015-08-13 00:00:00-04:00,21.362181009774222,21.430105209350586,21.362181009774222,21.430105209350586,13500,0.0,0.0,0.0
2015-08-14 00:00:00-04:00,21.353689496161888,21.423312486426447,21.353689496161888,21.421613693237305,800,0.0,0.0,0.0
2015-08-17 00:00:00-04:00,21.43009486874596,21.43009486874596,21.336698532104492,21.336698532104492,800,0.0,0.0,0.0
2015-08-18 00:00:00-04:00,21.557455674974552,21.557455674974552,21.52349439625916,21.540475845336914,2100,0.0,0.0,0.0
2015-08-19 00:00:00-04:00,21.234820990562042,21.404630661010742,21.226330264123536,21.404630661010742,91800,0.0,0.0,0.0
2015-08-20 00:00:00-04:00,21.20935065613097,21.20935065613097,20.88671112060547,20.88671112060547,5200,0.0,0.0,0.0
2015-08-21 00:00:00-04:00,20.69142159136117,20.69142159136117,20.377271279908964,20.42481803894043,18700,0.0,0.0,0.0
2015-08-24 00:00:00-04:00,19.774446819327714,20.063123373851422,19.342278145054834,19.67255973815918,234200,0.0,0.0,0.0
2015-08-25 00:00:00-04:00,19.910299433891666,19.99520346365314,19.332942962646484,19.332942962646484,153500,0.0,0.0,0.0
2015-08-26 00:00:00-04:00,19.553694235515557,19.8169002532959,19.400864412468803,19.8169002532959,8700,0.0,0.0,0.0
2015-08-27 00:00:00-04:00,20.114065676273633,20.258404748559936,20.105574952087373,20.207460403442383,1500,0.0,0.0,0.0
2015-08-28 00:00:00-04:00,20.419720306668083,20.452834611405045,20.419720306668083,20.451984405517578,2000,0.0,0.0,0.0
2015-08-31 00:00:00-04:00,20.258404750523752,20.29236602783203,20.25585737132362,20.29236602783203,500,0.0,0.0,0.0
2015-09-01 00:00:00-04:00,19.961240305647927,20.04614594689592,19.864447971791638,19.935768127441406,4100,0.0,0.0,0.0
2015-09-02 00:00:00-04:00,19.969729681703857,19.98671113269354,19.810107929057548,19.949352264404297,32100,0.0,0.0,0.0
2015-09-03 00:00:00-04:00,20.20746087128645,20.32632939320608,20.20746087128645,20.317838668823242,1100,0.0,0.0,0.0
2015-09-04 00:00:00-04:00,19.961233783350654,19.961233783350654,19.878026962280273,19.878026962280273,300,0.0,0.0,0.0
2015-09-08 00:00:00-04:00,20.156529213343774,20.24992561340332,20.156529213343774,20.24992561340332,40600,0.0,0.0,0.0
2015-09-09 00:00:00-04:00,20.419730508290915,20.419730508290915,20.351806311426735,20.36878776550293,1700,0.0,0.0,0.0
2015-09-10 00:00:00-04:00,20.05463222835393,20.29236602783203,20.05463222835393,20.29236602783203,5300,0.0,0.0,0.0
2015-09-11 00:00:00-04:00,20.086898519944917,20.12255859375,20.01218078673788,20.12255859375,1200,0.0,0.0,0.0
2015-09-14 00:00:00-04:00,20.13105136034459,20.165014266967773,20.13105136034459,20.165014266967773,29800,0.0,0.0,0.0
2015-09-15 00:00:00-04:00,20.173506228262674,20.351806640625,20.173506228262674,20.351806640625,71800,0.0,0.0,0.0
2015-09-16 00:00:00-04:00,20.43670955105624,20.530105918014947,20.411238992387794,20.513124465942383,4400,0.0,0.0,0.0
2015-09-17 00:00:00-04:00,20.623499419974046,20.844251788489046,20.581045795690255,20.631988525390625,34300,0.0,0.0,0.0
2015-09-18 00:00:00-04:00,20.38569781250262,20.38569781250262,20.240816116333008,20.240816116333008,900,0.091,0.0,0.0
2015-09-21 00:00:00-04:00,20.402735001419213,20.402735001419213,20.258705139160156,20.258705139160156,1000,0.0,0.0,0.0
2015-09-22 00:00:00-04:00,20.010704040527344,20.010704040527344,19.976615099718845,20.010704040527344,2000,0.0,0.0,0.0
2015-09-23 00:00:00-04:00,19.985138891726187,20.027750476571615,19.891391454432924,19.894800186157227,900,0.0,0.0,0.0
2015-09-24 00:00:00-04:00,19.806166894092204,19.827472686767578,19.601628358458576,19.827472686767578,6200,0.0,0.0,0.0
2015-09-25 00:00:00-04:00,19.891388632453495,19.916956555050106,19.88371776801625,19.90843391418457,2100,0.0,0.0,0.0
2015-09-28 00:00:00-04:00,19.439700992116407,19.439700992116407,19.16357421875,19.16357421875,17400,0.0,0.0,0.0
2015-09-29 00:00:00-04:00,19.166984599195466,19.33743420266815,19.090282440185547,19.090282440185547,15600,0.0,0.0,0.0
2015-09-30 00:00:00-04:00,19.32038564332241,19.431176728936276,19.269251421156596,19.414133071899414,53900,0.0,0.0,0.0
2015-10-01 00:00:00-04:00,19.473792330715334,19.473792330715334,19.405612817598644,19.458452224731445,1500,0.0,0.0,0.0
2015-10-02 00:00:00-04:00,19.371522434941312,19.934003829956055,19.31186556358033,19.934003829956055,5200,0.0,0.0,0.0
2015-10-05 00:00:00-04:00,20.200759193977458,20.326040267944336,20.198203863849706,20.326040267944336,3200,0.0,0.0,0.0
2015-10-06 00:00:00-04:00,20.377174504476574,20.377174504476574,20.31751762426762,20.326040267944336,16300,0.0,0.0,0.0
2015-10-07 00:00:00-04:00,20.49648301699925,20.581707806417505,20.385691928624876,20.547618865966797,3900,0.0,0.0,0.0
2015-10-08 00:00:00-04:00,20.52204939878325,20.727439679121872,20.52204939878325,20.71806526184082,4900,0.0,0.0,0.0
2015-10-09 00:00:00-04:00,20.794767960859655,20.8663561953166,20.794767960859655,20.862947463989258,274900,0.0,0.0,0.0
2015-10-12 00:00:00-04:00,20.80670619690708,20.80670619690708,20.726595294941305,20.783695220947266,2900,0.0,0.0,0.0
2015-10-13 00:00:00-04:00,20.7692026682432,20.7692026682432,20.547618865966797,20.547618865966797,4500,0.0,0.0,0.0
2015-10-14 00:00:00-04:00,20.573187483153184,20.573187483153184,20.52290503053852,20.564664840698242,500,0.0,0.0,0.0
2015-10-15 00:00:00-04:00,20.54762126523389,20.76920509338379,20.54762126523389,20.76920509338379,1100,0.0,0.0,0.0
2015-10-16 00:00:00-04:00,20.70954866407962,20.70954866407962,20.658414429562548,20.676311492919922,800,0.0,0.0,0.0
2015-10-19 00:00:00-04:00,20.786247286968816,20.786247286968816,20.68397883535961,20.709545135498047,1300,0.0,0.0,0.0
2015-10-20 00:00:00-04:00,20.74363076525165,20.786242339024298,20.676303048226803,20.75044822692871,12000,0.0,0.0,0.0
2015-10-21 00:00:00-04:00,20.63284274920729,20.651593211360172,20.524608612060547,20.524608612060547,17100,0.0,0.0,0.0
2015-10-22 00:00:00-04:00,20.743633184402583,20.743633184402583,20.62431946350276,20.71806526184082,10100,0.0,0.0,0.0
2015-10-23 00:00:00-04:00,20.871474733253038,20.879997376225056,20.739376205478703,20.8288631439209,60900,0.0,0.0,0.0
2015-10-26 00:00:00-04:00,20.87147208032831,20.87147208032831,20.709545135498047,20.709545135498047,21000,0.0,0.0,0.0
2015-10-27 00:00:00-04:00,20.666935638040375,20.666935638040375,20.45472622251217,20.543359756469727,23100,0.0,0.0,0.0
2015-10-28 00:00:00-04:00,20.615801788429934,20.901303010931784,20.57318857389598,20.777727127075195,37900,0.0,0.0,0.0
2015-10-29 00:00:00-04:00,20.726592895162373,20.777727127075195,20.726592895162373,20.777727127075195,88700,0.0,0.0,0.0
2015-10-30 00:00:00-04:00,20.824600239483747,20.965221405029297,20.77005727711361,20.965221405029297,6400,0.0,0.0,0.0
2015-11-02 00:00:00-05:00,20.837383251831206,21.14419023385816,20.837383251831206,21.12799835205078,2000,0.0,0.0,0.0
2015-11-03 00:00:00-05:00,21.272028170437114,21.297596098115953,21.212371298047678,21.246461868286133,7000,0.0,0.0,0.0
2015-11-04 00:00:00-05:00,21.22088693998934,21.22088693998934,21.11350460511302,21.161230087280273,5600,0.0,0.0,0.0
2015-11-05 00:00:00-05:00,21.099864959716797,21.099864959716797,21.099864959716797,21.099864959716797,600,0.0,0.0,0.0
2015-11-06 00:00:00-05:00,20.879996403683574,20.999310148678564,20.879996403683574,20.990787506103516,2400,0.0,0.0,0.0
2015-11-09 00:00:00-05:00,20.897041889779786,20.897041889779786,20.752160215666457,20.7862491607666,11400,0.0,0.0,0.0
2015-11-10 00:00:00-05:00,20.87146939425018,20.888514675833964,20.778575373015354,20.84931182861328,4400,0.0,0.0,0.0
2015-11-11 00:00:00-05:00,20.776865913276442,20.810103067646562,20.72658348083496,20.72658348083496,3500,0.0,0.0,0.0
2015-11-12 00:00:00-05:00,20.59022849562211,20.59022849562211,20.36864471435547,20.36864471435547,300,0.0,0.0,0.0
2015-11-13 00:00:00-05:00,20.172627602374078,20.317509233992133,20.172627602374078,20.206716537475586,27200,0.0,0.0,0.0
2015-11-16 00:00:00-05:00,20.209276722758243,20.394214630126953,20.209276722758243,20.394214630126953,6600,0.0,0.0,0.0
2015-11-17 00:00:00-05:00,20.501594459961012,20.56466004879886,20.402734756469727,20.402734756469727,9900,0.0,0.0,0.0
2015-11-18 00:00:00-05:00,20.556144353463303,20.674606323242188,20.531428202048737,20.674606323242188,2100,0.0,0.0,0.0
2015-11-19 00:00:00-05:00,20.718064270597107,20.718064270597107,20.659259189387825,20.667781829833984,4300,0.0,0.0,0.0
2015-11-20 00:00:00-05:00,20.78368337429411,20.78368337429411,20.716357289308455,20.72658348083496,1646100,0.0,0.0,0.0
2015-11-23 00:00:00-05:00,20.73511054354866,20.82885796741425,20.71806526184082,20.71806526184082,5000,0.0,0.0,0.0
2015-11-24 00:00:00-05:00,20.658411026000977,20.658411026000977,20.658411026000977,20.658411026000977,200,0.0,0.0,0.0
2015-11-25 00:00:00-05:00,20.854427501297792,20.94050407409668,20.854427501297792,20.94050407409668,10100,0.0,0.0,0.0
2015-11-27 00:00:00-05:00,20.91408650529383,20.91408650529383,20.90982437133789,20.90982437133789,1600,0.0,0.0,0.0
2015-11-30 00:00:00-05:00,20.956697417436953,20.96522005954681,20.854427337646484,20.854427337646484,20400,0.0,0.0,0.0
2015-12-01 00:00:00-05:00,20.91408766048792,21.00783348083496,20.91408766048792,21.00783348083496,11300,0.0,0.0,0.0
2015-12-02 00:00:00-05:00,20.965217670736298,20.973740311875066,20.735111236572266,20.735111236572266,14900,0.0,0.0,0.0
2015-12-03 00:00:00-05:00,20.675459040418563,20.675459040418563,20.42830726819676,20.44535255432129,5800,0.0,0.0,0.0
2015-12-04 00:00:00-05:00,20.546761231649985,20.642213821411133,20.505001434797684,20.642213821411133,5600,0.0,0.0,0.0
2015-12-07 00:00:00-05:00,20.458983289721854,20.458983289721854,20.353304496438728,20.384838104248047,8100,0.0,0.0,0.0
2015-12-08 00:00:00-05:00,20.206721007882038,20.317513728909663,20.164109423196187,20.30046844482422,7300,0.0,0.0,0.0
2015-12-09 00:00:00-05:00,20.31751251220703,20.31751251220703,20.31751251220703,20.31751251220703,48000,0.0,0.0,0.0
2015-12-10 00:00:00-05:00,20.276602795664214,20.360122399992083,20.21012847298255,20.251888275146484,6600,0.0,0.0,0.0
2015-12-11 00:00:00-05:00,20.027750283604465,20.027750283604465,19.848779678344727,19.848779678344727,17100,0.0,0.0,0.0
2015-12-14 00:00:00-05:00,19.703898656373216,19.780599185745018,19.60162857466447,19.7635555267334,5700,0.0,0.0,0.0
2015-12-15 00:00:00-05:00,20.010703726257546,20.055020486481965,19.938263712222373,20.05246353149414,17300,0.0,0.0,0.0
2015-12-16 00:00:00-05:00,20.112975836501366,20.21524429321289,20.061841608145606,20.21524429321289,18500,0.0,0.0,0.0
2015-12-17 00:00:00-05:00,20.051612679314577,20.121497367111008,19.97661570683449,20.002182006835938,32900,0.0,0.0,0.0
2015-12-18 00:00:00-05:00,19.88972705748933,19.894018466329936,19.77641487121582,19.77641487121582,106700,0.169,0.0,0.0
2015-12-21 00:00:00-05:00,19.79530645431181,19.855396022518445,19.718047970241013,19.846813201904297,32400,0.0,0.0,0.0
2015-12-22 00:00:00-05:00,19.898312300117762,20.12064363530729,19.87255893410262,20.04424476623535,8800,0.0,0.0,0.0
2015-12-23 00:00:00-05:00,20.233095956642458,20.447702407836914,20.233095956642458,20.447702407836914,27800,0.0,0.0,0.0
2015-12-24 00:00:00-05:00,20.45629038002624,20.45629038002624,20.409076690673828,20.409076690673828,1600,0.0,0.0,0.0
2015-12-28 00:00:00-05:00,20.301775847628317,20.301775847628317,20.258855199859664,20.28460693359375,37700,0.0,0.0,0.0
2015-12-29 00:00:00-05:00,20.49920819897192,20.49920819897192,20.379029106133117,20.490625381469727,21600,0.0,0.0,0.0
2015-12-30 00:00:00-05:00,20.42538500616408,20.43053436924516,20.327524185180664,20.327524185180664,11200,0.0,0.0,0.0
2015-12-31 00:00:00-05:00,20.27601805230165,20.310354232788086,20.267433597850722,20.310354232788086,8200,0.0,0.0,0.0
2016-01-04 00:00:00-05:00,19.941231382949027,20.018489837646484,19.78671447355411,20.018489837646484,13600,0.0,0.0,0.0
2016-01-05 00:00:00-05:00,19.97557362531339,20.018494270842613,19.97557362531339,19.99274253845215,3300,0.0,0.0,0.0
2016-01-06 00:00:00-05:00,19.743794619382083,19.795299712114215,19.50686988296038,19.52918815612793,4200,0.0,0.0,0.0
2016-01-07 00:00:00-05:00,19.31458941026032,19.44936196937344,19.125736236572266,19.125736236572266,4100,0.0,0.0,0.0
2016-01-08 00:00:00-05:00,19.117148697077386,19.160069345033357,18.945462830617984,18.971216201782227,10900,0.0,0.0,0.0
2016-01-11 00:00:00-05:00,18.885363568546623,18.945453099748562,18.61152558722613,18.833858489990234,13500,0.0,0.0,0.0
2016-01-12 00:00:00-05:00,18.851028348141867,18.868197255792023,18.5428541512122,18.7823543548584,15000,0.0,0.0,0.0
2016-01-13 00:00:00-05:00,18.919709514263243,18.96263015862918,18.31365966796875,18.31365966796875,9800,0.0,0.0,0.0
2016-01-14 00:00:00-05:00,18.370314568665737,18.645010604207148,18.17287699778504,18.592647552490234,26100,0.0,0.0,0.0
2016-01-15 00:00:00-05:00,18.172874244792084,18.232963788799164,17.9410988859214,18.229530334472656,131800,0.0,0.0,0.0
2016-01-19 00:00:00-05:00,18.154848788161086,18.154848788161086,17.972004641899552,17.97372055053711,17500,0.0,0.0,0.0
2016-01-20 00:00:00-05:00,17.511885750954605,18.03209255139194,17.506734750875363,17.932514190673828,20400,0.0,0.0,0.0
2016-01-21 00:00:00-05:00,17.923931124621607,18.241549411260856,17.906763851889867,18.121370315551758,88000,0.0,0.0,0.0
2016-01-22 00:00:00-05:00,18.34455617852284,18.463877287040084,18.34455617852284,18.434690475463867,12400,0.0,0.0,0.0
2016-01-25 00:00:00-05:00,18.378898897140708,18.378898897140708,18.14283209556476,18.154850006103516,10700,0.0,0.0,0.0
2016-01-26 00:00:00-05:00,18.370313726197654,18.438987731933594,18.370313726197654,18.438987731933594,3500,0.0,0.0,0.0
2016-01-27 00:00:00-05:00,18.438985634722588,18.54199745026888,18.275026321411133,18.275026321411133,9400,0.0,0.0,0.0
2016-01-28 00:00:00-05:00,18.490491251036747,18.490491251036747,18.293052086203158,18.413232803344727,5900,0.0,0.0,0.0
2016-01-29 00:00:00-05:00,18.541997828914788,18.902536734713475,18.541997828914788,18.87678337097168,10800,0.0,0.0,0.0
2016-02-01 00:00:00-05:00,18.722266463155485,18.87678337097168,18.722266463155485,18.87678337097168,160600,0.0,0.0,0.0
2016-02-02 00:00:00-05:00,18.627842211238633,18.627842211238633,18.498219065328286,18.533414840698242,4500,0.0,0.0,0.0
2016-02-03 00:00:00-05:00,18.499076410947634,18.75660514831543,18.357436997115112,18.75660514831543,3400,0.0,0.0,0.0
2016-02-04 00:00:00-05:00,18.903398064277127,18.93687629699707,18.903398064277127,18.93687629699707,500,0.0,0.0,0.0
2016-02-05 00:00:00-05:00,18.81669487156923,18.81669487156923,18.593503952026367,18.593503952026367,3900,0.0,0.0,0.0
2016-02-08 00:00:00-05:00,18.46473678828309,18.46473678828309,17.90246737190184,18.095613479614258,68400,0.0,0.0,0.0
2016-02-09 00:00:00-05:00,17.972860980363908,18.129953384399414,17.958267571669673,18.129953384399414,4900,0.0,0.0,0.0
2016-02-10 00:00:00-05:00,18.104204625068913,18.215799285598916,18.04411506652832,18.04411506652832,2400,0.0,0.0,0.0
2016-02-11 00:00:00-05:00,18.044114772318835,18.044114772318835,17.597732862841735,17.769418716430664,7700,0.0,0.0,0.0
2016-02-12 00:00:00-05:00,17.98917129522614,18.044111478766247,17.98917129522614,18.040678024291992,25000,0.0,0.0,0.0
2016-02-16 00:00:00-05:00,18.256144183513758,18.387483244288262,18.250135228279856,18.386625289916992,1500,0.0,0.0,0.0
2016-02-17 00:00:00-05:00,18.662181033959833,18.85103416442871,18.632994209412715,18.85103416442871,6100,0.0,0.0,0.0
2016-02-18 00:00:00-05:00,18.797810525068712,18.797810525068712,18.769481658935547,18.769481658935547,1300,0.0,0.0,0.0
2016-02-19 00:00:00-05:00,18.62783855725257,18.645005827087264,18.61066965010077,18.644147872924805,3600,0.0,0.0,0.0
2016-02-22 00:00:00-05:00,19.021861737686944,19.03903065033912,19.005550779472085,19.009843826293945,13600,0.0,0.0,0.0
2016-02-23 00:00:00-05:00,18.859609332605483,18.91025645473453,18.82441520690918,18.82441520690918,2300,0.0,0.0,0.0
2016-02-24 00:00:00-05:00,18.710250881731888,18.816696166992188,18.710250881731888,18.816696166992188,1200,0.0,0.0,0.0
2016-02-25 00:00:00-05:00,18.99696307165898,18.99696307165898,18.954042434692383,18.954042434692383,5100,0.0,0.0,0.0
2016-02-26 00:00:00-05:00,19.356648289003964,19.356648289003964,19.27080535888672,19.27080535888672,3800,0.0,0.0,0.0
2016-02-29 00:00:00-05:00,19.319727701988537,19.396986139785298,19.233884811401367,19.233884811401367,146700,0.0,0.0,0.0
2016-03-01 00:00:00-05:00,19.315439307605416,19.57210844976548,19.280243533885557,19.554941177368164,341000,0.0,0.0,0.0
2016-03-02 00:00:00-05:00,19.54635123626306,19.7952938079834,19.503428974023766,19.7952938079834,18700,0.0,0.0,0.0
2016-03-03 00:00:00-05:00,19.804744671720332,20.078582763671875,19.804744671720332,20.078582763671875,8900,0.0,0.0,0.0
2016-03-04 00:00:00-05:00,20.078583601082787,20.35327965890708,20.078583601082787,20.258853912353516,7600,0.0,0.0,0.0
2016-03-07 00:00:00-05:00,20.25885130314287,20.447704409244583,20.25885130314287,20.413368225097656,11000,0.0,0.0,0.0
2016-03-08 00:00:00-05:00,20.284605875222656,20.284605875222656,19.966989168744014,19.99274253845215,16900,0.0,0.0,0.0
2016-03-09 00:00:00-05:00,20.11292214904065,20.13867388206265,19.984158571977495,20.104337692260742,57700,0.0,0.0,0.0
2016-03-10 00:00:00-05:00,20.224514054073854,20.224514054073854,19.92406465702704,20.00389862060547,9600,0.0,0.0,0.0
2016-03-11 00:00:00-05:00,20.515518985276707,20.51637693955639,20.447702938883324,20.482898712158203,5200,0.0,0.0,0.0
2016-03-14 00:00:00-04:00,20.370443094400404,20.490623815371134,20.370443094400404,20.46487045288086,7200,0.0,0.0,0.0
2016-03-15 00:00:00-04:00,20.258856566338014,20.264007568359375,20.18245603985335,20.264007568359375,3700,0.0,0.0,0.0
2016-03-16 00:00:00-04:00,20.32066044737708,20.550718307495117,20.284605076278723,20.550718307495117,15700,0.0,0.0,0.0
2016-03-17 00:00:00-04:00,20.602220446116814,20.833995819091797,20.533546443455784,20.833995819091797,16500,0.0,0.0,0.0
2016-03-18 00:00:00-04:00,20.914038973223132,20.914038973223132,20.83657943586033,20.845186233520508,8300,0.063,0.0,0.0
2016-03-21 00:00:00-04:00,20.801293699506044,20.871006626501043,20.801293699506044,20.845186233520508,5600,0.0,0.0,0.0
2016-03-22 00:00:00-04:00,20.80645288585561,20.91403537573403,20.80645288585561,20.862396240234375,16600,0.0,0.0,0.0
2016-03-23 00:00:00-04:00,20.657558275875175,20.657558275875175,20.54997579535352,20.577516555786133,13700,0.0,0.0,0.0
2016-03-24 00:00:00-04:00,20.43206344987717,20.50091616819674,20.43206344987717,20.457883834838867,109300,0.0,0.0,0.0
2016-03-28 00:00:00-04:00,20.637765911420285,20.638626098632812,20.637765911420285,20.638626098632812,9600,0.0,0.0,0.0
2016-03-29 00:00:00-04:00,20.535346831289747,20.819364547729492,20.518133238395563,20.819364547729492,6200,0.0,0.0,0.0
2016-03-30 00:00:00-04:00,20.974281080449906,20.974281080449906,20.914033512559325,20.957067489624023,9600,0.0,0.0,0.0
2016-03-31 00:00:00-04:00,20.957067489624023,21.00870662052329,20.90542835872476,20.957067489624023,43500,0.0,0.0,0.0
2016-04-01 00:00:00-04:00,20.77633730920941,21.043143160935077,20.75912535230703,21.034536361694336,384300,0.0,0.0,0.0
2016-04-04 00:00:00-04:00,20.98288749073124,20.98288749073124,20.879609222748446,20.888216018676758,3600,0.0,0.0,0.0
2016-04-05 00:00:00-04:00,20.724694365053065,20.746210538430322,20.707480769719734,20.733301162719727,20000,0.0,0.0,0.0
2016-04-06 00:00:00-04:00,20.862399015621936,20.94846534729004,20.81936667057725,20.94846534729004,24900,0.0,0.0,0.0
2016-04-07 00:00:00-04:00,20.861534732853425,20.861534732853425,20.612804412841797,20.612804412841797,48700,0.0,0.0,0.0
2016-04-08 00:00:00-04:00,20.862400484952776,20.86670470470763,20.802154541015625,20.802154541015625,15800,0.0,0.0,0.0
2016-04-11 00:00:00-04:00,20.974280744664746,20.982885898361552,20.843460083007812,20.843460083007812,26500,0.0,0.0,0.0
2016-04-12 00:00:00-04:00,20.893383443555873,21.1119924974264,20.826252718550382,21.086172103881836,9400,0.0,0.0,0.0
2016-04-13 00:00:00-04:00,21.137809374892107,21.352974377279466,21.137809374892107,21.340065002441406,21500,0.0,0.0,0.0
2016-04-14 00:00:00-04:00,21.335766007068827,21.335766007068827,21.258306461877243,21.2755184173584,56000,0.0,0.0,0.0
2016-04-15 00:00:00-04:00,21.24883229398221,21.30907986798373,21.24883229398221,21.291006088256836,2600,0.0,0.0,0.0
2016-04-18 00:00:00-04:00,21.232481779824464,21.445924758911133,21.155022250270587,21.445924758911133,3637000,0.0,0.0,0.0
2016-04-19 00:00:00-04:00,21.499282654431475,21.59395576321635,21.499282654431475,21.57674217224121,27100,0.0,0.0,0.0
2016-04-20 00:00:00-04:00,21.618916461280932,21.618916461280932,21.542318764541715,21.593957901000977,10800,0.0,0.0,0.0
2016-04-21 00:00:00-04:00,21.585350266021745,21.636989400474707,21.585350266021745,21.602563858032227,31900,0.0,0.0,0.0
2016-04-22 00:00:00-04:00,21.647320768647695,21.705844690184556,21.647320768647695,21.671419143676758,9300,0.0,0.0,0.0
2016-04-25 00:00:00-04:00,21.662810591265213,21.662810591265213,21.490677947938504,21.499284744262695,30000,0.0,0.0,0.0
2016-04-26 00:00:00-04:00,21.568131860092116,21.69292791194642,21.559525066007875,21.68862533569336,19500,0.0,0.0,0.0
2016-04-27 00:00:00-04:00,21.826335934076837,21.82719612121582,21.783301953449975,21.82719612121582,16200,0.0,0.0,0.0
2016-04-28 00:00:00-04:00,21.87625774019422,21.929618902656593,21.87625774019422,21.913267135620117,3700,0.0,0.0,0.0
2016-04-29 00:00:00-04:00,21.662810397741403,21.662810397741403,21.421825027552554,21.464859008789062,29600,0.0,0.0,0.0
2016-05-02 00:00:00-04:00,21.636991008138548,21.654204601428027,21.447646406690076,21.64818000793457,16900,0.0,0.0,0.0
2016-05-03 00:00:00-04:00,21.43904302489893,21.43904302489893,21.27723916199402,21.344369888305664,8500,0.0,0.0,0.0
2016-05-04 00:00:00-04:00,21.327157124919424,21.327157124919424,21.13781085891475,21.19461441040039,38700,0.0,0.0,0.0
2016-05-05 00:00:00-04:00,21.292723308617173,21.292723308617173,21.266902923583984,21.266902923583984,3300,0.0,0.0,0.0
2016-05-06 00:00:00-04:00,21.15502505214561,21.21527099609375,21.077565512332615,21.21527099609375,16900,0.0,0.0,0.0
2016-05-09 00:00:00-04:00,21.145553844935918,21.190308200301498,21.145553844935918,21.16362762451172,7400,0.0,0.0,0.0
2016-05-10 00:00:00-04:00,21.292730741790642,21.344369888305664,21.292730741790642,21.344369888305664,13000,0.0,0.0,0.0
2016-05-11 00:00:00-04:00,21.446786913552252,21.45625389769425,21.33576202392578,21.33576202392578,11300,0.0,0.0,0.0
2016-05-12 00:00:00-04:00,21.29272459733316,21.301331392865137,21.17223274304224,21.18083953857422,16100,0.0,0.0,0.0
2016-05-13 00:00:00-04:00,21.249692826981263,21.280675978458532,21.060346603393555,21.060346603393555,20500,0.0,0.0,0.0
2016-05-16 00:00:00-04:00,21.30133753980629,21.344369888305664,21.30133753980629,21.344369888305664,9000,0.0,0.0,0.0
2016-05-17 00:00:00-04:00,21.305636732992237,21.37018688706446,21.1722354888916,21.1722354888916,7900,0.0,0.0,0.0
2016-05-18 00:00:00-04:00,21.20666593734736,21.20666593734736,20.974288940429688,20.974288940429688,4100,0.0,0.0,0.0
2016-05-19 00:00:00-04:00,20.871005164152418,20.991497039794922,20.83657797592388,20.991497039794922,12300,0.0,0.0,0.0
2016-05-20 00:00:00-04:00,21.155018859399508,21.206657990298805,21.111986523913153,21.179977416992188,113000,0.0,0.0,0.0
2016-05-23 00:00:00-04:00,21.1851465446996,21.233343296492393,21.142114199621385,21.1550235748291,26700,0.0,0.0,0.0
2016-05-24 00:00:00-04:00,21.275509974740075,21.378789874537972,21.275509974740075,21.3779296875,61600,0.0,0.0,0.0
2016-05-25 00:00:00-04:00,21.51649795930373,21.662810211090136,21.51649795930373,21.654203414916992,25300,0.0,0.0,0.0
2016-05-26 00:00:00-04:00,21.61117168522134,21.62838363647461,21.60256488880542,21.62838363647461,5600,0.0,0.0,0.0
2016-05-27 00:00:00-04:00,21.671412986102627,21.697231728252838,21.651617194419682,21.684322357177734,8600,0.0,0.0,0.0
2016-05-31 00:00:00-04:00,21.86076186898604,21.86076186898604,21.658507901937952,21.766090393066406,17100,0.0,0.0,0.0
2016-06-01 00:00:00-04:00,21.61978127935186,21.809125900268555,21.61978127935186,21.809125900268555,8900,0.0,0.0,0.0
2016-06-02 00:00:00-04:00,21.778999369579655,21.91240060553624,21.732522998832426,21.873672485351562,4300,0.0,0.0,0.0
2016-06-03 00:00:00-04:00,21.877979052538116,21.89519264792291,21.77469912180815,21.86076545715332,8400,0.0,0.0,0.0
2016-06-06 00:00:00-04:00,22.024286086258773,22.131008382339793,22.024286086258773,22.10174560546875,25100,0.0,0.0,0.0
2016-06-07 00:00:00-04:00,22.172321910313638,22.29109340915899,22.172321910313638,22.23945426940918,11900,0.0,0.0,0.0
2016-06-08 00:00:00-04:00,22.265270429195866,22.316909559133137,22.256663633943262,22.29969596862793,2700,0.0,0.0,0.0
2016-06-09 00:00:00-04:00,22.118956474103783,22.22223472595215,22.118956474103783,22.22223472595215,8000,0.0,0.0,0.0
2016-06-10 00:00:00-04:00,21.946827307809013,21.998466441832473,21.76608951793766,21.791908264160156,16600,0.0,0.0,0.0
2016-06-13 00:00:00-04:00,21.860762916189362,21.86936971288136,21.633548736572266,21.633548736572266,12600,0.0,0.0,0.0
2016-06-14 00:00:00-04:00,21.602558876842014,21.602558876842014,21.404607539101196,21.451942443847656,26800,0.0,0.0,0.0
2016-06-15 00:00:00-04:00,21.61117236106343,21.697237044756964,21.56813837763805,21.586212158203125,7500,0.0,0.0,0.0
2016-06-16 00:00:00-04:00,21.344363571165992,21.48206901550293,21.344363571165992,21.48206901550293,22300,0.0,0.0,0.0
2016-06-17 00:00:00-04:00,21.672249229847708,21.672249229847708,21.603091738581988,21.64458656311035,11600,0.11,0.0,0.0
2016-06-20 00:00:00-04:00,22.130429110684762,22.130429110684762,21.90912437438965,21.90912437438965,11000,0.0,0.0,0.0
2016-06-21 00:00:00-04:00,21.905664443969727,21.922954235361146,21.81057224016218,21.905664443969727,17800,0.0,0.0,0.0
2016-06-22 00:00:00-04:00,21.957527619715854,21.983462301429338,21.853792190551758,21.853792190551758,13600,0.0,0.0,0.0
2016-06-23 00:00:00-04:00,22.02322978257214,22.13042449951172,22.02322978257214,22.13042449951172,17200,0.0,0.0,0.0
2016-06-24 00:00:00-04:00,21.508008880736103,21.620390883221727,21.309181213378906,21.309181213378906,19000,0.0,0.0,0.0
2016-06-27 00:00:00-04:00,21.17950149377187,21.17950149377187,20.678109279464934,20.74726676940918,19400,0.0,0.0,0.0
2016-06-28 00:00:00-04:00,20.963388242778198,21.144926071166992,20.954743348734215,21.144926071166992,13900,0.0,0.0,0.0
2016-06-29 00:00:00-04:00,21.386983240288014,21.563335493234902,21.386983240288014,21.53394317626953,169700,0.0,0.0,0.0
2016-06-30 00:00:00-04:00,21.525298288646642,21.75870553685837,21.508008496443107,21.74660301208496,11900,0.0,0.0,0.0
2016-07-01 00:00:00-04:00,21.983463287353516,22.003345060265094,21.91430578186087,21.983463287353516,12100,0.0,0.0,0.0
2016-07-05 00:00:00-04:00,21.66361268938571,21.6809024810791,21.59445517145744,21.6809024810791,9000,0.0,0.0,0.0
2016-07-06 00:00:00-04:00,21.672250498161553,21.83650016784668,21.54258040055529,21.83650016784668,5600,0.0,0.0,0.0
2016-07-07 00:00:00-04:00,21.957535436231346,21.960129070210478,21.767352649165332,21.810575485229492,28000,0.0,0.0,0.0
2016-07-08 00:00:00-04:00,22.052623918992346,22.216873636138036,22.052623918992346,22.19093894958496,24600,0.0,0.0,0.0
2016-07-11 00:00:00-04:00,22.286028372283766,22.329251195636953,22.260093688964844,22.260093688964844,56000,0.0,0.0,0.0
2016-07-12 00:00:00-04:00,22.45892779751363,22.57130980882403,22.415704961683787,22.493507385253906,141100,0.0,0.0,0.0
2016-07-13 00:00:00-04:00,22.510797972969794,22.510797972969794,22.3897710604563,22.48486328125,19500,0.0,0.0,0.0
2016-07-14 00:00:00-04:00,22.640469638709995,22.640469638709995,22.528087615966797,22.528087615966797,39600,0.0,0.0,0.0
2016-07-15 00:00:00-04:00,22.605887338003694,22.605887338003694,22.528084915843685,22.53672981262207,12800,0.0,0.0,0.0
2016-07-18 00:00:00-04:00,22.484850536353658,22.605875731421914,22.484850536353658,22.57994270324707,24400,0.0,0.0,0.0
2016-07-19 00:00:00-04:00,22.49350817848993,22.519441221364172,22.44250443896622,22.48486328125,20000,0.0,0.0,0.0
2016-07-20 00:00:00-04:00,22.476210621182247,22.64910520857549,22.454599209969338,22.605880737304688,30500,0.0,0.0,0.0
2016-07-21 00:00:00-04:00,22.640461903790357,22.683684729250626,22.493501988842308,22.510791778564453,16400,0.0,0.0,0.0
2016-07-22 00:00:00-04:00,22.519434880384416,22.63268085884072,22.519434880384416,22.631816864013672,22100,0.0,0.0,0.0
2016-07-25 00:00:00-04:00,22.60587922211664,22.60587922211664,22.532400099148788,22.56265640258789,15700,0.0,0.0,0.0
2016-07-26 00:00:00-04:00,22.643924554923945,22.71826934814453,22.598108085957666,22.71826934814453,12200,0.0,0.0,0.0
2016-07-27 00:00:00-04:00,22.73642313585822,22.73642313585822,22.519440019065296,22.53672981262207,63200,0.0,0.0,0.0
2016-07-28 00:00:00-04:00,22.588593969774895,22.628360818431414,22.485722517428922,22.61452865600586,205900,0.0,0.0,0.0
2016-07-29 00:00:00-04:00,22.554011707320168,22.726906284645878,22.554011707320168,22.700971603393555,22600,0.0,0.0,0.0
2016-08-01 00:00:00-04:00,22.752839116897228,22.752839116897228,22.47620911468551,22.56265640258789,40800,0.0,0.0,0.0
2016-08-02 00:00:00-04:00,22.61193732369894,22.61193732369894,22.268743350093125,22.389768600463867,46100,0.0,0.0,0.0
2016-08-03 00:00:00-04:00,22.41570724206926,22.528087615966797,22.388908553497924,22.528087615966797,67300,0.0,0.0,0.0
2016-08-04 00:00:00-04:00,22.605883837073446,22.614528732513012,22.528081426962547,22.55401611328125,20400,0.0,0.0,0.0
2016-08-05 00:00:00-04:00,22.64910546681983,22.72690786714939,22.64910546681983,22.683683395385742,11700,0.0,0.0,0.0
2016-08-08 00:00:00-04:00,22.79607177030751,22.79607177030751,22.7165397092506,22.71826934814453,40200,0.0,0.0,0.0
2016-08-09 00:00:00-04:00,22.77877558442076,22.77877558442076,22.683683395385742,22.683683395385742,28900,0.0,0.0,0.0
2016-08-10 00:00:00-04:00,22.744196543070892,22.744196543070892,22.585134110690714,22.59723663330078,29400,0.0,0.0,0.0
2016-08-11 00:00:00-04:00,22.640464236128683,22.752844583209452,22.640464236128683,22.726911544799805,20000,0.0,0.0,0.0
2016-08-12 00:00:00-04:00,22.683681815892005,22.776180365295914,22.65774713463968,22.700971603393555,29200,0.0,0.0,0.0
2016-08-15 00:00:00-04:00,22.79606398391461,22.89979941213563,22.787419090088708,22.83928680419922,15400,0.0,0.0,0.0
2016-08-16 00:00:00-04:00,22.83928786690225,22.83928786690225,22.666393280029297,22.666393280029297,29000,0.0,0.0,0.0
2016-08-17 00:00:00-04:00,22.74419832046052,22.74419832046052,22.521165629547102,22.64046287536621,61900,0.0,0.0,0.0
2016-08-18 00:00:00-04:00,22.709621596866086,22.847936630249023,22.709621596866086,22.847936630249023,42400,0.0,0.0,0.0
2016-08-19 00:00:00-04:00,22.83929411142082,22.83929411142082,22.71826885682708,22.822004318237305,27000,0.0,0.0,0.0
2016-08-22 00:00:00-04:00,22.81335528320713,22.81335528320713,22.71826473563849,22.804710388183594,38200,0.0,0.0,0.0
2016-08-23 00:00:00-04:00,22.94303289747373,22.97761083752096,22.892029158048768,22.925743103027344,22500,0.0,0.0,0.0
2016-08-24 00:00:00-04:00,22.951668524940338,22.951668524940338,22.683683395385742,22.683683395385742,69100,0.0,0.0,0.0
2016-08-25 00:00:00-04:00,22.683682605338014,22.787419685112713,22.666392817234737,22.69232749938965,37900,0.0,0.0,0.0
2016-08-26 00:00:00-04:00,22.778777901388736,22.86176592769515,22.579950257587,22.64046287536621,14300,0.0,0.0,0.0
2016-08-29 00:00:00-04:00,22.67504288009877,22.82200281478646,22.67504288009877,22.778779983520508,51400,0.0,0.0,0.0
2016-08-30 00:00:00-04:00,22.82199985813422,22.82199985813422,22.664667057909906,22.709619522094727,28900,0.0,0.0,0.0
2016-08-31 00:00:00-04:00,22.735555015545593,22.735555015545593,22.521167204868135,22.6231746673584,35100,0.0,0.0,0.0
2016-09-01 00:00:00-04:00,22.657748453984667,22.657748453984667,22.475346626410328,22.605880737304688,70500,0.0,0.0,0.0
2016-09-02 00:00:00-04:00,22.757168567887533,22.79606977556502,22.700977568165534,22.778779983520508,32300,0.0,0.0,0.0
2016-09-06 00:00:00-04:00,22.865226421633203,22.865226421633203,22.748522803057867,22.847936630249023,26000,0.0,0.0,0.0
2016-09-07 00:00:00-04:00,22.847928942939518,22.91708643636257,22.821994264589108,22.9084415435791,109600,0.0,0.0,0.0
2016-09-08 00:00:00-04:00,22.90844805686246,22.951670884224132,22.83756090519034,22.899803161621094,32100,0.0,0.0,0.0
2016-09-09 00:00:00-04:00,22.813353742341718,22.813353742341718,22.251448794525203,22.260093688964844,95000,0.0,0.0,0.0
2016-09-12 00:00:00-04:00,22.156357684640835,22.545369709163648,22.10881323617258,22.510791778564453,58200,0.0,0.0,0.0
2016-09-13 00:00:00-04:00,22.44163359999319,22.44163359999319,22.01804362636751,22.139070510864258,44000,0.0,0.0,0.0
2016-09-14 00:00:00-04:00,22.156360788088353,22.26009789210662,22.01804574862755,22.035335540771484,47000,0.0,0.0,0.0
2016-09-15 00:00:00-04:00,22.061267169895046,22.346542105331398,22.061267169895046,22.268739700317383,34600,0.0,0.0,0.0
2016-09-16 00:00:00-04:00,22.24358885009018,22.2609331762471,22.11350971200523,22.23491668701172,22200,0.081,0.0,0.0
2016-09-19 00:00:00-04:00,22.312968108258048,22.421367683196003,22.240990631710805,22.295623779296875,54800,0.0,0.0,0.0
2016-09-20 00:00:00-04:00,22.408356084818116,22.408356084818116,22.22624397277832,22.22624397277832,103300,0.0,0.0,0.0
2016-09-21 00:00:00-04:00,22.338985615112215,22.564456939697266,22.270476670440036,22.564456939697266,44200,0.0,0.0,0.0
2016-09-22 00:00:00-04:00,22.71187190115381,22.783849353922943,22.67804997463889,22.77257537841797,62800,0.0,0.0,0.0
2016-09-23 00:00:00-04:00,22.772581790824095,22.772581790824095,22.5991418177636,22.625158309936523,36500,0.0,0.0,0.0
2016-09-26 00:00:00-04:00,22.607812757790096,22.607812757790096,22.477733612060547,22.477733612060547,25600,0.0,0.0,0.0
2016-09-27 00:00:00-04:00,22.486409862501816,22.538441199440996,22.42136945079306,22.502885818481445,54500,0.0,0.0,0.0
2016-09-28 00:00:00-04:00,22.602612036952618,22.71187998898475,22.434377334645042,22.685863494873047,24700,0.0,0.0,0.0
2016-09-29 00:00:00-04:00,22.755235245954548,22.781251735593017,22.56445261741047,22.59046745300293,46300,0.0,0.0,0.0
2016-09-30 00:00:00-04:00,22.6858670786875,22.8072740956289,22.607819238069013,22.746570587158203,26400,0.0,0.0,0.0
2016-10-03 00:00:00-04:00,22.74656257183056,22.74656257183056,22.547107784553617,22.642499923706055,171600,0.0,0.0,0.0
2016-10-04 00:00:00-04:00,22.61648710001161,22.63383142885861,22.38494543744754,22.451719284057617,51100,0.0,0.0,0.0
2016-10-05 00:00:00-04:00,22.555788618917642,22.668523473399965,22.555788618917642,22.59914779663086,24200,0.0,0.0,0.0
2016-10-06 00:00:00-04:00,22.512427787157822,22.623429200797716,22.477740775796573,22.59914779663086,31700,0.0,0.0,0.0
2016-10-07 00:00:00-04:00,22.50808421017565,22.521091627871687,22.364997653381256,22.425701141357422,19600,0.0,0.0,0.0
2016-10-10 00:00:00-04:00,22.590474271854657,22.680662811635884,22.590474271854657,22.607818603515625,17000,0.0,0.0,0.0
2016-10-11 00:00:00-04:00,22.547110433702827,22.547110433702827,22.19155997841813,22.24359130859375,43700,0.0,0.0,0.0
2016-10-12 00:00:00-04:00,22.213237402857228,22.312964798521794,22.213237402857228,22.26960563659668,38500,0.0,0.0,0.0
2016-10-13 00:00:00-04:00,22.19155997841813,22.24359130859375,22.03546433384511,22.24359130859375,59500,0.0,0.0,0.0
2016-10-14 00:00:00-04:00,22.365000723879362,22.37367123416977,22.1698811614208,22.191560745239258,23100,0.0,0.0,0.0
2016-10-17 00:00:00-04:00,22.21758116599635,22.21758116599635,22.07882816612701,22.110048294067383,33700,0.0,0.0,0.0
2016-10-18 00:00:00-04:00,22.321636155192426,22.321636155192426,22.208901345832853,22.286949157714844,30200,0.0,0.0,0.0
2016-10-19 00:00:00-04:00,22.27914490209392,22.42570165071226,22.25919876100043,22.373668670654297,63200,0.0,0.0,0.0
2016-10-20 00:00:00-04:00,22.347655149239447,22.360662567996062,22.26093516475436,22.330310821533203,37400,0.0,0.0,0.0
2016-10-21 00:00:00-04:00,22.226246025710203,22.3129660083083,22.200231188763038,22.2982234954834,37300,0.0,0.0,0.0
2016-10-24 00:00:00-04:00,22.42570216046637,22.45171699704066,22.286950851916604,22.347654342651367,32100,0.0,0.0,0.0
2016-10-25 00:00:00-04:00,22.286950686395294,22.34765417667922,22.156869888305664,22.156869888305664,65800,0.0,0.0,0.0
2016-10-26 00:00:00-04:00,22.139533448265787,22.191564789722207,22.052813443140742,22.130861282348633,29200,0.0,0.0,0.0
2016-10-27 00:00:00-04:00,22.139530886799662,22.16121047206104,21.98863885620116,21.992107391357422,32800,0.0,0.0,0.0
2016-10-28 00:00:00-04:00,22.078822286044506,22.165542267599935,21.979094886171886,21.986900329589844,14500,0.0,0.0,0.0
2016-10-31 00:00:00-04:00,22.07882249729943,22.07882249729943,21.97475984167408,22.035463333129883,59800,0.0,0.0,0.0
2016-11-01 00:00:00-04:00,22.122188680686016,22.122188680686016,21.697262483394322,21.87070083618164,42900,0.0,0.0,0.0
2016-11-02 00:00:00-04:00,21.79871705174024,21.818663192599267,21.61053623695198,21.650426864624023,41800,0.0,0.0,0.0
2016-11-03 00:00:00-04:00,21.714600540212505,21.731943212647337,21.532488420255675,21.541160583496094,41400,0.0,0.0,0.0
2016-11-04 00:00:00-04:00,21.575846776401217,21.723270237889054,21.558504104614258,21.558504104614258,30000,0.0,0.0,0.0
2016-11-07 00:00:00-05:00,21.983430862426758,21.98516430263761,21.8351406761447,21.983430862426758,78100,0.0,0.0,0.0
2016-11-08 00:00:00-05:00,21.974759628981257,22.17421442870441,21.9149228582551,22.096166610717773,112200,0.0,0.0,0.0
2016-11-09 00:00:00-05:00,21.914054780803976,22.451715655803625,21.894975360537067,22.339847564697266,48100,0.0,0.0,0.0
2016-11-10 00:00:00-05:00,22.521085573857658,22.573118538746535,22.278271687225093,22.391006469726562,74900,0.0,0.0,0.0
2016-11-11 00:00:00-05:00,22.38234043076034,22.41702908350737,22.227113175641588,22.395349502563477,47900,0.0,0.0,0.0
2016-11-14 00:00:00-05:00,22.469063424414255,22.642503403336782,22.455187630643813,22.6147518157959,80900,0.0,0.0,0.0
2016-11-15 00:00:00-05:00,22.703203629450375,22.867971420288086,22.703203629450375,22.867971420288086,92600,0.0,0.0,0.0
2016-11-16 00:00:00-05:00,22.867968863068935,22.867968863068935,22.720545414920032,22.763904571533203,96400,0.0,0.0,0.0
2016-11-17 00:00:00-05:00,22.859300869191088,22.91133219742365,22.812471515949515,22.833284378051758,81000,0.0,0.0,0.0
2016-11-18 00:00:00-05:00,22.928678992050145,22.928678992050145,22.815942505695,22.84195899963379,127800,0.0,0.0,0.0
2016-11-21 00:00:00-05:00,22.94602113087795,23.07610194348467,22.94602113087795,23.04488182067871,144500,0.0,0.0,0.0
2016-11-22 00:00:00-05:00,23.1454759379877,23.171490775398397,23.024067298568685,23.15414810180664,111000,0.0,0.0,0.0
2016-11-23 00:00:00-05:00,23.119457332805048,23.223521635071975,23.067426008694568,23.2148494720459,79400,0.0,0.0,0.0
2016-11-25 00:00:00-05:00,23.2755590206286,23.284231185913086,23.238270198547053,23.284231185913086,43000,0.0,0.0,0.0
2016-11-28 00:00:00-05:00,23.3275847505635,23.3275847505635,23.123794704529555,23.128129959106445,78500,0.0,0.0,0.0
2016-11-29 00:00:00-05:00,23.128127499802055,23.17842537939404,23.015392698284383,23.119455337524414,261300,0.0,0.0,0.0
2016-11-30 00:00:00-05:00,23.24953647010423,23.330186097605353,23.19750514599375,23.2148494720459,88800,0.0,0.0,0.0
2016-12-01 00:00:00-05:00,23.336257942423856,23.336257942423856,23.05008316040039,23.05008316040039,58300,0.0,0.0,0.0
2016-12-02 00:00:00-05:00,23.180162387977994,23.20964741345199,23.076099732717655,23.145475387573242,82100,0.0,0.0,0.0
2016-12-05 00:00:00-05:00,23.27555418912458,23.379616842844484,23.27555418912458,23.362274169921875,119600,0.0,0.0,0.0
2016-12-06 00:00:00-05:00,23.38829172477864,23.50536346435547,23.284229058963405,23.50536346435547,40900,0.0,0.0,0.0
2016-12-07 00:00:00-05:00,23.53570583813831,23.7620437828784,23.462861670274226,23.76117706298828,73300,0.0,0.0,0.0
2016-12-08 00:00:00-05:00,23.813220959473355,23.951973955360216,23.75685436400764,23.880863189697266,76500,0.0,0.0,0.0
2016-12-09 00:00:00-05:00,23.97797910791692,23.97797910791692,23.87391647061486,23.96930694580078,96800,0.0,0.0,0.0
2016-12-12 00:00:00-05:00,24.012668419001496,24.012668419001496,23.778524997542068,23.821884155273438,52300,0.0,0.0,0.0
2016-12-13 00:00:00-05:00,23.951964985148397,23.951964985148397,23.785462114059474,23.88258934020996,133000,0.0,0.0,0.0
2016-12-14 00:00:00-05:00,23.86525351840429,23.86525351840429,23.547858547840907,23.579078674316406,203700,0.0,0.0,0.0
2016-12-15 00:00:00-05:00,23.596425788337104,23.787210156302308,23.544394439822387,23.666669845581055,55400,0.0,0.0,0.0
2016-12-16 00:00:00-05:00,23.76874490066037,23.76874490066037,23.637860073274187,23.664037704467773,62600,0.168,0.0,0.0
2016-12-19 00:00:00-05:00,23.777473907639415,23.777473907639415,23.664040819450687,23.716394424438477,81700,0.0,0.0,0.0
2016-12-20 00:00:00-05:00,23.760029317411686,23.829834699879587,23.742577555721812,23.777481079101562,61700,0.0,0.0,0.0
2016-12-21 00:00:00-05:00,23.812380058678194,23.8298301527467,23.742573025239054,23.751298904418945,66700,0.0,0.0,0.0
2016-12-22 00:00:00-05:00,23.760022125449105,23.760022125449105,23.601215469298864,23.637863159179688,57200,0.0,0.0,0.0
2016-12-23 00:00:00-05:00,23.602961330169062,23.715524002022917,23.602961330169062,23.707670211791992,59500,0.0,0.0,0.0
2016-12-27 00:00:00-05:00,23.78619790482553,23.83855150567317,23.768746149779332,23.794923782348633,100500,0.0,0.0,0.0
2016-12-28 00:00:00-05:00,23.85600678250414,23.85600678250414,23.53315592365187,23.550607681274414,102500,0.0,0.0,0.0
2016-12-29 00:00:00-05:00,23.594234466552734,23.62041043580111,23.506977352379096,23.594234466552734,78500,0.0,0.0,0.0
2016-12-30 00:00:00-05:00,23.611685472848514,23.611685472848514,23.410995267476622,23.48080062866211,75000,0.0,0.0,0.0
2017-01-03 00:00:00-05:00,23.672761917241427,23.76001902359584,23.498249368823476,23.664037704467773,247600,0.0,0.0,0.0
2017-01-04 00:00:00-05:00,23.733848622264496,23.986892459310937,23.733848622264496,23.978166580200195,95000,0.0,0.0,0.0
2017-01-05 00:00:00-05:00,23.99561616453178,23.99561616453178,23.794925956040107,23.882183074951172,156700,0.0,0.0,0.0
2017-01-06 00:00:00-05:00,23.960713617976044,24.004343011337415,23.851642631009383,23.925811767578125,82400,0.0,0.0,0.0
2017-01-09 00:00:00-05:00,23.934538815835033,23.934538815835033,23.786202199740114,23.812379837036133,87700,0.0,0.0,0.0
2017-01-10 00:00:00-05:00,23.86473225964815,23.917085867343417,23.785328927380576,23.847280502319336,71800,0.0,0.0,0.0
2017-01-11 00:00:00-05:00,23.882182617439415,23.943262100219727,23.794925500199938,23.943262100219727,45900,0.0,0.0,0.0
2017-01-12 00:00:00-05:00,23.960712651250905,23.960712651250905,23.69894295880882,23.882183074951172,98900,0.0,0.0,0.0
2017-01-13 00:00:00-05:00,23.943264246630605,23.986891977015844,23.899634851954136,23.96071434020996,65000,0.0,0.0,0.0
2017-01-17 00:00:00-05:00,23.951990830897778,24.004344441760004,23.847281944882045,23.908361434936523,135600,0.0,0.0,0.0
2017-01-18 00:00:00-05:00,23.95198846049017,23.97816443118514,23.873457219823035,23.969438552856445,62400,0.0,0.0,0.0
2017-01-19 00:00:00-05:00,24.00434466730078,24.00434466730078,23.794928557592957,23.83855628967285,49500,0.0,0.0,0.0
2017-01-20 00:00:00-05:00,23.978168288286252,24.004345927483243,23.86473518034873,23.900510787963867,27900,0.0,0.0,0.0
2017-01-23 00:00:00-05:00,23.960711923043977,23.960711923043977,23.768747598706646,23.85600471496582,41300,0.0,0.0,0.0
2017-01-24 00:00:00-05:00,23.969440873150432,24.148317235476508,23.943264899921573,24.10730743408203,71100,0.0,0.0,0.0
2017-01-25 00:00:00-05:00,24.222488413704554,24.307999706788397,24.181476944569244,24.3010196685791,115100,0.0,0.0,0.0
2017-01-26 00:00:00-05:00,24.344641885770784,24.344641885770784,24.205031167481067,24.23120880126953,67100,0.0,0.0,0.0
2017-01-27 00:00:00-05:00,24.27484392566445,24.27484392566445,24.100331306755905,24.143959045410156,32300,0.0,0.0,0.0
2017-01-30 00:00:00-05:00,24.013067461153092,24.109048792254544,23.777473743893825,23.943262100219727,66000,0.0,0.0,0.0
2017-01-31 00:00:00-05:00,23.986890334741386,24.043607711791992,23.86473136659341,24.043607711791992,57400,0.0,0.0,0.0
2017-02-01 00:00:00-05:00,24.082869962143565,24.15267531478725,23.890903994155266,23.986886978149414,87000,0.0,0.0,0.0
2017-02-02 00:00:00-05:00,24.030524017510015,24.085495562992755,23.93366891424288,24.065425872802734,94200,0.0,0.0,0.0
2017-02-03 00:00:00-05:00,24.165767930403046,24.274838918833673,24.161405823153952,24.257387161254883,64900,0.0,0.0,0.0
2017-02-06 00:00:00-05:00,24.274840815770826,24.274840815770826,24.095092358678375,24.170133590698242,116100,0.0,0.0,0.0
2017-02-07 00:00:00-05:00,24.17012807840375,24.23120755648139,24.061057106324835,24.109046936035156,90100,0.0,0.0,0.0
2017-02-08 00:00:00-05:00,24.100324414386527,24.17885398864746,23.995615541553494,24.17885398864746,40200,0.0,0.0,0.0
2017-02-09 00:00:00-05:00,24.213749963070338,24.370812391279443,24.213749963070338,24.335908889770508,97600,0.0,0.0,0.0
2017-02-10 00:00:00-05:00,24.416197456141767,24.510434624639004,24.39699985554456,24.48862075805664,66100,0.0,0.0,0.0
2017-02-13 00:00:00-05:00,24.492980256849208,24.580237378176037,24.492980256849208,24.536609649658203,115900,0.0,0.0,0.0
2017-02-14 00:00:00-05:00,24.536609431339745,24.615139009114888,24.458078189273458,24.606414794921875,144600,0.0,0.0,0.0
2017-02-15 00:00:00-05:00,24.580237421324956,24.711122271399383,24.580237421324956,24.702396392822266,95800,0.0,0.0,0.0
2017-02-16 00:00:00-05:00,24.728576404767043,24.728576404767043,24.562788024453244,24.641319274902344,58600,0.0,0.0,0.0
2017-02-17 00:00:00-05:00,24.571514862103495,24.676223754882812,24.533121324035843,24.676223754882812,44700,0.0,0.0,0.0
2017-02-21 00:00:00-05:00,24.75475764505513,24.89436840743675,24.74603176436983,24.86819076538086,50800,0.0,0.0,0.0
2017-02-22 00:00:00-05:00,24.84201072724108,24.84201072724108,24.74602937754363,24.772205352783203,37600,0.0,0.0,0.0
2017-02-23 00:00:00-05:00,24.903085159260517,24.903085159260517,24.658765582508476,24.72857093811035,66200,0.0,0.0,0.0
2017-02-24 00:00:00-05:00,24.65876986706152,24.74602699279785,24.55144305318972,24.74602699279785,52700,0.0,0.0,0.0
2017-02-27 00:00:00-05:00,24.772201320254954,24.850732561772833,24.673602056225683,24.84200668334961,120500,0.0,0.0,0.0
2017-02-28 00:00:00-05:00,24.7983791504377,24.7983791504377,24.676220180134678,24.69367027282715,113000,0.0,0.0,0.0
2017-03-01 00:00:00-05:00,24.859459906676715,25.042700035791633,24.859459906676715,24.9728946685791,148800,0.0,0.0,0.0
2017-03-02 00:00:00-05:00,24.955442438663457,24.955442438663457,24.82106590270996,24.82106590270996,36400,0.0,0.0,0.0
2017-03-03 00:00:00-05:00,24.746030096476996,24.807109592865725,24.69367481589398,24.798383712768555,79000,0.0,0.0,0.0
2017-03-06 00:00:00-05:00,24.67621969781986,24.684945576141114,24.580236700577174,24.671855926513672,55200,0.0,0.0,0.0
2017-03-07 00:00:00-05:00,24.711123420756127,24.711123420756127,24.510433197021484,24.510433197021484,94100,0.0,0.0,0.0
2017-03-08 00:00:00-05:00,24.51915928092269,24.547081095326813,24.344645028387223,24.362096786499023,173700,0.0,0.0,0.0
2017-03-09 00:00:00-05:00,24.397000307826058,24.449355585743927,24.229467745646442,24.35337257385254,54100,0.0,0.0,0.0
2017-03-10 00:00:00-05:00,24.501706354662886,24.52788399058253,24.319339984675523,24.46680450439453,68300,0.0,0.0,0.0
2017-03-13 00:00:00-04:00,24.449355850676373,24.54533719931644,24.449355850676373,24.519161224365234,194800,0.0,0.0,0.0
2017-03-14 00:00:00-04:00,24.449348657473443,24.449348657473443,24.274834442449134,24.3839054107666,42900,0.0,0.0,0.0
2017-03-15 00:00:00-04:00,24.510428993818124,24.76347278376581,24.472909218487587,24.72857093811035,109700,0.0,0.0,0.0
2017-03-16 00:00:00-04:00,24.789655896384936,24.789655896384936,24.623867516071137,24.641319274902344,52800,0.0,0.0,0.0
2017-03-17 00:00:00-04:00,24.742635244637544,24.75136916684907,24.663158718085597,24.697219848632812,71400,0.026,0.0,0.0
2017-03-20 00:00:00-04:00,24.690227036773134,24.690227036773134,24.55572666824558,24.629091262817383,75400,0.0,0.0,0.0
2017-03-21 00:00:00-04:00,24.69896305964441,24.69896305964441,24.253543098268274,24.279743194580078,95800,0.0,0.0,0.0
2017-03-22 00:00:00-04:00,24.24480659236693,24.332144124352034,24.201136993461947,24.31467628479004,86300,0.0,0.0,0.0
2017-03-23 00:00:00-04:00,24.31467992778738,24.454419333570343,24.27974424342908,24.323413848876953,33000,0.0,0.0,0.0
2017-03-24 00:00:00-04:00,24.384549630678862,24.445685412480767,24.253544145985472,24.323413848876953,168900,0.0,0.0,0.0
2017-03-27 00:00:00-04:00,24.22733959388037,24.34961114340937,24.052666189671076,24.30681610107422,41000,0.0,0.0,0.0
2017-03-28 00:00:00-04:00,24.323409213489498,24.54175220164322,24.209869926787675,24.52428436279297,235800,0.0,0.0,0.0
2017-03-29 00:00:00-04:00,24.49808374945025,24.611623041458397,24.45441581610858,24.586294174194336,42200,0.0,0.0,0.0
2017-03-30 00:00:00-04:00,24.55922156889297,24.66402527686714,24.55922156889297,24.629091262817383,22100,0.0,0.0,0.0
2017-03-31 00:00:00-04:00,24.646553934675076,24.725157537398648,24.585418169406665,24.663148880004883,42000,0.0,0.0,0.0
2017-04-03 00:00:00-04:00,24.68149175198203,24.695464690499303,24.415985930256095,24.51555061340332,114400,0.0,0.0,0.0
2017-04-04 00:00:00-04:00,24.50681669391762,24.541752371860426,24.44568092334252,24.51555061340332,65000,0.0,0.0,0.0
2017-04-05 00:00:00-04:00,24.602892608865933,24.707697995896,24.410751342773438,24.410751342773438,44400,0.0,0.0,0.0
2017-04-06 00:00:00-04:00,24.480615174687557,24.611620627689174,24.421225191975637,24.576684951782227,43800,0.0,0.0,0.0
2017-04-07 00:00:00-04:00,24.576687612252247,24.617736869304093,24.498083998777357,24.550487518310547,130400,0.0,0.0,0.0
2017-04-10 00:00:00-04:00,24.611620936379026,24.70856527266459,24.5766852600339,24.646554946899414,38900,0.0,0.0,0.0
2017-04-11 00:00:00-04:00,24.594153267602326,24.646555116656202,24.463147812055265,24.637821197509766,33200,0.0,0.0,0.0
2017-04-12 00:00:00-04:00,24.664026175775394,24.664026175775394,24.45965777169989,24.498085021972656,50200,0.0,0.0,0.0
2017-04-13 00:00:00-04:00,24.48061585058799,24.50681594241686,24.279739040226357,24.29720687866211,46900,0.0,0.0,0.0
2017-04-17 00:00:00-04:00,24.36707954931785,24.498085021972656,24.30856411580253,24.498085021972656,27500,0.0,0.0,0.0
2017-04-18 00:00:00-04:00,24.41947934152025,24.47100830078125,24.340877397230003,24.47100830078125,34700,0.0,0.0,0.0
2017-04-19 00:00:00-04:00,24.524283577480478,24.528649704140832,24.388037437296024,24.393278121948242,70900,0.0,0.0,0.0
2017-04-20 00:00:00-04:00,24.498080321689763,24.615985724204855,24.419476720013034,24.573190689086914,231500,0.0,0.0,0.0
2017-04-21 00:00:00-04:00,24.524284532889023,24.55922021083183,24.46314876231392,24.51555061340332,65900,0.0,0.0,0.0
2017-04-24 00:00:00-04:00,24.716428243796994,24.76883176596863,24.675380650503353,24.742630004882812,86300,0.0,0.0,0.0
2017-04-25 00:00:00-04:00,24.83870137552026,24.93477116751314,24.83870137552026,24.91730499267578,39900,0.0,0.0,0.0
2017-04-26 00:00:00-04:00,24.89983592757191,25.001146399946574,24.871013825313884,24.882368087768555,34500,0.0,0.0,0.0
2017-04-27 00:00:00-04:00,24.934771497668105,24.934771497668105,24.777565927100518,24.879749298095703,15500,0.0,0.0,0.0
2017-04-28 00:00:00-04:00,24.864903130330053,24.864903130330053,24.742631569182496,24.760099411010742,61300,0.0,0.0,0.0
2017-05-01 00:00:00-04:00,24.786293610201703,24.821229285545492,24.707691672327545,24.768827438354492,54500,0.0,0.0,0.0
2017-05-02 00:00:00-04:00,24.80376595304668,24.80376595304668,24.698962239628905,24.733896255493164,35200,0.0,0.0,0.0
2017-05-03 00:00:00-04:00,24.672761450927805,24.672761450927805,24.540008520595702,24.61162567138672,119600,0.0,0.0,0.0
2017-05-04 00:00:00-04:00,24.60288971405529,24.611623634098912,24.428214644832728,24.53302001953125,40500,0.0,0.0,0.0
2017-05-05 00:00:00-04:00,24.56795556342406,24.795032501220703,24.56795556342406,24.795032501220703,23000,0.0,0.0,0.0
2017-05-08 00:00:00-04:00,24.80376595304668,24.80376595304668,24.650926510218678,24.733896255493164,65700,0.0,0.0,0.0
2017-05-09 00:00:00-04:00,24.76883129529003,24.76883129529003,24.672759838959305,24.681493759155273,69000,0.0,0.0,0.0
2017-05-10 00:00:00-04:00,24.664028238447404,24.838703327145335,24.664028238447404,24.82996940612793,74200,0.0,0.0,0.0
2017-05-11 00:00:00-04:00,24.81249379437943,24.81249379437943,24.585416916508365,24.751358032226562,35300,0.0,0.0,0.0
2017-05-12 00:00:00-04:00,24.672756534341396,24.690224372393732,24.61162076698295,24.655288696289062,79400,0.0,0.0,0.0
2017-05-15 00:00:00-04:00,24.751365611772087,24.892852465956285,24.751365611772087,24.838703155517578,41100,0.0,0.0,0.0
2017-05-16 00:00:00-04:00,24.90857239003793,24.90857239003793,24.716429464237635,24.77756690979004,84600,0.0,0.0,0.0
2017-05-17 00:00:00-04:00,24.594153607372053,24.60288752663915,24.375810623168945,24.375810623168945,76400,0.0,0.0,0.0
2017-05-18 00:00:00-04:00,24.375811438146485,24.467515094779856,24.24480597640956,24.419479370117188,50400,0.0,0.0,0.0
2017-05-19 00:00:00-04:00,24.46314747518755,24.725158382673676,24.444806744980017,24.655288696289062,26400,0.0,0.0,0.0
2017-05-22 00:00:00-04:00,24.716428881759363,24.803766421808078,24.716428881759363,24.795032501220703,43800,0.0,0.0,0.0
2017-05-23 00:00:00-04:00,24.86490220009467,24.86490220009467,24.74699677090266,24.795032501220703,100700,0.0,0.0,0.0
2017-05-24 00:00:00-04:00,24.812501392646404,24.86490325256366,24.733897769857972,24.838703155517578,44200,0.0,0.0,0.0
2017-05-25 00:00:00-04:00,24.90856886127629,24.960970712786736,24.80376349243057,24.84743309020996,148600,0.0,0.0,0.0
2017-05-26 00:00:00-04:00,24.805510942671674,24.84743309020996,24.79502957287469,24.84743309020996,55800,0.0,0.0,0.0
2017-05-30 00:00:00-04:00,24.84743695432689,24.84743695432689,24.723417942666476,24.760099411010742,26000,0.0,0.0,0.0
2017-05-31 00:00:00-04:00,24.75048514014569,24.751358032226562,24.58628980858924,24.751358032226562,33900,0.0,0.0,0.0
2017-06-01 00:00:00-04:00,24.81249625971854,25.06577491760254,24.77756224894215,25.06577491760254,51400,0.0,0.0,0.0
2017-06-02 00:00:00-04:00,25.118179491997328,25.118179491997328,24.995907942276403,25.109445571899414,31700,0.0,0.0,0.0
2017-06-05 00:00:00-04:00,25.09198351110018,25.09198351110018,24.97844585532622,25.022113800048828,27100,0.0,0.0,0.0
2017-06-06 00:00:00-04:00,24.93477041342906,25.022107948274463,24.874509196868907,24.943504333496094,116200,0.0,0.0,0.0
2017-06-07 00:00:00-04:00,24.978438551898495,24.99590639101025,24.78629565331881,24.84743309020996,92500,0.0,0.0,0.0
2017-06-08 00:00:00-04:00,24.85616632806352,24.94350386125541,24.812498394380018,24.882368087768555,51400,0.0,0.0,0.0
2017-06-09 00:00:00-04:00,24.94350416287845,25.065777377155616,24.8212326144262,24.952238082885742,38200,0.0,0.0,0.0
2017-06-12 00:00:00-04:00,24.96096702726016,24.980180647951276,24.909438075566186,24.92603302001953,28200,0.0,0.0,0.0
2017-06-13 00:00:00-04:00,25.048318203543744,25.170589794300422,25.00464858839815,25.153121948242188,42900,0.0,0.0,0.0
2017-06-14 00:00:00-04:00,25.23172048993453,25.23172048993453,25.00027740683054,25.04831314086914,32500,0.0,0.0,0.0
2017-06-15 00:00:00-04:00,24.934767689826614,24.94350160893965,24.858784425950432,24.89983367919922,48800,0.0,0.0,0.0
2017-06-16 00:00:00-04:00,25.040015092862138,25.040015092862138,24.81309474952905,24.961162567138672,19900,0.09,0.0,0.0
2017-06-19 00:00:00-04:00,25.066295933919967,25.13638687133789,24.987443420437327,25.13638687133789,37400,0.0,0.0,0.0
2017-06-20 00:00:00-04:00,25.00497703448197,25.00497703448197,24.88231658935547,24.88231658935547,37800,0.0,0.0,0.0
2017-06-21 00:00:00-04:00,24.961167719600876,24.961167719600876,24.820985794067383,24.820985794067383,14700,0.0,0.0,0.0
2017-06-22 00:00:00-04:00,24.79469900579846,24.94364249824744,24.79469900579846,24.864789962768555,74300,0.0,0.0,0.0
2017-06-23 00:00:00-04:00,24.847270605239206,25.022497177124023,24.8367560416879,25.022497177124023,39500,0.0,0.0,0.0
2017-06-26 00:00:00-04:00,25.101345405873577,25.127630139134627,25.00497139278323,25.08382225036621,49200,0.0,0.0,0.0
2017-06-27 00:00:00-04:00,25.118874228777514,25.118874228777514,24.87355500962497,24.88231658935547,33600,0.0,0.0,0.0
2017-06-28 00:00:00-04:00,25.054914791365416,25.153917461660136,25.054914791365416,25.110111236572266,27800,0.0,0.0,0.0
2017-06-29 00:00:00-04:00,25.100467371431662,25.110980261080048,24.749135322524218,24.899831771850586,52400,0.0,0.0,0.0
2017-06-30 00:00:00-04:00,24.969926834106445,25.04877936832322,24.914730394374747,24.969926834106445,42300,0.0,0.0,0.0
2017-07-03 00:00:00-04:00,25.083823031958666,25.13639250011879,25.06630154700543,25.09258460998535,11600,0.0,0.0,0.0
2017-07-05 00:00:00-04:00,25.136388952842324,25.136388952842324,24.91735454638594,25.004968643188477,47200,0.0,0.0,0.0
2017-07-06 00:00:00-04:00,24.891076969356714,24.89983854866491,24.66415657724545,24.689565658569336,90100,0.0,0.0,0.0
2017-07-07 00:00:00-04:00,24.68956467123935,24.82974659236389,24.68956467123935,24.812223434448242,25100,0.0,0.0,0.0
2017-07-10 00:00:00-04:00,24.81222386862362,24.89545803462925,24.783312161547176,24.83850860595703,61000,0.0,0.0,0.0
2017-07-11 00:00:00-04:00,24.785937532966816,24.877931594848633,24.742129643189667,24.877931594848633,53000,0.0,0.0,0.0
2017-07-12 00:00:00-04:00,24.996207612595533,25.127627925121075,24.996207612595533,25.013729095458984,71000,0.0,0.0,0.0
2017-07-13 00:00:00-04:00,25.08382170455869,25.09258328212173,25.00935080192295,25.075061798095703,94300,0.0,0.0,0.0
2017-07-14 00:00:00-04:00,25.11886895141579,25.276574011230696,25.11886895141579,25.197721481323242,1573600,0.0,0.0,0.0
2017-07-17 00:00:00-04:00,25.241528338880585,25.31512358969788,25.230139791325637,25.250289916992188,29700,0.0,0.0,0.0
2017-07-18 00:00:00-04:00,25.276575578492217,25.276575578492217,25.145155244197845,25.215246200561523,24000,0.0,0.0,0.0
2017-07-19 00:00:00-04:00,25.285337104671,25.47808681649773,25.26781394784124,25.46056365966797,64600,0.0,0.0,0.0
2017-07-20 00:00:00-04:00,25.5394117203023,25.5394117203023,25.40711575294373,25.407991409301758,47200,0.0,0.0,0.0
2017-07-21 00:00:00-04:00,25.407991067666973,25.434275797953624,25.32913854790691,25.425514221191406,40300,0.0,0.0,0.0
2017-07-24 00:00:00-04:00,25.407996350312377,25.4255195074801,25.37295003597693,25.399234771728516,46400,0.0,0.0,0.0
2017-07-25 00:00:00-04:00,25.50436945307832,25.618266620899146,25.50436945307832,25.591981887817383,27200,0.0,0.0,0.0
2017-07-26 00:00:00-04:00,25.644551197175463,25.644551197175463,25.478084564208984,25.478084564208984,47900,0.0,0.0,0.0
2017-07-27 00:00:00-04:00,25.451802572131438,25.504372043634607,25.32038223557401,25.399234771728516,44300,0.0,0.0,0.0
2017-07-28 00:00:00-04:00,25.407997477403054,25.443043793293143,25.356305331235397,25.390474319458008,60200,0.0,0.0,0.0
2017-07-31 00:00:00-04:00,25.451799233541266,25.451799233541266,25.292342869092003,25.337902069091797,28700,0.0,0.0,0.0
2017-08-01 00:00:00-04:00,25.416754251093874,25.416754251093874,25.32738883623005,25.355424880981445,22200,0.0,0.0,0.0
2017-08-02 00:00:00-04:00,25.302859279744524,25.302859279744524,25.127632719973732,25.26781463623047,78700,0.0,0.0,0.0
2017-08-03 00:00:00-04:00,25.302851803268116,25.302851803268116,25.13638687133789,25.13638687133789,22000,0.0,0.0,0.0
2017-08-04 00:00:00-04:00,25.17143906646931,25.23276844624702,25.160048847053375,25.208236694335938,37400,0.0,0.0,0.0
2017-08-07 00:00:00-04:00,25.20648257403626,25.26781194698378,25.189835075036175,25.259050369262695,59600,0.0,0.0,0.0
2017-08-08 00:00:00-04:00,25.2327699070389,25.342287140439417,25.127634298790607,25.154794692993164,27300,0.0,0.0,0.0
2017-08-09 00:00:00-04:00,25.118873943563784,25.118873943563784,25.00409942282808,25.101350784301758,23200,0.0,0.0,0.0
2017-08-10 00:00:00-04:00,24.96992595154322,24.96992595154322,24.759653091430664,24.759653091430664,21700,0.0,0.0,0.0
2017-08-11 00:00:00-04:00,24.759651482823504,24.846388259100927,24.69919776791498,24.829742431640625,40500,0.0,0.0,0.0
2017-08-14 00:00:00-04:00,24.917359034995332,25.057540946691773,24.917359034995332,24.969926834106445,55700,0.0,0.0,0.0
2017-08-15 00:00:00-04:00,25.02249115362099,25.02249115362099,24.881433605033045,24.95240020751953,29500,0.0,0.0,0.0
2017-08-16 00:00:00-04:00,25.040017789954668,25.040017789954668,24.95240367736934,24.969926834106445,35700,0.0,0.0,0.0
2017-08-17 00:00:00-04:00,24.943645123499472,24.952406702930396,24.61421775817871,24.61421775817871,27200,0.0,0.0,0.0
2017-08-18 00:00:00-04:00,24.61947348303447,24.724609087355585,24.505574628736237,24.654518127441406,62300,0.0,0.0,0.0
2017-08-21 00:00:00-04:00,24.654515581155255,24.654515581155255,24.57566305050805,24.601947784423828,24500,0.0,0.0,0.0
2017-08-22 00:00:00-04:00,24.768417644168277,24.899837988634648,24.750894485946002,24.83850860595703,41100,0.0,0.0,0.0
2017-08-23 00:00:00-04:00,24.785939876748937,24.899837058739493,24.777178297965005,24.873552322387695,17400,0.0,0.0,0.0
2017-08-24 00:00:00-04:00,24.873548647988812,24.916479207918048,24.829742431640625,24.829742431640625,37100,0.0,0.0,0.0
2017-08-25 00:00:00-04:00,24.891074698294926,24.961165655265017,24.847268476851205,24.864789962768555,88300,0.0,0.0,0.0
2017-08-28 00:00:00-04:00,24.94364116713215,24.94364116713215,24.79469768263153,24.847267150878906,29000,0.0,0.0,0.0
2017-08-29 00:00:00-04:00,24.794698462280934,24.899835730981504,24.733369085164018,24.856029510498047,39100,0.0,0.0,0.0
2017-08-30 00:00:00-04:00,24.873553671916724,25.022497177124023,24.873553671916724,25.022497177124023,27400,0.0,0.0,0.0
2017-08-31 00:00:00-04:00,25.11886895141579,25.22838616838724,25.08995557726967,25.197721481323242,19200,0.0,0.0,0.0
2017-09-01 00:00:00-04:00,25.224004563440527,25.364186458297507,25.224004563440527,25.355424880981445,23900,0.0,0.0,0.0
2017-09-05 00:00:00-04:00,25.364181570008743,25.364181570008743,25.04964718805049,25.188953399658203,47200,0.0,0.0,0.0
2017-09-06 00:00:00-04:00,25.250292170238083,25.276576906918457,25.197724367977646,25.232769012451172,109200,0.0,0.0,0.0
2017-09-07 00:00:00-04:00,25.285338485811913,25.285338485811913,25.15391647351036,25.232769012451172,55100,0.0,0.0,0.0
2017-09-08 00:00:00-04:00,25.127632775844134,25.214369563836975,25.127632775844134,25.180200576782227,45100,0.0,0.0,0.0
2017-09-11 00:00:00-04:00,25.276575327480586,25.466696397177714,25.276575327480586,25.434280395507812,36300,0.0,0.0,0.0
2017-09-12 00:00:00-04:00,25.495611922061205,25.591985949790722,25.48685034297664,25.561321258544922,13600,0.0,0.0,0.0
2017-09-13 00:00:00-04:00,25.545550492559652,25.63579325104878,25.545550492559652,25.609508514404297,54900,0.0,0.0,0.0
2017-09-14 00:00:00-04:00,25.591981887817383,25.600743465511304,25.54905132688722,25.591981887817383,26600,0.0,0.0,0.0
2017-09-15 00:00:00-04:00,25.53940916446785,25.644546405406714,25.53940916446785,25.600738525390625,17400,0.0,0.0,0.0
2017-09-18 00:00:00-04:00,25.690455766197946,25.75026307298088,25.67286686202373,25.734432220458984,151200,0.112,0.0,0.0
2017-09-19 00:00:00-04:00,25.725636888788376,25.725636888788376,25.672866821289062,25.672866821289062,19900,0.0,0.0,0.0
2017-09-20 00:00:00-04:00,25.71684163875457,25.795997578894237,25.664071571171526,25.734432220458984,27800,0.0,0.0,0.0
2017-09-21 00:00:00-04:00,25.752019604002996,25.752019604002996,25.672863673693758,25.690452575683594,29900,0.0,0.0,0.0
2017-09-22 00:00:00-04:00,25.68166114303002,25.75202178955078,25.647359006796165,25.75202178955078,19700,0.0,0.0,0.0
2017-09-25 00:00:00-04:00,25.769612253005434,25.787202835083008,25.71684218430294,25.787202835083008,153300,0.0,0.0,0.0
2017-09-26 00:00:00-04:00,25.787199935170484,25.85756057803811,25.778404645120776,25.815343856811523,20600,0.0,0.0,0.0
2017-09-27 00:00:00-04:00,25.901538113186234,25.91033172607422,25.723875930788708,25.91033172607422,37200,0.0,0.0,0.0
2017-09-28 00:00:00-04:00,25.910333475290557,25.91561098540373,25.813588629220362,25.883949279785156,17500,0.0,0.0,0.0
2017-09-29 00:00:00-04:00,25.954307556152344,25.989487039451543,25.895380957046388,25.954307556152344,39700,0.0,0.0,0.0
2017-10-02 00:00:00-04:00,25.94551322905534,26.095029813069747,25.94551322905534,26.084476470947266,184700,0.0,0.0,0.0
2017-10-03 00:00:00-04:00,26.147801339946454,26.17418721302238,26.077440689274226,26.16539192199707,28400,0.0,0.0,0.0
2017-10-04 00:00:00-04:00,26.200576782226562,26.253346858292478,26.121420829362457,26.200576782226562,38300,0.0,0.0,0.0
2017-10-05 00:00:00-04:00,26.306119028315145,26.31491432128131,26.270939533981085,26.288528442382812,35600,0.0,0.0,0.0
2017-10-06 00:00:00-04:00,26.270933269187953,26.270933269187953,26.15659616542421,26.23575210571289,62100,0.0,0.0,0.0
2017-10-09 00:00:00-04:00,26.27093373427018,26.27093373427018,26.121417141914648,26.14516258239746,23800,0.0,0.0,0.0
2017-10-10 00:00:00-04:00,26.21816568922822,26.30611693435839,26.17419090542837,26.200576782226562,26900,0.0,0.0,0.0
2017-10-11 00:00:00-04:00,26.244547396581655,26.244547396581655,26.160113946265675,26.23575210571289,16500,0.0,0.0,0.0
2017-10-12 00:00:00-04:00,26.23574789840421,26.25333847732082,26.15659197080941,26.209362030029297,23400,0.0,0.0,0.0
2017-10-13 00:00:00-04:00,26.367672252188992,26.367672252188992,26.27092742919922,26.27092742919922,16100,0.0,0.0,0.0
2017-10-16 00:00:00-04:00,26.288521666224028,26.314907538321272,26.23575159955971,26.24454689025879,190600,0.0,0.0,0.0
2017-10-17 00:00:00-04:00,26.279726375524945,26.279726375524945,26.19177682359447,26.24454689025879,31800,0.0,0.0,0.0
2017-10-18 00:00:00-04:00,26.288518450944558,26.291157205584557,26.209362521864346,26.210243225097656,23400,0.0,0.0,0.0
2017-10-19 00:00:00-04:00,26.209364717190244,26.262136459350586,26.063367594297606,26.262136459350586,39100,0.0,0.0,0.0
2017-10-20 00:00:00-04:00,26.350088856090025,26.4028606039545,26.30787380634085,26.34129524230957,41100,0.0,0.0,0.0
2017-10-23 00:00:00-04:00,26.455626564925083,26.455626564925083,26.27093050867921,26.27972412109375,83000,0.0,0.0,0.0
2017-10-24 00:00:00-04:00,26.262132140285633,26.34128806297807,26.235746273544876,26.27092742919922,65300,0.0,0.0,0.0
2017-10-25 00:00:00-04:00,26.209368574970792,26.209368574970792,25.927925952143617,26.10382843017578,53300,0.0,0.0,0.0
2017-10-26 00:00:00-04:00,26.182980089408527,26.226954862949402,26.12141473543927,26.174184799194336,18600,0.0,0.0,0.0
2017-10-27 00:00:00-04:00,26.11262761565131,26.29732373534898,26.077446443786645,26.288528442382812,27600,0.0,0.0,0.0
2017-10-30 00:00:00-04:00,26.218161990618682,26.28764361544745,26.152199824224226,26.16539192199707,39600,0.0,0.0,0.0
2017-10-31 00:00:00-04:00,26.23574934890093,26.323700570816598,26.215520014275416,26.27972412109375,50100,0.0,0.0,0.0
2017-11-01 00:00:00-04:00,26.402856043559122,26.455626104778677,26.270930051745243,26.35008430480957,47800,0.0,0.0,0.0
2017-11-02 00:00:00-04:00,26.350087023587427,26.350087023587427,26.200572114293553,26.24454689025879,30900,0.0,0.0,0.0
2017-11-03 00:00:00-04:00,26.26213755493532,26.385268270052578,26.25334226420835,26.367677688598633,38400,0.0,0.0,0.0
2017-11-06 00:00:00-05:00,26.32370322356029,26.49081039428711,26.314907932729387,26.49081039428711,53300,0.0,0.0,0.0
2017-11-07 00:00:00-05:00,26.490806592896167,26.490806592896167,26.332494735717773,26.332494735717773,21200,0.0,0.0,0.0
2017-11-08 00:00:00-05:00,26.40285508218721,26.438034562542633,26.306108575532395,26.42923927307129,32800,0.0,0.0,0.0
2017-11-09 00:00:00-05:00,26.29731357744259,26.39406008516938,26.22167542917492,26.332494735717773,26500,0.0,0.0,0.0
2017-11-10 00:00:00-05:00,26.253338968939353,26.383505229287895,26.253338968939353,26.35887908935547,22600,0.0,0.0,0.0
2017-11-13 00:00:00-05:00,26.24454418237047,26.394060753767533,26.24454418237047,26.35008430480957,21200,0.0,0.0,0.0
2017-11-14 00:00:00-05:00,26.28851941103832,26.31490528087203,26.219039472277267,26.27972412109375,49700,0.0,0.0,0.0
2017-11-15 00:00:00-05:00,26.165390477721083,26.187377865305578,25.980694408975168,26.095029830932617,44100,0.0,0.0,0.0
2017-11-16 00:00:00-05:00,26.22695728164399,26.40285974708968,26.214644209714606,26.385269165039062,22900,0.0,0.0,0.0
2017-11-17 00:00:00-05:00,26.44683063611552,26.482011795043945,26.368555409300765,26.482011795043945,21000,0.0,0.0,0.0
2017-11-20 00:00:00-05:00,26.525989880080534,26.525989880080534,26.416051260989505,26.49081039428711,84100,0.0,0.0,0.0
2017-11-21 00:00:00-05:00,26.613943099975586,26.622738391463848,26.56117302857633,26.613943099975586,69300,0.0,0.0,0.0
2017-11-22 00:00:00-05:00,26.684303790645732,26.684303790645732,26.613943136174253,26.675508499145508,79900,0.0,0.0,0.0
2017-11-24 00:00:00-05:00,26.684302270784663,26.737951365090915,26.66671168878612,26.701892852783203,28300,0.0,0.0,0.0
2017-11-27 00:00:00-05:00,26.73707156071204,26.73707156071204,26.605145554624894,26.649120330810547,64700,0.0,0.0,0.0
2017-11-28 00:00:00-05:00,26.622733752455083,26.877790451049805,26.561168400295326,26.877790451049805,53800,0.0,0.0,0.0
2017-11-29 00:00:00-05:00,26.895384886364898,26.974540829782885,26.887468621010992,26.939359664916992,55900,0.0,0.0,0.0
2017-11-30 00:00:00-05:00,27.027305089316968,27.203207520771002,27.027305089316968,27.194412231445312,24200,0.0,0.0,0.0
2017-12-01 00:00:00-05:00,27.229597560148118,27.229597560148118,26.75114579627413,27.159236907958984,593500,0.0,0.0,0.0
2017-12-04 00:00:00-05:00,27.273571432182536,27.370317948850175,27.13285014113694,27.141645431518555,95300,0.0,0.0,0.0
2017-12-05 00:00:00-05:00,27.13285398731465,27.13285398731465,26.9138557551,26.95255470275879,26300,0.0,0.0,0.0
2017-12-06 00:00:00-05:00,26.912972117109533,26.939356309942845,26.828538673970783,26.868995666503906,8700,0.0,0.0,0.0
2017-12-07 00:00:00-05:00,26.81623021635597,27.011481329054757,26.80743492472184,26.98333740234375,71500,0.0,0.0,0.0
2017-12-08 00:00:00-05:00,27.13285025724408,27.176825031810214,27.036103740162442,27.106464385986328,52300,0.0,0.0,0.0
2017-12-11 00:00:00-05:00,27.212005615234375,27.212005615234375,27.088873229511538,27.212005615234375,29100,0.0,0.0,0.0
2017-12-12 00:00:00-05:00,27.2647762584726,27.2647762584726,27.097669095567078,27.106464385986328,28000,0.0,0.0,0.0
2017-12-13 00:00:00-05:00,27.20321039555376,27.20321039555376,27.08975400306332,27.115259170532227,33700,0.0,0.0,0.0
2017-12-14 00:00:00-05:00,27.088873164233043,27.101186235022645,26.895381812177835,26.93056297302246,18200,0.0,0.0,0.0
2017-12-15 00:00:00-05:00,27.027310856699106,27.18562274328407,27.027310856699106,27.097671508789062,29000,0.0,0.0,0.0
2017-12-18 00:00:00-05:00,27.27348194668084,27.379500366292305,27.27348194668084,27.352994918823242,13500,0.139,0.0,0.0
2017-12-19 00:00:00-05:00,27.37066748795167,27.37066748795167,27.238143609876257,27.246978759765625,53000,0.0,0.0,0.0
2017-12-20 00:00:00-05:00,27.29998686098281,27.361831222554517,27.246977648940273,27.326492309570312,53000,0.0,0.0,0.0
2017-12-21 00:00:00-05:00,27.370671724357223,27.48552700556363,27.291157048178267,27.43251609802246,118600,0.0,0.0,0.0
2017-12-22 00:00:00-05:00,27.37950721979267,27.47669219970703,27.370672068424746,27.47669219970703,18000,0.0,0.0,0.0
2017-12-26 00:00:00-05:00,27.520863863239075,27.556204465618347,27.485524945992474,27.53853416442871,117900,0.0,0.0,0.0
2017-12-27 00:00:00-05:00,27.56503548714137,27.59153924982305,27.503189442241798,27.547365188598633,46300,0.0,0.0,0.0
2017-12-28 00:00:00-05:00,27.59154257469415,27.60921287536621,27.512027906802484,27.60921287536621,44500,0.0,0.0,0.0
2017-12-29 00:00:00-05:00,27.68872772782168,27.732901794663665,27.538533541373237,27.556203842163086,38300,0.0,0.0,0.0
2018-01-02 00:00:00-05:00,27.618046420170046,27.75057029724121,27.556202056545672,27.75057029724121,65700,0.0,0.0,0.0
2018-01-03 00:00:00-05:00,27.830087787612158,27.891932157518955,27.785029024480338,27.8742618560791,85600,0.0,0.0,0.0
2018-01-04 00:00:00-05:00,27.91843729743074,27.980281666645848,27.88309669494629,27.88309669494629,202900,0.0,0.0,0.0
2018-01-05 00:00:00-05:00,28.059796032437593,28.059796032437593,27.89193154272444,28.02092170715332,309500,0.0,0.0,0.0
2018-01-08 00:00:00-05:00,28.095132869084672,28.148143768310547,27.96260899128506,28.148143768310547,116100,0.0,0.0,0.0
2018-01-09 00:00:00-05:00,28.16581171833573,28.183482017660747,28.086298741638128,28.112802505493164,65600,0.0,0.0,0.0
2018-01-10 00:00:00-05:00,27.99795150756836,28.03329042433912,27.91843683841834,27.99795150756836,40100,0.0,0.0,0.0
2018-01-11 00:00:00-05:00,28.033295094654477,28.271839141845703,28.033295094654477,28.271839141845703,24000,0.0,0.0,0.0
2018-01-12 00:00:00-05:00,28.289503484648847,28.44853281593274,28.289503484648847,28.422025680541992,82300,0.0,0.0,0.0
2018-01-16 00:00:00-05:00,28.483872540173948,28.536880068794748,28.165812202256443,28.201152801513672,62500,0.0,0.0,0.0
2018-01-17 00:00:00-05:00,28.307175063744477,28.475037867565927,28.27183446180355,28.439697265625,49700,0.0,0.0,0.0
2018-01-18 00:00:00-05:00,28.422024666893485,28.422024666893485,28.254161876642797,28.307172775268555,63800,0.0,0.0,0.0
2018-01-19 00:00:00-05:00,28.35135349680231,28.492712556068295,28.307179422706533,28.48387908935547,53300,0.0,0.0,0.0
2018-01-22 00:00:00-05:00,28.51920797785098,28.699443000583116,28.50153767933225,28.695907592773438,66800,0.0,0.0,0.0
2018-01-23 00:00:00-05:00,28.713588230624687,28.84611383210322,28.6870844584354,28.82844352722168,34400,0.0,0.0,0.0
2018-01-24 00:00:00-05:00,28.86378256174702,28.93446378566882,28.66057909837122,28.784271240234375,188700,0.0,0.0,0.0
2018-01-25 00:00:00-05:00,28.8637730477064,28.899113648018375,28.669406486520813,28.722414016723633,56100,0.0,0.0,0.0
2018-01-26 00:00:00-05:00,28.81959741869828,28.934452678347586,28.757753056640563,28.91678237915039,87300,0.0,0.0,0.0
2018-01-29 00:00:00-05:00,28.96096315224775,28.96096315224775,28.72241911321251,28.740089416503906,82600,0.0,0.0,0.0
2018-01-30 00:00:00-05:00,28.545720233914732,28.545720233914732,28.360183751301918,28.41319465637207,109200,0.0,0.0,0.0
2018-01-31 00:00:00-05:00,28.475042102193363,28.510382709389923,28.271838666211863,28.386693954467773,57500,0.0,0.0,0.0
2018-02-01 00:00:00-05:00,28.316008898018065,28.413193869489156,28.227660762279985,28.33367919921875,50800,0.0,0.0,0.0
2018-02-02 00:00:00-05:00,28.19231920448029,28.19231920448029,27.72760175755309,27.75852394104004,92600,0.0,0.0,0.0
2018-02-05 00:00:00-05:00,27.565035666054964,27.724063298574503,26.734550165612696,26.743385314941406,128600,0.0,0.0,0.0
2018-02-06 00:00:00-05:00,26.257467887573227,27.16746824351604,26.151449442980212,27.087953567504883,145000,0.0,0.0,0.0
2018-02-07 00:00:00-05:00,27.061446417150034,27.293805993262055,26.884748458862305,26.884748458862305,54100,0.0,0.0,0.0
2018-02-08 00:00:00-05:00,26.964262627989427,27.034942147015464,26.001253128051758,26.001253128051758,93700,0.0,0.0,0.0
2018-02-09 00:00:00-05:00,26.32815246875197,26.460678077644396,25.516221630079613,26.40766716003418,88100,0.0,0.0,0.0
2018-02-12 00:00:00-05:00,26.513680106995206,26.778727882506747,26.33698046656574,26.646203994750977,55400,0.0,0.0,0.0
2018-02-13 00:00:00-05:00,26.48718003169659,26.708053784499526,26.47834487936851,26.655044555664062,58500,0.0,0.0,0.0
2018-02-14 00:00:00-05:00,26.522517369321353,27.132127638563173,26.522517369321353,27.087953567504883,72400,0.0,0.0,0.0
2018-02-15 00:00:00-05:00,27.264645561973015,27.388334274291992,27.017266452202744,27.388334274291992,41400,0.0,0.0,0.0
2018-02-16 00:00:00-05:00,27.370668888991847,27.565038826242162,27.33267925914226,27.45901870727539,70600,0.0,0.0,0.0
2018-02-20 00:00:00-05:00,27.34416679873297,27.441350088180837,27.220476371503292,27.275253295898438,74700,0.0,0.0,0.0
2018-02-21 00:00:00-05:00,27.273483281017757,27.512025579380275,27.123289108276367,27.123289108276367,35000,0.0,0.0,0.0
2018-02-22 00:00:00-05:00,27.220474021351915,27.370668203130542,27.14979450552271,27.175416946411133,41400,0.0,0.0,0.0
2018-02-23 00:00:00-05:00,27.238147579752372,27.47315788269043,27.185138357822783,27.47315788269043,42000,0.0,0.0,0.0
2018-02-26 00:00:00-05:00,27.609213535993845,27.671057904693242,27.45901934695273,27.644554138183594,34000,0.0,0.0,0.0
2018-02-27 00:00:00-05:00,27.671054715545516,27.74173422664639,27.326492309570312,27.326492309570312,26800,0.0,0.0,0.0
2018-02-28 00:00:00-05:00,27.414845680387046,27.44134944728441,27.034942626953125,27.034942626953125,30500,0.0,0.0,0.0
2018-03-01 00:00:00-05:00,27.034939549646484,27.15862827477555,26.6815419884688,26.782258987426758,27900,0.0,0.0,0.0
2018-03-02 00:00:00-05:00,26.61969891229976,27.132125854492188,26.61969891229976,27.132125854492188,29300,0.0,0.0,0.0
2018-03-05 00:00:00-05:00,27.07911365806234,27.50319073218332,27.017269295394595,27.41484260559082,56000,0.0,0.0,0.0
2018-03-06 00:00:00-05:00,27.529697833012815,27.604795767281285,27.352998198960908,27.59596061706543,34300,0.0,0.0,0.0
2018-03-07 00:00:00-05:00,27.388339316902034,27.573872419539963,27.388339316902034,27.503192901611328,36600,0.0,0.0,0.0
2018-03-08 00:00:00-05:00,27.60921303019604,27.60921303019604,27.441348543135312,27.577407836914062,17400,0.0,0.0,0.0
2018-03-09 00:00:00-05:00,27.69755680946195,27.980274819623226,27.69755680946195,27.962604522705078,23500,0.0,0.0,0.0
2018-03-12 00:00:00-04:00,28.006786346435547,28.059795563568223,27.918436527792675,28.006786346435547,61500,0.0,0.0,0.0
2018-03-13 00:00:00-04:00,28.042126349492328,28.108389137325435,27.84599038485495,27.8742618560791,41700,0.0,0.0,0.0
2018-03-14 00:00:00-04:00,27.962611575117563,27.962611575117563,27.67282604715552,27.679893493652344,28800,0.0,0.0,0.0
2018-03-15 00:00:00-04:00,27.803582733961665,27.803582733961665,27.556205250788818,27.61804962158203,23100,0.0,0.0,0.0
2018-03-16 00:00:00-04:00,27.609212730776562,27.785912366306576,27.609212730776562,27.715232849121094,45800,0.0,0.0,0.0
2018-03-19 00:00:00-04:00,27.608980089772533,27.64262807508684,27.264531999179656,27.37875747680664,16000,0.07,0.0,0.0
2018-03-20 00:00:00-04:00,27.48500940851283,27.53813717388951,27.361042370765624,27.44073486328125,20700,0.0,0.0,0.0
2018-03-21 00:00:00-04:00,27.44073810700962,27.644395972445334,27.44073810700962,27.51157569885254,17100,0.0,0.0,0.0
2018-03-22 00:00:00-04:00,27.29906135601964,27.409745192475917,26.919193672673916,26.98029136657715,46200,0.0,0.0,0.0
2018-03-23 00:00:00-04:00,27.03696260695986,27.052900768744166,26.48442840576172,26.48442840576172,50300,0.0,0.0,0.0
2018-03-26 00:00:00-04:00,26.812058171125535,27.068843841552734,26.591575441220638,27.068843841552734,36300,0.0,0.0,0.0
2018-03-27 00:00:00-04:00,27.139674613754213,27.152957821726545,26.62964333904805,26.732358932495117,39100,0.0,0.0,0.0
2018-03-28 00:00:00-04:00,26.748298090746342,26.81205242468765,26.608392887561354,26.7235050201416,26000,0.0,0.0,0.0
2018-03-29 00:00:00-04:00,26.776638021672753,27.09540806479199,26.776638021672753,27.02457046508789,35800,0.0,0.0,0.0
2018-04-02 00:00:00-04:00,27.024560626116145,27.024560626116145,26.2143542911313,26.449005126953125,2081200,0.0,0.0,0.0
2018-04-03 00:00:00-04:00,26.510993251962546,26.803198515638726,26.381714610727062,26.714651107788086,54000,0.0,0.0,0.0
2018-04-04 00:00:00-04:00,26.387025343769754,26.998000580196937,26.387025343769754,26.95372772216797,124800,0.0,0.0,0.0
2018-04-05 00:00:00-04:00,27.095399907145477,27.290202825456785,27.006852511949035,27.192800521850586,83800,0.0,0.0,0.0
2018-04-06 00:00:00-04:00,27.05113033030957,27.139677741758817,26.502139419346744,26.688087463378906,37300,0.0,0.0,0.0
2018-04-09 00:00:00-04:00,26.83861446286653,27.015709265353827,26.732358932495117,26.732358932495117,29000,0.0,0.0,0.0
2018-04-10 00:00:00-04:00,27.04227822971098,27.219371371046183,26.9546157989624,27.15738868713379,17700,0.0,0.0,0.0
2018-04-11 00:00:00-04:00,27.015705992302063,27.237073624141082,27.015705992302063,27.139671325683594,45900,0.0,0.0,0.0
2018-04-12 00:00:00-04:00,27.245932795537872,27.31677038125501,27.184835103410382,27.201658248901367,23600,0.0,0.0,0.0
2018-04-13 00:00:00-04:00,27.334481114431995,27.343334335154232,27.151188031917137,27.210514068603516,15300,0.0,0.0,0.0
2018-04-16 00:00:00-04:00,27.36104090510368,27.555845515885004,27.36104090510368,27.502716064453125,29800,0.0,0.0,0.0
2018-04-17 00:00:00-04:00,27.59126839429892,27.77721812975411,27.53814062226947,27.724088668823242,15100,0.0,0.0,0.0
2018-04-18 00:00:00-04:00,27.812635848607805,27.954311032101078,27.77721789718519,27.874618530273438,33300,0.0,0.0,0.0
2018-04-19 00:00:00-04:00,27.803779828163343,27.803779828163343,27.538139291947346,27.653249740600586,42400,0.0,0.0,0.0
2018-04-20 00:00:00-04:00,27.626683572328353,27.626683572328353,27.36104137728797,27.449588775634766,47400,0.0,0.0,0.0
2018-04-23 00:00:00-04:00,27.414170050244064,27.55761687410297,27.325624337860777,27.458444595336914,23400,0.0,0.0,0.0
2018-04-24 00:00:00-04:00,27.529284059446287,27.555848788316958,27.015711123589224,27.210514068603516,27000,0.0,0.0,0.0
2018-04-25 00:00:00-04:00,27.237076326928225,27.290204090949278,27.04670000954318,27.281349182128906,26200,0.0,0.0,0.0
2018-04-26 00:00:00-04:00,27.316769514435258,27.476154499466514,27.316769514435258,27.44073486328125,21800,0.0,0.0,0.0
2018-04-27 00:00:00-04:00,27.467304830839872,27.529287517088395,27.378757412384186,27.493867874145508,37300,0.0,0.0,0.0
2018-04-30 00:00:00-04:00,27.47614903750704,27.520421885036445,27.252124780982353,27.272489547729492,18600,0.0,0.0,0.0
2018-05-01 00:00:00-04:00,27.17509750956397,27.17509750956397,26.956386466264732,27.166242599487305,1756300,0.0,0.0,0.0
2018-05-02 00:00:00-04:00,27.228226857887876,27.290209543112486,27.051132023901985,27.086551666259766,49900,0.0,0.0,0.0
2018-05-03 00:00:00-04:00,26.971439758582427,27.005087743562477,26.735020568227185,26.93602180480957,167300,0.0,0.0,0.0
2018-05-04 00:00:00-04:00,26.91830905865769,27.378754229985713,26.91830905865769,27.30791664123535,17100,0.0,0.0,0.0
2018-05-07 00:00:00-04:00,27.37874946042034,27.50271479691253,27.3539563931219,27.414167404174805,237300,0.0,0.0,0.0
2018-05-08 00:00:00-04:00,27.307914994522328,27.405317306518555,27.254787228388583,27.405317306518555,23200,0.0,0.0,0.0
2018-05-09 00:00:00-04:00,27.520426970675167,27.670957044553585,27.441619463496643,27.626684188842773,34600,0.0,0.0,0.0
2018-05-10 00:00:00-04:00,27.670960633042732,27.88347340803633,27.670960633042732,27.777217864990234,20700,0.0,0.0,0.0
2018-05-11 00:00:00-04:00,27.852481496358198,27.892327746409123,27.794925426528778,27.848054885864258,19300,0.0,0.0,0.0
2018-05-14 00:00:00-04:00,27.901179832864553,27.945452688929265,27.799350912794754,27.839197158813477,26900,0.0,0.0,0.0
2018-05-15 00:00:00-04:00,27.71523276150365,27.776330457144923,27.688669720895348,27.732942581176758,24200,0.0,0.0,0.0
2018-05-16 00:00:00-04:00,27.777223325494994,27.95431649501897,27.777223325494994,27.927753448486328,21200,0.0,0.0,0.0
2018-05-17 00:00:00-04:00,27.910038332670524,28.060568427118927,27.910038332670524,27.989730834960938,20300,0.0,0.0,0.0
2018-05-18 00:00:00-04:00,27.972019282669237,27.972019282669237,27.88790017497197,27.954309463500977,6200,0.0,0.0,0.0
2018-05-21 00:00:00-04:00,28.08712759977711,28.13140214434068,28.016290017376583,28.10483741760254,20500,0.0,0.0,0.0
2018-05-22 00:00:00-04:00,28.131403187204246,28.202240772230805,27.944568486692532,27.980873107910156,15900,0.0,0.0,0.0
2018-05-23 00:00:00-04:00,27.839200740512535,27.998585745093365,27.839200740512535,27.989730834960938,83700,0.0,0.0,0.0
2018-05-24 00:00:00-04:00,27.936595183189134,28.016287667819046,27.86575760672933,27.967586517333984,25000,0.0,0.0,0.0
2018-05-25 00:00:00-04:00,27.848057216223257,27.9100399017334,27.82237746872512,27.9100399017334,13900,0.0,0.0,0.0
2018-05-29 00:00:00-04:00,27.74180030822754,27.830347726683822,27.591270203522317,27.74180030822754,33900,0.0,0.0,0.0
2018-05-30 00:00:00-04:00,27.874613695867566,28.193383647892585,27.874613695867566,28.149110794067383,26400,0.0,0.0,0.0
2018-05-31 00:00:00-04:00,28.08713304763359,28.08713304763359,27.834774005827146,27.9100399017334,100900,0.0,0.0,0.0
2018-06-01 00:00:00-04:00,27.98972671621306,28.069419206776555,27.88346949916134,28.007434844970703,32600,0.0,0.0,0.0
2018-06-04 00:00:00-04:00,28.042857472099076,28.0605672916473,27.972019882807533,28.05613899230957,54100,0.0,0.0,0.0
2018-06-05 00:00:00-04:00,28.02514294007406,28.14025505887986,28.02514294007406,28.12254524230957,149300,0.0,0.0,0.0
2018-06-06 00:00:00-04:00,28.184533389210234,28.27219581604004,28.069422936933204,28.27219581604004,29800,0.0,0.0,0.0
2018-06-07 00:00:00-04:00,28.273082017232927,28.3642860742103,28.265112091213958,28.30495834350586,20100,0.0,0.0,0.0
2018-06-08 00:00:00-04:00,28.290791585511705,28.38465059475624,28.281936675203482,28.379337310791016,11400,0.0,0.0,0.0
2018-06-11 00:00:00-04:00,28.45017173081952,28.556427258555072,28.45017173081952,28.503297805786133,66800,0.0,0.0,0.0
2018-06-12 00:00:00-04:00,28.538719781993002,28.636122097824796,28.494446923288354,28.565282821655273,32000,0.0,0.0,0.0
2018-06-13 00:00:00-04:00,28.627266443061007,28.698102335404833,28.473191368273383,28.521007537841797,47600,0.0,0.0,0.0
2018-06-14 00:00:00-04:00,28.61841471604511,28.627271315221865,28.485592750816885,28.547578811645508,37900,0.0,0.0,0.0
2018-06-15 00:00:00-04:00,28.45902486536508,28.521007537841797,28.33505952041165,28.521007537841797,23600,0.0,0.0,0.0
2018-06-18 00:00:00-04:00,28.3948464206716,28.554767608642578,28.3948464206716,28.554767608642578,77900,0.108,0.0,0.0
2018-06-19 00:00:00-04:00,28.32377639945767,28.492582321166992,28.266028387611964,28.492582321166992,31900,0.0,0.0,0.0
2018-06-20 00:00:00-04:00,28.55477361403663,28.63473422483875,28.46859388227398,28.608081817626953,28600,0.0,0.0,0.0
2018-06-21 00:00:00-04:00,28.59919711800529,28.59919711800529,28.32910932105177,28.385971069335938,71400,0.0,0.0,0.0
2018-06-22 00:00:00-04:00,28.6169669363216,28.6169669363216,28.510353910436862,28.5458927154541,25200,0.0,0.0,0.0
2018-06-25 00:00:00-04:00,28.52811503927513,28.52811503927513,28.101657975665976,28.2171573638916,91400,0.0,0.0,0.0
2018-06-26 00:00:00-04:00,28.297121694002556,28.341543498673325,28.163854585407023,28.334436416625977,19600,0.0,0.0,0.0
2018-06-27 00:00:00-04:00,28.323773822649834,28.50146612334905,28.110546112060547,28.110546112060547,27800,0.0,0.0,0.0
2018-06-28 00:00:00-04:00,28.083888908647655,28.217155993171666,27.986158922524687,28.199386596679688,42000,0.0,0.0,0.0
2018-06-29 00:00:00-04:00,28.31489179881979,28.430389510589922,28.25269889831543,28.25269889831543,22200,0.0,0.0,0.0
2018-07-02 00:00:00-04:00,28.11054756695632,28.243816375732422,28.003934553435396,28.243816375732422,38100,0.0,0.0,0.0
2018-07-03 00:00:00-04:00,28.306004917835967,28.430387320094777,28.21715961854404,28.261581420898438,25100,0.0,0.0,0.0
2018-07-05 00:00:00-04:00,28.3593200821894,28.501473621228445,28.27935945786028,28.457048416137695,22300,0.0,0.0,0.0
2018-07-06 00:00:00-04:00,28.439269496085018,28.785767678350243,28.439269496085018,28.750228881835938,54400,0.0,0.0,0.0
2018-07-09 00:00:00-04:00,28.84796449671434,28.945694511581586,28.84796449671434,28.92792510986328,58200,0.0,0.0,0.0
2018-07-10 00:00:00-04:00,28.927920563967298,29.0256471743104,28.89415768925816,29.00788116455078,29600,0.0,0.0,0.0
2018-07-11 00:00:00-04:00,28.830192820381615,28.839075825956506,28.70225517160383,28.75911521911621,31900,0.0,0.0,0.0
2018-07-12 00:00:00-04:00,28.73245910585661,28.874610900878906,28.73245910585661,28.874610900878906,18100,0.0,0.0,0.0
2018-07-13 00:00:00-04:00,28.85684429325115,28.97234369698973,28.848849249575593,28.90126609802246,83100,0.0,0.0,0.0
2018-07-16 00:00:00-04:00,28.88349831679136,28.88349831679136,28.66582908879813,28.68804168701172,49700,0.0,0.0,0.0
2018-07-17 00:00:00-04:00,28.67027033705473,28.86573034271219,28.67027033705473,28.856843948364258,62300,0.0,0.0,0.0
2018-07-18 00:00:00-04:00,28.856844431111366,28.865730825607958,28.70580961633406,28.84796142578125,55400,0.0,0.0,0.0
2018-07-19 00:00:00-04:00,28.750229866332056,28.954572869537387,28.732460467466424,28.89238166809082,35400,0.0,0.0,0.0
2018-07-20 00:00:00-04:00,28.830192820381615,28.838187864315675,28.75023221354132,28.75911521911621,35700,0.0,0.0,0.0
2018-07-23 00:00:00-04:00,28.83907739662881,28.83907739662881,28.643620760836868,28.71469497680664,20100,0.0,0.0,0.0
2018-07-24 00:00:00-04:00,28.83907519261416,28.83907519261416,28.6258491718338,28.66138458251953,147600,0.0,0.0,0.0
2018-07-25 00:00:00-04:00,28.705809426901173,28.776883636572503,28.599193028644496,28.76355743408203,43300,0.0,0.0,0.0
2018-07-26 00:00:00-04:00,28.847964295795233,29.02565153340704,28.84618498321901,28.990116119384766,26100,0.0,0.0,0.0
2018-07-27 00:00:00-04:00,29.052309923254285,29.052309923254285,28.732467444340713,28.794658660888672,30700,0.0,0.0,0.0
2018-07-30 00:00:00-04:00,28.84795823253063,28.84795823253063,28.63472884737949,28.652498245239258,17000,0.0,0.0,0.0
2018-07-31 00:00:00-04:00,28.750232783231528,28.901267605163437,28.705810976143713,28.865732192993164,27500,0.0,0.0,0.0
2018-08-01 00:00:00-04:00,28.8657276303904,28.8657276303904,28.652498245239258,28.652498245239258,23500,0.0,0.0,0.0
2018-08-02 00:00:00-04:00,28.59919167055733,28.89238166809082,28.523674267253114,28.89238166809082,33700,0.0,0.0,0.0
2018-08-03 00:00:00-04:00,29.04342269897461,29.04342269897461,28.910157262671785,29.04342269897461,35900,0.0,0.0,0.0
2018-08-06 00:00:00-04:00,28.99900183480652,29.212231284695008,28.99900183480652,29.185575485229492,23100,0.0,0.0,0.0
2018-08-07 00:00:00-04:00,29.22999735162851,29.265532764914624,29.17668914794922,29.17668914794922,18200,0.0,0.0,0.0
2018-08-08 00:00:00-04:00,29.21222629511608,29.21222629511608,29.043418687613705,29.105609893798828,60000,0.0,0.0,0.0
2018-08-09 00:00:00-04:00,29.132264745811995,29.21222534962864,29.05230414199535,29.08784294128418,20400,0.0,0.0,0.0
2018-08-10 00:00:00-04:00,28.99011457108095,29.046974619646623,28.927923363404968,28.97412109375,48500,0.0,0.0,0.0
2018-08-13 00:00:00-04:00,28.990111957065757,28.99099991864297,28.714691355644682,28.799095153808594,19700,0.0,0.0,0.0
2018-08-14 00:00:00-04:00,28.945691322374053,29.06118733706753,28.91903552815009,29.01321029663086,33600,0.0,0.0,0.0
2018-08-15 00:00:00-04:00,28.91015007698414,28.91015007698414,28.608077084944888,28.750228881835938,50800,0.0,0.0,0.0
2018-08-16 00:00:00-04:00,28.998999726166304,29.04697677254849,28.9057129077381,28.96346092224121,25200,0.0,0.0,0.0
2018-08-17 00:00:00-04:00,29.007885077359774,29.158919904853384,28.981229280792203,29.136707305908203,18800,0.0,0.0,0.0
2018-08-20 00:00:00-04:00,29.132263819835742,29.283298628262926,29.132263819835742,29.22999382019043,39200,0.0,0.0,0.0
2018-08-21 00:00:00-04:00,29.274413336854938,29.425448133485684,29.274413336854938,29.354373931884766,31000,0.0,0.0,0.0
2018-08-22 00:00:00-04:00,29.36325674867137,29.425447945612376,29.327717953514778,29.41656494140625,16500,0.0,0.0,0.0
2018-08-23 00:00:00-04:00,29.37214979879251,29.40768521283661,29.25487445952994,29.2744197845459,67100,0.0,0.0,0.0
2018-08-24 00:00:00-04:00,29.381029223714606,29.49652862548828,29.352597506778096,29.49652862548828,46400,0.0,0.0,0.0
2018-08-27 00:00:00-04:00,29.514298176181473,29.6742193827903,29.514298176181473,29.60314178466797,46800,0.0,0.0,0.0
2018-08-28 00:00:00-04:00,29.612029546287648,29.717754597584786,29.54095194488346,29.620912551879883,12300,0.0,0.0,0.0
2018-08-29 00:00:00-04:00,29.84302266335965,29.84302266335965,29.576488457050672,29.74529266357422,50200,0.0,0.0,0.0
2018-08-30 00:00:00-04:00,29.74529359174622,29.74529359174622,29.549833586076222,29.60314178466797,23400,0.0,0.0,0.0
2018-08-31 00:00:00-04:00,29.62979196352203,29.62979196352203,29.496526560803492,29.524066925048828,12300,0.0,0.0,0.0
2018-09-04 00:00:00-04:00,29.532074518454113,29.63868755153502,29.43434449264361,29.514305114746094,59400,0.0,0.0,0.0
2018-09-05 00:00:00-04:00,29.474315892336225,29.55871969199128,29.318837884418794,29.549833297729492,27100,0.0,0.0,0.0
2018-09-06 00:00:00-04:00,29.549838343248247,29.620915952813228,29.389920500060967,29.460994720458984,55600,0.0,0.0,0.0
2018-09-07 00:00:00-04:00,29.389912727268257,29.46098692886918,29.25308870395841,29.354373931884766,45300,0.0,0.0,0.0
2018-09-10 00:00:00-04:00,29.460990618574822,29.487643023867367,29.407682418823242,29.407682418823242,19600,0.0,0.0,0.0
2018-09-11 00:00:00-04:00,29.443219117605448,29.523179716943627,29.337494076434147,29.469871520996094,34500,0.0,0.0,0.0
2018-09-12 00:00:00-04:00,29.452997709777822,29.629796981811523,29.452997709777822,29.629796981811523,29900,0.0,0.0,0.0
2018-09-13 00:00:00-04:00,29.70087487012485,29.736413672874548,29.62979726462545,29.68310546875,32100,0.0,0.0,0.0
2018-09-14 00:00:00-04:00,29.674224502153912,29.798606931159892,29.674224502153912,29.78972053527832,20500,0.0,0.0,0.0
2018-09-17 00:00:00-04:00,29.789719721667495,29.789719721667495,29.567607279032533,29.594263076782227,100300,0.0,0.0,0.0
2018-09-18 00:00:00-04:00,29.674217438754255,29.807482842753434,29.64756164662146,29.771944046020508,29700,0.0,0.0,0.0
2018-09-19 00:00:00-04:00,29.771947657940764,29.825255859507482,29.647565243451698,29.67422103881836,40900,0.0,0.0,0.0
2018-09-20 00:00:00-04:00,29.75417969256087,29.878562098881467,29.731079134482364,29.8430233001709,19700,0.0,0.0,0.0
2018-09-21 00:00:00-04:00,29.967406594733426,29.967406594733426,29.851907190083846,29.86967658996582,27100,0.0,0.0,0.0
2018-09-24 00:00:00-04:00,29.776875147700895,29.800968296540443,29.640349573575907,29.714412689208984,42600,0.146,0.0,0.0
2018-09-25 00:00:00-04:00,29.82149304350353,29.82149304350353,29.625183903101213,29.6555233001709,17000,0.0,0.0,0.0
2018-09-26 00:00:00-04:00,29.723332914488665,29.723332914488665,29.46098722837141,29.50025177001953,23800,0.0,0.0,0.0
2018-09-27 00:00:00-04:00,29.580565009033666,29.634102312221426,29.419946291573233,29.55379295349121,29300,0.0,0.0,0.0
2018-09-28 00:00:00-04:00,29.455635933955772,29.678717102023732,29.455635933955772,29.598407745361328,28500,0.0,0.0,0.0
2018-10-01 00:00:00-04:00,29.76794962239901,29.76794962239901,29.473480866331688,29.54486846923828,48300,0.0,0.0,0.0
2018-10-02 00:00:00-04:00,29.651950970037944,29.651950970037944,29.491332243068655,29.535947799682617,16500,0.0,0.0,0.0
2018-10-03 00:00:00-04:00,29.57164268837309,29.67872070895359,29.50025847596905,29.527027130126953,41200,0.0,0.0,0.0
2018-10-04 00:00:00-04:00,29.54487055873881,29.54487055873881,29.17901757783895,29.259326934814453,21100,0.0,0.0,0.0
2018-10-05 00:00:00-04:00,29.357487634732436,29.357487634732436,29.01126517246212,29.196868896484375,37000,0.0,0.0,0.0
2018-10-08 00:00:00-04:00,29.179015195170983,29.20578384399414,28.98894893826119,29.20578384399414,36200,0.0,0.0,0.0
2018-10-09 00:00:00-04:00,29.14332494882177,29.187940503618357,29.000553131103516,29.000553131103516,51000,0.0,0.0,0.0
2018-10-10 00:00:00-04:00,28.947013458568726,28.947013458568726,28.203708485693518,28.215309143066406,46900,0.0,0.0,0.0
2018-10-11 00:00:00-04:00,28.224234994130892,28.224234994130892,27.608532056964265,27.644224166870117,62200,0.0,0.0,0.0
2018-10-12 00:00:00-04:00,27.974384455247364,28.03684692258182,27.5665913442573,27.858381271362305,45900,0.0,0.0,0.0
2018-10-15 00:00:00-04:00,27.89406891155343,28.09394876280543,27.831606458037182,27.938684463500977,42100,0.0,0.0,0.0
2018-10-16 00:00:00-04:00,28.02702787139864,28.494606180907216,28.021673460067706,28.48300552368164,25700,0.0,0.0,0.0
2018-10-17 00:00:00-04:00,28.48300892011749,28.48300892011749,28.139463652972186,28.411623001098633,57100,0.0,0.0,0.0
2018-10-18 00:00:00-04:00,28.340232722186798,28.384848276469416,27.91994718871041,28.01899528503418,32000,0.0,0.0,0.0
2018-10-19 00:00:00-04:00,28.11715733617577,28.197466711999706,27.832505479951436,27.867305755615234,23100,0.0,0.0,0.0
2018-10-22 00:00:00-04:00,28.01006937922147,28.01006937922147,27.695079917324655,27.76021957397461,21500,0.0,0.0,0.0
2018-10-23 00:00:00-04:00,27.528216997869393,27.57283255153264,27.0374373977023,27.492523193359375,48800,0.0,0.0,0.0
2018-10-24 00:00:00-04:00,27.554986670150228,27.554986670150228,26.68050885094795,26.707279205322266,50400,0.0,0.0,0.0
2018-10-25 00:00:00-04:00,26.850050559909647,27.125778907887,26.725125645607385,26.93928337097168,187500,0.0,0.0,0.0
2018-10-26 00:00:00-04:00,26.707280531270296,26.902699532574147,26.292349378726986,26.6180477142334,159100,0.0,0.0,0.0
2018-10-29 00:00:00-04:00,26.930359034910737,27.090977749150642,26.2521920758835,26.51096534729004,72900,0.0,0.0,0.0
2018-10-30 00:00:00-04:00,26.510969062911368,27.018702093340334,26.510969062911368,26.966054916381836,55100,0.0,0.0,0.0
2018-10-31 00:00:00-04:00,27.260517881026914,27.43095187871413,27.171286775955508,27.21590232849121,36800,0.0,0.0,0.0
2018-11-01 00:00:00-04:00,27.296214555221503,27.68883792632772,27.28729110338109,27.679914474487305,24800,0.0,0.0,0.0
2018-11-02 00:00:00-04:00,27.813760338660924,27.84053069176683,27.398829226377845,27.590679168701172,24200,0.0,0.0,0.0
2018-11-05 00:00:00-05:00,27.590678128678526,27.79591238883143,27.581754677979593,27.733449935913086,34000,0.0,0.0,0.0
2018-11-06 00:00:00-05:00,27.786990119665187,27.911916732788086,27.725419498606428,27.911916732788086,13700,0.0,0.0,0.0
2018-11-07 00:00:00-05:00,28.126075724849045,28.31346310004726,28.001149106075893,28.27777099609375,39500,0.0,0.0,0.0
2018-11-08 00:00:00-05:00,28.233159657409164,28.295622128903037,28.045772242927544,28.14392852783203,34900,0.0,0.0,0.0
2018-11-09 00:00:00-05:00,27.992225168207085,27.992225168207085,27.733450201383526,27.938684463500977,38100,0.0,0.0,0.0
2018-11-12 00:00:00-05:00,27.929764072944838,27.929764072944838,27.43898613985108,27.474679946899414,37400,0.0,0.0,0.0
2018-11-13 00:00:00-05:00,27.590682136813097,27.679914954791215,27.34797036965013,27.44791030883789,23100,0.0,0.0,0.0
2018-11-14 00:00:00-05:00,27.56390824230076,27.679911401372696,27.10436158637342,27.198055267333984,37000,0.0,0.0,0.0
2018-11-15 00:00:00-05:00,27.08205509198101,27.49252363864882,27.004422938086037,27.412214279174805,24500,0.0,0.0,0.0
2018-11-16 00:00:00-05:00,27.421143560743904,27.679918596730896,27.403296654405217,27.581762313842773,17300,0.0,0.0,0.0
2018-11-19 00:00:00-05:00,27.554984068298776,27.554984068298776,27.13559210121451,27.224824905395508,60900,0.0,0.0,0.0
2018-11-20 00:00:00-05:00,26.912516395258415,27.0552882300894,26.689435190588185,26.734050750732422,192100,0.0,0.0,0.0
2018-11-21 00:00:00-05:00,26.912511866756184,27.12666958296687,26.90805099228219,26.98746681213379,42400,0.0,0.0,0.0
2018-11-23 00:00:00-05:00,26.76974120015125,27.010669279426445,26.760817748847614,26.93928337097168,12500,0.0,0.0,0.0
2018-11-26 00:00:00-05:00,27.117752221189598,27.215908501400296,27.028521095879455,27.16504669189453,28900,0.0,0.0,0.0
2018-11-27 00:00:00-05:00,27.082054138183594,27.15344004387145,27.019591683453502,27.082054138183594,216400,0.0,0.0,0.0
2018-11-28 00:00:00-05:00,27.215903753943273,27.5996036529541,27.037438130504736,27.5996036529541,24700,0.0,0.0,0.0
2018-11-29 00:00:00-05:00,27.510378191211796,27.653150047317403,27.38545324261308,27.546072006225586,40300,0.0,0.0,0.0
2018-11-30 00:00:00-05:00,27.581756417129146,27.742375135889283,27.538924531863206,27.715604782104492,26400,0.0,0.0,0.0
2018-12-03 00:00:00-05:00,28.081460844768113,28.085031587242668,27.849456192518957,28.04576873779297,30200,0.0,0.0,0.0
2018-12-04 00:00:00-05:00,28.045766668983163,28.045766668983163,27.178426918390862,27.23375129699707,41900,0.0,0.0,0.0
2018-12-06 00:00:00-05:00,26.90359052747827,27.117748260498047,26.466351609816094,27.117748260498047,59700,0.0,0.0,0.0
2018-12-07 00:00:00-05:00,27.117739557810566,27.237311728811058,26.51988210675576,26.63588523864746,33200,0.0,0.0,0.0
2018-12-10 00:00:00-05:00,26.591275628475284,26.609122531116412,26.118344622305607,26.48419761657715,27800,0.0,0.0,0.0
2018-12-11 00:00:00-05:00,26.814357962476507,26.903590777557795,26.38604249245559,26.5288143157959,41500,0.0,0.0,0.0
2018-12-12 00:00:00-05:00,26.751886668565337,26.921428791036533,26.63588523864746,26.63588523864746,48600,0.0,0.0,0.0
2018-12-13 00:00:00-05:00,26.71620812187642,26.751008398299774,26.421740971419776,26.519895553588867,41200,0.0,0.0,0.0
2018-12-14 00:00:00-05:00,26.350350476464605,26.478844437114425,26.085329236036166,26.1112060546875,34900,0.0,0.0,0.0
2018-12-17 00:00:00-05:00,26.038037770109483,26.10942368557483,25.386641078741363,25.49371910095215,74500,0.0,0.0,0.0
2018-12-18 00:00:00-05:00,25.636490931882847,25.7507087370223,25.30633171109604,25.49371910095215,46400,0.0,0.0,0.0
2018-12-19 00:00:00-05:00,25.529409879783376,25.730181573094175,24.93155227047576,25.145709991455078,2682800,0.0,0.0,0.0
2018-12-20 00:00:00-05:00,24.97616952408921,25.02078678273066,24.40508222927376,24.637086868286133,112800,0.0,0.0,0.0
2018-12-21 00:00:00-05:00,24.71739191564966,24.976165162684843,24.128457820218866,24.2801513671875,193500,0.0,0.0,0.0
2018-12-24 00:00:00-05:00,24.073932939038187,24.172558688082916,23.589763641357422,23.589763641357422,140200,0.13,0.0,0.0
2018-12-26 00:00:00-05:00,23.679430478294073,24.61190414428711,23.544939544584118,24.61190414428711,270800,0.0,0.0,0.0
2018-12-27 00:00:00-05:00,24.351888281395016,24.746396525479053,24.038074944286013,24.736534118652344,204400,0.0,0.0,0.0
2018-12-28 00:00:00-05:00,24.925714295667834,25.11400295996989,24.701562182540805,24.782257080078125,147900,0.0,0.0,0.0
2018-12-31 00:00:00-05:00,24.95261472270705,25.015377044677734,24.719496305283776,25.015377044677734,67500,0.0,0.0,0.0
2019-01-02 00:00:00-05:00,24.710526401790876,25.105034566679226,24.620865222023784,25.02433967590332,4775100,0.0,0.0,0.0
2019-01-03 00:00:00-05:00,24.961581502223535,24.979514083179474,24.540176110629215,24.656734466552734,249700,0.0,0.0,0.0
2019-01-04 00:00:00-05:00,24.916752997320653,25.526445388793945,24.916752997320653,25.526445388793945,27600,0.0,0.0,0.0
2019-01-07 00:00:00-05:00,25.58920850374669,26.0375127728931,25.517478178943996,25.849224090576172,62600,0.0,0.0,0.0
2019-01-08 00:00:00-05:00,26.04647977366372,26.17200614358764,25.894056239584497,26.14510726928711,26900,0.0,0.0,0.0
2019-01-09 00:00:00-05:00,26.24372535988835,26.449944858520073,26.198893918787142,26.405115127563477,37300,0.0,0.0,0.0
2019-01-10 00:00:00-05:00,26.198899896641183,26.566509246826172,26.189933606375085,26.566509246826172,38600,0.0,0.0,0.0
2019-01-11 00:00:00-05:00,26.485808921274888,26.59609101257001,26.406010156500393,26.593400955200195,49400,0.0,0.0,0.0
2019-01-14 00:00:00-05:00,26.396149114872696,26.494774866035605,26.396149114872696,26.4320125579834,19200,0.0,0.0,0.0
2019-01-15 00:00:00-05:00,26.4678804541444,26.611337661743164,26.458018049020517,26.611337661743164,22500,0.0,0.0,0.0
2019-01-16 00:00:00-05:00,26.6382379333018,26.754797996942017,26.6382379333018,26.692035675048828,49900,0.0,0.0,0.0
2019-01-17 00:00:00-05:00,26.58443857977662,27.004051678186613,26.58443857977662,26.86238670349121,24600,0.0,0.0,0.0
2019-01-18 00:00:00-05:00,27.06860743433863,27.34655555292123,27.0506748563282,27.337589263916016,19700,0.0,0.0,0.0
2019-01-22 00:00:00-05:00,27.230005765139083,27.230005765139083,26.759284850376336,26.880327224731445,81700,0.0,0.0,0.0
2019-01-23 00:00:00-05:00,26.98791304173715,27.045295240256305,26.620303736459686,26.86238670349121,27700,0.0,0.0,0.0
2019-01-24 00:00:00-05:00,26.862388961059008,27.014812469482422,26.853424381279634,27.014812469482422,45900,0.0,0.0,0.0
2019-01-25 00:00:00-05:00,27.131372179505902,27.319659135060686,27.131372179505902,27.2479305267334,16800,0.0,0.0,0.0
2019-01-28 00:00:00-05:00,27.04170994505841,27.17620086669922,26.996880207893092,27.17620086669922,52300,0.0,0.0,0.0
2019-01-29 00:00:00-05:00,27.212060770152604,27.29275564958463,27.167229331498966,27.203094482421875,100800,0.0,0.0,0.0
2019-01-30 00:00:00-05:00,27.3465595568529,27.578781858697802,27.185169751418762,27.481050491333008,54300,0.0,0.0,0.0
2019-01-31 00:00:00-05:00,27.5169154491524,27.741067575010266,27.490016578397253,27.723134994506836,27300,0.0,0.0,0.0
2019-02-01 00:00:00-05:00,27.741067183977965,27.8665918254426,27.71416831360198,27.821762084960938,33800,0.0,0.0,0.0
2019-02-04 00:00:00-05:00,27.82176316136589,28.027982711791992,27.73927431510842,28.027982711791992,2903400,0.0,0.0,0.0
2019-02-05 00:00:00-05:00,28.05487807829249,28.126606682964162,27.99211405282805,28.04591178894043,18700,0.0,0.0,0.0
2019-02-06 00:00:00-05:00,28.001080185809617,28.117640236590677,27.956250449444482,28.036945343017578,39600,0.0,0.0,0.0
2019-02-07 00:00:00-05:00,27.84865564810509,27.88452080397386,27.561741241733962,27.71416473388672,74300,0.0,0.0,0.0
2019-02-08 00:00:00-05:00,27.633469311608785,27.80382537841797,27.525877266362258,27.80382537841797,57300,0.0,0.0,0.0
2019-02-11 00:00:00-05:00,27.84866056116789,27.938321756513094,27.799346818220776,27.92038917541504,27200,0.0,0.0,0.0
2019-02-12 00:00:00-05:00,28.090738828522024,28.313994794562202,28.090738828522024,28.25212860107422,45200,0.0,0.0,0.0
2019-02-13 00:00:00-05:00,28.350754061171145,28.440413519458755,28.303232564511035,28.37765121459961,36600,0.0,0.0,0.0
2019-02-14 00:00:00-05:00,28.234197668462613,28.458349763363216,28.225231379449216,28.368688583374023,50000,0.0,0.0,0.0
2019-02-15 00:00:00-05:00,28.512147830360597,28.628707885742188,28.512147830360597,28.628707885742188,20400,0.0,0.0,0.0
2019-02-19 00:00:00-05:00,28.592840444889262,28.79905996007983,28.522009669507682,28.727333068847656,28800,0.0,0.0,0.0
2019-02-20 00:00:00-05:00,28.74527256929915,28.85286464220299,28.727339987100123,28.808034896850586,27700,0.0,0.0,0.0
2019-02-21 00:00:00-05:00,28.781132803791447,28.781132803791447,28.619744702900746,28.70940589904785,53800,0.0,0.0,0.0
2019-02-22 00:00:00-05:00,28.745268721822207,28.861825360079603,28.745268721822207,28.81699562072754,22100,0.0,0.0,0.0
2019-02-25 00:00:00-05:00,28.960449280676613,29.005279014520788,28.843889236450195,28.843889236450195,35500,0.0,0.0,0.0
2019-02-26 00:00:00-05:00,28.84658689639925,28.852863128825195,28.70940589904785,28.70940589904785,28800,0.0,0.0,0.0
2019-02-27 00:00:00-05:00,28.655611788821968,28.82596962223352,28.628714623668813,28.7784481048584,23000,0.0,0.0,0.0
2019-02-28 00:00:00-05:00,28.75423650776125,28.75423650776125,28.619745564563967,28.637678146362305,10900,0.0,0.0,0.0
2019-03-01 00:00:00-05:00,28.79905822733099,28.915618266395914,28.73719203446716,28.87975311279297,62200,0.0,0.0,0.0
2019-03-04 00:00:00-05:00,29.014246103480282,29.014246103480282,28.512144207420523,28.781126022338867,58000,0.0,0.0,0.0
2019-03-05 00:00:00-05:00,28.79906698779905,28.79906698779905,28.649333517262676,28.69147491455078,27500,0.0,0.0,0.0
2019-03-06 00:00:00-05:00,28.691468147277217,28.691468147277217,28.350757715491998,28.368688583374023,105300,0.0,0.0,0.0
2019-03-07 00:00:00-05:00,28.35972293953398,28.35972293953398,28.054877656867227,28.15350341796875,30900,0.0,0.0,0.0
2019-03-08 00:00:00-05:00,27.956253787855083,28.027982400691698,27.84866001352765,28.01004981994629,19000,0.0,0.0,0.0
2019-03-11 00:00:00-04:00,28.072814008890507,28.395593643188477,28.072814008890507,28.395593643188477,26800,0.0,0.0,0.0
2019-03-12 00:00:00-04:00,28.476284454871816,28.55697935183671,28.458351875514083,28.512147903442383,46400,0.0,0.0,0.0
2019-03-13 00:00:00-04:00,28.646637511631056,28.79905928963196,28.637671222899584,28.70043182373047,24000,0.0,0.0,0.0
2019-03-14 00:00:00-04:00,28.69146827144758,28.70491684995349,28.601807091070352,28.633188247680664,17600,0.0,0.0,0.0
2019-03-15 00:00:00-04:00,28.709404614478498,28.816996676924884,28.673539453566374,28.745269775390625,41000,0.0,0.0,0.0
2019-03-18 00:00:00-04:00,28.766831559889447,28.901635335426736,28.741670268231957,28.8836612701416,65500,0.074,0.0,0.0
2019-03-19 00:00:00-04:00,29.02655051456117,29.027448703543676,28.739870531838896,28.793792724609375,33300,0.0,0.0,0.0
2019-03-20 00:00:00-04:00,28.78480938432464,28.89265379011937,28.533179293876007,28.694942474365234,25900,0.0,0.0,0.0
2019-03-21 00:00:00-04:00,28.60507376491613,29.099350338724587,28.60507376491613,29.071489334106445,30200,0.0,0.0,0.0
2019-03-22 00:00:00-04:00,28.92050464782944,28.92050464782944,28.44330406188965,28.44330406188965,47700,0.0,0.0,0.0
2019-03-25 00:00:00-04:00,28.425329998432915,28.515198601615555,28.236607474440305,28.44330406188965,61400,0.0,0.0,0.0
2019-03-26 00:00:00-04:00,28.596086816488164,28.802783451957094,28.524192260059777,28.694942474365234,28100,0.0,0.0,0.0
2019-03-27 00:00:00-04:00,28.72190281820818,28.72190281820818,28.4253375488022,28.570924758911133,18700,0.0,0.0,0.0
2019-03-28 00:00:00-04:00,28.632032523957072,28.74796233638393,28.54216390751646,28.730886459350586,36700,0.0,0.0,0.0
2019-03-29 00:00:00-04:00,28.91062355041504,28.919612298059363,28.80817513904852,28.91062355041504,34700,0.0,0.0,0.0
2019-04-01 00:00:00-04:00,29.09934577476949,29.252120182923804,29.058903272009495,29.234146118164062,2827100,0.0,0.0,0.0
2019-04-02 00:00:00-04:00,29.16225814819336,29.227860238708992,29.07238780941476,29.16225814819336,47800,0.0,0.0,0.0
2019-04-03 00:00:00-04:00,29.25211898970759,29.333000563726042,29.144278033750386,29.198200225830078,39900,0.0,0.0,0.0
2019-04-04 00:00:00-04:00,29.26111608706685,29.315034866333008,29.171245741284654,29.315034866333008,63200,0.0,0.0,0.0
2019-04-05 00:00:00-04:00,29.38692167590131,29.571149826049805,29.38692167590131,29.571149826049805,19000,0.0,0.0,0.0
2019-04-08 00:00:00-04:00,29.56666853993259,29.5936279296875,29.458824124506606,29.5936279296875,53500,0.0,0.0,0.0
2019-04-09 00:00:00-04:00,29.46781274006116,29.46781274006116,29.306049545856364,29.315034866333008,125800,0.0,0.0,0.0
2019-04-10 00:00:00-04:00,29.413883338308384,29.52172429866725,29.37793520878799,29.503753662109375,101000,0.0,0.0,0.0
2019-04-11 00:00:00-04:00,29.566670930334208,29.575656251577897,29.431867114254715,29.51274871826172,50100,0.0,0.0,0.0
2019-04-12 00:00:00-04:00,29.76436594784147,29.78234001074004,29.64753968130371,29.755380630493164,24700,0.0,0.0,0.0
2019-04-15 00:00:00-04:00,29.80032778841709,29.80032778841709,29.683498039909697,29.719446182250977,26800,0.0,0.0,0.0
2019-04-16 00:00:00-04:00,29.80929760175857,29.80929760175857,29.668206530186474,29.710445404052734,36600,0.0,0.0,0.0
2019-04-17 00:00:00-04:00,29.818293557717837,29.818293557717837,29.460618897153765,29.521726608276367,32000,0.0,0.0,0.0
2019-04-18 00:00:00-04:00,29.5711558084993,29.5711558084993,29.449835141486968,29.548690795898438,26400,0.0,0.0,0.0
2019-04-22 00:00:00-04:00,29.53970303361949,29.58463648852275,29.485784259016718,29.575651168823242,43100,0.0,0.0,0.0
2019-04-23 00:00:00-04:00,29.575650878466014,29.84525503344162,29.575650878466014,29.800321578979492,44200,0.0,0.0,0.0
2019-04-24 00:00:00-04:00,29.827282088966303,29.872218973323065,29.764374564710387,29.7823486328125,17300,0.0,0.0,0.0
2019-04-25 00:00:00-04:00,29.656534789612955,29.656534789612955,29.479495525326428,29.56037712097168,18900,0.0,0.0,0.0
2019-04-26 00:00:00-04:00,29.548688750236895,29.728425979614258,29.548688750236895,29.728425979614258,121700,0.0,0.0,0.0
2019-04-29 00:00:00-04:00,29.728418836886764,29.782337593003376,29.701456030626776,29.723026275634766,29700,0.0,0.0,0.0
2019-04-30 00:00:00-04:00,29.7463918849429,29.755380630493164,29.575643429709427,29.755380630493164,29700,0.0,0.0,0.0
2019-05-01 00:00:00-04:00,29.725728926738284,29.74639756032417,29.422874651030142,29.431859970092773,35800,0.0,0.0,0.0
2019-05-02 00:00:00-04:00,29.35996778723049,29.431864062539066,29.127209938094712,29.341997146606445,44800,0.0,0.0,0.0
2019-05-03 00:00:00-04:00,29.485790113439737,29.719446182250977,29.485790113439737,29.719446182250977,15300,0.0,0.0,0.0
2019-05-06 00:00:00-04:00,29.279089178076713,29.64844720216377,29.198207583676385,29.611600875854492,37000,0.0,0.0,0.0
2019-05-07 00:00:00-04:00,29.386931565020554,29.386931565020554,29.048129098473773,29.180234909057617,26500,0.0,0.0,0.0
2019-05-08 00:00:00-04:00,29.153263547829287,29.25211918653948,29.063396655293946,29.0723819732666,17600,0.0,0.0,0.0
2019-05-09 00:00:00-04:00,28.847712807498432,29.0633981602348,28.66797729901971,29.054412841796875,34000,0.0,0.0,0.0
2019-05-10 00:00:00-04:00,28.964546831083332,29.191013914040198,28.658994535641874,29.16225814819336,16000,0.0,0.0,0.0
2019-05-13 00:00:00-04:00,28.694943900838105,28.694943900838105,28.317497032300214,28.452299118041992,45800,0.0,0.0,0.0
2019-05-14 00:00:00-04:00,28.5331781794307,28.84771578020632,28.5331781794307,28.712915420532227,20100,0.0,0.0,0.0
2019-05-15 00:00:00-04:00,28.578110124667962,28.90163645593858,28.56822490260825,28.86568832397461,168500,0.0,0.0,0.0
2019-05-16 00:00:00-04:00,28.910622418408103,29.2071893714089,28.910622418408103,29.063400268554688,45100,0.0,0.0,0.0
2019-05-17 00:00:00-04:00,28.856705182059077,29.073288751048302,28.76683484536926,28.77582359313965,51000,0.0,0.0,0.0
2019-05-20 00:00:00-04:00,28.658988684945026,28.757844323318785,28.56912179271553,28.60506820678711,24600,0.0,0.0,0.0
2019-05-21 00:00:00-04:00,28.84412497720358,28.95556214279764,28.84412497720358,28.901639938354492,12100,0.0,0.0,0.0
2019-05-22 00:00:00-04:00,28.80278232698162,28.80278232698162,28.650006186275736,28.712915420532227,14500,0.0,0.0,0.0
2019-05-23 00:00:00-04:00,28.45229332431114,28.479254421610023,28.146741077995134,28.26357078552246,36700,0.0,0.0,0.0
2019-05-24 00:00:00-04:00,28.416350213669023,28.416350213669023,28.25458703926405,28.29952049255371,56400,0.0,0.0,0.0
2019-05-28 00:00:00-04:00,28.34445029707962,28.380396710089897,28.029911041259766,28.029911041259766,23100,0.0,0.0,0.0
2019-05-29 00:00:00-04:00,27.89511174593767,27.89511174593767,27.64347997362646,27.82321548461914,48800,0.0,0.0,0.0
2019-05-30 00:00:00-04:00,27.886131768191063,28.00295979418759,27.69740746268695,27.80525016784668,35900,0.0,0.0,0.0
2019-05-31 00:00:00-04:00,27.6165205267394,27.6165205267394,27.40982390539451,27.490705490112305,30400,0.0,0.0,0.0
2019-06-03 00:00:00-04:00,27.55361155726549,27.724361750910337,27.523955891951537,27.688413619995117,7400,0.0,0.0,0.0
2019-06-04 00:00:00-04:00,27.91308662349769,28.29952049255371,27.91308662349769,28.29952049255371,30000,0.0,0.0,0.0
2019-06-05 00:00:00-04:00,28.39837745019787,28.425336837768555,28.200666132805125,28.425336837768555,10400,0.0,0.0,0.0
2019-06-06 00:00:00-04:00,28.452297381890155,28.5906939300719,28.371415792560157,28.55834197998047,24000,0.0,0.0,0.0
2019-06-07 00:00:00-04:00,28.68595053801567,28.820752594018053,28.676963505735362,28.720998764038086,13600,0.0,0.0,0.0
2019-06-10 00:00:00-04:00,28.820757247474326,28.965444548116206,28.784809112548828,28.784809112548828,47500,0.0,0.0,0.0
2019-06-11 00:00:00-04:00,28.964546891428505,28.982520959221674,28.71291679872996,28.748863220214844,31500,0.0,0.0,0.0
2019-06-12 00:00:00-04:00,28.694939385289423,28.721898769734434,28.65000422104566,28.667978286743164,20000,0.0,0.0,0.0
2019-06-13 00:00:00-04:00,28.793795488249224,28.870182697520743,28.748860323294263,28.86568832397461,28500,0.0,0.0,0.0
2019-06-14 00:00:00-04:00,28.82075639391205,28.84771578020632,28.66798025320616,28.712915420532227,23000,0.0,0.0,0.0
2019-06-17 00:00:00-04:00,28.72190073989607,28.8009859487494,28.69044697981851,28.712915420532227,13900,0.0,0.0,0.0
2019-06-18 00:00:00-04:00,28.892655127340056,29.162259297899066,28.892655127340056,29.00948143005371,29500,0.0,0.0,0.0
2019-06-19 00:00:00-04:00,29.000496569098054,29.165852516463257,28.97443536928319,29.138893127441406,42700,0.0,0.0,0.0
2019-06-20 00:00:00-04:00,29.422878603182646,29.467812060936616,29.19820788620973,29.386930465698242,27500,0.0,0.0,0.0
2019-06-21 00:00:00-04:00,29.29256393278482,29.359962393250367,29.225162044116807,29.30604362487793,29800,0.0,0.0,0.0
2019-06-24 00:00:00-04:00,29.32499899582144,29.36109212836517,29.135515213012695,29.135515213012695,65200,0.131,0.0,0.0
2019-06-25 00:00:00-04:00,29.162577917907118,29.162577917907118,28.955047607421875,28.955047607421875,30200,0.0,0.0,0.0
2019-06-26 00:00:00-04:00,29.054304101250807,29.07235066548253,28.92707633972168,28.92707633972168,21300,0.0,0.0,0.0
2019-06-27 00:00:00-04:00,28.98212112071712,29.144536775133346,28.98212112071712,29.135515213012695,52300,0.0,0.0,0.0
2019-06-28 00:00:00-04:00,29.198673524793897,29.442296981811523,29.198673524793897,29.442296981811523,43500,0.0,0.0,0.0
2019-07-01 00:00:00-04:00,29.74005555679522,29.781562997649402,29.46936398443471,29.588468551635742,52100,0.0,0.0,0.0
2019-07-02 00:00:00-04:00,29.622756928176585,29.622756928176585,29.433269736907576,29.495529174804688,22000,0.0,0.0,0.0
2019-07-03 00:00:00-04:00,29.57764235932446,29.76712957339941,29.550574232469625,29.746374130249023,18600,0.0,0.0,0.0
2019-07-05 00:00:00-04:00,29.604712604405854,29.731035113453604,29.478386653327885,29.718402862548828,33000,0.0,0.0,0.0
2019-07-08 00:00:00-04:00,29.66787258266384,29.721107019745233,29.505456951723538,29.559593200683594,24800,0.0,0.0,0.0
2019-07-09 00:00:00-04:00,29.46034615299471,29.568622107239698,29.397184892849257,29.55508804321289,85600,0.0,0.0,0.0
2019-07-10 00:00:00-04:00,29.676897422085684,29.737353244935445,29.56862147017354,29.640804290771484,40400,0.0,0.0,0.0
2019-07-11 00:00:00-04:00,29.658847329877023,29.658847329877023,29.491017387049038,29.608318328857422,29400,0.0,0.0,0.0
2019-07-12 00:00:00-04:00,29.667875530979273,29.830291178060012,29.649828965522477,29.821266174316406,47200,0.0,0.0,0.0
2019-07-15 00:00:00-04:00,29.839308490610275,29.839308490610275,29.685917869116196,29.71298599243164,33700,0.0,0.0,0.0
2019-07-16 00:00:00-04:00,29.69494052586647,29.794194904394082,29.62365952555685,29.67869758605957,35600,0.0,0.0,0.0
2019-07-17 00:00:00-04:00,29.676891791013208,29.676891791013208,29.424246803813105,29.45131492614746,26900,0.0,0.0,0.0
2019-07-18 00:00:00-04:00,29.3791327196555,29.514476776123047,29.325894843676167,29.514476776123047,9900,0.0,0.0,0.0
2019-07-19 00:00:00-04:00,29.586662421878827,29.6227555463445,29.45131492614746,29.45131492614746,33700,0.0,0.0,0.0
2019-07-22 00:00:00-04:00,29.49643169178454,29.51447825529062,29.40620231628418,29.40620231628418,35700,0.0,0.0,0.0
2019-07-23 00:00:00-04:00,29.55057073450959,29.67689323425293,29.475679046514617,29.67689323425293,26700,0.0,0.0,0.0
2019-07-24 00:00:00-04:00,29.613733967867272,29.911497116088867,29.613733967867272,29.911497116088867,37200,0.0,0.0,0.0
2019-07-25 00:00:00-04:00,29.848333862787428,29.848333862787428,29.640800108031986,29.67689323425293,17700,0.0,0.0,0.0
2019-07-26 00:00:00-04:00,29.722005916365813,29.866374969482422,29.722005916365813,29.866374969482422,23000,0.0,0.0,0.0
2019-07-29 00:00:00-04:00,29.830288067873013,29.830288067873013,29.649825874150956,29.731935501098633,21300,0.0,0.0,0.0
2019-07-30 00:00:00-04:00,29.568619290903406,29.837507247924805,29.550572726576377,29.837507247924805,18000,0.0,0.0,0.0
2019-07-31 00:00:00-04:00,29.86637503165141,29.920514717443982,29.397178189568066,29.62275505065918,45000,0.0,0.0,0.0
2019-08-01 00:00:00-04:00,29.51447701258426,29.71298576076289,29.090394835152495,29.189645767211914,34900,0.0,0.0,0.0
2019-08-02 00:00:00-04:00,29.072342155676804,29.118358643678533,28.720441140223983,28.846763610839844,22800,0.0,0.0,0.0
2019-08-05 00:00:00-04:00,28.431708550981835,28.431708550981835,27.9534849729092,28.079809188842773,45000,0.0,0.0,0.0
2019-08-06 00:00:00-04:00,28.260273363721797,28.323434619481212,27.964317273587653,28.269296646118164,43100,0.0,0.0,0.0
2019-08-07 00:00:00-04:00,28.034692536524616,28.385690083763823,27.8632536370589,28.35952377319336,54600,0.0,0.0,0.0
2019-08-08 00:00:00-04:00,28.521942837812276,28.882863800586392,28.521942837812276,28.873842239379883,50200,0.0,0.0,0.0
2019-08-09 00:00:00-04:00,28.7926304735542,28.7926304735542,28.503892366102562,28.585100173950195,24800,0.0,0.0,0.0
2019-08-12 00:00:00-04:00,28.45877751952931,28.475018736803033,28.151992851861745,28.214250564575195,31400,0.0,0.0,0.0
2019-08-13 00:00:00-04:00,28.206136418355022,28.747521334762155,28.206136418355022,28.530967712402344,19500,0.0,0.0,0.0
2019-08-14 00:00:00-04:00,28.142972387571476,28.142972387571476,27.698134747034153,27.700841903686523,116600,0.0,0.0,0.0
2019-08-15 00:00:00-04:00,27.79106897990991,27.79106897990991,27.538423993465663,27.691816329956055,47200,0.0,0.0,0.0
2019-08-16 00:00:00-04:00,27.83618693203992,28.179063027414976,27.83618693203992,28.1610164642334,63100,0.0,0.0,0.0
2019-08-19 00:00:00-04:00,28.433513512812468,28.548107296464014,28.413663325823855,28.494871139526367,15600,0.0,0.0,0.0
2019-08-20 00:00:00-04:00,28.44073518318132,28.44073518318132,28.260272979736328,28.260272979736328,57100,0.0,0.0,0.0
2019-08-21 00:00:00-04:00,28.44975187253201,28.544493732928423,28.43441246832287,28.47681999206543,71600,0.0,0.0,0.0
2019-08-22 00:00:00-04:00,28.521941540359332,28.61036729268759,28.350502627977477,28.45878028869629,16400,0.0,0.0,0.0
2019-08-23 00:00:00-04:00,28.341479643028272,28.377572770650943,27.668357957797905,27.754980087280273,36800,0.0,0.0,0.0
2019-08-26 00:00:00-04:00,27.989577257215096,28.04371522183804,27.809115080452145,27.91739273071289,50100,0.0,0.0,0.0
2019-08-27 00:00:00-04:00,28.07980827243546,28.07980827243546,27.700839079032548,27.77302360534668,31600,0.0,0.0,0.0
2019-08-28 00:00:00-04:00,27.73693606470697,28.013945509443715,27.73693606470697,27.962512969970703,40400,0.0,0.0,0.0
2019-08-29 00:00:00-04:00,28.22418027918498,28.404640753351018,28.22418027918498,28.368549346923828,41600,0.0,0.0,0.0
2019-08-30 00:00:00-04:00,28.530967107257137,28.558035233843494,28.305390206956613,28.42268943786621,37500,0.0,0.0,0.0
2019-09-03 00:00:00-04:00,28.242224294163364,28.251247575759464,28.070787106882392,28.206132888793945,46700,0.0,0.0,0.0
2019-09-04 00:00:00-04:00,28.512917917322454,28.558032604823286,28.413663539602613,28.549009323120117,35300,0.0,0.0,0.0
2019-09-05 00:00:00-04:00,28.810676243792923,28.97309185502493,28.810676243792923,28.90090560913086,24300,0.0,0.0,0.0
2019-09-06 00:00:00-04:00,28.964072389805843,29.000165519652143,28.891889572143555,28.891889572143555,27600,0.0,0.0,0.0
2019-09-09 00:00:00-04:00,28.98211616129754,29.081370537793113,28.952342601972855,29.063323974609375,19700,0.0,0.0,0.0
2019-09-10 00:00:00-04:00,29.027225990920023,29.22573471069336,28.946021633226643,29.22573471069336,12300,0.0,0.0,0.0
2019-09-11 00:00:00-04:00,29.31597319630321,29.55959320068359,29.31597319630321,29.559593200683594,32500,0.0,0.0,0.0
2019-09-12 00:00:00-04:00,29.568620571226187,29.587568948285504,29.416131742800786,29.518993377685547,12000,0.0,0.0,0.0
2019-09-13 00:00:00-04:00,29.604710693251988,29.63177881714904,29.505456316256133,29.516284942626953,29800,0.0,0.0,0.0
2019-09-16 00:00:00-04:00,29.577635781935896,29.74005139100813,29.577635781935896,29.715688705444336,18700,0.0,0.0,0.0
2019-09-17 00:00:00-04:00,29.685920277009544,29.685920277009544,29.532526201043396,29.615537643432617,14300,0.0,0.0,0.0
2019-09-18 00:00:00-04:00,29.577633064765372,29.577633064765372,29.28889499561311,29.53251838684082,16400,0.0,0.0,0.0
2019-09-19 00:00:00-04:00,29.577637251931485,29.613730376192375,29.451314759048156,29.496429443359375,21900,0.0,0.0,0.0
2019-09-20 00:00:00-04:00,29.49643380324149,29.57132549823921,29.379136295100473,29.415225982666016,24400,0.0,0.0,0.0
2019-09-23 00:00:00-04:00,29.328187914680797,29.46417781100134,29.23753028937825,29.40071678161621,54300,0.154,0.0,0.0
2019-09-24 00:00:00-04:00,29.455118402110053,29.455118402110053,28.99819545506869,29.06890869140625,17100,0.0,0.0,0.0
2019-09-25 00:00:00-04:00,29.0108765594719,29.264720622690163,28.98821215799641,29.237524032592773,36400,0.0,0.0,0.0
2019-09-26 00:00:00-04:00,29.219397949347965,29.219397949347965,28.983684320352584,29.09247589111328,21200,0.0,0.0,0.0
2019-09-27 00:00:00-04:00,29.101540683815383,29.1468729552863,28.874894889111207,28.94742202758789,26900,0.0,0.0,0.0
2019-09-30 00:00:00-04:00,28.992749484543502,29.101539322578144,28.959206786921417,29.074342727661133,33100,0.0,0.0,0.0
2019-10-01 00:00:00-04:00,29.119676186908308,29.20126944305036,28.557591232578144,28.61198616027832,32900,0.0,0.0,0.0
2019-10-02 00:00:00-04:00,28.430668768555684,28.430668768555684,28.022702493436867,28.068031311035156,37300,0.0,0.0,0.0
2019-10-03 00:00:00-04:00,28.058961270465215,28.277448755572003,27.78245104301944,28.27654266357422,32100,0.0,0.0,0.0
2019-10-04 00:00:00-04:00,28.358140597838084,28.60291862487793,28.312810052694786,28.60291862487793,12800,0.0,0.0,0.0
2019-10-07 00:00:00-04:00,28.5575888012739,28.648248159178124,28.44879722595215,28.44879722595215,167200,0.0,0.0,0.0
2019-10-08 00:00:00-04:00,28.258411750260617,28.258411750260617,27.92297267302586,27.941104888916016,14500,0.0,0.0,0.0
2019-10-09 00:00:00-04:00,28.095226046917432,28.21942982711738,28.018166721016247,28.135116577148438,68400,0.0,0.0,0.0
2019-10-10 00:00:00-04:00,28.131494800339187,28.32459791996598,28.131494800339187,28.263856887817383,29100,0.0,0.0,0.0
2019-10-11 00:00:00-04:00,28.503194673915722,28.873990403293437,28.503194673915722,28.675445556640625,39700,0.0,0.0,0.0
2019-10-14 00:00:00-04:00,28.64824819760451,28.64824819760451,28.475995590273783,28.586599349975586,19500,0.0,0.0,0.0
2019-10-15 00:00:00-04:00,28.675448190442044,28.87943133786077,28.64825159024197,28.7661075592041,14900,0.0,0.0,0.0
2019-10-16 00:00:00-04:00,28.7026429214021,28.83047280554089,28.666380215953676,28.69357681274414,37500,0.0,0.0,0.0
2019-10-17 00:00:00-04:00,28.775170125332732,28.883961700286235,28.775170125332732,28.829565048217773,26600,0.0,0.0,0.0
2019-10-18 00:00:00-04:00,28.810530286768948,28.81143810817695,28.65912988448527,28.7661075592041,30800,0.0,0.0,0.0
2019-10-21 00:00:00-04:00,28.91115930437558,29.00181866513142,28.883962706577268,28.983686447143555,104200,0.0,0.0,0.0
2019-10-22 00:00:00-04:00,29.019948191450133,29.146873713155525,28.947422780271044,29.00181770324707,11000,0.0,0.0,0.0
2019-10-23 00:00:00-04:00,28.97461906812714,29.110608967891896,28.97461906812714,29.07525062561035,15200,0.0,0.0,0.0
2019-10-24 00:00:00-04:00,29.074349270620996,29.12965202331543,28.98278380681547,29.12965202331543,13500,0.0,0.0,0.0
2019-10-25 00:00:00-04:00,29.047149804822926,29.291929565120352,29.047149804822926,29.246597290039062,21500,0.0,0.0,0.0
2019-10-28 00:00:00-04:00,29.35539438524177,29.464184251056622,29.31006556268287,29.319129943847656,32500,0.0,0.0,0.0
2019-10-29 00:00:00-04:00,29.219390941251415,29.464170619866522,29.183126516634537,29.393457412719727,26400,0.0,0.0,0.0
2019-10-30 00:00:00-04:00,29.343603032637816,29.346321308991946,29.25566368005159,29.34450912475586,10100,0.0,0.0,0.0
2019-10-31 00:00:00-04:00,29.30099528584267,29.30099528584267,29.056215514344853,29.19220542907715,52100,0.0,0.0,0.0
2019-11-01 00:00:00-04:00,29.427917989632874,29.59110450744629,29.427917989632874,29.59110450744629,19700,0.0,0.0,0.0
2019-11-04 00:00:00-05:00,29.745228255494325,29.85401812047231,29.745228255494325,29.8367919921875,37200,0.0,0.0,0.0
2019-11-05 00:00:00-05:00,29.89934615068419,29.962807191770967,29.82047462463379,29.82047462463379,22400,0.0,0.0,0.0
2019-11-06 00:00:00-05:00,29.82681713143296,29.82681713143296,29.654562790657558,29.677228927612305,16800,0.0,0.0,0.0
2019-11-07 00:00:00-05:00,29.808687705987936,29.917477565154755,29.69989438845385,29.728906631469727,18400,0.0,0.0,0.0
2019-11-08 00:00:00-05:00,29.681761621385128,29.854012496682905,29.645497187101345,29.835880279541016,31100,0.0,0.0,0.0
2019-11-11 00:00:00-05:00,29.71802547427365,29.790554349862663,29.690828875111336,29.78148651123047,20000,0.0,0.0,0.0
2019-11-12 00:00:00-05:00,29.790551480593326,29.917473542282504,29.7415948401227,29.79961585998535,34400,0.0,0.0,0.0
2019-11-13 00:00:00-05:00,29.71802547427365,29.81865704121477,29.682670587036068,29.78148651123047,18500,0.0,0.0,0.0
2019-11-14 00:00:00-05:00,29.73614832443289,29.82680939035528,29.73614832443289,29.783292770385742,14500,0.0,0.0,0.0
2019-11-15 00:00:00-05:00,29.955553523758766,30.017202377319336,29.863080243417908,30.017202377319336,14800,0.0,0.0,0.0
2019-11-18 00:00:00-05:00,29.97187331116319,29.97187331116319,29.902066169973377,29.917476654052734,22000,0.0,0.0,0.0
2019-11-19 00:00:00-05:00,29.8630775542329,29.952832549878536,29.790552142385145,29.89571762084961,14800,0.0,0.0,0.0
2019-11-20 00:00:00-05:00,29.817754062948847,29.974594487340454,29.744319087501086,29.863082885742188,7500,0.0,0.0,0.0
2019-11-21 00:00:00-05:00,29.863079900684678,29.87214773935744,29.75429004518159,29.813217163085938,13600,0.0,0.0,0.0
2019-11-22 00:00:00-05:00,29.863073037743543,29.927443610752036,29.790547636864527,29.908405303955078,15500,0.0,0.0,0.0
2019-11-25 00:00:00-05:00,29.962794220511366,30.171309473580155,29.962794220511366,30.15317726135254,190700,0.0,0.0,0.0
2019-11-26 00:00:00-05:00,30.125984182769077,30.216645254471874,30.125984182769077,30.162248611450195,39500,0.0,0.0,0.0
2019-11-27 00:00:00-05:00,30.252914239567584,30.32997703552246,30.171320982602033,30.32997703552246,25000,0.0,0.0,0.0
2019-11-29 00:00:00-05:00,30.28917611145775,30.28917611145775,30.13505744934082,30.13505744934082,19500,0.0,0.0,0.0
2019-12-02 00:00:00-05:00,30.125984964958484,30.125984964958484,29.908405303955078,29.908405303955078,35200,0.0,0.0,0.0
2019-12-03 00:00:00-05:00,29.690828793466313,29.752477645874023,29.563906719901684,29.752477645874023,24200,0.0,0.0,0.0
2019-12-04 00:00:00-05:00,29.863075368603212,30.08065850495568,29.863075368603212,29.967334747314453,29900,0.0,0.0,0.0
2019-12-05 00:00:00-05:00,29.980943705602105,29.990011546123082,29.88121821007849,29.944679260253906,33800,0.0,0.0,0.0
2019-12-06 00:00:00-05:00,30.107861749585304,30.30731271376093,30.107861749585304,30.225719451904297,24900,0.0,0.0,0.0
2019-12-09 00:00:00-05:00,30.207577811555492,30.27103883339086,30.180381218873567,30.188539505004883,19800,0.0,0.0,0.0
2019-12-10 00:00:00-05:00,30.198518531664615,30.207582911300097,30.130523580114353,30.13142967224121,49800,0.0,0.0,0.0
2019-12-11 00:00:00-05:00,30.198520507241344,30.216652726065412,30.12599163194508,30.196704864501953,27600,0.0,0.0,0.0
2019-12-12 00:00:00-05:00,30.234779181461917,30.55480607549236,30.189450367041122,30.515823364257812,33500,0.0,0.0,0.0
2019-12-13 00:00:00-05:00,30.56114425515543,30.642737483305098,30.343564619000286,30.41609001159668,7900,0.0,0.0,0.0
2019-12-16 00:00:00-05:00,30.552084248340183,30.733402943317135,30.552084248340183,30.61554527282715,58000,0.0,0.0,0.0
2019-12-17 00:00:00-05:00,30.70620411883659,30.724336334895902,30.66994314508457,30.697139739990234,18000,0.0,0.0,0.0
2019-12-18 00:00:00-05:00,30.758794966515758,30.79414985555726,30.688078271698124,30.786897659301758,16000,0.0,0.0,0.0
2019-12-19 00:00:00-05:00,30.80593390818049,30.933762072245045,30.80593390818049,30.896595001220703,15900,0.0,0.0,0.0
2019-12-20 00:00:00-05:00,30.97817924038391,31.11416912636614,30.97817924038391,31.096036911010742,28100,0.0,0.0,0.0
2019-12-23 00:00:00-05:00,31.180832594362208,31.189948266379655,31.06595634608434,31.153478622436523,31600,0.193,0.0,0.0
2019-12-24 00:00:00-05:00,31.153478506329865,31.19815608065253,31.153478506329865,31.16259765625,6000,0.0,0.0,0.0
2019-12-26 00:00:00-05:00,31.180834751460388,31.253770566455703,31.171715600875405,31.19542121887207,11600,0.0,0.0,0.0
2019-12-27 00:00:00-05:00,31.344941050355143,31.344941050355143,31.107891853731683,31.14436149597168,23600,0.0,0.0,0.0
2019-12-30 00:00:00-05:00,31.153472913047736,31.153472913047736,30.998482171599036,31.018539428710938,14500,0.0,0.0,0.0
2019-12-31 00:00:00-05:00,30.99848785258321,31.16259777239064,30.953813756030705,31.153478622436523,23100,0.0,0.0,0.0
2020-01-02 00:00:00-05:00,31.317588542243953,31.317588542243953,30.99848785258321,31.153478622436523,26700,0.0,0.0,0.0
2020-01-03 00:00:00-05:00,30.943770796451396,31.094205408056386,30.943770796451396,31.080530166625977,58200,0.0,0.0,0.0
2020-01-06 00:00:00-05:00,30.92554856469694,31.153478622436523,30.87084757671891,31.153478622436523,53600,0.0,0.0,0.0
2020-01-07 00:00:00-05:00,31.08965367531298,31.17079740325667,31.007598728102167,31.135242462158203,42400,0.0,0.0,0.0
2020-01-08 00:00:00-05:00,31.126115464039085,31.220023193912535,31.034944869212868,31.080530166625977,29800,0.0,0.0,0.0
2020-01-09 00:00:00-05:00,31.18083134087086,31.22641665499888,31.089657234678285,31.199066162109375,24200,0.0,0.0,0.0
2020-01-10 00:00:00-05:00,31.262898626776384,31.27019186256075,31.126139152521294,31.133432388305664,49800,0.0,0.0,0.0
2020-01-13 00:00:00-05:00,31.126124599366417,31.32670414037527,31.126124599366417,31.317584991455078,79800,0.0,0.0,0.0
2020-01-14 00:00:00-05:00,31.290237317168458,31.527286519323578,31.290237317168458,31.444316864013672,21600,0.0,0.0,0.0
2020-01-15 00:00:00-05:00,31.390524437946798,31.632129716572074,31.390524437946798,31.490814208984375,32300,0.0,0.0,0.0
2020-01-16 00:00:00-05:00,31.618453491881827,31.752475762905906,31.618453491881827,31.74609375,15900,0.0,0.0,0.0
2020-01-17 00:00:00-05:00,31.86462701137863,31.86462701137863,31.700517069714692,31.74154281616211,26800,0.0,0.0,0.0
2020-01-21 00:00:00-05:00,31.709626192360705,31.709626192360705,31.545516284598648,31.5728702545166,27400,0.0,0.0,0.0
2020-01-22 00:00:00-05:00,31.64580936797472,31.673163340752787,31.46346462051367,31.472583770751953,48700,0.0,0.0,0.0
2020-01-23 00:00:00-05:00,31.408765948799505,31.518171414175555,31.18083586713614,31.492643356323242,25100,0.0,0.0,0.0
2020-01-24 00:00:00-05:00,31.545519635696216,31.545519635696216,30.9984888703356,31.126129150390625,30100,0.0,0.0,0.0
2020-01-27 00:00:00-05:00,30.6429265953568,30.770566909027924,30.6429265953568,30.661161422729492,19900,0.0,0.0,0.0
2020-01-28 00:00:00-05:00,30.79790682877408,30.989370711430336,30.7432058433893,30.916431427001953,44900,0.0,0.0,0.0
2020-01-29 00:00:00-05:00,30.95289549015465,31.056830126001383,30.743200302124023,30.743200302124023,31800,0.0,0.0,0.0
2020-01-30 00:00:00-05:00,30.53350732965961,30.788787841796875,30.478802872228997,30.788787841796875,15700,0.0,0.0,0.0
2020-01-31 00:00:00-05:00,30.65203684033794,30.65203684033794,30.177941846442856,30.26364517211914,31000,0.0,0.0,0.0
2020-02-03 00:00:00-05:00,30.36940122838525,30.506157172138145,30.36940122838525,30.442337036132812,54100,0.0,0.0,0.0
2020-02-04 00:00:00-05:00,30.82799685631068,30.94196188864559,30.770558730425336,30.81158447265625,38400,0.0,0.0,0.0
2020-02-05 00:00:00-05:00,31.071424384728946,31.26105886495379,30.93466497103979,31.22550392150879,24000,0.0,0.0,0.0
2020-02-06 00:00:00-05:00,31.262884600601808,31.303910337709286,31.15347567910917,31.164417266845703,15400,0.0,0.0,0.0
2020-02-07 00:00:00-05:00,31.03495602522982,31.03495602522982,30.88908093430956,30.916431427001953,22100,0.0,0.0,0.0
2020-02-10 00:00:00-05:00,30.89819845820864,31.034957885742188,30.853524361095868,31.034957885742188,14900,0.0,0.0,0.0
2020-02-11 00:00:00-05:00,31.199069693736107,31.39053012150837,31.199069693736107,31.269271850585938,26300,0.0,0.0,0.0
2020-02-12 00:00:00-05:00,31.454345981397346,31.502668430466777,31.417876339757644,31.489904403686523,18100,0.0,0.0,0.0
2020-02-13 00:00:00-05:00,31.33582434067197,31.51816908813302,31.2902390232909,31.472583770751953,26900,0.0,0.0,0.0
2020-02-14 00:00:00-05:00,31.518160430934483,31.518160430934483,31.399635855949825,31.49992561340332,27900,0.0,0.0,0.0
2020-02-18 00:00:00-05:00,31.399644709679976,31.46346485006645,31.281123579211847,31.415145874023438,26900,0.0,0.0,0.0
2020-02-19 00:00:00-05:00,31.568323573497015,31.6175572615217,31.51817866575896,31.581998825073242,8400,0.0,0.0,0.0
2020-02-20 00:00:00-05:00,31.518169888362635,31.682279817450564,31.399645277813157,31.624841690063477,10400,0.0,0.0,0.0
2020-02-21 00:00:00-05:00,31.472589235925852,31.472589235925852,31.281128782916443,31.314861297607422,21300,0.0,0.0,0.0
2020-02-24 00:00:00-05:00,30.497041156521977,30.52439164937685,30.242671834749398,30.403133392333984,38100,0.0,0.0,0.0
2020-02-25 00:00:00-05:00,30.506158207755274,30.506158207755274,29.302687776604458,29.384742736816406,42100,0.0,0.0,0.0
2020-02-26 00:00:00-05:00,29.466795154989743,29.640935429790805,28.945290766824034,28.947114944458008,63500,0.0,0.0,0.0
2020-02-27 00:00:00-05:00,28.45478565300656,28.782094251122317,27.789230346679688,27.789230346679688,97100,0.0,0.0,0.0
2020-02-28 00:00:00-05:00,26.90486393500087,27.515716552734375,26.61311374246576,27.515716552734375,282400,0.0,0.0,0.0
2020-03-02 00:00:00-05:00,27.616004809602153,28.418317794799805,27.251315350089545,28.418317794799805,121600,0.0,0.0,0.0
2020-03-03 00:00:00-05:00,28.336263837330087,28.86506148546748,27.57315412486463,27.76188087463379,102100,0.0,0.0,0.0
2020-03-04 00:00:00-05:00,28.26332951089817,28.765687942504883,28.068220725301895,28.765687942504883,39800,0.0,0.0,0.0
2020-03-05 00:00:00-05:00,28.21774443200039,28.292504426591787,27.625124836345194,27.80291175842285,45400,0.0,0.0,0.0
2020-03-06 00:00:00-05:00,26.977801850920105,27.45919002295941,26.65869942137142,27.253141403198242,149000,0.0,0.0,0.0
2020-03-09 00:00:00-04:00,25.701397876658895,26.540180691821323,24.589097905418445,24.707622528076172,170900,0.0,0.0,0.0
2020-03-10 00:00:00-04:00,25.573751366326352,25.66492373573111,24.34293046575114,25.6375732421875,183900,0.0,0.0,0.0
2020-03-11 00:00:00-04:00,25.127006388233486,25.127006388233486,23.896183860416446,24.215286254882812,122700,0.0,0.0,0.0
2020-03-12 00:00:00-04:00,22.79300377177995,23.395650151565523,21.77187643765821,21.79922866821289,2065100,0.0,0.0,0.0
2020-03-13 00:00:00-04:00,23.075640791593923,23.3856258392334,21.671592404316737,23.3856258392334,119700,0.0,0.0,0.0
2020-03-16 00:00:00-04:00,20.57752228290858,21.88128229807015,20.57752228290858,20.750749588012695,129800,0.0,0.0,0.0
2020-03-17 00:00:00-04:00,21.033382582000613,21.949662262998157,20.499114196067687,21.771875381469727,142500,0.0,0.0,0.0
2020-03-18 00:00:00-04:00,20.531944601100257,20.960452579261634,19.21906668858525,20.294897079467773,197300,0.0,0.0,0.0
2020-03-19 00:00:00-04:00,19.984906295168418,20.872009635453324,19.556398439169765,20.609434127807617,95400,0.0,0.0,0.0
2020-03-20 00:00:00-04:00,20.796338466578458,21.042503352034426,19.729625701904297,19.729625701904297,84900,0.0,0.0,0.0
2020-03-23 00:00:00-04:00,19.642347288219955,19.642347288219955,18.67768636790728,18.907367706298828,125700,0.165,0.0,0.0
2020-03-24 00:00:00-04:00,19.982275979871236,21.075559616088867,19.982275979871236,21.075559616088867,190900,0.0,0.0,0.0
2020-03-25 00:00:00-04:00,21.22255390979933,22.540924170560245,20.76319127864493,21.73703956604004,82300,0.0,0.0,0.0
2020-03-26 00:00:00-04:00,21.9115961915572,22.93137996364675,21.9115961915572,22.876256942749023,106800,0.0,0.0,0.0
2020-03-27 00:00:00-04:00,22.19639931703491,22.580425753955023,21.801347225130577,22.021841049194336,53600,0.0,0.0,0.0
2020-03-30 00:00:00-04:00,22.0677791546992,22.49039189466796,21.778380233520203,22.453643798828125,93400,0.0,0.0,0.0
2020-03-31 00:00:00-04:00,22.46283426456913,22.6925155893507,22.058594642301326,22.260713577270508,75400,0.0,0.0,0.0
2020-04-01 00:00:00-04:00,21.709478403438744,21.709478403438744,20.97449885301332,21.139869689941406,122200,0.0,0.0,0.0
2020-04-02 00:00:00-04:00,21.02043725269123,21.737043725247528,21.02043725269123,21.507362365722656,1312400,0.0,0.0,0.0
2020-04-03 00:00:00-04:00,21.599232627734832,21.64516819310983,20.87435875195404,21.153650283813477,42000,0.0,0.0,0.0
2020-04-06 00:00:00-04:00,21.828913348602512,22.766013575604735,21.828913348602512,22.664953231811523,46500,0.0,0.0,0.0
2020-04-07 00:00:00-04:00,23.519364616471293,23.84091877526142,22.913006146674675,22.931379318237305,158400,0.0,0.0,0.0
2020-04-08 00:00:00-04:00,23.188623895222115,24.088974172895725,23.133500873737617,24.01547622680664,49000,0.0,0.0,0.0
2020-04-09 00:00:00-04:00,24.603460378010826,25.191443918766247,24.40133972162927,24.686145782470703,92600,0.0,0.0,0.0
2020-04-13 00:00:00-04:00,24.631021569711024,24.704519513971793,23.813356720768823,24.226783752441406,74500,0.0,0.0,0.0
2020-04-14 00:00:00-04:00,24.686152752925285,24.842336144079994,24.4105340761248,24.741275787353516,21400,0.0,0.0,0.0
2020-04-15 00:00:00-04:00,24.070603985545972,24.070603985545972,23.620427038554773,23.896045684814453,139100,0.0,0.0,0.0
2020-04-16 00:00:00-04:00,23.8960427712769,23.905230233598317,23.519365577745095,23.776607513427734,52400,0.0,0.0,0.0
2020-04-17 00:00:00-04:00,24.438093219154815,24.860706014111756,24.373782728820448,24.84233283996582,41600,0.0,0.0,0.0
2020-04-20 00:00:00-04:00,24.217601215152467,24.915832703783657,24.217601215152467,24.438095092773438,40300,0.0,0.0,0.0
2020-04-21 00:00:00-04:00,23.886859893798828,24.134916167101228,23.684740940920726,23.886859893798828,36300,0.0,0.0,0.0
2020-04-22 00:00:00-04:00,24.21760000021847,24.4013440128532,24.16247521933152,24.309471130371094,56800,0.0,0.0,0.0
2020-04-23 00:00:00-04:00,24.419719560353208,24.943392725780125,24.419719560353208,24.575902938842773,53500,0.0,0.0,0.0
2020-04-24 00:00:00-04:00,24.750459779766828,24.925016323024007,24.4564679676185,24.915830612182617,67300,0.0,0.0,0.0
2020-04-27 00:00:00-04:00,25.06282382844019,25.68755548604262,24.934201110182403,25.614057540893555,39300,0.0,0.0,0.0
2020-04-28 00:00:00-04:00,26.137737129584664,26.22960826349836,25.56812663674016,25.889680862426758,76000,0.0,0.0,0.0
2020-04-29 00:00:00-04:00,26.42253957886233,26.992148277965406,26.42253957886233,26.863527297973633,49200,0.0,0.0,0.0
2020-04-30 00:00:00-04:00,26.587909051891522,26.6246571504401,26.20663723451517,26.32147789001465,208400,0.0,0.0,0.0
2020-05-01 00:00:00-04:00,25.705933764783225,25.78861918290671,25.191448081604467,25.347631454467773,49000,0.0,0.0,0.0
2020-05-04 00:00:00-04:00,25.007698682282463,25.51759143579188,24.94338820027753,25.512998580932617,37000,0.0,0.0,0.0
2020-05-05 00:00:00-04:00,25.963179623198343,26.19286096973867,25.604877283340905,25.678375244140625,23700,0.0,0.0,0.0
2020-05-06 00:00:00-04:00,25.50748946221865,25.73349615493421,25.347631454467773,25.347631454467773,42500,0.0,0.0,0.0
2020-05-07 00:00:00-04:00,25.724310749072718,26.110175480401992,25.724310749072718,25.8437442779541,39300,0.0,0.0,0.0
2020-05-08 00:00:00-04:00,26.146921472966667,26.670596371452874,26.1193608351665,26.643033981323242,43500,0.0,0.0,0.0
2020-05-11 00:00:00-04:00,26.358230406178667,26.629254450655964,26.257170058374736,26.43172836303711,58800,0.0,0.0,0.0
2020-05-12 00:00:00-04:00,26.560347029807083,26.587909418345404,25.852928161621094,25.852928161621094,43000,0.0,0.0,0.0
2020-05-13 00:00:00-04:00,25.724305216496706,25.724305216496706,24.722894623239604,24.961763381958008,55300,0.0,0.0,0.0
2020-05-14 00:00:00-04:00,24.649396465881637,25.27412986755371,24.18084641462758,25.27412986755371,37000,0.0,0.0,0.0
2020-05-15 00:00:00-04:00,25.168482968663756,25.483606162060184,25.168482968663756,25.384382247924805,11700,0.0,0.0,0.0
2020-05-18 00:00:00-04:00,26.257166822914385,26.88190025539502,26.257166822914385,26.780839920043945,62600,0.0,0.0,0.0
2020-05-19 00:00:00-04:00,26.7165329639848,26.90027873392678,26.440916061401367,26.440916061401367,22400,0.0,0.0,0.0
2020-05-20 00:00:00-04:00,26.74409192305818,27.093206738349974,26.74409192305818,26.96274757385254,19400,0.0,0.0,0.0
2020-05-21 00:00:00-04:00,26.927835639582064,27.084018996681028,26.624656387840457,26.854337692260742,12300,0.0,0.0,0.0
2020-05-22 00:00:00-04:00,26.799216119531753,26.918649633266064,26.578722265640376,26.9140567779541,18400,0.0,0.0,0.0
2020-05-26 00:00:00-04:00,27.589317085259157,27.828185836269576,27.580129623413086,27.580129623413086,31500,0.0,0.0,0.0
2020-05-27 00:00:00-04:00,28.07624417387601,28.149742126464844,27.561758505754167,28.149742126464844,19700,0.0,0.0,0.0
2020-05-28 00:00:00-04:00,28.397796943399513,28.397796943399513,27.809813352300996,27.924654006958008,23000,0.0,0.0,0.0
2020-05-29 00:00:00-04:00,27.76387502303537,27.916383743286133,27.56175610907403,27.916383743286133,32800,0.0,0.0,0.0
2020-06-01 00:00:00-04:00,27.88331603096503,28.361053655934665,27.864941102543977,28.287555694580078,28300,0.0,0.0,0.0
2020-06-02 00:00:00-04:00,28.471296653422733,28.645854949951172,28.416173626429856,28.645854949951172,16200,0.0,0.0,0.0
2020-06-03 00:00:00-04:00,28.912280650277765,29.353270066411987,28.912280650277765,29.298145294189453,27200,0.0,0.0,0.0
2020-06-04 00:00:00-04:00,29.2430242154632,29.45433235168457,29.19708865455774,29.45433235168457,11900,0.0,0.0,0.0
2020-06-05 00:00:00-04:00,30.345495746865947,30.768112051322376,30.345495746865947,30.446556091308594,36600,0.0,0.0,0.0
2020-06-08 00:00:00-04:00,30.951853189169817,31.5306510925293,30.905917626446417,31.530651092529297,79100,0.0,0.0,0.0
2020-06-09 00:00:00-04:00,31.016166839513126,31.016166839513126,30.50719570594776,30.611928939819336,66100,0.0,0.0,0.0
2020-06-10 00:00:00-04:00,30.520053893431733,30.520053893431733,29.803445816040043,29.80344581604004,23300,0.0,0.0,0.0
2020-06-11 00:00:00-04:00,28.599917182028005,28.811225328099738,27.67200619171092,27.736316680908203,48700,0.0,0.0,0.0
2020-06-12 00:00:00-04:00,28.59072956007158,28.756098627383246,27.6444419545313,28.289386749267578,28900,0.0,0.0,0.0
2020-06-15 00:00:00-04:00,27.53419741241587,28.823168933723107,27.341265934912624,28.691791534423828,21100,0.0,0.0,0.0
2020-06-16 00:00:00-04:00,29.684011450915566,29.711572084475243,28.939842802878804,29.288957595825195,58100,0.0,0.0,0.0
2020-06-17 00:00:00-04:00,29.316525368082438,29.316525368082438,28.93984812003971,28.960979461669922,16000,0.0,0.0,0.0
2020-06-18 00:00:00-04:00,28.746913694810353,29.12359090425692,28.746913694810353,28.985780715942383,18500,0.0,0.0,0.0
2020-06-19 00:00:00-04:00,29.481897080678493,29.481897080678493,28.691792706632214,28.737730026245117,24300,0.0,0.0,0.0
2020-06-22 00:00:00-04:00,28.739571008598272,28.80419728776945,28.471840609861896,28.75803565979004,18000,0.152,0.0,0.0
2020-06-23 00:00:00-04:00,29.081158479621017,29.081158479621017,28.748801819227555,28.776498794555664,17000,0.0,0.0,0.0
2020-06-24 00:00:00-04:00,28.45337542202547,28.490304723712494,27.604020852970113,27.742502212524414,24600,0.0,0.0,0.0
2020-06-25 00:00:00-04:00,27.604022705046805,28.08409309387207,27.493238314324753,28.08409309387207,12600,0.0,0.0,0.0
2020-06-26 00:00:00-04:00,28.00099974364461,28.00099974364461,27.36398342891126,27.428607940673828,22500,0.0,0.0,0.0
2020-06-29 00:00:00-04:00,27.530166466743353,27.971462152491515,27.387069812153996,27.96407699584961,46700,0.0,0.0,0.0
2020-06-30 00:00:00-04:00,27.964074551539227,28.416447932708763,27.944685435498194,28.333358764648438,24800,0.0,0.0,0.0
2020-07-01 00:00:00-04:00,28.370290106928046,28.518003811964288,28.222576401891803,28.287200927734375,29300,0.0,0.0,0.0
2020-07-02 00:00:00-04:00,28.748804176478476,28.748804176478476,28.471841444031742,28.49953842163086,13900,0.0,0.0,0.0
2020-07-06 00:00:00-04:00,28.80419728776945,29.035000145008354,28.65648360000744,28.75803565979004,56200,0.0,0.0,0.0
2020-07-07 00:00:00-04:00,28.591865551959188,28.69341940186351,28.333367404401372,28.38875961303711,22800,0.0,0.0,0.0
2020-07-08 00:00:00-04:00,28.388749226800684,28.499535364426784,28.222570900804495,28.49030303955078,16800,0.0,0.0,0.0
2020-07-09 00:00:00-04:00,28.49953933574398,28.49953933574398,27.825593612971094,28.056396484375,13200,0.0,0.0,0.0
2020-07-10 00:00:00-04:00,27.992693746699096,28.45337677001953,27.992693746699096,28.45337677001953,16300,0.0,0.0,0.0
2020-07-13 00:00:00-04:00,28.601090708981147,28.83835602686312,28.193954467773438,28.193954467773438,44700,0.0,0.0,0.0
2020-07-14 00:00:00-04:00,28.074860635879354,28.70264471664087,28.056395983883746,28.67494773864746,24200,0.0,0.0,0.0
2020-07-15 00:00:00-04:00,29.016531732773142,29.33042371880311,29.016531732773142,29.30272674560547,15800,0.0,0.0,0.0
2020-07-16 00:00:00-04:00,29.05345584460663,29.376580116945302,29.05345584460663,29.275026321411133,43200,0.0,0.0,0.0
2020-07-17 00:00:00-04:00,29.41351905142624,29.459678922225468,29.33042987527867,29.424596786499023,36400,0.0,0.0,0.0
2020-07-20 00:00:00-04:00,29.42275133845168,29.42275133845168,29.257495690745188,29.321197509765625,13100,0.0,0.0,0.0
2020-07-21 00:00:00-04:00,29.431983514346957,29.81973243677229,29.431983514346957,29.634166717529297,16600,0.0,0.0,0.0
2020-07-22 00:00:00-04:00,29.542768398537667,29.83819580078125,29.542768398537667,29.83819580078125,21000,0.0,0.0,0.0
2020-07-23 00:00:00-04:00,29.810497674988866,30.06899574629785,29.70894385503974,29.828962326049805,13000,0.0,0.0,0.0
2020-07-24 00:00:00-04:00,29.755105050734528,29.755105050734528,29.524302184822744,29.607391357421875,17800,0.0,0.0,0.0
2020-07-27 00:00:00-04:00,29.59816170905993,29.75510597229004,29.496607881429927,29.75510597229004,29600,0.0,0.0,0.0
2020-07-28 00:00:00-04:00,29.644324353188868,29.764342844506697,29.496610641479492,29.496610641479492,8700,0.0,0.0,0.0
2020-07-29 00:00:00-04:00,29.718171947235575,30.036680988436792,29.718171947235575,29.99513816833496,17200,0.0,0.0,0.0
2020-07-30 00:00:00-04:00,29.745872986951348,29.81972806900041,29.450443854324924,29.782798767089844,16400,0.0,0.0,0.0
2020-07-31 00:00:00-04:00,29.718177406212444,29.718177406212444,29.321197933824042,29.6997127532959,21500,0.0,0.0,0.0
2020-08-03 00:00:00-04:00,29.78279857226498,30.02283551134138,29.704326447547405,29.96744155883789,19000,0.0,0.0,0.0
2020-08-04 00:00:00-04:00,29.902817236514743,30.170549392700195,29.902817236514743,30.170549392700195,15900,0.0,0.0,0.0
2020-08-05 00:00:00-04:00,30.299794700571155,30.4659730169508,30.299794700571155,30.41981315612793,62800,0.0,0.0,0.0
2020-08-06 00:00:00-04:00,30.336722818722297,30.465971832710967,30.249016621327918,30.364418029785156,24600,0.0,0.0,0.0
2020-08-07 00:00:00-04:00,30.2259475968214,30.595230102539062,30.2259475968214,30.595230102539062,12400,0.0,0.0,0.0
2020-08-10 00:00:00-04:00,30.62291917054862,30.909115960451903,30.62291917054862,30.8721866607666,22200,0.0,0.0,0.0
2020-08-11 00:00:00-04:00,31.056829603146653,31.215622774200707,30.715242385864258,30.715242385864258,35200,0.0,0.0,0.0
2020-08-12 00:00:00-04:00,30.918352456458862,31.029136842378954,30.86295850261275,30.965435028076172,81100,0.0,0.0,0.0
2020-08-13 00:00:00-04:00,30.94604986487272,31.056834258641345,30.816800818513926,30.909120559692383,1417000,0.0,0.0,0.0
2020-08-14 00:00:00-04:00,30.80756112633132,31.029133395329,30.80756112633132,30.916500091552734,25200,0.0,0.0,0.0
2020-08-17 00:00:00-04:00,30.93681018807852,31.007900672503727,30.927579624337394,30.94142723083496,11400,0.0,0.0,0.0
2020-08-18 00:00:00-04:00,30.90912194644472,30.90912194644472,30.752177675045488,30.77987289428711,55200,0.0,0.0,0.0
2020-08-19 00:00:00-04:00,30.770641839612832,30.890656802268207,30.628464362725683,30.67555046081543,21200,0.0,0.0,0.0
2020-08-20 00:00:00-04:00,30.47520996694932,30.59615115201958,30.465979401558993,30.50290870666504,34700,0.0,0.0,0.0
2020-08-21 00:00:00-04:00,30.392120361328125,30.470596014011214,30.31826527393338,30.392120361328125,22600,0.0,0.0,0.0
2020-08-24 00:00:00-04:00,30.56752646450313,30.85371971130371,30.512132519103858,30.85371971130371,14600,0.0,0.0,0.0
2020-08-25 00:00:00-04:00,31.010673990712522,31.010673990712522,30.64138798718559,30.812183380126953,26900,0.0,0.0,0.0
2020-08-26 00:00:00-04:00,30.706016314524174,30.79372254362886,30.67832109344807,30.733715057373047,24800,0.0,0.0,0.0
2020-08-27 00:00:00-04:00,30.761402283482564,31.001439209665147,30.733707069604517,30.8721866607666,26600,0.0,0.0,0.0
2020-08-28 00:00:00-04:00,31.075295668980722,31.13068962097168,30.899886770334042,31.13068962097168,28700,0.0,0.0,0.0
2020-08-31 00:00:00-04:00,31.149160747744126,31.149160747744126,30.918357849121094,30.918357849121094,25400,0.0,0.0,0.0
2020-09-01 00:00:00-04:00,30.83526419607887,31.047602409427135,30.83526419607887,31.045753479003906,12900,0.0,0.0,0.0
2020-09-02 00:00:00-04:00,31.16761578097564,31.497204340598355,31.04760083285495,31.4805850982666,44200,0.0,0.0,0.0
2020-09-03 00:00:00-04:00,31.35226312477529,31.441814757056523,30.47336604660409,30.60538673400879,58200,0.0,0.0,0.0
2020-09-04 00:00:00-04:00,30.761404086340917,30.835262690040206,29.985906356358708,30.46597671508789,26800,0.0,0.0,0.0
2020-09-08 00:00:00-04:00,30.235174704281235,30.235174704281235,29.708944464452312,29.81972885131836,50700,0.0,0.0,0.0
2020-09-09 00:00:00-04:00,30.078228067480897,30.392116551779104,30.073611024543606,30.260099411010742,17500,0.0,0.0,0.0
2020-09-10 00:00:00-04:00,30.299799872882506,30.3736584802244,29.745874404907227,29.745874404907227,52300,0.0,0.0,0.0
2020-09-11 00:00:00-04:00,29.893585189869714,30.004369568333583,29.639700654044287,29.826189041137695,10400,0.0,0.0,0.0
2020-09-14 00:00:00-04:00,30.198246794923058,30.41981910065194,30.198246794923058,30.392120361328125,16400,0.0,0.0,0.0
2020-09-15 00:00:00-04:00,30.613692184036935,30.62292274915102,30.433666229248047,30.433666229248047,24500,0.0,0.0,0.0
2020-09-16 00:00:00-04:00,30.549067200213,30.936814321032315,30.549067200213,30.632156372070312,76600,0.0,0.0,0.0
2020-09-17 00:00:00-04:00,30.391198086985103,30.548145872799616,30.30903513751685,30.50290870666504,33500,0.0,0.0,0.0
2020-09-18 00:00:00-04:00,30.558299970441876,30.567534057854747,30.21671269338754,30.230560302734375,15500,0.0,0.0,0.0
2020-09-21 00:00:00-04:00,29.737253267969603,29.737253267969603,29.28289569286368,29.53325653076172,65900,0.143,0.0,0.0
2020-09-22 00:00:00-04:00,29.542533964821814,29.783620251624825,29.477625982327936,29.67234992980957,115800,0.0,0.0,0.0
2020-09-23 00:00:00-04:00,29.74653000009103,29.831837121732324,28.943521050651146,28.94908332824707,34300,0.0,0.0,0.0
2020-09-24 00:00:00-04:00,28.911997131090054,29.227266000236266,28.56983831654729,28.967632293701172,24300,0.0,0.0,0.0
2020-09-25 00:00:00-04:00,28.847087451144997,29.357080243760674,28.847087451144997,29.329261779785156,13600,0.0,0.0,0.0
2020-09-28 00:00:00-04:00,29.69089299238951,29.98761618292024,29.69089299238951,29.874488830566406,11800,0.0,0.0,0.0
2020-09-29 00:00:00-04:00,29.90415890453619,29.931975594862884,29.597236179294327,29.690889358520508,69100,0.0,0.0,0.0
2020-09-30 00:00:00-04:00,29.783619358771475,30.071071513498374,29.709440325524962,29.839256286621094,99100,0.0,0.0,0.0
2020-10-01 00:00:00-04:00,29.98761225900693,30.05252022736603,29.769705420707528,29.969066619873047,34100,0.0,0.0,0.0
2020-10-02 00:00:00-04:00,29.40344499274813,30.26579799199073,29.40344499274813,30.15452766418457,32000,0.0,0.0,0.0
2020-10-05 00:00:00-04:00,30.293615026071343,30.77579116821289,30.293615026071343,30.77579116821289,39500,0.0,0.0,0.0
2020-10-06 00:00:00-04:00,30.849967742260183,31.193053253419293,30.53469892364337,30.590335845947266,24700,0.0,0.0,0.0
2020-10-07 00:00:00-04:00,30.803606727300956,31.137421200972522,30.803606727300956,31.044692993164062,28400,0.0,0.0,0.0
2020-10-08 00:00:00-04:00,31.378503511156815,31.5546817779541,31.31915958797216,31.5546817779541,35300,0.0,0.0,0.0
2020-10-09 00:00:00-04:00,31.65668520929023,31.749413417665398,31.52686925478447,31.58250617980957,51200,0.0,0.0,0.0
2020-10-12 00:00:00-04:00,31.777226553740885,31.80875378733666,31.619590385762027,31.76795196533203,53800,0.0,0.0,0.0
2020-10-13 00:00:00-04:00,31.5732316468025,31.703047601540323,31.47123238601722,31.508323669433594,39200,0.0,0.0,0.0
2020-10-14 00:00:00-04:00,31.610316926796575,31.782788178429477,31.49348258972168,31.49348258972168,18500,0.0,0.0,0.0
2020-10-15 00:00:00-04:00,31.053964494247445,31.598264694213867,31.053964494247445,31.598264694213867,27600,0.0,0.0,0.0
2020-10-16 00:00:00-04:00,31.628868571927057,31.730867832712338,31.499052617189236,31.508323669433594,16300,0.0,0.0,0.0
2020-10-19 00:00:00-04:00,31.619591372895208,31.647411601771218,31.13741887715404,31.14483642578125,47800,0.0,0.0,0.0
2020-10-20 00:00:00-04:00,31.378509582356514,31.535215488871582,31.248693619892,31.3043270111084,25000,0.0,0.0,0.0
2020-10-21 00:00:00-04:00,31.33214592170348,31.35069156373287,31.108675003051758,31.108675003051758,8600,0.0,0.0,0.0
2020-10-22 00:00:00-04:00,31.20974350170709,31.545411443680127,31.05859813034784,31.502756118774414,11500,0.0,0.0,0.0
2020-10-23 00:00:00-04:00,31.70305301486999,31.70305301486999,31.495347451823534,31.684507369995117,10500,0.0,0.0,0.0
2020-10-26 00:00:00-04:00,31.387781865518715,31.387781865518715,30.697900197079207,30.96124267578125,21800,0.0,0.0,0.0
2020-10-27 00:00:00-04:00,30.979782862299988,30.979782862299988,30.683059692382812,30.683059692382812,34000,0.0,0.0,0.0
2020-10-28 00:00:00-04:00,30.154517425639728,30.154517425639728,29.751157760620117,29.751157760620117,146600,0.0,0.0,0.0
2020-10-29 00:00:00-04:00,29.70016403943268,30.21943139138154,29.534185322740203,30.098886489868164,27500,0.0,0.0,0.0
2020-10-30 00:00:00-04:00,29.941250253921464,30.03861220751414,29.533255031606586,29.894887924194336,61500,0.0,0.0,0.0
2020-11-02 00:00:00-05:00,30.330698974449017,30.497606196228404,30.13133776716915,30.469789505004883,22600,0.0,0.0,0.0
2020-11-03 00:00:00-05:00,30.887058664919085,31.14669055821534,30.868513024366603,31.099401473999023,27800,0.0,0.0,0.0
2020-11-04 00:00:00-05:00,31.109603389588685,31.553761458460457,30.97144312445483,31.128149032592773,15800,0.0,0.0,0.0
2020-11-05 00:00:00-05:00,31.461964259857872,31.907049090590508,31.461964259857872,31.777233123779297,17500,0.0,0.0,0.0
2020-11-06 00:00:00-05:00,31.79391690181726,31.953406581361314,31.64833910565156,31.71232032775879,8500,0.0,0.0,0.0
2020-11-09 00:00:00-05:00,33.2052192071403,33.75230336373403,32.88067571991545,32.919620513916016,93200,0.0,0.0,0.0
2020-11-10 00:00:00-05:00,32.917757747297415,33.20335282293338,32.760125112288236,33.158843994140625,66700,0.0,0.0,0.0
2020-11-11 00:00:00-05:00,33.33502482368339,33.33502482368339,33.03644462528392,33.1959342956543,24900,0.0,0.0,0.0
2020-11-12 00:00:00-05:00,32.95485770572637,33.031820540654,32.44022755343192,32.65813446044922,64900,0.0,0.0,0.0
2020-11-13 00:00:00-05:00,32.852850268211995,33.43702555981028,32.852850268211995,33.418479919433594,28600,0.0,0.0,0.0
2020-11-16 00:00:00-05:00,33.84502183050482,34.10465374277379,33.73375151627805,34.09538269042969,28100,0.0,0.0,0.0
2020-11-17 00:00:00-05:00,33.8357384597933,34.174186574038714,33.63730405456501,34.13246154785156,37500,0.0,0.0,0.0
2020-11-18 00:00:00-05:00,34.1788311968698,34.26228480435916,33.66883850097656,33.66883850097656,31000,0.0,0.0,0.0
2020-11-19 00:00:00-05:00,33.659568033249926,33.8913832449627,33.46484410434386,33.88767623901367,18700,0.0,0.0,0.0
2020-11-20 00:00:00-05:00,33.845014661177885,33.891376987516566,33.79401504103971,33.838523864746094,11800,0.0,0.0,0.0
2020-11-23 00:00:00-05:00,34.03974330702331,34.577556271858164,34.03974330702331,34.48112106323242,26400,0.0,0.0,0.0
2020-11-24 00:00:00-05:00,34.91137341360231,35.263729999859,34.90673611879854,35.198822021484375,60400,0.0,0.0,0.0
2020-11-25 00:00:00-05:00,35.15246000088416,35.15246000088416,34.88355349536249,35.02264404296875,27000,0.0,0.0,0.0
2020-11-27 00:00:00-05:00,35.050464958007346,35.12464753558818,34.93919462885608,35.01059341430664,35500,0.0,0.0,0.0
2020-11-30 00:00:00-05:00,35.01336778087179,35.01336778087179,34.475558332736355,34.54046630859375,45300,0.0,0.0,0.0
2020-12-01 00:00:00-05:00,35.004096857706706,35.004096857706706,34.74446495332134,34.772281646728516,34100,0.0,0.0,0.0
2020-12-02 00:00:00-05:00,34.68883010437337,34.92991638183594,34.531197449343935,34.92991638183594,26800,0.0,0.0,0.0
2020-12-03 00:00:00-05:00,34.92063548724206,35.310086794574154,34.92063548724206,35.180267333984375,23900,0.0,0.0,0.0
2020-12-04 00:00:00-05:00,35.31009327826239,35.82008601538835,35.31009327826239,35.80154037475586,22100,0.0,0.0,0.0
2020-12-07 00:00:00-05:00,35.6717209928507,35.79226233952649,35.56044715976992,35.653175354003906,28700,0.0,0.0,0.0
2020-12-08 00:00:00-05:00,35.40282023847342,35.801542694862796,35.40282023847342,35.75518035888672,24400,0.0,0.0,0.0
2020-12-09 00:00:00-05:00,35.95917867349746,35.95917867349746,35.52707543669272,35.671730041503906,46300,0.0,0.0,0.0
2020-12-10 00:00:00-05:00,35.495545417955285,35.88499682760578,35.474219521289655,35.8386344909668,34500,0.0,0.0,0.0
2020-12-11 00:00:00-05:00,35.76444483886571,35.84418790060163,35.455666856645344,35.74589920043945,28600,0.0,0.0,0.0
2020-12-14 00:00:00-05:00,35.94062861841877,36.04819192292478,35.384273529052734,35.384273529052734,20500,0.0,0.0,0.0
2020-12-15 00:00:00-05:00,35.643904411667336,36.06117248535156,35.5511797451683,36.06117248535156,22100,0.0,0.0,0.0
2020-12-16 00:00:00-05:00,36.17244325820863,36.17244325820863,35.8386323321837,35.94062805175781,64000,0.0,0.0,0.0
2020-12-17 00:00:00-05:00,36.190986470373105,36.190986470373105,36.05189947816851,36.135353088378906,238300,0.0,0.0,0.0
2020-12-18 00:00:00-05:00,36.25589881885196,36.25589881885196,35.83863425463313,36.04262924194336,28300,0.0,0.0,0.0
2020-12-21 00:00:00-05:00,35.47910223185849,35.870311418351285,35.311440136728166,35.81442642211914,23900,0.175,0.0,0.0
2020-12-22 00:00:00-05:00,35.916879665989555,35.962520728445,35.8237321025587,35.870304107666016,24100,0.0,0.0,0.0
2020-12-23 00:00:00-05:00,35.98208240637984,36.280147513053755,35.98208240637984,36.1311149597168,208600,0.0,0.0,0.0
2020-12-24 00:00:00-05:00,36.28015003343131,36.28015003343131,36.01002740136257,36.14043045043945,11800,0.0,0.0,0.0
2020-12-28 00:00:00-05:00,36.28014603811143,36.3826065805932,36.0845414860369,36.112483978271484,36400,0.0,0.0,0.0
2020-12-29 00:00:00-05:00,36.233574705736814,36.233574705736814,35.75853100963571,35.898250579833984,214100,0.0,0.0,0.0
2020-12-30 00:00:00-05:00,35.90756846400931,36.26618041833057,35.90756846400931,36.18700408935547,110300,0.0,0.0,0.0
2020-12-31 00:00:00-05:00,36.1776899306473,36.3360354770098,36.00071486943921,36.31740951538086,54000,0.0,0.0,0.0
2021-01-04 00:00:00-05:00,36.429189548361954,36.46644858469825,35.5256774599018,35.758541107177734,55100,0.0,0.0,0.0
2021-01-05 00:00:00-05:00,35.70265018960363,36.401241015667935,35.70265018960363,36.25220489501953,31500,0.0,0.0,0.0
2021-01-06 00:00:00-05:00,36.34534167773472,37.360626852256225,36.34534167773472,37.146392822265625,49000,0.0,0.0,0.0
2021-01-07 00:00:00-05:00,37.39789467183494,37.56555674401502,37.388578138260236,37.435150146484375,56900,0.0,0.0,0.0
2021-01-08 00:00:00-05:00,37.65870534318249,37.65870534318249,37.11100893719685,37.518985748291016,51700,0.0,0.0,0.0
2021-01-11 00:00:00-05:00,37.11844854448092,37.58324470314319,37.11844854448092,37.491031646728516,48500,0.0,0.0,0.0
2021-01-12 00:00:00-05:00,37.62144021413131,37.882246292233084,37.54692571462351,37.83567428588867,44700,0.0,0.0,0.0
2021-01-13 00:00:00-05:00,37.91950570593507,37.91950570593507,37.630757131720415,37.7145881652832,73400,0.0,0.0,0.0
2021-01-14 00:00:00-05:00,37.770470144143886,38.16168278735289,37.72389814103274,37.94744873046875,51100,0.0,0.0,0.0
2021-01-15 00:00:00-05:00,37.826366404105485,37.826366404105485,37.33176217851015,37.67733383178711,51500,0.0,0.0,0.0
2021-01-19 00:00:00-05:00,38.03128828949776,38.03128828949776,37.739739738603376,37.91019821166992,41100,0.0,0.0,0.0
2021-01-20 00:00:00-05:00,38.06854290256322,38.13374443070673,37.94745638070632,38.09648895263672,172600,0.0,0.0,0.0
2021-01-21 00:00:00-05:00,38.189634884612225,38.189634884612225,37.74812635678928,37.75185012817383,69100,0.0,0.0,0.0
2021-01-22 00:00:00-05:00,37.47240674931392,37.7797883794906,37.44446425683104,37.723899841308594,25700,0.0,0.0,0.0
2021-01-25 00:00:00-05:00,37.67733749462629,37.92417238341082,37.38392703547573,37.79842758178711,43100,0.0,0.0,0.0
2021-01-26 00:00:00-05:00,38.021981657554875,38.021981657554875,37.49571101615659,37.56557083129883,43700,0.0,0.0,0.0
2021-01-27 00:00:00-05:00,37.230237047264204,37.286122042522734,36.65273270600219,36.77382278442383,49700,0.0,0.0,0.0
2021-01-28 00:00:00-05:00,37.1277779852385,37.286123549158525,37.005756959060925,37.090518951416016,31800,0.0,0.0,0.0
2021-01-29 00:00:00-05:00,36.984335461185545,37.07189028413627,36.30809783935547,36.30809783935547,33800,0.0,0.0,0.0
2021-02-01 00:00:00-05:00,36.764512734651234,36.988059839945365,36.503703040851846,36.96011734008789,30800,0.0,0.0,0.0
2021-02-02 00:00:00-05:00,37.29543102978544,37.50034855962599,37.192970488257075,37.36994552612305,22400,0.0,0.0,0.0
2021-02-03 00:00:00-05:00,37.43514680676262,37.64472615489863,37.33268981909665,37.612125396728516,16100,0.0,0.0,0.0
2021-02-04 00:00:00-05:00,37.714589277378394,38.00333786010742,37.70061447702555,38.00333786010742,29900,0.0,0.0,0.0
2021-02-05 00:00:00-05:00,38.189632576678854,38.31072265048121,38.189632576678854,38.21757507324219,23600,0.0,0.0,0.0
2021-02-08 00:00:00-05:00,38.42249844712855,38.76713562011719,38.42249844712855,38.76713562011719,29900,0.0,0.0,0.0
2021-02-09 00:00:00-05:00,38.79507990387885,38.906853444822346,38.655360312786875,38.841651916503906,29100,0.0,0.0,0.0
2021-02-10 00:00:00-05:00,38.981362857347996,39.14437021004678,38.8137007912471,38.99999237060547,27100,0.0,0.0,0.0
2021-02-11 00:00:00-05:00,39.167654436706364,39.167654436706364,38.63579480244522,38.99999237060547,37300,0.0,0.0,0.0
2021-02-12 00:00:00-05:00,38.990678392293376,39.19559947966255,38.90684736138928,39.15834045410156,23800,0.0,0.0,0.0
2021-02-16 00:00:00-05:00,39.36325727325714,39.453608454332446,39.065192180615824,39.223541259765625,31900,0.0,0.0,0.0
2021-02-17 00:00:00-05:00,39.20491983316443,39.20491983316443,38.76713508352426,39.12947082519531,29300,0.0,0.0,0.0
2021-02-18 00:00:00-05:00,38.93480849018971,38.93480849018971,38.64140151819356,38.68331527709961,35000,0.0,0.0,0.0
2021-02-19 00:00:00-05:00,38.85095969435739,39.15834133230479,38.85095969435739,39.1210823059082,42200,0.0,0.0,0.0
2021-02-22 00:00:00-05:00,38.99068085772133,39.24217396633583,38.97205134376287,39.01862335205078,89800,0.0,0.0,0.0
2021-02-23 00:00:00-05:00,38.71124615903222,39.20491585420536,38.282774434411934,39.13039779663086,47100,0.0,0.0,0.0
2021-02-24 00:00:00-05:00,39.19560209388423,39.73584378768593,39.13039701819541,39.61475372314453,58300,0.0,0.0,0.0
2021-02-25 00:00:00-05:00,39.57750044127001,39.70324522637222,38.54358545161111,38.70193099975586,51900,0.0,0.0,0.0
2021-02-26 00:00:00-05:00,38.79507704134387,38.81370300244612,38.0685401957774,38.38523483276367,372400,0.0,0.0,0.0
2021-03-01 00:00:00-05:00,38.96273930411367,39.43777948526617,38.96273930411367,39.2794303894043,1820900,0.0,0.0,0.0
2021-03-02 00:00:00-05:00,39.307375488582196,39.307375488582196,38.95342182980441,39.01862335205078,124000,0.0,0.0,0.0
2021-03-03 00:00:00-05:00,39.093148306293195,39.17232108967519,38.75782410230229,38.7857666015625,197000,0.0,0.0,0.0
2021-03-04 00:00:00-05:00,38.86959045338482,38.99999349673619,37.714589023801516,38.24551773071289,106900,0.0,0.0,0.0
2021-03-05 00:00:00-05:00,38.7857573049242,39.214225439226794,37.886903744258845,39.15834045410156,62000,0.0,0.0,0.0
2021-03-08 00:00:00-05:00,39.1769752738019,39.78241853170826,39.1769752738019,39.32600784301758,51900,0.0,0.0,0.0
2021-03-09 00:00:00-05:00,39.726528411597414,39.84761491562028,39.47316987873614,39.48434829711914,48200,0.0,0.0,0.0
2021-03-10 00:00:00-05:00,39.79173239716137,40.06185146791155,39.726530874578586,39.912818908691406,78600,0.0,0.0,0.0
2021-03-11 00:00:00-05:00,40.12706069644974,40.53689938841513,40.11774416185004,40.35992431640625,113900,0.0,0.0,0.0
2021-03-12 00:00:00-05:00,40.42512062948028,40.63935470581055,40.31334354800818,40.63935470581055,90600,0.0,0.0,0.0
2021-03-15 00:00:00-04:00,40.760443493820304,41.03988265991211,40.55552593942734,41.03988265991211,1858900,0.0,0.0,0.0
2021-03-16 00:00:00-04:00,41.05851700119327,41.05851700119327,40.453070141109464,40.583473205566406,51600,0.0,0.0,0.0
2021-03-17 00:00:00-04:00,40.508950952160156,40.74553830869773,40.216471502652254,40.70455551147461,76000,0.0,0.0,0.0
2021-03-18 00:00:00-04:00,40.49964005545612,40.741820208212445,39.968711290158495,40.06185531616211,34900,0.0,0.0,0.0
2021-03-19 00:00:00-04:00,40.07117681613609,40.32266998136996,39.6985935595191,40.02460479736328,25000,0.0,0.0,0.0
2021-03-22 00:00:00-04:00,40.16963665274808,40.23513542486323,39.96378132929167,40.12285232543945,41600,0.195,0.0,0.0
2021-03-23 00:00:00-04:00,39.84214153936659,39.93103068763332,39.27136348366905,39.41171646118164,42300,0.0,0.0,0.0
2021-03-24 00:00:00-04:00,39.52399144687313,39.815926696043284,39.15906524658203,39.15906524658203,39300,0.0,0.0,0.0
2021-03-25 00:00:00-04:00,38.943858300941606,39.79534571134483,38.73800659440772,39.7298469543457,54400,0.0,0.0,0.0
2021-03-26 00:00:00-04:00,40.001210337537486,40.403561978532615,39.8140694583326,40.375492095947266,57000,0.0,0.0,0.0
2021-03-29 00:00:00-04:00,40.18834454764939,40.449404406734395,39.90763506013236,40.09477233886719,46500,0.0,0.0,0.0
2021-03-30 00:00:00-04:00,40.09476951244169,40.21641159057617,39.90763224689884,40.21641159057617,54500,0.0,0.0,0.0
2021-03-31 00:00:00-04:00,40.356771472755206,40.412911229331314,40.16963062220023,40.19770050048828,18200,0.0,0.0,0.0
2021-04-01 00:00:00-04:00,40.31933666277587,40.702973743791354,40.31933666277587,40.674903869628906,36200,0.0,0.0,0.0
2021-04-05 00:00:00-04:00,41.021114228349695,41.021114228349695,40.768474639365195,40.85268783569336,90000,0.0,0.0,0.0
2021-04-06 00:00:00-04:00,40.955620736311076,41.10533270797992,40.92287135405274,40.99304962158203,49200,0.0,0.0,0.0
2021-04-07 00:00:00-04:00,40.89012001711863,40.993047661986004,40.66555028564303,40.74976348876953,55700,0.0,0.0,0.0
2021-04-08 00:00:00-04:00,40.796546310656204,40.84333419799805,40.60940903894746,40.84333419799805,40000,0.0,0.0,0.0
2021-04-09 00:00:00-04:00,40.90884173429306,40.90884173429306,40.702986407947975,40.89948272705078,43900,0.0,0.0,0.0
2021-04-12 00:00:00-04:00,40.83397305333491,41.01175844932396,40.83397305333491,41.00239944458008,63600,0.0,0.0,0.0
2021-04-13 00:00:00-04:00,41.039833068847656,41.067902947495185,40.82462233724856,41.039833068847656,63400,0.0,0.0,0.0
2021-04-14 00:00:00-04:00,41.03047525252327,41.40288659582366,41.03047525252327,41.1801872253418,48500,0.0,0.0,0.0
2021-04-15 00:00:00-04:00,41.4047499569232,41.479607715361965,41.23445319671371,41.451534271240234,301200,0.0,0.0,0.0
2021-04-16 00:00:00-04:00,41.59189719871346,41.70043953742542,41.53575387122488,41.64803695678711,44300,0.0,0.0,0.0
2021-04-19 00:00:00-04:00,41.61060992824072,41.638679806122,41.320541435613244,41.404754638671875,38300,0.0,0.0,0.0
2021-04-20 00:00:00-04:00,41.27375938998853,41.36732803435783,40.91819211643818,41.09597396850586,23500,0.0,0.0,0.0
2021-04-21 00:00:00-04:00,41.08662168072777,41.60125640303072,41.08662168072777,41.56382751464844,16500,0.0,0.0,0.0
2021-04-22 00:00:00-04:00,41.582535550007826,41.769676393661236,41.26439718662145,41.36732482910156,25200,0.0,0.0,0.0
2021-04-23 00:00:00-04:00,41.42346934669756,41.910034126451585,41.42346934669756,41.82582092285156,445100,0.0,0.0,0.0
2021-04-26 00:00:00-04:00,41.825823496349194,42.05974867969632,41.825823496349194,42.02231979370117,41200,0.0,0.0,0.0
2021-04-27 00:00:00-04:00,42.10652622753147,42.10652622753147,41.92406489943198,41.975528717041016,37900,0.0,0.0,0.0
2021-04-28 00:00:00-04:00,41.95682240927506,42.162677719610784,41.95682240927506,42.07846450805664,34400,0.0,0.0,0.0
2021-04-29 00:00:00-04:00,42.28431366421972,42.387241313095814,42.003604166003505,42.30302810668945,113900,0.0,0.0,0.0
2021-04-30 00:00:00-04:00,42.106534297781444,42.139283681680894,41.835180220091665,41.910037994384766,43900,0.0,0.0,0.0
2021-05-03 00:00:00-04:00,42.10653258856556,42.29367344728663,42.022319380611826,42.08781814575195,52400,0.0,0.0,0.0
2021-05-04 00:00:00-04:00,41.99425032801462,42.00828526804744,41.61528910005315,41.95682144165039,58100,0.0,0.0,0.0
2021-05-05 00:00:00-04:00,42.097175082230514,42.097175082230514,41.80710658700283,41.99424743652344,20800,0.0,0.0,0.0
2021-05-06 00:00:00-04:00,41.92875366123335,42.18139330272064,41.63868513150752,42.134605407714844,27200,0.0,0.0,0.0
2021-05-07 00:00:00-04:00,42.125237604630456,42.68665648574484,42.09622897546565,42.66794204711914,59700,0.0,0.0,0.0
2021-05-10 00:00:00-04:00,42.79894700918122,42.948658962385885,42.41530990600586,42.41530990600586,77800,0.0,0.0,0.0
2021-05-11 00:00:00-04:00,41.91002915917004,42.22816749401746,41.797742521401965,42.10652542114258,32100,0.0,0.0,0.0
2021-05-12 00:00:00-04:00,41.83517728449186,41.97553381673495,41.06790299890338,41.124046325683594,40500,0.0,0.0,0.0
2021-05-13 00:00:00-04:00,41.217621880131645,41.7041867522501,41.13340866054546,41.5076904296875,37500,0.0,0.0,0.0
2021-05-14 00:00:00-04:00,41.844535843713736,42.29367174491706,41.844535843713736,42.26559829711914,29200,0.0,0.0,0.0
2021-05-17 00:00:00-04:00,42.20945745190441,42.302090903711694,42.00266697729734,42.293670654296875,11900,0.0,0.0,0.0
2021-05-18 00:00:00-04:00,42.30301958824813,42.37787734305318,41.98488126915506,42.01295471191406,20700,0.0,0.0,0.0
2021-05-19 00:00:00-04:00,41.563818917448856,41.760318756103516,41.24568414024931,41.760318756103516,33400,0.0,0.0,0.0
2021-05-20 00:00:00-04:00,41.881969101629565,42.17203765445591,41.760330559290104,42.11589431762695,23800,0.0,0.0,0.0
2021-05-21 00:00:00-04:00,42.33109565716126,42.45273416214442,42.13459582331456,42.20945358276367,14800,0.0,0.0,0.0
2021-05-24 00:00:00-04:00,42.434029086281406,42.56503019422562,42.31239055445604,42.45274353027344,25800,0.0,0.0,0.0
2021-05-25 00:00:00-04:00,42.55566126397171,42.55566126397171,42.097169986035766,42.10652542114258,19700,0.0,0.0,0.0
2021-05-26 00:00:00-04:00,42.20946665416714,42.39660754132917,42.20010764663049,42.368534088134766,29000,0.0,0.0,0.0
2021-05-27 00:00:00-04:00,42.527604741258436,42.64924685232423,42.527604741258436,42.60245895385742,19800,0.0,0.0,0.0
2021-05-28 00:00:00-04:00,42.72409051860671,42.73157558107739,42.63987731933594,42.63987731933594,25700,0.0,0.0,0.0
2021-06-01 00:00:00-04:00,42.97673663767667,43.01416552512414,42.80831021357823,43.00480651855469,38800,0.0,0.0,0.0
2021-06-02 00:00:00-04:00,43.10773329584739,43.11709230222611,42.911236994875274,43.05158996582031,42500,0.0,0.0,0.0
2021-06-03 00:00:00-04:00,42.85509453817998,43.03287996884787,42.66795367035781,43.00480651855469,29900,0.0,0.0,0.0
2021-06-04 00:00:00-04:00,43.191934696209664,43.2293635726602,43.02350832159636,43.201290130615234,36900,0.0,0.0,0.0
2021-06-07 00:00:00-04:00,43.220018739693735,43.22937774658203,43.15451996913681,43.22937774658203,44400,0.0,0.0,0.0
2021-06-08 00:00:00-04:00,43.322935482518744,43.453932990624025,43.11520984269055,43.423057556152344,22500,0.0,0.0,0.0
2021-06-09 00:00:00-04:00,43.491360378151505,43.491360378151505,43.19193649291992,43.19193649291992,16400,0.0,0.0,0.0
2021-06-10 00:00:00-04:00,43.369726484646534,43.39779993315123,43.1825891981616,43.29487228393555,24300,0.0,0.0,0.0
2021-06-11 00:00:00-04:00,43.46329746179607,43.49136734008789,43.276156611215946,43.49136734008789,49500,0.0,0.0,0.0
2021-06-14 00:00:00-04:00,43.52879315953752,43.52879315953752,43.15451148472776,43.276153564453125,40300,0.0,0.0,0.0
2021-06-15 00:00:00-04:00,43.31358098905347,43.31358098905347,42.967369202203464,43.13579559326172,29100,0.0,0.0,0.0
2021-06-16 00:00:00-04:00,43.182576081435116,43.20128694886822,42.71472586850262,42.90186309814453,32500,0.0,0.0,0.0
2021-06-17 00:00:00-04:00,42.80830244463766,42.9102948951269,42.209454631819,42.41530990600586,63500,0.0,0.0,0.0
2021-06-18 00:00:00-04:00,42.069109163620354,42.10653805410593,41.73225628808103,41.741615295410156,31300,0.0,0.0,0.0
2021-06-21 00:00:00-04:00,42.000825208622025,42.56434109299399,42.000825208622025,42.55495071411133,37600,0.166,0.0,0.0
2021-06-22 00:00:00-04:00,42.58313214923284,42.67705028385766,42.37650795376162,42.62070083618164,32800,0.0,0.0,0.0
2021-06-23 00:00:00-04:00,42.66764924966847,42.7240022660207,42.50798416137695,42.50798416137695,18500,0.0,0.0,0.0
2021-06-24 00:00:00-04:00,42.71461255421403,42.82731501538308,42.59721311219516,42.770965576171875,17000,0.0,0.0,0.0
2021-06-25 00:00:00-04:00,42.90245617155979,43.18421414076964,42.90245617155979,43.17482376098633,15200,0.0,0.0,0.0
2021-06-28 00:00:00-04:00,43.24055369650312,43.37204046898773,42.80664376455808,42.94940185546875,43200,0.0,0.0,0.0
2021-06-29 00:00:00-04:00,43.04333300387568,43.13725112409179,42.81792449951172,42.81792449951172,37100,0.0,0.0,0.0
2021-06-30 00:00:00-04:00,42.874273436634525,42.94940720910005,42.808530042197326,42.91183853149414,42800,0.0,0.0,0.0
2021-07-01 00:00:00-04:00,43.099681083583874,43.221777502211324,43.02454730632996,43.118465423583984,67600,0.0,0.0,0.0
2021-07-02 00:00:00-04:00,43.25934604663001,43.25934604663001,43.048024909350985,43.16542434692383,10700,0.0,0.0,0.0
2021-07-06 00:00:00-04:00,43.099687840105155,43.099687840105155,42.48921281675985,42.78036117553711,21800,0.0,0.0,0.0
2021-07-07 00:00:00-04:00,42.74279022216797,42.89306137500778,42.451641878835964,42.74279022216797,32900,0.0,0.0,0.0
2021-07-08 00:00:00-04:00,42.11352355597106,42.545552597312316,41.95385846858634,42.338932037353516,28800,0.0,0.0,0.0
2021-07-09 00:00:00-04:00,42.639476797796284,43.043331146240234,42.639476797796284,43.043331146240234,20600,0.0,0.0,0.0
2021-07-12 00:00:00-04:00,42.96819201890799,43.080894470214844,42.81792088958341,43.080894470214844,32700,0.0,0.0,0.0
2021-07-13 00:00:00-04:00,42.92124322279213,42.968202290166374,42.48921407055361,42.52677917480469,17000,0.0,0.0,0.0
2021-07-14 00:00:00-04:00,42.63948202364241,42.76157487306838,42.21120762271856,42.245018005371094,39200,0.0,0.0,0.0
2021-07-15 00:00:00-04:00,42.04778199376318,42.22622784485292,41.89281387998327,42.113525390625,36200,0.0,0.0,0.0
2021-07-16 00:00:00-04:00,42.273192164361646,42.273192164361646,41.700285860785925,41.71906661987305,21000,0.0,0.0,0.0
2021-07-19 00:00:00-04:00,41.28703338986456,41.28703338986456,40.808045260464134,41.09919357299805,128000,0.0,0.0,0.0
2021-07-20 00:00:00-04:00,41.18373059512538,42.03839855091889,41.18373059512538,41.869346618652344,1154600,0.0,0.0,0.0
2021-07-21 00:00:00-04:00,42.13231232203332,42.42346064526197,42.13231232203332,42.36711120605469,26100,0.0,0.0,0.0
2021-07-22 00:00:00-04:00,42.32015565582796,42.32015565582796,41.970773339679894,42.151100158691406,11300,0.0,0.0,0.0
2021-07-23 00:00:00-04:00,42.25441620916859,42.442252483369785,42.12292580138156,42.41407775878906,17400,0.0,0.0,0.0
2021-07-26 00:00:00-04:00,42.423469961936114,42.603796805593156,42.423469961936114,42.592525482177734,21000,0.0,0.0,0.0
2021-07-27 00:00:00-04:00,42.30042658701445,42.4516364000245,42.21683753009377,42.423458099365234,19300,0.0,0.0,0.0
2021-07-28 00:00:00-04:00,42.51738189679168,42.77096511877016,42.310757734569236,42.60190963745117,14800,0.0,0.0,0.0
2021-07-29 00:00:00-04:00,42.84609690677807,43.04333068098253,42.84609690677807,42.87427520751953,17500,0.0,0.0,0.0
2021-07-30 00:00:00-04:00,42.714620318819314,43.019859640103675,42.67705163068489,42.72401428222656,17000,0.0,0.0,0.0
2021-08-02 00:00:00-04:00,42.89305873431471,43.10907686204808,42.564341727323345,42.583126068115234,13800,0.0,0.0,0.0
2021-08-03 00:00:00-04:00,42.461021500753226,42.86487579345703,42.32014434595287,42.86487579345703,1212400,0.0,0.0,0.0
2021-08-04 00:00:00-04:00,42.648865951011366,42.67704066850147,42.39528274536133,42.39528274536133,57400,0.0,0.0,0.0
2021-08-05 00:00:00-04:00,42.545554809010355,42.74278500125645,42.545554809010355,42.733394622802734,18200,0.0,0.0,0.0
2021-08-06 00:00:00-04:00,42.87427597810003,42.940019376434314,42.81792295835072,42.855491638183594,29700,0.0,0.0,0.0
2021-08-09 00:00:00-04:00,42.78974823984932,42.9118410751864,42.67234880243146,42.855491638183594,23200,0.0,0.0,0.0
2021-08-10 00:00:00-04:00,42.87427634256833,43.08089691791258,42.84609804108088,42.97758483886719,19300,0.0,0.0,0.0
2021-08-11 00:00:00-04:00,43.118471223389726,43.24995803833008,42.96350308460416,43.24995803833008,24600,0.0,0.0,0.0
2021-08-12 00:00:00-04:00,43.184212364023246,43.23117142650167,43.01045989183158,43.21238708496094,12500,0.0,0.0,0.0
2021-08-13 00:00:00-04:00,43.31568944891421,43.31568944891421,43.1560279557777,43.158843994140625,13400,0.0,0.0,0.0
2021-08-16 00:00:00-04:00,43.04333868665257,43.04333868665257,42.79914580945661,42.996376037597656,15600,0.0,0.0,0.0
2021-08-17 00:00:00-04:00,42.72401124092341,42.78036068636651,42.35302853318582,42.70522689819336,19000,0.0,0.0,0.0
2021-08-18 00:00:00-04:00,42.56433925939403,42.75875341343371,42.26379698964295,42.2825813293457,11900,0.0,0.0,0.0
2021-08-19 00:00:00-04:00,41.94447390006023,42.170821092314405,41.85994615567773,41.97264862060547,63300,0.0,0.0,0.0
2021-08-20 00:00:00-04:00,41.982038030272214,42.39528274536133,41.982038030272214,42.39528274536133,42400,0.0,0.0,0.0
2021-08-23 00:00:00-04:00,42.65825799503808,42.83670743343406,42.65825799503808,42.80853271484375,29400,0.0,0.0,0.0
2021-08-24 00:00:00-04:00,42.92123979407926,43.13725435294245,42.92123979407926,43.09968566894531,33100,0.0,0.0,0.0
2021-08-25 00:00:00-04:00,43.09968836885417,43.36735898929449,43.06587798423751,43.306312561035156,16300,0.0,0.0,0.0
2021-08-26 00:00:00-04:00,43.24056458028582,43.30912402201834,42.92123794555664,42.92123794555664,44200,0.0,0.0,0.0
2021-08-27 00:00:00-04:00,43.080898245911094,43.616239414969925,43.080898245911094,43.57867431640625,23000,0.0,0.0,0.0
2021-08-30 00:00:00-04:00,43.63502366037368,43.63502366037368,43.44718383697876,43.53171157836914,31500,0.0,0.0,0.0
2021-08-31 00:00:00-04:00,43.43779436555681,43.54110644971977,43.428403986426865,43.46596908569336,21600,0.0,0.0,0.0
2021-09-01 00:00:00-04:00,43.597454167048106,43.714853606639785,43.456576989186026,43.64441680908203,19200,0.0,0.0,0.0
2021-09-02 00:00:00-04:00,43.77590529007461,44.01915587776138,43.77590529007461,43.9637451171875,27700,0.0,0.0,0.0
2021-09-03 00:00:00-04:00,43.92617202167981,43.92617202167981,43.75054221299175,43.841644287109375,20400,0.0,0.0,0.0
2021-09-07 00:00:00-04:00,43.785292650604404,43.785292650604404,43.419006983496956,43.447181701660156,19100,0.0,0.0,0.0
2021-09-08 00:00:00-04:00,43.37204578570639,43.48474823554502,43.202990319575306,43.36265182495117,16800,0.0,0.0,0.0
2021-09-09 00:00:00-04:00,43.2499557680424,43.530775045994744,43.184212364023246,43.21238708496094,19900,0.0,0.0,0.0
2021-09-10 00:00:00-04:00,43.29690800978676,43.29690800978676,42.81791991556883,42.83670425415039,25600,0.0,0.0,0.0
2021-09-13 00:00:00-04:00,43.109070592943,43.217076058356405,42.93062117274428,43.09028625488281,21800,0.0,0.0,0.0
2021-09-14 00:00:00-04:00,43.203002428763426,43.203002428763426,42.545564718732784,42.67705154418945,15100,0.0,0.0,0.0
2021-09-15 00:00:00-04:00,42.6770401383901,43.14194446768023,42.65825579938124,43.080894470214844,30100,0.0,0.0,0.0
2021-09-16 00:00:00-04:00,43.09028933515094,43.14570009105526,42.809470089157394,43.01515197753906,17400,0.0,0.0,0.0
2021-09-17 00:00:00-04:00,42.92123521063933,42.92123521063933,42.65825803348887,42.7146110534668,27100,0.0,0.0,0.0
2021-09-20 00:00:00-04:00,41.79419999113299,41.97640414848,41.3894069575933,41.85994338989258,48100,0.0,0.0,0.0
2021-09-21 00:00:00-04:00,42.13231712130433,42.13231712130433,41.70028798535199,41.80359649658203,57300,0.0,0.0,0.0
2021-09-22 00:00:00-04:00,42.085349638006065,42.50329132895736,42.066565298972186,42.226226806640625,18100,0.0,0.0,0.0
2021-09-23 00:00:00-04:00,42.47041873943337,42.97006853280546,42.3764970462364,42.78974533081055,17500,0.0,0.0,0.0
2021-09-24 00:00:00-04:00,42.60191303167577,42.827317969562046,42.60191303167577,42.74279022216797,40100,0.0,0.0,0.0
2021-09-27 00:00:00-04:00,42.808531409599205,43.18420744941938,42.808531409599205,43.01515197753906,50000,0.0,0.0,0.0
2021-09-28 00:00:00-04:00,42.96819871904527,42.96819871904527,42.40937619031857,42.432857513427734,24600,0.0,0.0,0.0
2021-09-29 00:00:00-04:00,42.52677027335783,42.63947631076169,42.41406781870041,42.470420837402344,13200,0.0,0.0,0.0
2021-09-30 00:00:00-04:00,42.63008028381582,42.63008028381582,41.93507766723633,41.93507766723633,50800,0.0,0.0,0.0
2021-10-01 00:00:00-04:00,42.151095625626596,42.67234942194917,41.902209387926845,42.47981262207031,29700,0.0,0.0,0.0
2021-10-04 00:00:00-04:00,42.51738545022385,42.65826264126588,42.1886648389653,42.29197692871094,26500,0.0,0.0,0.0
2021-10-05 00:00:00-04:00,42.42345960150287,42.73339584050399,42.24501374382579,42.47981262207031,40100,0.0,0.0,0.0
2021-10-06 00:00:00-04:00,42.15109864458183,42.517384347638036,41.803593700313336,42.498600006103516,19100,0.0,0.0,0.0
2021-10-07 00:00:00-04:00,42.827313701004755,43.2029933370341,42.827313701004755,42.97758483886719,33100,0.0,0.0,0.0
2021-10-08 00:00:00-04:00,43.033939042206086,43.11658942426398,42.80853412058876,42.81792449951172,79500,0.0,0.0,0.0
2021-10-11 00:00:00-04:00,42.9118397376096,43.19360124482705,42.639475774177185,42.65825653076172,45000,0.0,0.0,0.0
2021-10-12 00:00:00-04:00,42.75217652190649,42.949406702893505,42.72869520299298,42.83670425415039,23700,0.0,0.0,0.0
2021-10-13 00:00:00-04:00,42.874273404096485,43.02454453165979,42.55964020781863,43.005760192871094,21400,0.0,0.0,0.0
2021-10-14 00:00:00-04:00,43.37204924937016,43.681981906863975,43.302547548667064,43.64441680908203,36200,0.0,0.0,0.0
2021-10-15 00:00:00-04:00,43.91678064939847,44.02948669063332,43.691375732421875,43.691375732421875,24400,0.0,0.0,0.0
2021-10-18 00:00:00-04:00,43.5504971425074,43.803141694157745,43.46596939874227,43.681983947753906,38400,0.0,0.0,0.0
2021-10-19 00:00:00-04:00,43.879221953609964,43.976898387283,43.743976834044126,43.94496536254883,39100,0.0,0.0,0.0
2021-10-20 00:00:00-04:00,43.95434740719257,44.29809401070451,43.92147570895689,44.27367401123047,42000,0.0,0.0,0.0
2021-10-21 00:00:00-04:00,44.20793379045675,44.29246153238435,44.04827226834164,44.24550247192383,20500,0.0,0.0,0.0
2021-10-22 00:00:00-04:00,44.2736762839028,44.45212572583934,44.13937344539427,44.31124496459961,18500,0.0,0.0,0.0
2021-10-25 00:00:00-04:00,44.45212618388068,44.59676166503249,44.292461080647335,44.48030090332031,16800,0.0,0.0,0.0
2021-10-26 00:00:00-04:00,44.61179249954024,44.625879860774255,44.320640563964844,44.320640563964844,26200,0.0,0.0,0.0
2021-10-27 00:00:00-04:00,44.2830700470805,44.2830700470805,43.62563246881778,43.64441680908203,34100,0.0,0.0,0.0
2021-10-28 00:00:00-04:00,43.69137044199385,44.13279342651367,43.69137044199385,44.13279342651367,27500,0.0,0.0,0.0
2021-10-29 00:00:00-04:00,44.020096597715984,44.160977370267105,43.860435066055125,44.001312255859375,43500,0.0,0.0,0.0
2021-11-01 00:00:00-04:00,44.147827715155316,44.5648307800293,44.14219205444799,44.5648307800293,28600,0.0,0.0,0.0
2021-11-02 00:00:00-04:00,44.621181628409744,44.65123729221412,44.42395141116919,44.574222564697266,42200,0.0,0.0,0.0
2021-11-03 00:00:00-04:00,44.527266769398494,45.01564894989994,44.527266769398494,44.90294647216797,67000,0.0,0.0,0.0
2021-11-04 00:00:00-04:00,45.05320951904642,45.09077461635715,44.60239610659884,44.733882904052734,14500,0.0,0.0,0.0
2021-11-05 00:00:00-04:00,45.08138656616211,45.24480639183063,44.931115420918104,45.08138656616211,29700,0.0,0.0,0.0
2021-11-08 00:00:00-05:00,45.306789695071814,45.306789695071814,45.03911913743185,45.11894989013672,24200,0.0,0.0,0.0
2021-11-09 00:00:00-05:00,45.137740996164425,45.137740996164425,44.809020392558125,45.09077835083008,29700,0.0,0.0,0.0
2021-11-10 00:00:00-05:00,44.94050672071631,45.09077786903883,44.53665233783448,44.61178970336914,51200,0.0,0.0,0.0
2021-11-11 00:00:00-05:00,44.696312551819474,44.88602972144048,44.696312551819474,44.81840896606445,13300,0.0,0.0,0.0
2021-11-12 00:00:00-05:00,44.87476090321831,45.03442600501691,44.83625354286531,45.02503204345703,18800,0.0,0.0,0.0
2021-11-15 00:00:00-05:00,45.109561148560466,45.14712983044344,44.99779736529331,45.12834548950195,80300,0.0,0.0,0.0
2021-11-16 00:00:00-05:00,45.11895447617548,45.21756957767206,45.025032772788286,45.10017013549805,30600,0.0,0.0,0.0
2021-11-17 00:00:00-05:00,44.99686238450212,44.99686238450212,44.65875138525525,44.771453857421875,30000,0.0,0.0,0.0
2021-11-18 00:00:00-05:00,44.76205052437902,44.76205052437902,44.283062469219445,44.452117919921875,19600,0.0,0.0,0.0
2021-11-19 00:00:00-05:00,44.30185286684566,44.305611168172085,44.05766359753646,44.085838317871094,34000,0.0,0.0,0.0
2021-11-22 00:00:00-05:00,44.24549587135524,44.499079059308364,44.13279342651367,44.13279342651367,35100,0.0,0.0,0.0
2021-11-23 00:00:00-05:00,44.14219038926269,44.40047059591554,44.0294879276081,44.24550247192383,43200,0.0,0.0,0.0
2021-11-24 00:00:00-05:00,44.08583632784352,44.40516294729303,44.05766160878069,44.35820388793945,18100,0.0,0.0,0.0
2021-11-26 00:00:00-05:00,43.6350217866003,43.6350217866003,42.99636856413055,43.35326385498047,47200,0.0,0.0,0.0
2021-11-29 00:00:00-05:00,43.766508310913444,43.766508310913444,43.246196790734516,43.447181701660156,1311300,0.0,0.0,0.0
2021-11-30 00:00:00-05:00,43.07151100024841,43.12880270600241,42.26380220705191,42.29197692871094,62300,0.0,0.0,0.0
2021-12-01 00:00:00-05:00,42.817921352923854,43.099679275613106,41.56878966591482,41.58757400512695,45600,0.0,0.0,0.0
2021-12-02 00:00:00-05:00,41.737848646213635,42.70522249188917,41.53122806299621,42.583126068115234,31100,0.0,0.0,0.0
2021-12-03 00:00:00-05:00,42.75218385313111,42.75218385313111,41.990495452803124,42.21684265136719,20100,0.0,0.0,0.0
2021-12-06 00:00:00-05:00,42.461021500753226,43.062105959825125,42.39527811196386,42.86487579345703,14800,0.0,0.0,0.0
2021-12-07 00:00:00-05:00,43.3063066151039,43.8134730629615,43.3063066151039,43.625633239746094,21900,0.0,0.0,0.0
2021-12-08 00:00:00-05:00,43.728944006389504,43.897999483923925,43.58806324752865,43.832252502441406,14300,0.0,0.0,0.0
2021-12-09 00:00:00-05:00,43.69137237920441,43.728941056732715,43.36265182495117,43.36265182495117,17500,0.0,0.0,0.0
2021-12-10 00:00:00-05:00,43.59745753208004,43.61624187379415,43.18421276261015,43.475364685058594,22400,0.0,0.0,0.0
2021-12-13 00:00:00-05:00,43.2029922558658,43.35326338996765,43.07150546136999,43.184207916259766,1283500,0.0,0.0,0.0
2021-12-14 00:00:00-05:00,42.90245119669752,43.26967555206622,42.86488251642672,42.930625915527344,21600,0.0,0.0,0.0
2021-12-15 00:00:00-05:00,42.902450447839435,43.381438573318505,42.58406251618296,43.35326385498047,30300,0.0,0.0,0.0
2021-12-16 00:00:00-05:00,43.55049587316421,43.813473058739085,43.09404678668568,43.221778869628906,27400,0.0,0.0,0.0
2021-12-17 00:00:00-05:00,42.99637507049861,43.447188545858374,42.733401438892166,43.15604019165039,36600,0.0,0.0,0.0
2021-12-20 00:00:00-05:00,42.550854638900965,42.57909255178942,42.07650078628518,42.513206481933594,32300,0.097,0.0,0.0
2021-12-21 00:00:00-05:00,42.83321150791077,43.44404086807712,42.83321150791077,43.40733337402344,18500,0.0,0.0,0.0
2021-12-22 00:00:00-05:00,43.420503299090285,43.71791868760705,43.420503299090285,43.670860290527344,12400,0.0,0.0,0.0
2021-12-23 00:00:00-05:00,43.793217342155415,44.09439543268861,43.793217342155415,44.011573791503906,48600,0.0,0.0,0.0
2021-12-27 00:00:00-05:00,44.047330881035755,44.423805236816406,43.91556593361019,44.423805236816406,27800,0.0,0.0,0.0
2021-12-28 00:00:00-05:00,44.46146454076898,44.727816498294175,44.3616965495616,44.47087478637695,21300,0.0,0.0,0.0
2021-12-29 00:00:00-05:00,44.480284729017335,44.564991300217955,44.339109503900566,44.5179328918457,20500,0.0,0.0,0.0
2021-12-30 00:00:00-05:00,44.564984206399664,44.809693635505006,44.564984206399664,44.574398040771484,29600,0.0,0.0,0.0
2021-12-31 00:00:00-05:00,44.53675605813276,44.75322760445828,44.51793197710537,44.555580139160156,15200,0.0,0.0,0.0
2022-01-03 00:00:00-05:00,44.677930989795314,44.7908718758229,44.43322154802185,44.7061653137207,54300,0.0,0.0,0.0
2022-01-04 00:00:00-05:00,44.82851525990294,44.97910428867577,44.74380870682288,44.8943977355957,31300,0.0,0.0,0.0
2022-01-05 00:00:00-05:00,44.86616513268679,45.073226418119965,44.03792717160623,44.0567512512207,55600,0.0,0.0,0.0
2022-01-06 00:00:00-05:00,44.1038037959473,44.3663930295813,43.85909438379457,44.13203811645508,52200,0.0,0.0,0.0
2022-01-07 00:00:00-05:00,44.09439468383789,44.386162524854505,43.97204355498582,44.09439468383789,73300,0.0,0.0,0.0
2022-01-10 00:00:00-05:00,43.943803012946994,43.943803012946994,43.30097672607488,43.906158447265625,131200,0.0,0.0,0.0
2022-01-11 00:00:00-05:00,43.93439468340665,44.38616180419922,43.71321624513483,44.38616180419922,28500,0.0,0.0,0.0
2022-01-12 00:00:00-05:00,44.54615556085743,44.66850666267889,44.185679731140965,44.36732864379883,45300,0.0,0.0,0.0
2022-01-13 00:00:00-05:00,44.442634143510865,44.5743991052562,44.04733566794895,44.084983825683594,21900,0.0,0.0,0.0
2022-01-14 00:00:00-05:00,43.89674898081213,44.066162109375,43.57674680356293,44.066162109375,30000,0.0,0.0,0.0
2022-01-18 00:00:00-05:00,43.802626748473664,43.802626748473664,43.15226797395112,43.249210357666016,25400,0.0,0.0,0.0
2022-01-19 00:00:00-05:00,43.45438095912489,43.593678396498596,42.833200843469164,42.8614387512207,35200,0.0,0.0,0.0
2022-01-20 00:00:00-05:00,43.0402663782226,43.50144728743098,42.259086932016274,42.315555572509766,60600,0.0,0.0,0.0
2022-01-21 00:00:00-05:00,42.13673689889739,42.37203250124304,41.515556652317926,41.572025299072266,44500,0.0,0.0,0.0
2022-01-24 00:00:00-05:00,40.96026102298605,41.94850188630304,40.1226092094095,41.90144348144531,182300,0.0,0.0,0.0
2022-01-25 00:00:00-05:00,41.35554821120447,41.88261158205765,40.8567227502549,41.496726989746094,44700,0.0,0.0,0.0
2022-01-26 00:00:00-05:00,41.995552813349846,42.14614183627611,40.88495742289663,41.14849090576172,35300,0.0,0.0,0.0
2022-01-27 00:00:00-05:00,41.45909033745545,41.86850603653715,40.61202820220823,40.79085159301758,55800,0.0,0.0,0.0
2022-01-28 00:00:00-05:00,40.734368586230566,41.553199768066406,40.44542636839983,41.553199768066406,70100,0.0,0.0,0.0
2022-01-31 00:00:00-05:00,41.38378792166871,42.343794322674256,41.38378792166871,42.32497024536133,105200,0.0,0.0,0.0
2022-02-01 00:00:00-05:00,42.28733012327803,42.82380386246078,42.12732723088816,42.786155700683594,105300,0.0,0.0,0.0
2022-02-02 00:00:00-05:00,42.76733657320905,42.899105154690936,42.55086500340747,42.85204315185547,65600,0.0,0.0,0.0
2022-02-03 00:00:00-05:00,42.44733146114001,42.63745001980876,42.15556716918945,42.15556716918945,71200,0.0,0.0,0.0
2022-02-04 00:00:00-05:00,42.0896758601224,42.50756105349405,41.79790803897191,42.240264892578125,40600,0.0,0.0,0.0
2022-02-07 00:00:00-05:00,42.27791740420997,42.53109645190734,42.203565334513804,42.2967414855957,23600,0.0,0.0,0.0
2022-02-08 00:00:00-05:00,42.27791257193124,42.70144537888512,42.18379576608638,42.635562896728516,28600,0.0,0.0,0.0
2022-02-09 00:00:00-05:00,42.97438563516907,43.444976806640625,42.97438563516907,43.444976806640625,50100,0.0,0.0,0.0
2022-02-10 00:00:00-05:00,42.90850041314973,43.661445521266465,42.68261508555197,42.804969787597656,8400,0.0,0.0,0.0
2022-02-11 00:00:00-05:00,42.81439790623005,43.1814585445131,42.353216854075264,42.437923431396484,49100,0.0,0.0,0.0
2022-02-14 00:00:00-05:00,42.475564373450524,42.475564373450524,41.87320818841628,42.08967971801758,200200,0.0,0.0,0.0
2022-02-15 00:00:00-05:00,42.39086077300213,42.83321410774192,42.39086077300213,42.786155700683594,57300,0.0,0.0,0.0
2022-02-16 00:00:00-05:00,42.63555839058876,42.9649743568819,42.61108673113814,42.92732620239258,52300,0.0,0.0,0.0
2022-02-17 00:00:00-05:00,42.64498252478652,42.64498252478652,42.11791900560664,42.15556716918945,43700,0.0,0.0,0.0
2022-02-18 00:00:00-05:00,42.04261279322536,42.324970363380984,41.717907332067426,41.87320327758789,39400,0.0,0.0,0.0
2022-02-22 00:00:00-05:00,41.8073150152632,41.967317869300544,41.195548689492185,41.39319610595703,130500,0.0,0.0,0.0
2022-02-23 00:00:00-05:00,41.609671919430795,41.65108632788959,40.7155479454947,40.7437858581543,51200,0.0,0.0,0.0
2022-02-24 00:00:00-05:00,39.92496186445623,41.22944236634673,39.830845046018666,41.195560455322266,51700,0.0,0.0,0.0
2022-02-25 00:00:00-05:00,41.38379054268945,42.36261749267578,41.34331679922417,42.36261749267578,60800,0.0,0.0,0.0
2022-02-28 00:00:00-05:00,41.89202712996279,42.55085552937586,41.89202712996279,42.372032165527344,23900,0.0,0.0,0.0
2022-03-01 00:00:00-05:00,42.4284909333223,42.46613548880142,41.581425604358095,41.84495544433594,1370100,0.0,0.0,0.0
2022-03-02 00:00:00-05:00,42.06143434783377,42.74849697399754,42.06143434783377,42.64496994018555,25900,0.0,0.0,0.0
2022-03-03 00:00:00-05:00,42.833211559825834,42.85297630503421,42.2929751907969,42.55085754394531,73400,0.0,0.0,0.0
2022-03-04 00:00:00-05:00,42.22144958569885,42.306156158447266,41.882623294705176,42.306156158447266,22100,0.0,0.0,0.0
2022-03-07 00:00:00-05:00,42.34379281148617,42.34379281148617,41.29907989501953,41.29907989501953,25300,0.0,0.0,0.0
2022-03-08 00:00:00-05:00,41.41202909358762,41.92967873919221,41.15790939331055,41.15790939331055,38400,0.0,0.0,0.0
2022-03-09 00:00:00-05:00,41.69438128430322,42.13673817905662,41.656733125105895,41.939090728759766,20800,0.0,0.0,0.0
2022-03-10 00:00:00-05:00,41.534385471700666,42.03321105670054,41.48450147707013,41.98615264892578,23100,0.0,0.0,0.0
2022-03-11 00:00:00-05:00,42.12732451835793,42.24967924109234,41.47790992598502,41.48732376098633,39400,0.0,0.0,0.0
2022-03-14 00:00:00-04:00,41.487321620526835,41.64732090403336,40.88308054216096,41.00731658935547,36100,0.0,0.0,0.0
2022-03-15 00:00:00-04:00,40.997902965172436,41.53437659790538,40.997902965172436,41.51555252075195,56300,0.0,0.0,0.0
2022-03-16 00:00:00-04:00,41.87320316082795,42.3532045661679,41.449670397101144,42.32497024536133,142800,0.0,0.0,0.0
2022-03-17 00:00:00-04:00,42.36261723158864,43.02144561390469,42.34379674352535,43.01203536987305,25900,0.0,0.0,0.0
2022-03-18 00:00:00-04:00,42.76732501915287,43.34144683150374,42.76732501915287,43.30379867553711,38600,0.0,0.0,0.0
2022-03-21 00:00:00-04:00,43.503214143018376,43.6515971509395,43.07791946297833,43.35199737548828,106000,0.191,0.0,0.0
2022-03-22 00:00:00-04:00,43.47486632276956,43.815104983881504,43.47486632276956,43.730045318603516,44300,0.0,0.0,0.0
2022-03-23 00:00:00-04:00,43.635531744637284,43.69223938883908,43.26694107055664,43.26694107055664,3140200,0.0,0.0,0.0
2022-03-24 00:00:00-04:00,43.408706136086224,43.73004222604591,43.304743929732766,43.71113967895508,24800,0.0,0.0,0.0
2022-03-25 00:00:00-04:00,43.68279021505572,43.93796920776367,43.57410146425157,43.93796920776367,24100,0.0,0.0,0.0
2022-03-28 00:00:00-04:00,43.79620379264908,44.00412822650361,43.52212223989403,43.985225677490234,16700,0.0,0.0,0.0
2022-03-29 00:00:00-04:00,44.26875342246725,44.8358154296875,44.230948327241286,44.8358154296875,25900,0.0,0.0,0.0
2022-03-30 00:00:00-04:00,44.79802262563046,44.79802262563046,44.325469659559644,44.52394104003906,29900,0.0,0.0,0.0
2022-03-31 00:00:00-04:00,44.505026897134805,44.627891645794335,43.94741439819336,43.94741439819336,35300,0.0,0.0,0.0
2022-04-01 00:00:00-04:00,44.1269869241864,44.36326336572684,43.94741812652093,44.33491134643555,84300,0.0,0.0,0.0
2022-04-04 00:00:00-04:00,44.48613093603131,44.55228805541992,44.26875702871264,44.55228805541992,31800,0.0,0.0,0.0
2022-04-05 00:00:00-04:00,44.41996630049297,44.41996630049297,43.86235381336021,43.871803283691406,39400,0.0,0.0,0.0
2022-04-06 00:00:00-04:00,43.58828356295234,43.62608866462545,43.20079028403531,43.4937744140625,53000,0.0,0.0,0.0
2022-04-07 00:00:00-04:00,43.531574506420306,43.68279129041882,43.011763431463685,43.52212142944336,25900,0.0,0.0,0.0
2022-04-08 00:00:00-04:00,43.48431750632249,43.827393546116404,43.3803588938165,43.588279724121094,21600,0.0,0.0,0.0
2022-04-11 00:00:00-04:00,43.38980702388379,43.68279111904698,43.219687691891295,43.238590240478516,140000,0.0,0.0,0.0
2022-04-12 00:00:00-04:00,43.58827744689125,43.8245538912558,43.04956744216346,43.16297912597656,26900,0.0,0.0,0.0
2022-04-13 00:00:00-04:00,43.23859032373581,43.85291053547966,43.20078522648857,43.81510543823242,20900,0.0,0.0,0.0
2022-04-14 00:00:00-04:00,43.85291062307871,43.994674330100274,43.50321888078198,43.52212142944336,28800,0.0,0.0,0.0
2022-04-18 00:00:00-04:00,43.437059672227356,43.52211933446287,43.13462611878827,43.28584289550781,36800,0.0,0.0,0.0
2022-04-19 00:00:00-04:00,43.248040419987724,44.162905039062295,43.248040419987724,44.08918762207031,41400,0.0,0.0,0.0
2022-04-20 00:00:00-04:00,44.30656006130421,44.448323765402066,44.07973308733822,44.221500396728516,36700,0.0,0.0,0.0
2022-04-21 00:00:00-04:00,44.46723777326006,44.55985775995484,43.29530832074815,43.36146545410156,21800,0.0,0.0,0.0
2022-04-22 00:00:00-04:00,43.16297421910856,43.16297421910856,42.22732162475586,42.22732162475586,27900,0.0,0.0,0.0
2022-04-25 00:00:00-04:00,41.94379651652944,42.36909484863281,41.38145741045428,42.36909484863281,44700,0.0,0.0,0.0
2022-04-26 00:00:00-04:00,42.16117171690937,42.170621188894906,41.272769927978516,41.272769927978516,43900,0.0,0.0,0.0
2022-04-27 00:00:00-04:00,41.40508678858668,41.726422907845894,41.140454710478025,41.301124572753906,97300,0.0,0.0,0.0
2022-04-28 00:00:00-04:00,41.6886190397931,42.16117195821236,41.02515505959823,42.038307189941406,68800,0.0,0.0,0.0
2022-04-29 00:00:00-04:00,41.9532513367992,42.14227324242029,40.790771484375,40.790771484375,29200,0.0,0.0,0.0
2022-05-02 00:00:00-04:00,40.74351634527312,41.149912174880114,40.167001163491435,40.998695373535156,77100,0.0,0.0,0.0
2022-05-03 00:00:00-04:00,41.01758832960568,41.575200830121936,41.01758832960568,41.338924407958984,65600,0.0,0.0,0.0
2022-05-04 00:00:00-04:00,41.53739955648976,42.529759899758986,41.0742961401415,42.4919548034668,93800,0.0,0.0,0.0
2022-05-05 00:00:00-04:00,42.17062559130491,42.208430693778986,40.875831476558396,41.16881561279297,52100,0.0,0.0,0.0
2022-05-06 00:00:00-04:00,40.8758227925598,41.064844659479796,40.252053155428385,40.80966567993164,59500,0.0,0.0,0.0
2022-05-09 00:00:00-04:00,40.22371025533151,40.27096483145033,39.07540638970831,39.231346130371094,147000,0.0,0.0,0.0
2022-05-10 00:00:00-04:00,39.675535503686575,39.911811920648944,38.42799631054861,39.04231643676758,79100,0.0,0.0,0.0
2022-05-11 00:00:00-04:00,39.00451263943283,39.74642046910863,38.484705225920415,38.52250671386719,64800,0.0,0.0,0.0
2022-05-12 00:00:00-04:00,38.28623965356113,39.051776755078336,38.13502284891128,38.768245697021484,87400,0.0,0.0,0.0
2022-05-13 00:00:00-04:00,39.20298561667844,40.10083678968598,39.20298561667844,39.93071746826172,87700,0.0,0.0,0.0
2022-05-16 00:00:00-04:00,39.8929119139748,40.16699344036744,39.6377329347774,39.84565734863281,37600,0.0,0.0,0.0
2022-05-17 00:00:00-04:00,40.39382826422139,40.80022048950195,40.11974668447779,40.80022048950195,54400,0.0,0.0,0.0
2022-05-18 00:00:00-04:00,40.441072607737134,40.441072607737134,39.259690516639125,39.42035675048828,92500,0.0,0.0,0.0
2022-05-19 00:00:00-04:00,39.08012994081111,39.84566706508113,39.08012994081111,39.410919189453125,116600,0.0,0.0,0.0
2022-05-20 00:00:00-04:00,39.7889509773081,39.8078535251068,38.62269298099608,39.429813385009766,50400,0.0,0.0,0.0
2022-05-23 00:00:00-04:00,39.7795014143171,40.0630324200591,39.40145766979955,39.91181564331055,30200,0.0,0.0,0.0
2022-05-24 00:00:00-04:00,39.66609217622707,39.70389366877325,38.91945771772832,39.656639099121094,37400,0.0,0.0,0.0
2022-05-25 00:00:00-04:00,39.571576463345274,40.37491850834303,39.571576463345274,40.21424865722656,52800,0.0,0.0,0.0
2022-05-26 00:00:00-04:00,40.49778022114745,41.15935497171082,40.49778022114745,40.970333099365234,24600,0.0,0.0,0.0
2022-05-27 00:00:00-04:00,41.244414660655316,41.93434143066406,41.244414660655316,41.93434143066406,24700,0.0,0.0,0.0
2022-05-31 00:00:00-04:00,41.85873446661489,41.85873446661489,41.33892702599488,41.461788177490234,87500,0.0,0.0,0.0
2022-06-01 00:00:00-04:00,41.59410608782046,41.59410608782046,40.68680535419991,41.0837516784668,93300,0.0,0.0,0.0
2022-06-02 00:00:00-04:00,41.11210276592662,41.89654231935714,41.008140549901604,41.87763977050781,124100,0.0,0.0,0.0
2022-06-03 00:00:00-04:00,41.55630546528476,41.6791666302315,41.3086867514262,41.44289016723633,48300,0.0,0.0,0.0
2022-06-06 00:00:00-04:00,41.78312136707173,41.91071265320032,41.49959038331896,41.63190460205078,120500,0.0,0.0,0.0
2022-06-07 00:00:00-04:00,41.29166779976331,42.09500982865204,41.29166779976331,42.066654205322266,29100,0.0,0.0,0.0
2022-06-08 00:00:00-04:00,41.89654002373227,42.019401176582164,41.49014425897068,41.54684829711914,26700,0.0,0.0,0.0
2022-06-09 00:00:00-04:00,41.38618787028907,41.38618787028907,40.53559112548828,40.53559112548828,28600,0.0,0.0,0.0
2022-06-10 00:00:00-04:00,39.902371310219515,39.93072333285684,39.44872092155829,39.495975494384766,102600,0.0,0.0,0.0
2022-06-13 00:00:00-04:00,38.522507313992826,38.522507313992826,37.49234194158314,37.64356231689453,171900,0.0,0.0,0.0
2022-06-14 00:00:00-04:00,37.870379933841356,37.99324466752801,37.09539365420237,37.3978271484375,30300,0.0,0.0,0.0
2022-06-15 00:00:00-04:00,37.747522093818404,37.99325160606822,37.32222739351855,37.804229736328125,91200,0.0,0.0,0.0
2022-06-16 00:00:00-04:00,37.01035591373706,37.01035591373706,36.131406924243784,36.27317428588867,63300,0.0,0.0,0.0
2022-06-17 00:00:00-04:00,36.3582222216764,36.76461801462886,36.013257009410204,36.47163391113281,1080200,0.0,0.0,0.0
2022-06-21 00:00:00-04:00,37.08448160674903,37.38853036842024,36.96096428919626,37.103485107421875,69100,0.205,0.0,0.0
2022-06-22 00:00:00-04:00,36.59039627391017,37.33151819686192,36.58089633719453,36.970458984375,77300,0.0,0.0,0.0
2022-06-23 00:00:00-04:00,37.15098617439556,37.38852445843786,36.8849444561231,37.350521087646484,31800,0.0,0.0,0.0
2022-06-24 00:00:00-04:00,37.683078587147676,38.46220397949219,37.683078587147676,38.46220397949219,32200,0.0,0.0,0.0
2022-06-27 00:00:00-04:00,38.595224857519725,38.614228357887534,38.26267266245088,38.46220397949219,22400,0.0,0.0,0.0
2022-06-28 00:00:00-04:00,38.67123945745097,38.96578465634247,37.88261049044453,37.91111755371094,38800,0.0,0.0,0.0
2022-06-29 00:00:00-04:00,37.968113689050966,37.968113689050966,37.38851976875936,37.58805465698242,40500,0.0,0.0,0.0
2022-06-30 00:00:00-04:00,37.189000620560094,37.521556459574896,36.85644840609258,37.29351806640625,30800,0.0,0.0,0.0
2022-07-01 00:00:00-04:00,37.21750462915973,37.80660231028504,37.046480362354224,37.77809524536133,55700,0.0,0.0,0.0
2022-07-05 00:00:00-04:00,37.27450634636404,37.6735725402832,36.80132905021088,37.6735725402832,217700,0.0,0.0,0.0
2022-07-06 00:00:00-04:00,37.616560417537535,37.82559525407744,37.29540748905199,37.51204299926758,29800,0.0,0.0,0.0
2022-07-07 00:00:00-04:00,37.806604223771764,38.310184360160754,37.806604223771764,38.22467041015625,25200,0.0,0.0,0.0
2022-07-08 00:00:00-04:00,38.1201502102551,38.395695543139645,37.82560500055883,38.08689498901367,36800,0.0,0.0,0.0
2022-07-11 00:00:00-04:00,37.88261128479375,37.88261128479375,37.54150877071963,37.61656951904297,65900,0.0,0.0,0.0
2022-07-12 00:00:00-04:00,37.550060148550244,37.7970984202863,37.27451481213699,37.46454620361328,45300,0.0,0.0,0.0
2022-07-13 00:00:00-04:00,36.98946679920218,37.540553806689395,36.98946679920218,37.34102249145508,24200,0.0,0.0,0.0
2022-07-14 00:00:00-04:00,36.770932672930144,36.93245699080033,36.46688391319452,36.903953552246094,22200,0.0,0.0,0.0
2022-07-15 00:00:00-04:00,37.284018498002204,37.5500602722168,37.131994109229964,37.5500602722168,20400,0.0,0.0,0.0
2022-07-18 00:00:00-04:00,37.93962166049662,38.07264254292506,37.445541508228715,37.53105545043945,1391800,0.0,0.0,0.0
2022-07-19 00:00:00-04:00,37.89211491292657,38.585726392363526,37.8541079107403,38.5382194519043,21300,0.0,0.0,0.0
2022-07-20 00:00:00-04:00,38.58571930474358,39.00378537835841,38.51445709487093,38.90877151489258,30500,0.0,0.0,0.0
2022-07-21 00:00:00-04:00,38.69974709043152,39.16532384573907,38.538222754120206,39.14632034301758,28500,0.0,0.0,0.0
2022-07-22 00:00:00-04:00,39.174807913679466,39.36483923935814,38.604717561189496,38.7757453918457,35600,0.0,0.0,0.0
2022-07-25 00:00:00-04:00,38.84227131211745,39.01329921102215,38.652239910606944,38.97529220581055,17000,0.0,0.0,0.0
2022-07-26 00:00:00-04:00,38.766246653013354,38.83275708159019,38.57621530370247,38.68073272705078,15800,0.0,0.0,0.0
2022-07-27 00:00:00-04:00,38.91828096027678,39.5168785950965,38.8422705758419,39.41236114501953,22800,0.0,0.0,0.0
2022-07-28 00:00:00-04:00,39.611884438094066,40.020450592041016,39.24132528092048,40.020450592041016,145900,0.0,0.0,0.0
2022-07-29 00:00:00-04:00,40.03945596899224,40.45752570402082,39.858928162668825,40.35300827026367,23000,0.0,0.0,0.0
2022-08-01 00:00:00-04:00,40.16297921454463,40.38151403200749,39.963447897454245,40.30550003051758,35600,0.0,0.0,0.0
2022-08-02 00:00:00-04:00,40.162977803904234,40.53353698678472,39.98244999352699,40.14397430419922,37300,0.0,0.0,0.0
2022-08-03 00:00:00-04:00,40.38151458657327,40.65705990893767,40.196234986080995,40.59054946899414,30900,0.0,0.0,0.0
2022-08-04 00:00:00-04:00,40.61904246889284,40.61904246889284,40.448014631691706,40.467018127441406,114000,0.0,0.0,0.0
2022-08-05 00:00:00-04:00,40.1249766310125,40.72357427272818,40.1249766310125,40.70457077026367,149300,0.0,0.0,0.0
2022-08-08 00:00:00-04:00,40.98011264119346,41.39817878628879,40.9421056394901,40.9896125793457,130100,0.0,0.0,0.0
2022-08-09 00:00:00-04:00,40.89460453790679,40.91360804147148,40.50504177619989,40.62855911254883,35700,0.0,0.0,0.0
2022-08-10 00:00:00-04:00,41.26515995288516,41.597712172926286,41.20814944750068,41.55020523071289,25200,0.0,0.0,0.0
2022-08-11 00:00:00-04:00,41.882756145879654,42.281818762961024,41.66421771323383,41.73072814941406,67900,0.0,0.0,0.0
2022-08-12 00:00:00-04:00,41.97777225169047,42.37683488999579,41.89225831140403,42.348331451416016,19300,0.0,0.0,0.0
2022-08-15 00:00:00-04:00,42.10129069648157,42.44334281279632,42.051880873023066,42.395835876464844,65600,0.0,0.0,0.0
2022-08-16 00:00:00-04:00,42.31983089570594,42.70559147234616,42.2343169495942,42.557369232177734,30700,0.0,0.0,0.0
2022-08-17 00:00:00-04:00,42.167803158326876,42.23146107874185,41.80674390067514,41.94926834106445,29000,0.0,0.0,0.0
2022-08-18 00:00:00-04:00,42.12029264570252,42.17729951738341,41.92075772117909,42.14879608154297,15600,0.0,0.0,0.0
2022-08-19 00:00:00-04:00,41.83524922235743,41.83524922235743,41.398179568155705,41.47419357299805,8000,0.0,0.0,0.0
2022-08-22 00:00:00-04:00,41.04662656552977,41.04662656552977,40.65706382637615,40.70457077026367,9500,0.0,0.0,0.0
2022-08-23 00:00:00-04:00,40.752067598676255,41.08462337243688,40.64755017333853,40.69506072998047,26500,0.0,0.0,0.0
2022-08-24 00:00:00-04:00,40.69506737751267,41.10362995990858,40.69506737751267,40.9896125793457,16300,0.0,0.0,0.0
2022-08-25 00:00:00-04:00,41.2081473579968,41.6129150390625,41.19864741985477,41.6129150390625,28000,0.0,0.0,0.0
2022-08-26 00:00:00-04:00,41.6547159191181,41.70222285362268,40.448020935058594,40.448020935058594,45800,0.0,0.0,0.0
2022-08-29 00:00:00-04:00,40.14397577500623,40.49268257704809,40.14397577500623,40.21998977661133,31800,0.0,0.0,0.0
2022-08-30 00:00:00-04:00,40.27699320189671,40.27699320189671,39.5263713108297,39.6403923034668,24800,0.0,0.0,0.0
2022-08-31 00:00:00-04:00,39.754420758059204,39.86843815794608,39.44086837768555,39.44086837768555,19900,0.0,0.0,0.0
2022-09-01 00:00:00-04:00,39.117809422709875,39.20332336425781,38.656988119168005,39.20332336425781,23200,0.0,0.0,0.0
2022-09-02 00:00:00-04:00,39.57388851189171,39.763916282419814,38.90402865977376,38.9562873840332,24300,0.0,0.0,0.0
2022-09-06 00:00:00-04:00,39.07029050332889,39.07029050332889,38.595214001405225,38.7757453918457,44000,0.0,0.0,0.0
2022-09-07 00:00:00-04:00,38.652234378912944,39.622340757135646,38.652234378912944,39.5928840637207,16200,0.0,0.0,0.0
2022-09-08 00:00:00-04:00,39.39335587512275,39.97294998168945,39.29834199270574,39.97294998168945,20000,0.0,0.0,0.0
2022-09-09 00:00:00-04:00,40.29600702511543,40.74258029932924,40.29600702511543,40.657066345214844,29600,0.0,0.0,0.0
2022-09-12 00:00:00-04:00,40.88509707619187,41.132138974434135,40.85659363583597,41.039024353027344,25700,0.0,0.0,0.0
2022-09-13 00:00:00-04:00,40.12497763123301,40.257998527252944,39.421866145256885,39.51688003540039,22600,0.0,0.0,0.0
2022-09-14 00:00:00-04:00,39.412356251623,39.67839800093477,39.28883531463668,39.5928840637207,33600,0.0,0.0,0.0
2022-09-15 00:00:00-04:00,39.393354769351745,39.74966225523491,39.11780944371077,39.17481994628906,21600,0.0,0.0,0.0
2022-09-16 00:00:00-04:00,38.69973873489333,38.73774573213033,38.35768300885384,38.63322830200195,19100,0.0,0.0,0.0
2022-09-19 00:00:00-04:00,38.26727544881798,38.888343811035156,38.26727544881798,38.888343811035156,34800,0.227,0.0,0.0
2022-09-20 00:00:00-04:00,38.60170327807997,38.62080982394761,38.08573906214484,38.238616943359375,35200,0.0,0.0,0.0
2022-09-21 00:00:00-04:00,38.46793241872826,38.69725106583571,37.63665915714422,37.65576934814453,36300,0.0,0.0,0.0
2022-09-22 00:00:00-04:00,37.61755004536089,37.61755004536089,36.93915464742045,36.97737503051758,23700,0.0,0.0,0.0
2022-09-23 00:00:00-04:00,36.576068185313076,36.576068185313076,35.79256855871311,36.15565490722656,101000,0.0,0.0,0.0
2022-09-26 00:00:00-04:00,36.01232716783372,36.30852964287235,35.42948278001605,35.44858932495117,227000,0.0,0.0,0.0
2022-09-27 00:00:00-04:00,35.88811640127534,36.01232716783372,35.24793779906824,35.44858932495117,54300,0.0,0.0,0.0
2022-09-28 00:00:00-04:00,35.668352309913075,36.537845842390226,35.525027718173504,36.413631439208984,40200,0.0,0.0,0.0
2022-09-29 00:00:00-04:00,36.060106972981494,36.060106972981494,35.31482409731379,35.58236312866211,40200,0.0,0.0,0.0
2022-09-30 00:00:00-04:00,35.52503399032294,36.02188804587458,35.27660514009891,35.29571533203125,29300,0.0,0.0,0.0
2022-10-03 00:00:00-04:00,35.71613810397807,36.556964817089295,35.71613810397807,36.375423431396484,39500,0.0,0.0,0.0
2022-10-04 00:00:00-04:00,36.9678227040457,37.732215881347656,36.9678227040457,37.732215881347656,26500,0.0,0.0,0.0
2022-10-05 00:00:00-04:00,37.25445859202242,37.657671510851145,36.91048251471817,37.474220275878906,101900,0.0,0.0,0.0
2022-10-06 00:00:00-04:00,37.33090275858352,37.67487890096995,37.00603680687368,37.08247756958008,269400,0.0,0.0,0.0
2022-10-07 00:00:00-04:00,36.738501350091475,36.738501350091475,35.96455503134626,36.107879638671875,41700,0.0,0.0,0.0
2022-10-10 00:00:00-04:00,36.25119723872005,36.25119723872005,35.70656961323204,35.85944747924805,52000,0.0,0.0,0.0
2022-10-11 00:00:00-04:00,35.66835564955751,36.20342639970651,35.381706439239274,35.716129302978516,53900,0.0,0.0,0.0
2022-10-12 00:00:00-04:00,35.76389389866161,35.76389389866161,35.44380649242206,35.544132232666016,26200,0.0,0.0,0.0
2022-10-13 00:00:00-04:00,34.83707257258618,36.46140201414108,34.6650845349571,36.346744537353516,55100,0.0,0.0,0.0
2022-10-14 00:00:00-04:00,36.50918099048125,36.652505591066934,35.39126222753853,35.419925689697266,45700,0.0,0.0,0.0
2022-10-17 00:00:00-04:00,36.07921406236404,36.47096387480729,36.07921406236404,36.30853271484375,41300,0.0,0.0,0.0
2022-10-18 00:00:00-04:00,37.025138715584745,37.20668001906012,36.528284803820426,36.843597412109375,31800,0.0,0.0,0.0
2022-10-19 00:00:00-04:00,36.595178296771145,36.732769488258974,36.065837292840065,36.30853271484375,29900,0.0,0.0,0.0
2022-10-20 00:00:00-04:00,36.327640153210815,36.709833018517514,35.883338259180945,35.96455383300781,24500,0.0,0.0,0.0
2022-10-21 00:00:00-04:00,36.00276872535749,36.74040445141386,35.821227415375084,36.7098274230957,42300,0.0,0.0,0.0
2022-10-24 00:00:00-04:00,36.891378283481856,37.04425615975407,36.719390217063605,36.96781539916992,26900,0.0,0.0,0.0
2022-10-25 00:00:00-04:00,36.98692394315573,37.86597442626953,36.98692394315573,37.86597442626953,25100,0.0,0.0,0.0
2022-10-26 00:00:00-04:00,37.91375367904489,38.42016101306487,37.885090213314385,37.94241714477539,44000,0.0,0.0,0.0
2022-10-27 00:00:00-04:00,38.209950481635,38.41060200156753,37.9758533968178,38.01885223388672,40200,0.0,0.0,0.0
2022-10-28 00:00:00-04:00,38.0666220568668,38.65902328491211,38.0666220568668,38.65902328491211,14700,0.0,0.0,0.0
2022-10-31 00:00:00-04:00,38.50614998169353,38.79279553592034,38.47748651973965,38.59214401245117,27300,0.0,0.0,0.0
2022-11-01 00:00:00-04:00,39.00300623106647,39.00300623106647,38.60170316093226,38.72018051147461,31600,0.0,0.0,0.0
2022-11-02 00:00:00-04:00,38.44881732285777,38.95522451462058,37.71309153498051,37.7226448059082,55100,0.0,0.0,0.0
2022-11-03 00:00:00-04:00,37.30223373229197,37.75131038908653,37.02514147614714,37.519126892089844,24400,0.0,0.0,0.0
2022-11-04 00:00:00-04:00,38.123959935706175,38.18128686384137,37.464671102981455,37.99018859863281,26500,0.0,0.0,0.0
2022-11-07 00:00:00-05:00,38.18128492997348,38.26727896271696,37.90228271616507,38.219505310058594,22000,0.0,0.0,0.0
2022-11-08 00:00:00-05:00,38.29595146655289,38.77369535024804,38.12396337683092,38.41729736328125,18000,0.0,0.0,0.0
2022-11-09 00:00:00-05:00,38.15261828365192,38.16217155542798,37.455112807335325,37.5124397277832,29900,0.0,0.0,0.0
2022-11-10 00:00:00-05:00,38.85013230963789,39.58585832475996,38.85013230963789,39.547637939453125,41900,0.0,0.0,0.0
2022-11-11 00:00:00-05:00,39.82472578972915,40.20692231004978,39.70051137389053,40.1018180847168,63100,0.0,0.0,0.0
2022-11-14 00:00:00-05:00,39.98716228739968,40.21361607047236,39.614522634963315,39.662296295166016,180000,0.0,0.0,0.0
2022-11-15 00:00:00-05:00,40.21647379107775,40.340688201382214,39.738729984410114,40.054039001464844,31900,0.0,0.0,0.0
2022-11-16 00:00:00-05:00,39.87249074816122,39.87249074816122,39.44252066779234,39.49985122680664,22000,0.0,0.0,0.0
2022-11-17 00:00:00-05:00,38.983892350523305,39.2132109723922,38.84057140113911,39.19887924194336,105000,0.0,0.0,0.0
2022-11-18 00:00:00-05:00,39.509411955942504,39.509411955942504,39.174992744133924,39.471195220947266,81900,0.0,0.0,0.0
2022-11-21 00:00:00-05:00,39.24188063019773,39.39953697982301,39.07944946626605,39.34698486328125,48800,0.0,0.0,0.0
2022-11-22 00:00:00-05:00,39.53808063249403,40.00626754760742,39.518970441789946,40.00626754760742,23500,0.0,0.0,0.0
2022-11-23 00:00:00-05:00,39.92027579828178,40.206925030364395,39.915500984004424,40.140037536621094,32900,0.0,0.0,0.0
2022-11-25 00:00:00-05:00,40.130483842388415,40.29100507793787,40.130483842388415,40.23558807373047,9300,0.0,0.0,0.0
2022-11-28 00:00:00-05:00,40.015818252142346,40.015818252142346,39.45781389185085,39.5380744934082,66400,0.0,0.0,0.0
2022-11-29 00:00:00-05:00,39.557195700678726,39.82473111373116,39.53808550761832,39.662296295166016,35600,0.0,0.0,0.0
2022-11-30 00:00:00-05:00,39.70050951813448,40.66555404663086,39.442527425711575,40.66555404663086,26500,0.0,0.0,0.0
2022-12-01 00:00:00-05:00,40.84709300012937,40.99041759142146,40.60822111123972,40.684661865234375,39800,0.0,0.0,0.0
2022-12-02 00:00:00-05:00,40.20692219736556,40.83754390269989,40.20692219736556,40.74199295043945,46900,0.0,0.0,0.0
2022-12-05 00:00:00-05:00,40.51267838879659,40.51267838879659,39.738732069228796,39.82472610473633,68200,0.0,0.0,0.0
2022-12-06 00:00:00-05:00,39.75784564857427,39.80561930684009,39.00300945532618,39.28010177612305,52800,0.0,0.0,0.0
2022-12-07 00:00:00-05:00,39.20365888679332,39.499861383856775,39.12722176668112,39.17499542236328,64300,0.0,0.0,0.0
2022-12-08 00:00:00-05:00,39.44253158569336,39.700513705325505,39.3087638891944,39.44253158569336,40000,0.0,0.0,0.0
2022-12-09 00:00:00-05:00,39.299206946986345,39.499858473002625,39.12721888328781,39.13677215576172,38400,0.0,0.0,0.0
2022-12-12 00:00:00-05:00,39.24187451784561,39.70050811767578,39.12339353336604,39.70050811767578,49900,0.0,0.0,0.0
2022-12-13 00:00:00-05:00,40.780209037724966,40.799319226165004,39.805611296657624,40.04448318481445,33500,0.0,0.0,0.0
2022-12-14 00:00:00-05:00,40.01582657995834,40.25469850903778,39.64318695377784,39.776954650878906,30000,0.0,0.0,0.0
2022-12-15 00:00:00-05:00,39.30875573552412,39.30875573552412,38.79279160328437,38.89789581298828,55500,0.0,0.0,0.0
2022-12-16 00:00:00-05:00,38.49660059412036,38.63036828993194,38.13351424484868,38.43927001953125,37700,0.0,0.0,0.0
2022-12-19 00:00:00-05:00,38.410490046186055,38.439267962950126,37.86368767096722,37.96921157836914,317400,0.16,0.0,0.0
2022-12-20 00:00:00-05:00,37.86368608875642,38.23781362885666,37.844499591898696,38.103511810302734,82600,0.0,0.0,0.0
2022-12-21 00:00:00-05:00,38.42008034579271,38.813394387725566,38.382669786979555,38.70787048339844,91900,0.0,0.0,0.0
2022-12-22 00:00:00-05:00,38.42967446340643,38.42967446340643,37.575891831307025,38.22821807861328,59700,0.0,0.0,0.0
2022-12-23 00:00:00-05:00,38.25700186891503,38.535196937402795,38.03636263417289,38.516014099121094,60600,0.0,0.0,0.0
2022-12-27 00:00:00-05:00,38.516009966789824,38.58316087192202,38.31455359194336,38.48722839355469,58600,0.0,0.0,0.0
2022-12-28 00:00:00-05:00,38.4488572391926,38.51600814114186,37.87327337462073,37.892459869384766,110500,0.0,0.0,0.0
2022-12-29 00:00:00-05:00,38.09391658668836,38.685807021440965,38.09391658668836,38.62153244018555,94100,0.0,0.0,0.0
2022-12-30 00:00:00-05:00,38.34333184793039,38.54478454589844,38.17065706125791,38.54478454589844,40800,0.0,0.0,0.0
2023-01-03 00:00:00-05:00,38.746240580163196,38.94769329547759,38.05266504640229,38.304962158203125,52000,0.0,0.0,0.0
2023-01-04 00:00:00-05:00,38.535193783329625,39.09159119366501,38.535193783329625,38.966880798339844,23700,0.0,0.0,0.0
2023-01-05 00:00:00-05:00,38.727060971162906,38.727060971162906,38.37211988685564,38.554386138916016,70000,0.0,0.0,0.0
2023-01-06 00:00:00-05:00,38.986071875910895,39.50409635479829,38.74624613488344,39.41775894165039,78600,0.0,0.0,0.0
2023-01-09 00:00:00-05:00,39.68635733261551,40.00292902528626,39.54246410276964,39.580833435058594,90300,0.0,0.0,0.0
2023-01-10 00:00:00-05:00,39.50409365000407,39.926185607910156,39.36979182973623,39.926185607910156,36200,0.0,0.0,0.0
2023-01-11 00:00:00-05:00,40.108455972922805,40.520956516859734,40.108455972922805,40.50177001953125,37600,0.0,0.0,0.0
2023-01-12 00:00:00-05:00,40.66484579966582,40.890282547020604,40.2523452958783,40.837520599365234,114700,0.0,0.0,0.0
2023-01-13 00:00:00-05:00,40.51136709764941,40.96703823909232,40.46820021721783,40.94305419921875,33600,0.0,0.0,0.0
2023-01-17 00:00:00-05:00,40.89508819580078,41.10613236882535,40.79915569947092,40.89508819580078,69300,0.0,0.0,0.0
2023-01-18 00:00:00-05:00,41.06775547786015,41.2308352024566,40.223567962646484,40.223567962646484,55800,0.0,0.0,0.0
2023-01-19 00:00:00-05:00,40.00293095774068,40.05089537000636,39.676767831103945,39.839847564697266,30100,0.0,0.0,0.0
2023-01-20 00:00:00-05:00,40.00292768278042,40.597694396972656,39.78228847686152,40.597694396972656,46200,0.0,0.0,0.0
2023-01-23 00:00:00-05:00,40.636067295117236,41.19246101759455,40.636067295117236,41.09557342529297,54700,0.0,0.0,0.0
2023-01-24 00:00:00-05:00,40.914271038224946,41.077350778234106,40.75118763876556,40.92386245727539,20400,0.0,0.0,0.0
2023-01-25 00:00:00-05:00,40.520952429487586,41.011154029790234,40.30990463961297,40.99100875854492,15400,0.0,0.0,0.0
2023-01-26 00:00:00-05:00,41.25961351637892,41.31717300415039,40.914267568099845,41.31717300415039,42500,0.0,0.0,0.0
2023-01-27 00:00:00-05:00,41.21165227218051,41.69130372877325,41.182874355809005,41.56659698486328,37200,0.0,0.0,0.0
2023-01-30 00:00:00-05:00,41.250018725723436,41.533011283701306,41.02937952981283,41.038970947265625,29600,0.0,0.0,0.0
2023-01-31 00:00:00-05:00,41.10612898906758,41.84479268254683,41.10612898906758,41.835201263427734,32500,0.0,0.0,0.0
2023-02-01 00:00:00-05:00,41.67211425428195,42.63141709893398,41.45147503914598,42.38199996948242,44100,0.0,0.0,0.0
2023-02-02 00:00:00-05:00,42.73694277252767,43.20700279609008,42.68897836019275,42.976768493652344,46500,0.0,0.0,0.0
2023-02-03 00:00:00-05:00,42.458741813660886,42.77531350534958,42.266884174461566,42.324440002441406,52700,0.0,0.0,0.0
2023-02-06 00:00:00-05:00,42.027064175242984,42.070231052091934,41.729678938965456,41.8831672668457,24900,0.0,0.0,0.0
2023-02-07 00:00:00-05:00,41.78723448122502,42.29566383308499,41.48984927307954,42.21891784667969,19500,0.0,0.0,0.0
2023-02-08 00:00:00-05:00,41.99827525353288,42.10379914664423,41.71048514651541,41.75844955444336,22000,0.0,0.0,0.0
2023-02-09 00:00:00-05:00,42.03665191073785,42.0779012319653,41.10708938144121,41.21165084838867,23000,0.0,0.0,0.0
2023-02-10 00:00:00-05:00,41.067754930613056,41.38432295744359,41.0293819396488,41.35554504394531,19300,0.0,0.0,0.0
2023-02-13 00:00:00-05:00,41.33635764144771,41.777636049504494,41.33635764144771,41.75844955444336,29700,0.0,0.0,0.0
2023-02-14 00:00:00-05:00,41.556999693410575,42.05583762083651,41.3939199633896,41.79682540893555,38100,0.0,0.0,0.0
2023-02-15 00:00:00-05:00,41.58578028884598,42.19973723410323,41.53781587453923,42.170955657958984,12900,0.0,0.0,0.0
2023-02-16 00:00:00-05:00,41.72008260518818,42.19013895294299,41.63374520220975,41.73926544189453,13500,0.0,0.0,0.0
2023-02-17 00:00:00-05:00,41.57618792822105,41.57618792822105,41.259616213955205,41.509037017822266,26100,0.0,0.0,0.0
2023-02-21 00:00:00-05:00,41.22124494010369,41.22124494010369,40.50176779728754,40.54973220825195,18400,0.0,0.0,0.0
2023-02-22 00:00:00-05:00,40.60729138453643,40.86629993364074,40.530545400024074,40.674442291259766,27100,0.0,0.0,0.0
2023-02-23 00:00:00-05:00,40.895079276261924,40.9526351020559,40.34827697452057,40.72240447998047,17200,0.0,0.0,0.0
2023-02-24 00:00:00-05:00,40.16601165089538,40.405837377403266,40.031709829562985,40.31949996948242,25400,0.0,0.0,0.0
2023-02-27 00:00:00-05:00,40.655251934208536,40.78955373490091,40.2907158612938,40.338680267333984,56400,0.0,0.0,0.0
2023-02-28 00:00:00-05:00,40.300311402510225,40.54685220742305,40.20438258061379,40.21397399902344,11800,0.0,0.0,0.0
2023-03-01 00:00:00-05:00,40.175606728639586,40.29456081594652,40.041304907309225,40.13723373413086,67500,0.0,0.0,0.0
2023-03-02 00:00:00-05:00,39.92618937489364,40.496975824335046,39.849447038692965,40.4442138671875,15700,0.0,0.0,0.0
2023-03-03 00:00:00-05:00,40.568919828695044,41.08694426414516,40.51136033827279,41.058162689208984,21500,0.0,0.0,0.0
2023-03-06 00:00:00-05:00,41.115724900946375,41.173280735727985,40.66005380537344,40.73200225830078,34000,0.0,0.0,0.0
2023-03-07 00:00:00-05:00,40.693623484003965,40.79914737872054,40.053768684753265,40.10845184326172,12000,0.0,0.0,0.0
2023-03-08 00:00:00-05:00,40.09886089937004,40.25234921856623,39.958802762360385,40.166011810302734,20600,0.0,0.0,0.0
2023-03-09 00:00:00-05:00,40.204388233283346,40.34828514580965,39.20671224370891,39.22589874267578,21000,0.0,0.0,0.0
2023-03-10 00:00:00-05:00,39.10118590614764,39.10118590614764,37.9692118128507,38.194644927978516,40400,0.0,0.0,0.0
2023-03-13 00:00:00-04:00,37.633455240259444,38.37211896955748,37.33607000084322,37.88383483886719,53700,0.0,0.0,0.0
2023-03-14 00:00:00-04:00,38.59275404032284,38.77502026831224,38.01237624281574,38.38170623779297,26400,0.0,0.0,0.0
2023-03-15 00:00:00-04:00,37.55670614003953,37.82530975341797,37.35524977055592,37.82530975341797,142200,0.0,0.0,0.0
2023-03-16 00:00:00-04:00,37.54711188762978,38.304961995682675,37.386908491923776,38.27618408203125,22200,0.0,0.0,0.0
2023-03-17 00:00:00-04:00,38.11310080458381,38.11310080458381,37.4953088190842,37.604671478271484,14000,0.0,0.0,0.0
2023-03-20 00:00:00-04:00,37.72808726465639,38.17160592366271,37.72808726465639,37.99805450439453,11800,0.198,0.0,0.0
2023-03-21 00:00:00-04:00,38.44157650082357,38.67297963928037,38.39336858640327,38.60548782348633,29000,0.0,0.0,0.0
2023-03-22 00:00:00-04:00,38.60548723317831,38.60548723317831,37.67988204956055,37.67988204956055,20700,0.0,0.0,0.0
2023-03-23 00:00:00-04:00,37.814865836271245,38.24874073925129,37.25564373674344,37.438838958740234,78300,0.0,0.0,0.0
2023-03-24 00:00:00-04:00,37.3038503388272,37.83414840698242,37.082091000338636,37.83414840698242,27200,0.0,0.0,0.0
2023-03-27 00:00:00-04:00,38.21017316480993,38.28730508445344,37.92284931613166,38.13303756713867,29500,0.0,0.0,0.0
2023-03-28 00:00:00-04:00,38.036622006977176,38.296949133847995,38.036622006977176,38.150394439697266,104000,0.0,0.0,0.0
2023-03-29 00:00:00-04:00,38.54763199045928,38.759751204821875,38.480140181894406,38.7308235168457,55200,0.0,0.0,0.0
2023-03-30 00:00:00-04:00,38.914020772818965,39.116496209188156,38.7983210488977,38.90437698364258,27900,0.0,0.0,0.0
2023-03-31 00:00:00-04:00,39.197486317013826,39.61786651611328,39.135780042896045,39.61786651611328,31500,0.0,0.0,0.0
2023-04-03 00:00:00-04:00,39.67571723952058,39.83962487092295,39.492522030273456,39.64678955078125,60900,0.0,0.0,0.0
2023-04-04 00:00:00-04:00,39.70464765749564,39.70464765749564,39.02972576709934,39.21291732788086,46700,0.0,0.0,0.0
2023-04-05 00:00:00-04:00,39.15506041833143,39.19362821544352,38.90534073638168,39.13577651977539,72700,0.0,0.0,0.0
2023-04-06 00:00:00-04:00,38.96222414168248,39.202303707396446,38.91401623550525,39.16469955444336,66800,0.0,0.0,0.0
2023-04-10 00:00:00-04:00,39.01043888311857,39.43467735907762,38.952590856780965,39.42503356933594,35500,0.0,0.0,0.0
2023-04-11 00:00:00-04:00,39.49251925574662,39.858905970472755,39.49251925574662,39.73356246948242,41300,0.0,0.0,0.0
2023-04-12 00:00:00-04:00,40.003540194891194,40.003540194891194,39.39128826785112,39.4057502746582,36500,0.0,0.0,0.0
2023-04-13 00:00:00-04:00,39.540731931827985,39.79141896404358,39.43467599453616,39.70464324951172,19400,0.0,0.0,0.0
2023-04-14 00:00:00-04:00,39.723931143151034,39.88783879928195,39.25148472142784,39.46360397338867,24500,0.0,0.0,0.0
2023-04-17 00:00:00-04:00,39.50216498349337,39.68535651083711,39.38646158703947,39.675716400146484,18200,0.0,0.0,0.0
2023-04-18 00:00:00-04:00,39.83962164418468,39.83962164418468,39.46359482327929,39.62750244140625,59100,0.0,0.0,0.0
2023-04-19 00:00:00-04:00,39.40575145536967,39.65643850763112,39.33825963622888,39.60823059082031,16500,0.0,0.0,0.0
2023-04-20 00:00:00-04:00,39.357531229678756,39.42502302771181,39.18880173459614,39.280399322509766,17500,0.0,0.0,0.0
2023-04-21 00:00:00-04:00,39.38645672311705,39.38645672311705,39.10684941128547,39.30353927612305,26100,0.0,0.0,0.0
2023-04-24 00:00:00-04:00,39.32862030261055,39.39129022790235,39.18399287128686,39.347904205322266,9900,0.0,0.0,0.0
2023-04-25 00:00:00-04:00,39.20327244634872,39.20327244634872,38.6151263516661,38.65369415283203,41100,0.0,0.0,0.0
2023-04-26 00:00:00-04:00,38.547632023709795,38.63440773165773,38.17160518194464,38.25838088989258,29700,0.0,0.0,0.0
2023-04-27 00:00:00-04:00,38.37408356201421,38.885097738393306,38.364443450623504,38.87545394897461,33500,0.0,0.0,0.0
2023-04-28 00:00:00-04:00,38.82725069935594,39.32862114653401,38.82725069935594,39.31897735595703,22900,0.0,0.0,0.0
2023-05-01 00:00:00-04:00,39.30933059175696,39.48288201249099,39.256300786642235,39.29004669189453,16500,0.0,0.0,0.0
2023-05-02 00:00:00-04:00,39.11649956747497,39.11649956747497,38.190894340582595,38.56692123413086,45700,0.0,0.0,0.0
2023-05-03 00:00:00-04:00,38.62476804466798,38.89666256866682,38.36444091796875,38.36444091796875,16200,0.0,0.0,0.0
2023-05-04 00:00:00-04:00,38.22945860531965,38.29212852243307,37.84378795747184,37.96913146972656,27600,0.0,0.0,0.0
2023-05-05 00:00:00-04:00,38.39336629410816,38.779036942500134,38.39336629410816,38.677799224853516,24200,0.0,0.0,0.0
2023-05-08 00:00:00-04:00,38.85616898313587,38.85616898313587,38.58620173525995,38.672977447509766,45400,0.0,0.0,0.0
2023-05-09 00:00:00-04:00,38.489784991188536,38.5958446113171,38.306593442438945,38.514854431152344,45700,0.0,0.0,0.0
2023-05-10 00:00:00-04:00,38.79832237211043,38.84653028555275,38.20053247573585,38.50906753540039,559500,0.0,0.0,0.0
2023-05-11 00:00:00-04:00,38.364445075031455,38.364445075031455,38.142685723375735,38.28345489501953,35600,0.0,0.0,0.0
2023-05-12 00:00:00-04:00,38.451212977256404,38.48977709464104,38.026974583778745,38.23909378051758,47700,0.0,0.0,0.0
2023-05-15 00:00:00-04:00,38.32587381694086,38.653692758974174,38.219814206573055,38.57655715942383,46900,0.0,0.0,0.0
2023-05-16 00:00:00-04:00,38.40301286060075,38.4097620422653,37.88235855102539,37.88235855102539,33400,0.0,0.0,0.0
2023-05-17 00:00:00-04:00,38.09447281945965,38.46953604981143,37.93056517832174,38.393367767333984,17400,0.0,0.0,0.0
2023-05-18 00:00:00-04:00,38.2969537634107,38.72504682227832,38.27766986153048,38.692264556884766,27200,0.0,0.0,0.0
2023-05-19 00:00:00-04:00,38.79832213558808,38.8658139496015,38.4560374927697,38.51871109008789,55200,0.0,0.0,0.0
2023-05-22 00:00:00-04:00,38.53799187981904,38.89473482195162,38.50906419184287,38.7308235168457,61100,0.0,0.0,0.0
2023-05-23 00:00:00-04:00,38.6826215448143,38.885100679614276,38.41361791252787,38.43193817138672,21700,0.0,0.0,0.0
2023-05-24 00:00:00-04:00,38.34515734293088,38.34515734293088,37.91127879476044,37.99805450439453,65700,0.0,0.0,0.0
2023-05-25 00:00:00-04:00,38.01733967947448,38.01733967947448,37.58828301134217,37.79461669921875,14400,0.0,0.0,0.0
2023-05-26 00:00:00-04:00,37.87271141156088,38.15232244323546,37.84378740070759,38.1041145324707,26600,0.0,0.0,0.0
2023-05-30 00:00:00-04:00,38.24873728561782,38.32587288328907,38.012515954298145,38.13303756713867,13800,0.0,0.0,0.0
2023-05-31 00:00:00-04:00,37.96913068061263,37.96913068061263,37.65095185104673,37.872711181640625,95800,0.0,0.0,0.0
2023-06-01 00:00:00-04:00,37.96913557662434,38.25838675478285,37.7637655114585,38.124366760253906,28300,0.0,0.0,0.0
2023-06-02 00:00:00-04:00,38.51870509825016,39.07792342423243,38.51870509825016,39.05863952636719,31600,0.0,0.0,0.0
2023-06-05 00:00:00-04:00,39.08756648671272,39.08756648671272,38.7597475851428,38.84652328491211,24200,0.0,0.0,0.0
2023-06-06 00:00:00-04:00,38.75010789088034,39.227376129043165,38.75010789088034,39.21580505371094,88700,0.0,0.0,0.0
2023-06-07 00:00:00-04:00,39.328619524078036,39.63715460530114,39.241843802607264,39.60823059082031,70200,0.0,0.0,0.0
2023-06-08 00:00:00-04:00,39.598583592815224,39.60822738221313,39.270764635818296,39.58894348144531,29700,0.0,0.0,0.0
2023-06-09 00:00:00-04:00,39.62751061294442,39.68536231963921,39.31993917670279,39.376827239990234,43400,0.0,0.0,0.0
2023-06-12 00:00:00-04:00,39.36718635559861,39.65643752734157,39.36718635559861,39.63715362548828,38400,0.0,0.0,0.0
2023-06-13 00:00:00-04:00,39.82998129509453,40.17708042752098,39.82998129509453,40.109588623046875,88400,0.0,0.0,0.0
2023-06-14 00:00:00-04:00,40.25422102157854,40.31207272318464,39.748028747102,39.955326080322266,32700,0.0,0.0,0.0
2023-06-15 00:00:00-04:00,39.878192256117615,40.44705442170835,39.878192256117615,40.36991882324219,41700,0.0,0.0,0.0
2023-06-16 00:00:00-04:00,40.49526452781393,40.49526452781393,40.21565348525231,40.30242919921875,267500,0.0,0.0,0.0
2023-06-20 00:00:00-04:00,40.13487442645021,40.13487442645021,39.74747436754201,39.815269470214844,57200,0.187,0.0,0.0
2023-06-21 00:00:00-04:00,39.73778402803934,39.824949680791754,39.55861285456072,39.6796760559082,20200,0.0,0.0,0.0
2023-06-22 00:00:00-04:00,39.53440458777254,39.53440458777254,39.253537032383115,39.44723892211914,24800,0.0,0.0,0.0
2023-06-23 00:00:00-04:00,39.16637483338316,39.23416994660794,38.972676621058966,39.030784606933594,1482300,0.0,0.0,0.0
2023-06-26 00:00:00-04:00,39.011402392532524,39.45691775363211,39.011402392532524,39.340694427490234,42600,0.0,0.0,0.0
2023-06-27 00:00:00-04:00,39.350388121943794,39.92180663993539,39.31164700676156,39.85401153564453,44300,0.0,0.0,0.0
2023-06-28 00:00:00-04:00,39.795897660569906,39.844322204589844,39.631249777435066,39.844322204589844,27300,0.0,0.0,0.0
2023-06-29 00:00:00-04:00,39.854018059076694,40.212364196777344,39.77653581602969,40.212364196777344,29100,0.0,0.0,0.0
2023-06-30 00:00:00-04:00,40.45448272994044,40.609443491084576,40.38668762784962,40.52227783203125,30100,0.0,0.0,0.0
2023-07-03 00:00:00-04:00,40.51259917957803,40.76344108690264,40.51259917957803,40.723731994628906,11900,0.0,0.0,0.0
2023-07-05 00:00:00-04:00,40.609441758235214,40.65786630129718,40.34794479223359,40.531959533691406,27700,0.0,0.0,0.0
2023-07-06 00:00:00-04:00,40.14456636653677,40.14456636653677,39.75716256661407,40.09614181518555,21900,0.0,0.0,0.0
2023-07-07 00:00:00-04:00,40.008969417337646,40.72178962925255,40.008969417337646,40.37699890136719,40000,0.0,0.0,0.0
2023-07-10 00:00:00-04:00,40.31889223321011,40.77408738758046,40.31889223321011,40.669490814208984,25500,0.0,0.0,0.0
2023-07-11 00:00:00-04:00,40.861253946166826,41.277711690623676,40.82251652622546,41.268028259277344,24700,0.0,0.0,0.0
2023-07-12 00:00:00-04:00,41.60700763950185,41.71354386698752,41.45204686167445,41.51015853881836,29400,0.0,0.0,0.0
2023-07-13 00:00:00-04:00,41.60700415944896,41.72322750401575,41.519838498301894,41.684486389160156,35900,0.0,0.0,0.0
2023-07-14 00:00:00-04:00,41.684486791271006,41.684486791271006,41.18667491369819,41.2196044921875,55200,0.0,0.0,0.0
2023-07-17 00:00:00-04:00,41.12274492712402,41.364871315570895,41.12274492712402,41.25833511352539,20700,0.0,0.0,0.0
2023-07-18 00:00:00-04:00,41.268995500411854,41.69416869498898,41.268995500411854,41.55857849121094,24200,0.0,0.0,0.0
2023-07-19 00:00:00-04:00,41.64574816047801,41.99441082922962,41.64574816047801,41.887874603271484,54100,0.0,0.0,0.0
2023-07-20 00:00:00-04:00,41.8975521337027,41.8975521337027,41.7329079491819,41.8781852722168,16600,0.0,0.0,0.0
2023-07-21 00:00:00-04:00,42.07188601587652,42.07188601587652,41.7813350465977,41.90724182128906,20500,0.0,0.0,0.0
2023-07-24 00:00:00-04:00,41.936298855981136,42.12031731571724,41.88787430667658,41.997314453125,171300,0.0,0.0,0.0
2023-07-25 00:00:00-04:00,42.01377790797688,42.16873867074697,41.98472022495023,42.06220245361328,25900,0.0,0.0,0.0
2023-07-26 00:00:00-04:00,41.984723724540586,42.183269181122185,41.984723724540586,42.130001068115234,24600,0.0,0.0,0.0
2023-07-27 00:00:00-04:00,42.401175812872786,42.410862938241394,41.63315154833215,41.655426025390625,161100,0.0,0.0,0.0
2023-07-28 00:00:00-04:00,41.945987391006696,42.052519925231266,41.82976403530576,42.0137825012207,58300,0.0,0.0,0.0
2023-07-31 00:00:00-04:00,42.13967722981166,42.345970135402155,42.13967722981166,42.304325103759766,91300,0.0,0.0,0.0
2023-08-01 00:00:00-04:00,42.100948333740234,42.197797435976284,41.947923500997625,42.100948333740234,25600,0.0,0.0,0.0
2023-08-02 00:00:00-04:00,41.75228179778418,41.77165235535344,41.45204369729483,41.61669158935547,41500,0.0,0.0,0.0
2023-08-03 00:00:00-04:00,41.45204210186769,41.60700286190145,41.27674281135243,41.471412658691406,92100,0.0,0.0,0.0
2023-08-04 00:00:00-04:00,41.57795026495653,41.79102270258988,41.258341608506505,41.28739929199219,46400,0.0,0.0,0.0
2023-08-07 00:00:00-04:00,41.39393382520764,41.5682614462426,41.29708104179275,41.539207458496094,62500,0.0,0.0,0.0
2023-08-08 00:00:00-04:00,41.132439000011495,41.33291669831086,40.870942012968186,41.30677032470703,44300,0.0,0.0,0.0
2023-08-09 00:00:00-04:00,41.33582414331935,41.45204379445121,41.16149281934353,41.2196044921875,23200,0.0,0.0,0.0
2023-08-10 00:00:00-04:00,41.35519279069121,41.67770535569366,41.08400869116839,41.142120361328125,347200,0.0,0.0,0.0
2023-08-11 00:00:00-04:00,41.016214538110326,41.26802808673448,41.016214538110326,41.18086242675781,15000,0.0,0.0,0.0
2023-08-14 00:00:00-04:00,41.084010892951675,41.17117655558471,40.89999613608466,41.15180969238281,34800,0.0,0.0,0.0
2023-08-15 00:00:00-04:00,40.8806253372644,40.8806253372644,40.54164981488819,40.58039093017578,34100,0.0,0.0,0.0
2023-08-16 00:00:00-04:00,40.522280670249806,40.64334388882793,40.24141311645508,40.24141311645508,56400,0.0,0.0,0.0
2023-08-17 00:00:00-04:00,40.415749545815466,40.415749545815466,39.94118373806725,39.970237731933594,32500,0.0,0.0,0.0
2023-08-18 00:00:00-04:00,39.728103380746646,40.105820004283366,39.70873282382733,40.03802490234375,44300,0.0,0.0,0.0
2023-08-21 00:00:00-04:00,40.09614165256728,40.09614165256728,39.791059960634634,40.008975982666016,24200,0.0,0.0,0.0
2023-08-22 00:00:00-04:00,40.14456124743869,40.14456124743869,39.83463972484324,39.88306427001953,22300,0.0,0.0,0.0
2023-08-23 00:00:00-04:00,39.892751231414046,40.20751634474804,39.85401380857865,40.192989349365234,88200,0.0,0.0,0.0
2023-08-24 00:00:00-04:00,40.134877794003486,40.31889625488942,39.795902252197266,39.795902252197266,19600,0.0,0.0,0.0
2023-08-25 00:00:00-04:00,39.91212254826372,40.144565562472984,39.66999610180074,39.98185729980469,19900,0.0,0.0,0.0
2023-08-28 00:00:00-04:00,40.13487576111656,40.42543043315497,40.13487576111656,40.270469665527344,23500,0.0,0.0,0.0
2023-08-29 00:00:00-04:00,40.28015286418146,40.83220082657195,40.28015286418146,40.82251739501953,16100,0.0,0.0,0.0
2023-08-30 00:00:00-04:00,40.83220354964936,41.00653488566779,40.822520117451155,40.93873977661133,22000,0.0,0.0,0.0
2023-08-31 00:00:00-04:00,41.03558887681875,41.11597503392232,40.93873977661133,40.93873977661133,24100,0.0,0.0,0.0
2023-09-01 00:00:00-04:00,41.18086576747934,41.26803143452716,41.09563604793854,41.161495208740234,16200,0.0,0.0,0.0
2023-09-05 00:00:00-04:00,41.15181367604476,41.15181367604476,40.59007853035228,40.599761962890625,36000,0.0,0.0,0.0
2023-09-06 00:00:00-04:00,40.59007466697285,40.599758098589525,40.299523689243024,40.512596130371094,22700,0.0,0.0,0.0
2023-09-07 00:00:00-04:00,40.318895824812394,40.367320373902984,40.14456449244125,40.26078414916992,27100,0.0,0.0,0.0
2023-09-08 00:00:00-04:00,40.347953480975484,40.43511915508007,40.280158367178196,40.29468536376953,18700,0.0,0.0,0.0
2023-09-11 00:00:00-04:00,40.53195834002891,40.57069945115988,40.28983193729383,40.31888961791992,17400,0.0,0.0,0.0
2023-09-12 00:00:00-04:00,40.2704676343643,40.53196091471986,40.2704676343643,40.34794616699219,24600,0.0,0.0,0.0
2023-09-13 00:00:00-04:00,40.36732146978445,40.3963754611163,40.047712786908605,40.14456558227539,17800,0.0,0.0,0.0
2023-09-14 00:00:00-04:00,40.454485924007244,40.70435984780722,40.454485924007244,40.65787124633789,25700,0.0,0.0,0.0
2023-09-15 00:00:00-04:00,40.551334828736024,40.551334828736024,40.28015440025365,40.32857894897461,28000,0.0,0.0,0.0
2023-09-18 00:00:00-04:00,40.31007319861137,40.34026635417297,40.08607468399646,40.18346405029297,20300,0.231,0.0,0.0
2023-09-19 00:00:00-04:00,40.280855798535576,40.280855798535576,40.00913598330552,40.07633590698242,20800,0.0,0.0,0.0
2023-09-20 00:00:00-04:00,40.25163914031001,40.38798573267233,39.901031494140625,39.901031494140625,34300,0.0,0.0,0.0
2023-09-21 00:00:00-04:00,39.70625053016976,39.70625053016976,39.1998176574707,39.1998176574707,30100,0.0,0.0,0.0
2023-09-22 00:00:00-04:00,39.34590712048176,39.355644571361665,39.043994130876634,39.063472747802734,28100,0.0,0.0,0.0
2023-09-25 00:00:00-04:00,38.9368604217537,39.15112147531082,38.88816574099053,39.141380310058594,254600,0.0,0.0,0.0
2023-09-26 00:00:00-04:00,38.81998547263496,39.02353195088992,38.488856501685376,38.50833511352539,87900,0.0,0.0,0.0
2023-09-27 00:00:00-04:00,38.703127391560386,38.81025421126504,38.37199833612581,38.59599685668945,37800,0.0,0.0,0.0
2023-09-28 00:00:00-04:00,38.66416602365178,39.01477365840635,38.65442485870533,38.88816452026367,49200,0.0,0.0,0.0
2023-09-29 00:00:00-04:00,39.16085776531704,39.25825083912425,38.74207683586076,38.83946990966797,43200,0.0,0.0,0.0
2023-10-02 00:00:00-04:00,38.742079032360394,38.76155764822619,38.065212920480086,38.21617126464844,31000,0.0,0.0,0.0
2023-10-03 00:00:00-04:00,37.97269282432824,38.04086611991506,37.518848149184585,37.65909194946289,62000,0.0,0.0,0.0
2023-10-04 00:00:00-04:00,37.758434994314634,37.8071296788652,37.32504598603194,37.78765106201172,50100,0.0,0.0,0.0
2023-10-05 00:00:00-04:00,37.74869092814668,37.76816954350365,37.461389710754744,37.670780181884766,38500,0.0,0.0,0.0
2023-10-06 00:00:00-04:00,37.485737830163906,38.18694938700915,37.30069284717991,37.98242950439453,38800,0.0,0.0,0.0
2023-10-09 00:00:00-04:00,37.85582752463414,38.40121769657657,37.85582752463414,38.32330322265625,58400,0.0,0.0,0.0
2023-10-10 00:00:00-04:00,38.41094948107305,38.91348884731449,38.41094948107305,38.703125,40400,0.0,0.0,0.0
2023-10-11 00:00:00-04:00,38.781040965639356,38.868692890078684,38.52782635901827,38.76156234741211,42400,0.0,0.0,0.0
2023-10-12 00:00:00-04:00,38.86869046018811,38.86869046018811,37.989251149864174,38.2064323425293,47500,0.0,0.0,0.0
2023-10-13 00:00:00-04:00,38.371992613074305,38.371992613074305,38.026251860223695,38.1674690246582,29400,0.0,0.0,0.0
2023-10-16 00:00:00-04:00,38.410951013705244,38.78103729465773,38.32329909756297,38.66416931152344,51800,0.0,0.0,0.0
2023-10-17 00:00:00-04:00,38.48886131052082,39.178388652113156,38.48886131052082,39.00503158569336,26700,0.0,0.0,0.0
2023-10-18 00:00:00-04:00,38.829727647275796,38.829727647275796,38.323294823289075,38.3427734375,35100,0.0,0.0,0.0
2023-10-19 00:00:00-04:00,38.186949525731194,38.49859993327586,37.803232329860094,37.885040283203125,33900,0.0,0.0,0.0
2023-10-20 00:00:00-04:00,37.787648412819856,37.84608425928352,37.427303314208984,37.427303314208984,45100,0.0,0.0,0.0
2023-10-23 00:00:00-04:00,37.24226773229047,37.4234118252002,37.018265477524096,37.07183074951172,44300,0.0,0.0,0.0
2023-10-24 00:00:00-04:00,37.281215625990036,37.54417136282375,37.22765036208876,37.37860870361328,38700,0.0,0.0,0.0
2023-10-25 00:00:00-04:00,37.26174215752668,37.26174215752668,36.86243977202979,36.8721809387207,62400,0.0,0.0,0.0
2023-10-26 00:00:00-04:00,36.842961755838935,37.14487102474882,36.81374197340175,36.90139389038086,36100,0.0,0.0,0.0
2023-10-27 00:00:00-04:00,37.00852339725134,37.00852339725134,36.3754813793898,36.45339584350586,35700,0.0,0.0,0.0
2023-10-30 00:00:00-04:00,36.69687575261176,36.8137437424779,36.453398606543566,36.71635437011719,67800,0.0,0.0,0.0
2023-10-31 00:00:00-04:00,36.85270513347812,37.12539837897367,36.799139858089084,37.08644485473633,73800,0.0,0.0,0.0
2023-11-01 00:00:00-04:00,36.88678405986097,37.222783677774224,36.842959961089356,37.1838264465332,79200,0.0,0.0,0.0
2023-11-02 00:00:00-04:00,37.563652988442,38.12852173842342,37.54417437135647,38.10904312133789,70400,0.0,0.0,0.0
2023-11-03 00:00:00-04:00,38.498606574094126,38.95634481451801,38.498606574094126,38.76156234741211,167800,0.0,0.0,0.0
2023-11-06 00:00:00-05:00,38.82973459028538,38.84044913032525,38.26973640587873,38.36225891113281,98100,0.0,0.0,0.0
2023-11-07 00:00:00-05:00,38.31356592739971,38.3885565655125,38.0895673867143,38.225914001464844,59900,0.0,0.0,0.0
2023-11-08 00:00:00-05:00,38.23565246678978,38.26097504310521,37.96295923005959,38.06035232543945,57100,0.0,0.0,0.0
2023-11-09 00:00:00-05:00,38.128520625844814,38.1421552858902,37.6415663584147,37.661041259765625,32300,0.0,0.0,0.0
2023-11-10 00:00:00-05:00,37.75843410395886,37.96295400334836,37.50521580600084,37.953216552734375,903200,0.0,0.0,0.0
2023-11-13 00:00:00-05:00,37.87530821517109,38.03405729264351,37.76817766525313,37.8947868347168,51800,0.0,0.0,0.0
2023-11-14 00:00:00-05:00,38.5959939011103,39.306946641978,38.5959939011103,39.238773345947266,100400,0.0,0.0,0.0
2023-11-15 00:00:00-05:00,39.306950959585976,39.754948015616336,39.306950959585976,39.46277618408203,202200,0.0,0.0,0.0
2023-11-16 00:00:00-05:00,39.36537958960112,39.38485820532351,38.98555587092963,39.12190246582031,33000,0.0,0.0,0.0
2023-11-17 00:00:00-05:00,39.29720456677545,39.37511902624412,39.1900777577549,39.35564041137695,51500,0.0,0.0,0.0
2023-11-20 00:00:00-05:00,39.3653829466049,39.61860125742391,39.22903634008685,39.56016540527344,75800,0.0,0.0,0.0
2023-11-21 00:00:00-05:00,39.423813705829076,39.44816290320451,39.29720456677545,39.35564041137695,55000,0.0,0.0,0.0
2023-11-22 00:00:00-05:00,39.49198752433203,39.64489260972706,39.4432928441009,39.57963943481445,30300,0.0,0.0,0.0
2023-11-24 00:00:00-05:00,39.540682863317194,39.75494391810294,39.540682863317194,39.70624923706055,11300,0.0,0.0,0.0
2023-11-27 00:00:00-05:00,39.69650814226834,39.71404001075444,39.530945483396906,39.657554626464844,75200,0.0,0.0,0.0
2023-11-28 00:00:00-05:00,39.60885389088364,39.8250616802795,39.51146453437764,39.66728973388672,34000,0.0,0.0,0.0
2023-11-29 00:00:00-05:00,39.862078922877735,40.09581490420128,39.7929322451209,39.832862854003906,23900,0.0,0.0,0.0
2023-11-30 00:00:00-05:00,39.97894196034105,40.10068051912111,39.8231167537092,40.09580993652344,106500,0.0,0.0,0.0
2023-12-01 00:00:00-05:00,39.99842504335383,40.91389777017767,39.991607713021985,40.884681701660156,25900,0.0,0.0,0.0
2023-12-04 00:00:00-05:00,40.71911355540465,41.09893725576401,40.71911355540465,41.02102279663086,59000,0.0,0.0,0.0
2023-12-05 00:00:00-05:00,40.865199742344814,40.865199742344814,40.48537602201319,40.4951171875,24300,0.0,0.0,0.0
2023-12-06 00:00:00-05:00,40.70937295102717,40.952850066422265,40.44641722058055,40.485374450683594,22900,0.0,0.0,0.0
2023-12-07 00:00:00-05:00,40.59250720987443,40.743461840874005,40.4571339857072,40.70061111450195,18900,0.0,0.0,0.0
2023-12-08 00:00:00-05:00,40.719116765163896,40.95285273065622,40.63146484931273,40.84572219848633,337600,0.0,0.0,0.0
2023-12-11 00:00:00-05:00,40.7970280204176,41.06972122192383,40.7970280204176,41.06972122192383,36700,0.0,0.0,0.0
2023-12-12 00:00:00-05:00,41.03076403048311,41.05998009512414,40.80676553284813,40.972328186035156,20500,0.0,0.0,0.0
2023-12-13 00:00:00-05:00,40.962595648028035,42.04363103619774,40.89442234558039,42.03389358520508,28600,0.0,0.0,0.0
2023-12-14 00:00:00-05:00,42.43319189952267,43.019485959789066,42.43319189952267,42.812042236328125,79800,0.0,0.0,0.0
2023-12-15 00:00:00-05:00,42.871451218643806,42.871451218643806,42.33872242458685,42.47214889526367,35700,0.0,0.0,0.0
2023-12-18 00:00:00-05:00,42.670824982486806,42.670824982486806,42.46040676681344,42.51521682739258,931400,0.213,0.0,0.0
2023-12-19 00:00:00-05:00,42.64146235916666,42.9859619140625,42.64146235916666,42.9859619140625,46800,0.0,0.0,0.0
2023-12-20 00:00:00-05:00,42.91549383615451,43.10144706048214,42.2206258226164,42.24020004272461,76800,0.0,0.0,0.0
2023-12-21 00:00:00-05:00,42.54359533531325,42.817626953125,42.411470281439165,42.817626953125,34800,0.0,0.0,0.0
2023-12-22 00:00:00-05:00,42.99379193341219,43.22867511455697,42.846987145146066,43.02315139770508,41000,0.0,0.0,0.0
2023-12-26 00:00:00-05:00,43.11123346192297,43.45377672291719,43.055448986486454,43.361778259277344,27000,0.0,0.0,0.0
2023-12-27 00:00:00-05:00,43.414631668084816,43.48313957894726,43.28740109073979,43.39995193481445,24900,0.0,0.0,0.0
2023-12-28 00:00:00-05:00,43.32654879108252,43.522287275928875,43.32654879108252,43.44301223754883,26000,0.0,0.0,0.0
2023-12-29 00:00:00-05:00,43.35590233751571,43.399945263958244,43.130804417366555,43.16016387939453,15500,0.0,0.0,0.0
2024-01-02 00:00:00-05:00,42.98400297759309,43.40483938853608,42.95464351328572,43.16995620727539,57400,0.0,0.0,0.0
2024-01-03 00:00:00-05:00,42.76869124490652,42.76869124490652,42.357640104241746,42.41636276245117,36000,0.0,0.0,0.0
2024-01-04 00:00:00-05:00,42.455510158691474,42.563166496064774,42.28913116455078,42.28913116455078,42000,0.0,0.0,0.0
2024-01-05 00:00:00-05:00,42.240205112341975,42.631682094689275,42.181482444969525,42.435943603515625,53100,0.0,0.0,0.0
2024-01-08 00:00:00-05:00,42.33806593139342,42.885154724121094,42.210839105234015,42.885154724121094,30000,0.0,0.0,0.0
2024-01-09 00:00:00-05:00,42.64145995565043,42.77847575572671,42.55337783654418,42.651248931884766,16200,0.0,0.0,0.0
2024-01-10 00:00:00-05:00,42.64146423339844,42.722695570649925,42.47900155889547,42.64146423339844,26800,0.0,0.0,0.0
2024-01-11 00:00:00-05:00,42.65125085094693,42.65125085094693,42.1423323324791,42.40853500366211,40700,0.0,0.0,0.0
2024-01-12 00:00:00-05:00,42.690394797446096,42.690394797446096,42.29892160564056,42.37819290161133,28800,0.0,0.0,0.0
2024-01-16 00:00:00-05:00,42.19126326930321,42.19126326930321,41.897657455983584,42.00531005859375,32400,0.0,0.0,0.0
2024-01-17 00:00:00-05:00,41.672563083006104,41.8095788919733,41.3838479997674,41.61481857299805,91800,0.0,0.0,0.0
2024-01-18 00:00:00-05:00,41.69213287582131,41.7704297558709,41.44256997081487,41.75966262817383,38200,0.0,0.0,0.0
2024-01-19 00:00:00-05:00,41.819367918705616,42.103188539185886,41.633418408770844,42.055233001708984,28500,0.0,0.0,0.0
2024-01-22 00:00:00-05:00,42.26955916204552,42.582739214425615,42.266624709083516,42.40853500366211,28800,0.0,0.0,0.0
2024-01-23 00:00:00-05:00,42.58273546021573,42.661032333108245,42.3380633325272,42.465293884277344,15200,0.0,0.0,0.0
2024-01-24 00:00:00-05:00,42.75890513662877,42.75890513662877,42.13254500731651,42.142333984375,27200,0.0,0.0,0.0
2024-01-25 00:00:00-05:00,42.44572247161066,42.49465615370268,42.19126508469176,42.48487091064453,33200,0.0,0.0,0.0
2024-01-26 00:00:00-05:00,42.602317810058594,42.758907852332,42.54848963302076,42.602317810058594,24400,0.0,0.0,0.0
2024-01-29 00:00:00-05:00,42.582741066324544,42.95464379472501,42.524022137325076,42.94485855102539,27200,0.0,0.0,0.0
2024-01-30 00:00:00-05:00,42.807840157442385,42.9546412044896,42.69039483972383,42.84698486328125,44400,0.0,0.0,0.0
2024-01-31 00:00:00-05:00,42.79805327113609,42.90570961760224,42.191267366891495,42.22062683105469,42300,0.0,0.0,0.0
2024-02-01 00:00:00-05:00,42.42615155382531,42.78826904296875,42.093397262942716,42.78826904296875,39800,0.0,0.0,0.0
2024-02-02 00:00:00-05:00,42.48487450203231,42.76869510891923,42.21084287243167,42.56317138671875,36900,0.0,0.0,0.0
2024-02-05 00:00:00-05:00,42.24998682067897,42.24998682067897,41.790005698331235,42.06403732299805,27500,0.0,0.0,0.0
2024-02-06 00:00:00-05:00,42.054252776954776,42.34785862731159,42.00531535739452,42.31458282470703,18400,0.0,0.0,0.0
2024-02-07 00:00:00-05:00,42.455510953646915,42.48487041588009,42.23041303192451,42.34785461425781,23600,0.0,0.0,0.0
2024-02-08 00:00:00-05:00,42.35763755075033,42.504442320723605,42.259770193035074,42.465293884277344,49500,0.0,0.0,0.0
2024-02-09 00:00:00-05:00,42.53380462256154,42.631675720214844,42.40657779571319,42.631675720214844,19200,0.0,0.0,0.0
2024-02-12 00:00:00-05:00,42.67082721770844,43.16017158366107,42.67082721770844,43.013370513916016,22400,0.0,0.0,0.0
2024-02-13 00:00:00-05:00,42.24019988855437,42.34785623205623,41.78510953955154,42.05327224731445,46100,0.0,0.0,0.0
2024-02-14 00:00:00-05:00,42.299903152051876,42.58274187448941,42.24998758137394,42.56317138671875,38100,0.0,0.0,0.0
2024-02-15 00:00:00-05:00,42.778478261240885,43.19442017394838,42.778478261240885,43.18952941894531,31700,0.0,0.0,0.0
2024-02-16 00:00:00-05:00,43.0329381121176,43.26782128091251,42.856773868821094,42.99378967285156,19300,0.0,0.0,0.0
2024-02-20 00:00:00-05:00,42.72954660273416,42.79805451003197,42.648315265023776,42.7099723815918,33600,0.0,0.0,0.0
2024-02-21 00:00:00-05:00,42.670823173015016,42.79805374145508,42.572955802461664,42.79805374145508,24300,0.0,0.0,0.0
2024-02-22 00:00:00-05:00,42.944859496328554,43.12102375400646,42.88809313473841,43.072086334228516,41300,0.0,0.0,0.0
2024-02-23 00:00:00-05:00,43.10145029243614,43.25804033164295,43.01336816204475,43.17583084106445,35200,0.0,0.0,0.0
2024-02-26 00:00:00-05:00,43.150381965308995,43.29718675357512,43.0133661540744,43.02315139770508,33900,0.0,0.0,0.0
2024-02-27 00:00:00-05:00,43.16016545959558,43.29718499867743,43.14059497312745,43.277610778808594,23800,0.0,0.0,0.0
2024-02-28 00:00:00-05:00,43.111231531826796,43.34611843551837,43.111231531826796,43.209102630615234,23600,0.0,0.0,0.0
2024-02-29 00:00:00-05:00,43.46356201171875,43.5712183586174,43.25803829494906,43.46356201171875,21900,0.0,0.0,0.0
2024-03-01 00:00:00-05:00,43.50270537217564,43.73758852579354,43.27760746104164,43.708229064941406,16400,0.0,0.0,0.0
2024-03-04 00:00:00-05:00,43.71801736056103,43.886352663563486,43.688657897658516,43.79631423950195,39200,0.0,0.0,0.0
2024-03-05 00:00:00-05:00,43.6593025873505,43.846230243490226,43.42441566158744,43.55458068847656,32900,0.0,0.0,0.0
2024-03-06 00:00:00-05:00,43.85503689870765,43.943119020815864,43.73759158029626,43.79631423950195,14200,0.0,0.0,0.0
2024-03-07 00:00:00-05:00,43.98226750754513,44.17800598832221,43.98226750754513,44.08992385864258,24700,0.0,0.0,0.0
2024-03-08 00:00:00-05:00,44.275876629331016,44.452037153434894,44.03120446428551,44.09971237182617,30300,0.0,0.0,0.0
2024-03-11 00:00:00-04:00,44.02141292986697,44.1731084686952,43.8941823660816,44.148643493652344,23000,0.0,0.0,0.0
2024-03-12 00:00:00-04:00,44.19757436648973,44.21519228345684,43.90396855084149,44.129066467285156,15700,0.0,0.0,0.0
2024-03-13 00:00:00-04:00,44.16821695113727,44.42267434091392,44.16821695113727,44.236724853515625,33100,0.0,0.0,0.0
2024-03-14 00:00:00-04:00,44.20736038667016,44.20736038667016,43.512492406288715,43.747379302978516,20300,0.0,0.0,0.0
2024-03-15 00:00:00-04:00,43.786528996334674,43.91082137158269,43.683763409374535,43.79631423950195,30500,0.0,0.0,0.0
2024-03-18 00:00:00-04:00,43.880833410683024,43.99680070082066,43.73341590242996,43.83169174194336,32600,0.186,0.0,0.0
2024-03-19 00:00:00-04:00,43.76289920114529,44.07738639568571,43.76289920114529,44.03807830810547,26600,0.0,0.0,0.0
2024-03-20 00:00:00-04:00,44.02824497933334,44.53928756713867,44.02824497933334,44.53928756713867,17400,0.0,0.0,0.0
2024-03-21 00:00:00-04:00,44.70636709118937,44.9225747066897,44.70636709118937,44.82429885864258,32300,0.0,0.0,0.0
2024-03-22 00:00:00-04:00,44.88325877437564,44.88325877437564,44.480321835758346,44.50980758666992,39100,0.0,0.0,0.0
2024-03-25 00:00:00-04:00,44.52946546218958,44.61791522084742,44.480323791503906,44.480323791503906,27300,0.0,0.0,0.0
2024-03-26 00:00:00-04:00,44.64739442918845,44.64739442918845,44.37221908569336,44.37221908569336,20800,0.0,0.0,0.0
2024-03-27 00:00:00-04:00,44.65722109110705,45.18791961669922,44.65722109110705,45.18791961669922,21900,0.0,0.0,0.0
2024-03-28 00:00:00-04:00,45.22723268830753,45.416908735849525,45.22723268830753,45.39430236816406,15800,0.0,0.0,0.0
2024-04-01 00:00:00-04:00,45.404129317980804,45.404129317980804,45.030674396925576,45.09946823120117,23400,0.0,0.0,0.0
2024-04-02 00:00:00-04:00,44.77515703665735,44.824294956403136,44.53928977330138,44.63756561279297,32800,0.0,0.0,0.0
2024-04-03 00:00:00-04:00,44.60808264669558,44.794811986270254,44.60808264669558,44.745670318603516,25800,0.0,0.0,0.0
2024-04-04 00:00:00-04:00,45.03067684393105,45.138782517662335,44.27394087679503,44.332908630371094,23800,0.0,0.0,0.0
2024-04-05 00:00:00-04:00,44.31521904859432,44.59825977891706,44.303428496568245,44.54912185668945,32900,0.0,0.0,0.0
2024-04-08 00:00:00-04:00,44.70636408965589,44.8734337699158,44.70636408965589,44.7751579284668,13400,0.0,0.0,0.0
2024-04-09 00:00:00-04:00,44.97957159671598,45.03067398071289,44.760409813569076,45.03067398071289,11200,0.0,0.0,0.0
2024-04-10 00:00:00-04:00,44.37222387662057,44.47049972448468,44.047906830499095,44.26411819458008,20000,0.0,0.0,0.0
2024-04-11 00:00:00-04:00,44.38205013026148,44.38205013026148,43.92702478014008,44.20515060424805,19100,0.0,0.0,0.0
2024-04-12 00:00:00-04:00,44.02824524129661,44.09703907573907,43.35995906472746,43.42875289916992,25800,0.0,0.0,0.0
2024-04-15 00:00:00-04:00,43.80220998290643,43.80220998290643,42.83909250419636,42.966854095458984,12800,0.0,0.0,0.0
2024-04-16 00:00:00-04:00,42.868571559386766,42.902968475940945,42.56391422675906,42.67201614379883,19700,0.0,0.0,0.0
2024-04-17 00:00:00-04:00,42.88822589439188,42.96684955732099,42.534426909176055,42.58356857299805,24500,0.0,0.0,0.0
2024-04-18 00:00:00-04:00,42.78012830577711,42.9472017465401,42.5147790167888,42.65237045288086,164500,0.0,0.0,0.0
2024-04-19 00:00:00-04:00,42.853836496417586,42.91771542201602,42.67202205573753,42.82926940917969,21300,0.0,0.0,0.0
2024-04-22 00:00:00-04:00,42.70937241447848,43.339329109992335,42.70937241447848,43.095603942871094,25600,0.0,0.0,0.0
2024-04-23 00:00:00-04:00,43.09461263429956,43.66462301300544,43.09461263429956,43.536861419677734,16800,0.0,0.0,0.0
2024-04-24 00:00:00-04:00,43.438587199483024,43.635142639097246,43.39436044480281,43.62531280517578,13700,0.0,0.0,0.0
2024-04-25 00:00:00-04:00,43.340303147889216,43.535876333794384,43.04547189328114,43.42875289916992,32800,0.0,0.0,0.0
2024-04-26 00:00:00-04:00,43.428753790959014,43.66462104887859,43.428753790959014,43.5358772277832,11600,0.0,0.0,0.0
2024-04-29 00:00:00-04:00,43.654797878456726,43.93980309848766,43.654797878456726,43.861183166503906,20800,0.0,0.0,0.0
2024-04-30 00:00:00-04:00,43.57617584396049,43.67936660851349,43.14375686645508,43.14375686645508,27200,0.0,0.0,0.0
2024-05-01 00:00:00-04:00,43.074960593650076,43.63612337403422,43.00125183770333,43.10444259643555,28800,0.0,0.0,0.0
2024-05-02 00:00:00-04:00,43.43858695708846,43.57125972242239,43.19387582977752,43.49755096435547,8400,0.0,0.0,0.0
2024-05-03 00:00:00-04:00,43.96928465676222,44.03316357971366,43.75798822055904,43.855281829833984,22800,0.0,0.0,0.0
2024-05-06 00:00:00-04:00,44.07738819694554,44.255269953333325,44.07738819694554,44.25428771972656,16900,0.0,0.0,0.0
2024-05-07 00:00:00-04:00,44.362390632667626,44.51963422655414,44.332908630371094,44.332908630371094,29200,0.0,0.0,0.0
2024-05-08 00:00:00-04:00,44.136354740976856,44.30342817411451,44.09704290388763,44.2346305847168,12400,0.0,0.0,0.0
2024-05-09 00:00:00-04:00,44.29359569353355,44.68670654296875,44.29359569353355,44.68670654296875,17100,0.0,0.0,0.0
2024-05-10 00:00:00-04:00,44.8439527402892,44.8439527402892,44.57860346383978,44.66705322265625,25500,0.0,0.0,0.0
2024-05-13 00:00:00-04:00,44.89308914714592,45.050332740959725,44.764345322069985,44.76729202270508,25900,0.0,0.0,0.0
2024-05-14 00:00:00-04:00,45.14861037775498,45.28620180817715,44.95696985732446,45.16826629638672,16300,0.0,0.0,0.0
2024-05-15 00:00:00-04:00,45.50240804288677,45.51223787639776,45.22723268830753,45.39430236816406,34200,0.0,0.0,0.0
2024-05-16 00:00:00-04:00,45.394305200294625,45.41887603662204,45.297011586567294,45.3156852722168,23600,0.0,0.0,0.0
2024-05-17 00:00:00-04:00,45.25671781941451,45.35499741640321,45.23116474929912,45.352046966552734,21500,0.0,0.0,0.0
2024-05-20 00:00:00-04:00,45.38447327145705,45.47292302227037,45.29110860421443,45.34516143798828,14800,0.0,0.0,0.0
2024-05-21 00:00:00-04:00,45.23705933014634,45.23705933014634,45.1486095723729,45.217403411865234,19400,0.0,0.0,0.0
2024-05-22 00:00:00-04:00,45.05033468664844,45.15352544807832,44.82429724509015,44.92257308959961,44200,0.0,0.0,0.0
2024-05-23 00:00:00-04:00,45.020851366509824,45.020851366509824,44.21497746835298,44.21890640258789,21600,0.0,0.0,0.0
2024-05-24 00:00:00-04:00,44.48032426679101,44.60120647967779,44.460672097086494,44.54912185668945,13300,0.0,0.0,0.0
2024-05-28 00:00:00-04:00,44.65722125631365,44.65820723882786,44.25428431849923,44.32307815551758,53200,0.0,0.0,0.0
2024-05-29 00:00:00-04:00,43.91031303745436,43.91031303745436,43.7432396205397,43.792381286621094,25700,0.0,0.0,0.0
2024-05-30 00:00:00-04:00,43.802208866807085,44.17566379768352,43.802208866807085,44.12652587890625,35000,0.0,0.0,0.0
2024-05-31 00:00:00-04:00,44.23462971571,44.73584625629323,44.14617995848843,44.716190338134766,20200,0.0,0.0,0.0
2024-06-03 00:00:00-04:00,44.883260167088075,44.883260167088075,44.22873646026871,44.470497131347656,16200,0.0,0.0,0.0
2024-06-04 00:00:00-04:00,44.234629597513,44.30342718537532,44.038077914419645,44.156009674072266,16500,0.0,0.0,0.0
2024-06-05 00:00:00-04:00,44.0675615500486,44.43118667602539,44.0675615500486,44.43118667602539,15700,0.0,0.0,0.0
2024-06-06 00:00:00-04:00,44.35256316844615,44.465580006388976,44.318166250509265,44.37221908569336,27000,0.0,0.0,0.0
2024-06-07 00:00:00-04:00,44.00859069824219,44.29359587781934,44.00859069824219,44.00859069824219,23400,0.0,0.0,0.0
2024-06-10 00:00:00-04:00,43.85134578172081,44.19335048727937,43.85134578172081,44.141265869140625,20300,0.0,0.0,0.0
2024-06-11 00:00:00-04:00,43.988936637909774,44.057734226387126,43.72359111356504,44.03807830810547,13600,0.0,0.0,0.0
2024-06-12 00:00:00-04:00,44.657224960409245,44.697519032431174,44.156012142133484,44.25822067260742,22100,0.0,0.0,0.0
2024-06-13 00:00:00-04:00,44.205146931928894,44.205146931928894,43.80220998925725,43.95945358276367,9900,0.0,0.0,0.0
2024-06-14 00:00:00-04:00,43.70393648061475,43.757989320233236,43.40910144670182,43.62531280517578,18200,0.0,0.0,0.0
2024-06-17 00:00:00-04:00,43.60565568758288,43.90736634837025,43.438586005342664,43.82284927368164,19600,0.0,0.0,0.0
2024-06-18 00:00:00-04:00,43.79238264915832,44.05773190852621,43.79238264915832,43.87689971923828,10400,0.0,0.0,0.0
2024-06-20 00:00:00-04:00,43.84152141270092,43.97910908710263,43.84152141270092,43.89065933227539,25600,0.0,0.0,0.0
2024-06-21 00:00:00-04:00,43.90049115560122,44.02825276238318,43.841527143996814,44.01547622680664,20100,0.0,0.0,0.0
2024-06-24 00:00:00-04:00,44.13582384707463,44.467284991557975,44.11609347944831,44.293663024902344,84500,0.169,0.0,0.0
2024-06-25 00:00:00-04:00,44.23447508588787,44.23447508588787,43.849742297613794,43.9444465637207,26500,0.0,0.0,0.0
2024-06-26 00:00:00-04:00,43.80041653680936,43.928658285743296,43.69190139295529,43.90892791748047,182800,0.0,0.0,0.0
2024-06-27 00:00:00-04:00,43.8398743061425,43.987850189208984,43.81028063480241,43.987850189208984,41800,0.0,0.0,0.0
2024-06-28 00:00:00-04:00,44.15555212379492,44.321286465496186,43.899064861304666,44.046051025390625,93400,0.0,0.0,0.0
2024-07-01 00:00:00-04:00,44.165420470223005,44.254205248886976,43.73136364296753,43.77082061767578,27500,0.0,0.0,0.0
2024-07-02 00:00:00-04:00,43.77082065368393,43.91879653930664,43.74122698183262,43.91879653930664,16800,0.0,0.0,0.0
2024-07-03 00:00:00-04:00,43.997714583529465,44.16542083937788,43.958257608491415,44.0194206237793,4900,0.0,0.0,0.0
2024-07-05 00:00:00-04:00,43.92865909198679,43.958256526515726,43.721495866199376,43.88920211791992,29200,0.0,0.0,0.0
2024-07-08 00:00:00-04:00,44.01744386487344,44.05690460211945,43.84974137635244,43.93852615356445,26000,0.0,0.0,0.0
2024-07-09 00:00:00-04:00,43.9681209202914,44.02731202763505,43.75109062321446,43.78561782836914,36300,0.0,0.0,0.0
2024-07-10 00:00:00-04:00,43.810281338579195,44.103271484375,43.77082060070315,44.103271484375,21900,0.0,0.0,0.0
2024-07-11 00:00:00-04:00,44.39231346495841,44.885561392346844,44.39231346495841,44.87569808959961,39300,0.0,0.0,0.0
2024-07-12 00:00:00-04:00,45.02367177275159,45.44786530608473,45.02367177275159,45.2801628112793,46900,0.0,0.0,0.0
2024-07-15 00:00:00-04:00,45.37880782163942,45.60372950131793,45.33934708558714,45.35907745361328,23100,0.0,0.0,0.0
2024-07-16 00:00:00-04:00,45.52678405881207,46.187734458570304,45.52678405881207,46.18674850463867,55600,0.0,0.0,0.0
2024-07-17 00:00:00-04:00,45.911519008909885,46.365306209068734,45.911519008909885,46.01608657836914,34200,0.0,0.0,0.0
2024-07-18 00:00:00-04:00,45.89178614126319,46.27651891015512,45.447862268240605,45.55637741088867,38800,0.0,0.0,0.0
2024-07-19 00:00:00-04:00,45.467593736381,45.47745703904996,45.18150903760203,45.255496978759766,10200,0.0,0.0,0.0
2024-07-22 00:00:00-04:00,45.398538024667864,45.567230224609375,45.063129295808324,45.567230224609375,21800,0.0,0.0,0.0
2024-07-23 00:00:00-04:00,45.51691436804897,45.62740141294714,45.42812959794398,45.46759033203125,23300,0.0,0.0,0.0
2024-07-24 00:00:00-04:00,45.37880549693078,45.37880549693078,44.83919143676758,44.83919143676758,18100,0.0,0.0,0.0
2024-07-25 00:00:00-04:00,44.88555987335506,45.67475577783241,44.8628716435761,45.11245346069336,35700,0.0,0.0,0.0
2024-07-26 00:00:00-04:00,45.48732608588114,45.867125347696074,45.48732608588114,45.77341079711914,22100,0.0,0.0,0.0
2024-07-29 00:00:00-04:00,45.90165228864217,45.911519354866954,45.69448905611945,45.83358383178711,22700,0.0,0.0,0.0
2024-07-30 00:00:00-04:00,45.93124406783664,46.02495860633254,45.76452378518057,46.00621795654297,14100,0.0,0.0,0.0
2024-07-31 00:00:00-04:00,46.296252487900915,46.71452653514738,46.0466668898701,46.27947998046875,20700,0.0,0.0,0.0
2024-08-01 00:00:00-04:00,46.306111255313176,46.55174925012809,45.44786096748857,45.683631896972656,43800,0.0,0.0,0.0
2024-08-02 00:00:00-04:00,45.22097364132796,45.22097364132796,44.3755481635825,44.82440185546875,23800,0.0,0.0,0.0
2024-08-05 00:00:00-04:00,43.484738136700955,44.135825236129314,43.356492624685124,43.66230392456055,45400,0.0,0.0,0.0
2024-08-06 00:00:00-04:00,43.83000966477429,44.62907263519902,43.82014259917359,44.151607513427734,36600,0.0,0.0,0.0
2024-08-07 00:00:00-04:00,44.629072599934595,44.806638385594646,43.85565948486328,43.85565948486328,28200,0.0,0.0,0.0
2024-08-08 00:00:00-04:00,44.11609653663512,44.70799255371094,44.11609653663512,44.70799255371094,59600,0.0,0.0,0.0
2024-08-09 00:00:00-04:00,44.747452536629424,44.747452536629424,44.5501526132057,44.72772216796875,22500,0.0,0.0,0.0
2024-08-12 00:00:00-04:00,44.767180811903145,44.767180811903145,44.421905021261516,44.4307861328125,15600,0.0,0.0,0.0
2024-08-13 00:00:00-04:00,44.579745194415246,45.04438539257645,44.579745194415246,44.979278564453125,22800,0.0,0.0,0.0
2024-08-14 00:00:00-04:00,45.07299457425124,45.17164641834842,44.954616124517685,45.07497024536133,10000,0.0,0.0,0.0
2024-08-15 00:00:00-04:00,45.49718793558166,45.78327263768074,45.49718793558166,45.67771911621094,12600,0.0,0.0,0.0
2024-08-16 00:00:00-04:00,45.58597112123865,45.81286470916357,45.58597112123865,45.75367736816406,11900,0.0,0.0,0.0
2024-08-19 00:00:00-04:00,45.84245975801065,46.13248825073242,45.84245975801065,46.13248825073242,7700,0.0,0.0,0.0
2024-08-20 00:00:00-04:00,46.12361561502692,46.13841245101879,45.84443634958217,45.891788482666016,22600,0.0,0.0,0.0
2024-08-21 00:00:00-04:00,46.10882008642415,46.25777816772461,46.01016823837596,46.25777816772461,24800,0.0,0.0,0.0
2024-08-22 00:00:00-04:00,46.3061140877302,46.3061140877302,45.98057241237368,45.99734115600586,18700,0.0,0.0,0.0
2024-08-23 00:00:00-04:00,46.23705827089189,46.82895802388912,46.21732790280703,46.82599639892578,10400,0.0,0.0,0.0
2024-08-26 00:00:00-04:00,46.986800359657316,47.16436992115862,46.819094101269116,46.85855484008789,31400,0.0,0.0,0.0
2024-08-27 00:00:00-04:00,46.73030777821445,46.80330976630149,46.631659697606516,46.750038146972656,10400,0.0,0.0,0.0
2024-08-28 00:00:00-04:00,46.64645444362887,46.72044238236171,46.350506451880406,46.55175018310547,20300,0.0,0.0,0.0
2024-08-29 00:00:00-04:00,46.80922757680405,46.99666042851956,46.64152132995718,46.71452331542969,24700,0.0,0.0,0.0
2024-08-30 00:00:00-04:00,46.957202956569425,47.00653076171875,46.503415749387855,47.00653076171875,25300,0.0,0.0,0.0
2024-09-03 00:00:00-04:00,46.759904393538186,46.76286225536771,46.16800463071365,46.276519775390625,15900,0.0,0.0,0.0
2024-09-04 00:00:00-04:00,46.42449893327212,46.49355334599767,46.19760532529055,46.285400390625,9000,0.0,0.0,0.0
2024-09-05 00:00:00-04:00,46.3653045150957,46.3653045150957,45.97070467352382,46.079219818115234,10700,0.0,0.0,0.0
2024-09-06 00:00:00-04:00,46.22522449481959,46.227196402734386,45.487324510919,45.51691818237305,23800,0.0,0.0,0.0
2024-09-09 00:00:00-04:00,45.71422119074046,46.03976288825006,45.694490820712105,45.78327560424805,27300,0.0,0.0,0.0
2024-09-10 00:00:00-04:00,45.90165175013165,45.90165175013165,45.463647341831845,45.743812561035156,18600,0.0,0.0,0.0
2024-09-11 00:00:00-04:00,45.69448930104742,45.921382904052734,45.033538861403656,45.921382904052734,12800,0.0,0.0,0.0
2024-09-12 00:00:00-04:00,46.03976141647788,46.28638538917343,45.763543771277476,46.266658782958984,16100,0.0,0.0,0.0
2024-09-13 00:00:00-04:00,46.47381751561021,46.878280641129074,46.47381751561021,46.828956604003906,9600,0.0,0.0,0.0
2024-09-16 00:00:00-04:00,46.97693330709911,47.19297765348938,46.967070003983125,47.154502868652344,30300,0.0,0.0,0.0
2024-09-17 00:00:00-04:00,47.34193797672134,47.539234138172894,47.15450135488608,47.2432861328125,16400,0.0,0.0,0.0
2024-09-18 00:00:00-04:00,47.332069403267546,47.57869336041036,47.164366918738246,47.233421325683594,17300,0.0,0.0,0.0
2024-09-19 00:00:00-04:00,47.93383253267009,47.93383253267009,47.578693431742714,47.72666931152344,20400,0.0,0.0,0.0
2024-09-20 00:00:00-04:00,47.618156438678774,47.618156438678774,47.351802100282704,47.56883239746094,11800,0.0,0.0,0.0
2024-09-23 00:00:00-04:00,47.70458961070716,47.88296187487588,47.67486216007725,47.84332275390625,15400,0.217,0.0,0.0
2024-09-24 00:00:00-04:00,48.01178850167802,48.18024910032713,47.99196894062611,48.00187683105469,28000,0.0,0.0,0.0
2024-09-25 00:00:00-04:00,47.89287389667061,47.89287389667061,47.55099309113927,47.635223388671875,10100,0.0,0.0,0.0
2024-09-26 00:00:00-04:00,47.902785011097635,48.07124561750149,47.873057558248696,47.982059478759766,49500,0.0,0.0,0.0
2024-09-27 00:00:00-04:00,48.170339768735104,48.457717725097886,48.140612318144,48.219886779785156,16700,0.0,0.0,0.0
2024-09-30 00:00:00-04:00,48.16042921858913,48.25952702318882,47.92260204793932,48.20998001098633,21400,0.0,0.0,0.0
2024-10-01 00:00:00-04:00,48.28925419008997,48.28925419008997,47.80368818109258,48.0415153503418,29600,0.0,0.0,0.0
2024-10-02 00:00:00-04:00,47.92260508954512,48.091065697764556,47.878010129596184,48.01179122924805,11900,0.0,0.0,0.0
2024-10-03 00:00:00-04:00,47.87305450439453,47.90971861258238,47.694682238289566,47.87305450439453,16300,0.0,0.0,0.0
2024-10-04 00:00:00-04:00,48.219888385658344,48.26943539835847,47.91269085860598,48.239707946777344,10800,0.0,0.0,0.0
2024-10-07 00:00:00-04:00,48.15052139990906,48.15052139990906,47.674863277706606,47.83341598510742,17500,0.0,0.0,0.0
2024-10-08 00:00:00-04:00,47.82350431453534,47.89287466795575,47.634233744789455,47.83341598510742,11300,0.0,0.0,0.0
2024-10-09 00:00:00-04:00,47.78387009811595,48.17034209524448,47.78387009811595,48.13070297241211,18200,0.0,0.0,0.0
2024-10-10 00:00:00-04:00,47.96224421390086,48.143587726545654,47.886931389702944,48.01179122924805,7500,0.0,0.0,0.0
2024-10-11 00:00:00-04:00,48.10097325073117,48.5766313616911,48.10097325073117,48.52708435058594,26000,0.0,0.0,0.0
2024-10-14 00:00:00-04:00,48.53699289258108,48.82437085312302,48.53699289258108,48.79464340209961,12000,0.0,0.0,0.0
2024-10-15 00:00:00-04:00,48.77482468116892,49.04238308557057,48.60636030201466,48.61627197265625,11500,0.0,0.0,0.0
2024-10-16 00:00:00-04:00,48.73518154368927,49.11669766767273,48.73518154368927,49.06219482421875,18700,0.0,0.0,0.0
2024-10-17 00:00:00-04:00,49.151384287734544,49.151384287734544,48.97301202072288,49.032470703125,8700,0.0,0.0,0.0
2024-10-18 00:00:00-04:00,49.06219743544886,49.18111479851092,49.00274253411247,49.141475677490234,7800,0.0,0.0,0.0
2024-10-21 00:00:00-04:00,49.12165580903852,49.12165580903852,48.61131441472908,48.66581726074219,22100,0.0,0.0,0.0
2024-10-22 00:00:00-04:00,48.546907209461324,48.56672299109401,48.338803700369155,48.49735641479492,28800,0.0,0.0,0.0
2024-10-23 00:00:00-04:00,48.34871292114258,48.4973539570242,48.063315781522746,48.34871292114258,10300,0.0,0.0,0.0
2024-10-24 00:00:00-04:00,48.487444339658694,48.487444339658694,48.22979383832948,48.398258209228516,5800,0.0,0.0,0.0
2024-10-25 00:00:00-04:00,48.56671703758786,48.645995275179935,48.14060974121094,48.14060974121094,8200,0.0,0.0,0.0
2024-10-28 00:00:00-04:00,48.52708667956038,48.56672202222996,48.40816931096718,48.43790054321289,21900,0.0,0.0,0.0
2024-10-29 00:00:00-04:00,48.32889354663242,48.467626692734655,48.25952697358131,48.30610275268555,11200,0.0,0.0,0.0
2024-10-30 00:00:00-04:00,48.18024814336962,48.5469043452553,48.18024814336962,48.24961471557617,9100,0.0,0.0,0.0
2024-10-31 00:00:00-04:00,48.169348058356306,48.169348058356306,47.807647705078125,47.807647705078125,11900,0.0,0.0,0.0
2024-11-01 00:00:00-04:00,48.0216945308023,48.23574048959394,47.78386736778697,47.813594818115234,17300,0.0,0.0,0.0
2024-11-04 00:00:00-05:00,47.90278131886338,48.209978835339015,47.90278131886338,47.912689208984375,16700,0.0,0.0,0.0
2024-11-05 00:00:00-05:00,48.219884718541984,48.47753143310547,48.219884718541984,48.47753143310547,18700,0.0,0.0,0.0
2024-11-06 00:00:00-05:00,49.577495305850015,49.75586757254287,49.171203760648446,49.689476013183594,22800,0.0,0.0,0.0
2024-11-07 00:00:00-05:00,49.755868125991206,49.904512943286896,49.656774101257234,49.7459602355957,21900,0.0,0.0,0.0
2024-11-08 00:00:00-05:00,49.83514702444564,50.102705430975035,49.832172011151606,50.07495880126953,14400,0.0,0.0,0.0
2024-11-11 00:00:00-05:00,50.36035212292658,50.60809096799418,50.36035212292658,50.478275299072266,28500,0.0,0.0,0.0
2024-11-12 00:00:00-05:00,50.40989526909604,50.40989526909604,49.91441761696757,50.04819869995117,130800,0.0,0.0,0.0
2024-11-13 00:00:00-05:00,50.152248399432054,50.256298252436515,49.87478212475348,49.93324661254883,25000,0.0,0.0,0.0
2024-11-14 00:00:00-05:00,49.96396869199411,49.96396869199411,49.54281340945201,49.567588806152344,97000,0.0,0.0,0.0
2024-11-15 00:00:00-05:00,49.4784025193612,49.54677868264293,49.07508219710231,49.145442962646484,18700,0.0,0.0,0.0
2024-11-18 00:00:00-05:00,49.22075030858494,49.46848914552413,49.22075030858494,49.37930679321289,28900,0.0,0.0,0.0
2024-11-19 00:00:00-05:00,49.08201886152843,49.4932662523113,48.95319738360676,49.45263671875,12700,0.0,0.0,0.0
2024-11-20 00:00:00-05:00,49.44867338267943,49.70632010990193,49.31489229377581,49.686500549316406,20600,0.0,0.0,0.0
2024-11-21 00:00:00-05:00,49.94414803137168,50.49908057337274,49.94414803137168,50.410884857177734,22200,0.0,0.0,0.0
2024-11-22 00:00:00-05:00,50.499081502070695,51.03122704184734,50.499081502070695,51.00447082519531,59600,0.0,0.0,0.0
2024-11-25 00:00:00-05:00,51.410768206547296,51.70805407626829,51.410768206547296,51.43058776855469,30100,0.0,0.0,0.0
2024-11-26 00:00:00-05:00,51.420670791441545,51.420670791441545,51.15311240224307,51.34139633178711,14400,0.0,0.0,0.0
2024-11-27 00:00:00-05:00,51.450397719432836,51.53760302634329,51.29184502153761,51.31166458129883,12400,0.0,0.0,0.0
2024-11-29 00:00:00-05:00,51.49004094721451,51.608958315269916,51.47022138587194,51.480133056640625,13300,0.0,0.0,0.0
2024-12-02 00:00:00-05:00,51.45040018916628,51.45040018916628,51.14320644860771,51.27599334716797,32700,0.0,0.0,0.0
2024-12-03 00:00:00-05:00,51.30175865815441,51.30175865815441,51.09365894297594,51.1848258972168,16000,0.0,0.0,0.0
2024-12-04 00:00:00-05:00,51.242298437529826,51.30175711730697,51.054018288527345,51.1917610168457,21200,0.0,0.0,0.0
2024-12-05 00:00:00-05:00,51.17293310667803,51.17293310667803,50.945013832306664,50.95492172241211,25900,0.0,0.0,0.0
2024-12-06 00:00:00-05:00,51.10356616452211,51.10356616452211,50.746821640201006,50.85582733154297,30400,0.0,0.0,0.0
2024-12-09 00:00:00-05:00,51.00447261027051,51.04906378612151,50.568449840911605,50.57836151123047,7300,0.0,0.0,0.0
2024-12-10 00:00:00-05:00,50.578363799462274,50.578363799462274,50.142341010377116,50.18198013305664,23200,0.0,0.0,0.0
2024-12-11 00:00:00-05:00,50.419809436379914,50.419809436379914,50.21468095244121,50.31972122192383,26100,0.0,0.0,0.0
2024-12-12 00:00:00-05:00,50.30089372090041,50.41981108893898,50.17207224248416,50.18198013305664,40900,0.0,0.0,0.0
2024-12-13 00:00:00-05:00,50.2513475542418,50.2513475542418,49.90451467543982,50.00360870361328,37000,0.0,0.0,0.0
2024-12-16 00:00:00-05:00,49.98378999005467,50.170089336714376,49.82523727416992,49.82523727416992,16900,0.0,0.0,0.0
2024-12-17 00:00:00-05:00,49.60722332862593,49.61713121827041,49.30002582692484,49.36939239501953,38200,0.0,0.0,0.0
2024-12-18 00:00:00-05:00,49.379308963651184,49.47840299070462,47.73630398736489,47.7541389465332,46900,0.0,0.0,0.0
2024-12-19 00:00:00-05:00,48.02169820712526,48.2694370593455,47.575767517089844,47.575767517089844,22700,0.0,0.0,0.0
2024-12-20 00:00:00-05:00,47.38748643018191,48.507267078929964,47.368657279807316,48.13070297241211,27100,0.0,0.0,0.0
2024-12-23 00:00:00-05:00,48.04212051332801,48.271034240722656,47.80325186922282,48.271034240722656,62200,0.211,0.0,0.0
2024-12-24 00:00:00-05:00,48.28098781547645,48.57957458496094,48.23620207806687,48.57957458496094,16500,0.0,0.0,0.0
2024-12-26 00:00:00-05:00,48.43028123209867,48.74877024284919,48.380518036047995,48.73881912231445,92100,0.0,0.0,0.0
2024-12-27 00:00:00-05:00,48.52980658419817,48.60943073352369,48.121742310625926,48.36061096191406,24500,0.0,0.0,0.0
2024-12-30 00:00:00-05:00,48.04211948507714,48.083921022314826,47.58429204008677,47.972450256347656,30700,0.0,0.0,0.0
2024-12-31 00:00:00-05:00,48.101840477299206,48.30089325892172,47.94756963584679,48.07197952270508,55700,0.0,0.0,0.0
2025-01-02 00:00:00-05:00,48.44023125204946,48.53976143857793,47.962497746778006,48.121742248535156,28900,0.0,0.0,0.0
2025-01-03 00:00:00-05:00,48.280986381402975,48.63928745679108,48.11179076062991,48.569618225097656,25900,0.0,0.0,0.0
2025-01-06 00:00:00-05:00,48.82839340986367,49.03242364856626,48.52980664619992,48.59947967529297,34400,0.0,0.0,0.0
2025-01-07 00:00:00-05:00,48.738818559118506,48.908014183073384,48.23122409387698,48.39046859741211,34300,0.0,0.0,0.0
2025-01-08 00:00:00-05:00,48.21131615953467,48.35264788141603,47.99235734871881,48.35065841674805,29800,0.0,0.0,0.0
2025-01-10 00:00:00-05:00,48.05207148265634,48.05207148265634,47.65893580096529,47.71367645263672,30400,0.0,0.0,0.0
2025-01-13 00:00:00-05:00,47.584294428035015,48.1316971655322,47.52457631611794,48.121742248535156,50000,0.0,0.0,0.0
2025-01-14 00:00:00-05:00,48.3606109971888,48.62933680632582,48.211317615438766,48.51985549926758,14700,0.0,0.0,0.0
2025-01-15 00:00:00-05:00,49.35588971870122,49.40366344863976,48.95777656810948,49.0473518371582,17600,0.0,0.0,0.0
2025-01-16 00:00:00-05:00,49.14688118187637,49.5151333720227,49.047350997587955,49.465370178222656,31100,0.0,0.0,0.0
2025-01-17 00:00:00-05:00,49.70423746700871,49.85353085242565,49.681347232008484,49.69428634643555,50100,0.0,0.0,0.0
2025-01-21 00:00:00-05:00,50.01277404062214,50.271544932279475,50.00282292031118,50.2416877746582,24700,0.0,0.0,0.0
2025-01-22 00:00:00-05:00,50.39098156646536,50.39098156646536,49.95305633544922,49.95305633544922,44100,0.0,0.0,0.0
2025-01-23 00:00:00-05:00,50.04262928359548,50.201873779296875,49.78983059247224,50.201873779296875,18400,0.0,0.0,0.0
2025-01-24 00:00:00-05:00,50.30140362174562,50.400930007127585,50.12225309070749,50.188934326171875,20300,0.0,0.0,0.0
2025-01-27 00:00:00-05:00,49.74404718958699,50.03267902950578,49.6753726911464,49.86347961425781,71500,0.0,0.0,0.0
2025-01-28 00:00:00-05:00,49.903290699036226,49.9729599284375,49.66442585442853,49.72414016723633,25900,0.0,0.0,0.0
2025-01-29 00:00:00-05:00,49.78385918520569,49.87343445274024,49.48029876726573,49.54499053955078,16200,0.0,0.0,0.0
2025-01-30 00:00:00-05:00,49.953056838116936,50.27154584750351,49.84357932594968,50.062538146972656,39400,0.0,0.0,0.0
2025-01-31 00:00:00-05:00,50.191924945632756,50.29145133622151,49.71419143676758,49.71419143676758,21000,0.0,0.0,0.0
2025-02-03 00:00:00-05:00,48.99758683672157,49.64451973341862,48.738815956055696,49.4056510925293,24300,0.0,0.0,0.0
2025-02-04 00:00:00-05:00,49.42556005590273,49.67437983141507,49.42556005590273,49.6644287109375,22100,0.0,0.0,0.0
2025-02-05 00:00:00-05:00,49.7042337076659,49.97295950307842,49.53503809389962,49.93314743041992,34700,0.0,0.0,0.0
2025-02-06 00:00:00-05:00,50.19192257554716,50.19192257554716,49.62162582960945,49.883384704589844,25000,0.0,0.0,0.0
2025-02-07 00:00:00-05:00,49.94310243009578,50.02272277885714,49.515132140024825,49.53105545043945,13500,0.0,0.0,0.0
2025-02-10 00:00:00-05:00,49.883384662537544,49.883384662537544,49.571862594875235,49.72414016723633,18400,0.0,0.0,0.0
2025-02-11 00:00:00-05:00,49.525086854745425,49.666418584170835,49.48527857581929,49.635562896728516,25700,0.0,0.0,0.0
2025-02-12 00:00:00-05:00,49.14688056253071,49.405651445042935,49.14688056253071,49.31806564331055,12300,0.0,0.0,0.0
2025-02-13 00:00:00-05:00,49.52508577151284,49.8983154296875,49.52508577151284,49.8983154296875,13100,0.0,0.0,0.0
2025-02-14 00:00:00-05:00,50.05258484063333,50.18893530786977,49.86347938934515,49.888362884521484,42400,0.0,0.0,0.0
2025-02-18 00:00:00-05:00,50.04263167394416,50.276522868703246,50.00779705749207,50.27154541015625,91800,0.0,0.0,0.0
2025-02-19 00:00:00-05:00,50.11229995355581,50.231736176281025,50.032679601760705,50.211830139160156,21300,0.0,0.0,0.0
2025-02-20 00:00:00-05:00,50.05258711400568,50.0625382345152,49.68532964051969,50.02073669433594,19600,0.0,0.0,0.0
2025-02-21 00:00:00-05:00,50.12225418241305,50.12225418241305,49.097117963235135,49.20560073852539,16100,0.0,0.0,0.0
2025-02-24 00:00:00-05:00,49.38574596279764,49.39570087955694,48.952802000976156,49.22650146484375,39200,0.0,0.0,0.0
2025-02-25 00:00:00-05:00,49.15683314340535,49.25138587092577,48.78858094695544,49.0473518371582,23100,0.0,0.0,0.0
2025-02-26 00:00:00-05:00,49.20659537769461,49.42555798591542,48.908012418922425,48.98763656616211,11500,0.0,0.0,0.0
2025-02-27 00:00:00-05:00,49.08716380102621,49.19664510702684,48.534783609250944,48.569618225097656,25700,0.0,0.0,0.0
2025-02-28 00:00:00-05:00,48.579573251404554,49.06725787435663,48.47009194515741,49.0473518371582,17300,0.0,0.0,0.0
2025-03-03 00:00:00-05:00,49.31607893250967,49.31607893250967,48.05705147115668,48.261085510253906,28600,0.0,0.0,0.0
2025-03-04 00:00:00-05:00,48.00230923195025,48.25112900018347,47.36533123274334,47.61415100097656,41300,0.0,0.0,0.0
2025-03-05 00:00:00-05:00,47.58429489236611,48.185443556785884,47.35538115614948,48.07197952270508,37100,0.0,0.0,0.0
2025-03-06 00:00:00-05:00,47.64400764004072,47.90576651935125,47.265804330055246,47.425048828125,18400,0.0,0.0,0.0
2025-03-07 00:00:00-05:00,47.41509309147414,48.042119952832635,47.18120190845297,47.92268753051758,28300,0.0,0.0,0.0
2025-03-10 00:00:00-04:00,47.50467149171651,47.763446186609244,46.77811819660588,47.09660720825195,24300,0.0,0.0,0.0
2025-03-11 00:00:00-04:00,47.1264614014111,47.136416318035955,46.39990815201553,46.6785888671875,78800,0.0,0.0,0.0
2025-03-12 00:00:00-04:00,46.967216875592854,47.03688610516926,46.32725469581413,46.59896469116211,26200,0.0,0.0,0.0
2025-03-13 00:00:00-04:00,46.52929820283903,46.68854270792239,45.892320182505614,46.06151580810547,36600,0.0,0.0,0.0
2025-03-14 00:00:00-04:00,46.45962634384997,47.036886218399545,46.3800021974634,46.99707794189453,143900,0.0,0.0,0.0
2025-03-17 00:00:00-04:00,47.016984571485175,47.85401386798633,47.016984571485175,47.684814453125,119300,0.0,0.0,0.0
2025-03-18 00:00:00-04:00,47.54448125250524,47.569360951044956,47.272771253116495,47.425048828125,18600,0.0,0.0,0.0
2025-03-19 00:00:00-04:00,47.48476417078814,47.97245259233034,47.48476417078814,47.803253173828125,20600,0.0,0.0,0.0
2025-03-20 00:00:00-04:00,47.68083624518057,47.94259133180187,47.63405724771511,47.68979263305664,21200,0.0,0.0,0.0
2025-03-21 00:00:00-04:00,47.30561402825706,47.464858531111,47.18618160028872,47.435001373291016,15300,0.0,0.0,0.0
2025-03-24 00:00:00-04:00,47.90999984741211,48.349998474121094,47.90999984741211,48.32899856567383,36100,0.225,0.0,0.0
2025-03-25 00:00:00-04:00,48.41999816894531,48.41999816894531,48.040000915527344,48.16999816894531,25000,0.0,0.0,0.0
2025-03-26 00:00:00-04:00,48.209999084472656,48.275001525878906,47.89500045776367,47.959999084472656,116400,0.0,0.0,0.0
2025-03-27 00:00:00-04:00,47.900001525878906,48.11000061035156,47.63999938964844,47.81999969482422,19500,0.0,0.0,0.0
2025-03-28 00:00:00-04:00,47.79999923706055,47.79999923706055,47.0,47.119998931884766,24700,0.0,0.0,0.0
2025-03-31 00:00:00-04:00,46.7599983215332,47.41600036621094,46.5,47.2599983215332,34600,0.0,0.0,0.0
2025-04-01 00:00:00-04:00,47.25,47.529998779296875,46.86800003051758,47.380001068115234,57000,0.0,0.0,0.0
2025-04-02 00:00:00-04:00,47.09000015258789,47.99399948120117,47.0,47.900001525878906,31600,0.0,0.0,0.0
2025-04-03 00:00:00-04:00,46.29999923706055,46.61800003051758,45.31999969482422,45.369998931884766,48700,0.0,0.0,0.0
2025-04-04 00:00:00-04:00,44.349998474121094,44.349998474121094,42.540000915527344,42.7599983215332,208700,0.0,0.0,0.0
2025-04-07 00:00:00-04:00,41.599998474121094,43.88999938964844,40.849998474121094,42.40999984741211,298900,0.0,0.0,0.0
2025-04-08 00:00:00-04:00,43.630001068115234,43.630001068115234,40.900001525878906,41.380001068115234,56000,0.0,0.0,0.0
2025-04-09 00:00:00-04:00,41.0,44.959999084472656,40.970001220703125,44.78200149536133,56700,0.0,0.0,0.0
2025-04-10 00:00:00-04:00,43.900001525878906,43.900001525878906,42.25,43.15999984741211,69000,0.0,0.0,0.0
2025-04-11 00:00:00-04:00,42.99800109863281,43.900001525878906,42.67300033569336,43.849998474121094,20600,0.0,0.0,0.0
2025-04-14 00:00:00-04:00,44.470001220703125,44.63399887084961,43.97999954223633,44.41999816894531,40500,0.0,0.0,0.0
2025-04-15 00:00:00-04:00,44.38999938964844,44.79999923706055,44.220001220703125,44.27000045776367,25300,0.0,0.0,0.0
2025-04-16 00:00:00-04:00,44.130001068115234,44.380001068115234,43.529998779296875,43.880001068115234,29400,0.0,0.0,0.0
2025-04-17 00:00:00-04:00,43.9900016784668,44.56999969482422,43.9900016784668,44.27000045776367,23700,0.0,0.0,0.0
2025-04-21 00:00:00-04:00,43.90999984741211,43.90999984741211,42.92599868774414,43.310001373291016,57700,0.0,0.0,0.0
2025-04-22 00:00:00-04:00,43.77000045776367,44.45399856567383,43.77000045776367,44.29999923706055,66700,0.0,0.0,0.0
2025-04-23 00:00:00-04:00,45.2400016784668,45.709999084472656,44.650001525878906,44.75,30200,0.0,0.0,0.0
2025-04-24 00:00:00-04:00,44.810001373291016,45.61800003051758,44.810001373291016,45.560001373291016,118100,0.0,0.0,0.0
2025-04-25 00:00:00-04:00,45.41999816894531,45.56999969482422,45.18000030517578,45.56999969482422,20500,0.0,0.0,0.0
