Date,Open,High,Low,Close,Volume,Dividends,Stock Splits
2020-02-12 00:00:00-05:00,53.25,54.150001525878906,48.0,50.0,444460,0.0,0.0
2020-02-13 00:00:00-05:00,51.75,53.75,49.75,52.5,124560,0.0,0.0
2020-02-14 00:00:00-05:00,53.29999923706055,54.099998474121094,52.5,53.0,116100,0.0,0.0
2020-02-18 00:00:00-05:00,53.5,54.900001525878906,51.349998474121094,52.5,49420,0.0,0.0
2020-02-19 00:00:00-05:00,52.5,52.75,51.0,52.349998474121094,25320,0.0,0.0
2020-02-20 00:00:00-05:00,52.5,53.20000076293945,51.650001525878906,52.650001525878906,25920,0.0,0.0
2020-02-21 00:00:00-05:00,52.70000076293945,54.29499816894531,51.75,53.54999923706055,100020,0.0,0.0
2020-02-24 00:00:00-05:00,52.599998474121094,52.900001525878906,51.79999923706055,52.349998474121094,24940,0.0,0.0
2020-02-25 00:00:00-05:00,52.599998474121094,53.099998474121094,52.5,52.95000076293945,27720,0.0,0.0
2020-02-26 00:00:00-05:00,52.79999923706055,64.8550033569336,52.70000076293945,61.75,94680,0.0,0.0
2020-02-27 00:00:00-05:00,63.0,67.5,57.97999954223633,60.400001525878906,70640,0.0,0.0
2020-02-28 00:00:00-05:00,61.04999923706055,64.5,57.95000076293945,63.45000076293945,21580,0.0,0.0
2020-03-02 00:00:00-05:00,65.0,73.94999694824219,62.75,72.44999694824219,27820,0.0,0.0
2020-03-03 00:00:00-05:00,74.0,74.0,66.94999694824219,66.94999694824219,32080,0.0,0.0
2020-03-04 00:00:00-05:00,68.55000305175781,70.1500015258789,59.75,61.400001525878906,42320,0.0,0.0
2020-03-05 00:00:00-05:00,62.70000076293945,65.1500015258789,52.75,54.29999923706055,47000,0.0,0.0
2020-03-06 00:00:00-05:00,53.5,56.650001525878906,52.5,54.599998474121094,17280,0.0,0.0
2020-03-09 00:00:00-04:00,51.0,52.400001525878906,45.20000076293945,49.04999923706055,20800,0.0,0.0
2020-03-10 00:00:00-04:00,50.04999923706055,51.900001525878906,49.29999923706055,49.54999923706055,10260,0.0,0.0
2020-03-11 00:00:00-04:00,49.25,50.25,47.54999923706055,47.70000076293945,10700,0.0,0.0
2020-03-12 00:00:00-04:00,45.0,45.0,37.349998474121094,38.79999923706055,46880,0.0,0.0
2020-03-13 00:00:00-04:00,41.0,43.95000076293945,38.5,41.29999923706055,13960,0.0,0.0
2020-03-16 00:00:00-04:00,37.099998474121094,37.099998474121094,32.099998474121094,35.04999923706055,11980,0.0,0.0
2020-03-17 00:00:00-04:00,36.5,40.45000076293945,36.5,40.45000076293945,5740,0.0,0.0
2020-03-18 00:00:00-04:00,39.95000076293945,41.25,37.150001525878906,41.25,6060,0.0,0.0
2020-03-19 00:00:00-04:00,40.79999923706055,46.849998474121094,40.79999923706055,46.25,2920,0.0,0.0
2020-03-20 00:00:00-04:00,45.70000076293945,46.20000076293945,42.5,44.349998474121094,780,0.0,0.0
2020-03-23 00:00:00-04:00,45.75,45.900001525878906,43.0,43.79999923706055,4960,0.0,0.0
2020-03-24 00:00:00-04:00,45.75,46.5,44.5,44.650001525878906,2480,0.0,0.0
2020-03-25 00:00:00-04:00,46.0,47.900001525878906,44.400001525878906,47.79999923706055,3800,0.0,0.0
2020-03-26 00:00:00-04:00,47.54999923706055,48.0,45.75,47.0,6020,0.0,0.0
2020-03-27 00:00:00-04:00,45.150001525878906,45.150001525878906,42.25,44.0,2380,0.0,0.0
2020-03-30 00:00:00-04:00,43.900001525878906,44.380001068115234,42.599998474121094,42.599998474121094,2440,0.0,0.0
2020-03-31 00:00:00-04:00,42.349998474121094,42.599998474121094,40.0,40.25,3100,0.0,0.0
2020-04-01 00:00:00-04:00,37.54999923706055,38.810001373291016,37.5,37.5,4380,0.0,0.0
2020-04-02 00:00:00-04:00,35.0,35.0,32.54999923706055,34.95000076293945,22780,0.0,0.0
2020-04-03 00:00:00-04:00,33.95000076293945,33.95000076293945,31.5,31.75,10480,0.0,0.0
2020-04-06 00:00:00-04:00,31.75,32.20000076293945,29.700000762939453,30.0,15020,0.0,0.0
2020-04-07 00:00:00-04:00,30.0,30.825000762939453,29.75,29.950000762939453,10800,0.0,0.0
2020-04-08 00:00:00-04:00,29.350000381469727,30.149999618530273,27.399999618530273,28.200000762939453,14140,0.0,0.0
2020-04-09 00:00:00-04:00,28.149999618530273,28.149999618530273,26.350000381469727,27.25,12900,0.0,0.0
2020-04-13 00:00:00-04:00,29.950000762939453,29.950000762939453,24.149999618530273,25.850000381469727,17400,0.0,0.0
2020-04-14 00:00:00-04:00,25.850000381469727,25.850000381469727,24.649999618530273,25.149999618530273,10480,0.0,0.0
2020-04-15 00:00:00-04:00,26.399999618530273,28.0,25.25,27.399999618530273,30560,0.0,0.0
2020-04-16 00:00:00-04:00,30.149999618530273,34.400001525878906,29.5,32.0,56160,0.0,0.0
2020-04-17 00:00:00-04:00,33.75,33.75,30.950000762939453,31.829999923706055,22100,0.0,0.0
2020-04-20 00:00:00-04:00,30.5,32.900001525878906,29.545000076293945,32.54999923706055,35000,0.0,0.0
2020-04-21 00:00:00-04:00,31.950000762939453,36.54999923706055,30.25,36.45000076293945,23380,0.0,0.0
2020-04-22 00:00:00-04:00,36.45000076293945,38.349998474121094,33.93000030517578,37.75,11380,0.0,0.0
2020-04-23 00:00:00-04:00,37.04999923706055,37.75,35.5,37.75,5680,0.0,0.0
2020-04-24 00:00:00-04:00,36.650001525878906,39.349998474121094,35.939998626708984,39.349998474121094,6380,0.0,0.0
2020-04-27 00:00:00-04:00,38.900001525878906,39.45000076293945,38.0,39.45000076293945,10280,0.0,0.0
2020-04-28 00:00:00-04:00,38.349998474121094,39.04999923706055,37.5,39.04999923706055,4860,0.0,0.0
2020-04-29 00:00:00-04:00,38.45000076293945,39.25,37.849998474121094,39.04999923706055,5080,0.0,0.0
2020-04-30 00:00:00-04:00,38.45000076293945,39.0,37.54999923706055,37.95000076293945,2460,0.0,0.0
2020-05-01 00:00:00-04:00,36.900001525878906,38.20000076293945,36.25,36.25,3240,0.0,0.0
2020-05-04 00:00:00-04:00,36.02000045776367,36.685001373291016,35.75,35.75,4420,0.0,0.0
2020-05-05 00:00:00-04:00,36.0,37.29999923706055,36.0,36.650001525878906,700,0.0,0.0
2020-05-06 00:00:00-04:00,35.650001525878906,36.400001525878906,35.0,35.150001525878906,4460,0.0,0.0
2020-05-07 00:00:00-04:00,35.0,35.150001525878906,34.95000076293945,35.150001525878906,2320,0.0,0.0
2020-05-08 00:00:00-04:00,36.45000076293945,36.5,34.5,36.25,2240,0.0,0.0
2020-05-11 00:00:00-04:00,36.400001525878906,37.0,34.54999923706055,35.5,3820,0.0,0.0
2020-05-12 00:00:00-04:00,35.5,35.5,34.5,34.5,4360,0.0,0.0
2020-05-13 00:00:00-04:00,35.0,35.0,31.25,32.95000076293945,10480,0.0,0.0
2020-05-14 00:00:00-04:00,33.099998474121094,33.099998474121094,31.25,31.299999237060547,2820,0.0,0.0
2020-05-15 00:00:00-04:00,31.280000686645508,31.950000762939453,31.25,31.549999237060547,860,0.0,0.0
2020-05-18 00:00:00-04:00,31.600000381469727,33.5,31.600000381469727,33.5,400,0.0,0.0
2020-05-19 00:00:00-04:00,35.0,35.0,30.299999237060547,30.5,3760,0.0,0.0
2020-05-20 00:00:00-04:00,30.549999237060547,32.70000076293945,30.549999237060547,32.70000076293945,1020,0.0,0.0
2020-05-21 00:00:00-04:00,32.04999923706055,32.04999923706055,30.0,30.0,3900,0.0,0.0
2020-05-22 00:00:00-04:00,30.0,30.209999084472656,28.75,29.049999237060547,6120,0.0,0.0
2020-05-26 00:00:00-04:00,28.75,29.549999237060547,28.75,29.149999618530273,1880,0.0,0.0
2020-05-27 00:00:00-04:00,29.100000381469727,29.100000381469727,28.799999237060547,29.049999237060547,1600,0.0,0.0
2020-05-28 00:00:00-04:00,29.100000381469727,30.0,28.75,29.5,3280,0.0,0.0
2020-05-29 00:00:00-04:00,30.0,31.149999618530273,28.75,29.899999618530273,8800,0.0,0.0
2020-06-01 00:00:00-04:00,29.149999618530273,30.5,29.149999618530273,30.0,3340,0.0,0.0
2020-06-02 00:00:00-04:00,30.049999237060547,30.899999618530273,29.5,30.149999618530273,9500,0.0,0.0
2020-06-03 00:00:00-04:00,30.0,32.25,28.799999237060547,31.600000381469727,9540,0.0,0.0
2020-06-04 00:00:00-04:00,33.25,35.95000076293945,31.799999237060547,35.95000076293945,4580,0.0,0.0
2020-06-05 00:00:00-04:00,37.150001525878906,38.54999923706055,36.70000076293945,38.0,7180,0.0,0.0
2020-06-08 00:00:00-04:00,38.79999923706055,38.95000076293945,37.0,37.5,9680,0.0,0.0
2020-06-09 00:00:00-04:00,37.5,38.0,36.5,37.0,6620,0.0,0.0
2020-06-10 00:00:00-04:00,36.54999923706055,37.54999923706055,35.04999923706055,37.0,8040,0.0,0.0
2020-06-11 00:00:00-04:00,36.5,36.5,31.774999618530273,35.5,4940,0.0,0.0
2020-06-12 00:00:00-04:00,36.20000076293945,36.20000076293945,33.02000045776367,35.5,1760,0.0,0.0
2020-06-15 00:00:00-04:00,32.92499923706055,35.45000076293945,30.350000381469727,35.0,3280,0.0,0.0
2020-06-16 00:00:00-04:00,38.0,38.0,35.150001525878906,37.45000076293945,2200,0.0,0.0
2020-06-17 00:00:00-04:00,36.20000076293945,36.20000076293945,35.29999923706055,36.20000076293945,1820,0.0,0.0
2020-06-18 00:00:00-04:00,35.0,35.95000076293945,34.525001525878906,35.25,1640,0.0,0.0
2020-06-19 00:00:00-04:00,35.25,36.54999923706055,35.25,35.75,1400,0.0,0.0
2020-06-22 00:00:00-04:00,36.400001525878906,36.849998474121094,36.07500076293945,36.5,1180,0.0,0.0
2020-06-23 00:00:00-04:00,36.900001525878906,37.650001525878906,36.900001525878906,37.650001525878906,7780,0.0,0.0
2020-06-24 00:00:00-04:00,37.900001525878906,38.79999923706055,36.20000076293945,37.45000076293945,3780,0.0,0.0
2020-06-25 00:00:00-04:00,36.29999923706055,38.0,36.29999923706055,38.0,3300,0.0,0.0
2020-06-26 00:00:00-04:00,36.775001525878906,38.25,36.20000076293945,36.25,4200,0.0,0.0
2020-06-29 00:00:00-04:00,36.20000076293945,37.5,36.04999923706055,37.0,1920,0.0,0.0
2020-06-30 00:00:00-04:00,37.04999923706055,38.54999923706055,35.900001525878906,38.54999923706055,2320,0.0,0.0
2020-07-01 00:00:00-04:00,38.5,38.5,36.20000076293945,37.75,2580,0.0,0.0
2020-07-02 00:00:00-04:00,37.0,37.70000076293945,36.75,37.70000076293945,2880,0.0,0.0
2020-07-06 00:00:00-04:00,38.0,42.20000076293945,37.775001525878906,41.70000076293945,12520,0.0,0.0
2020-07-07 00:00:00-04:00,44.0,45.0,41.0,41.0,14560,0.0,0.0
2020-07-08 00:00:00-04:00,41.900001525878906,51.79999923706055,41.900001525878906,48.099998474121094,26520,0.0,0.0
2020-07-09 00:00:00-04:00,48.150001525878906,51.650001525878906,47.54999923706055,49.45000076293945,8720,0.0,0.0
2020-07-10 00:00:00-04:00,50.0,51.5,47.5,47.5,8140,0.0,0.0
2020-07-13 00:00:00-04:00,48.5,49.5,45.25,45.900001525878906,5000,0.0,0.0
2020-07-14 00:00:00-04:00,44.45000076293945,46.92499923706055,44.400001525878906,45.04999923706055,3000,0.0,0.0
2020-07-15 00:00:00-04:00,45.0,45.45000076293945,43.400001525878906,45.25,1520,0.0,0.0
2020-07-16 00:00:00-04:00,44.25,49.5,43.599998474121094,45.349998474121094,4580,0.0,0.0
2020-07-17 00:00:00-04:00,46.0,47.5,45.29999923706055,47.45000076293945,4900,0.0,0.0
2020-07-20 00:00:00-04:00,47.400001525878906,48.150001525878906,45.0,47.349998474121094,3840,0.0,0.0
2020-07-21 00:00:00-04:00,47.400001525878906,51.5,46.650001525878906,48.5,8940,0.0,0.0
2020-07-22 00:00:00-04:00,47.5,47.900001525878906,45.20000076293945,46.25,7740,0.0,0.0
2020-07-23 00:00:00-04:00,46.20000076293945,48.099998474121094,45.099998474121094,45.70000076293945,3960,0.0,0.0
2020-07-24 00:00:00-04:00,45.45000076293945,45.75,45.0,45.0,1780,0.0,0.0
2020-07-27 00:00:00-04:00,45.06999969482422,46.04999923706055,44.849998474121094,45.400001525878906,2620,0.0,0.0
2020-07-28 00:00:00-04:00,45.04999923706055,46.5,45.0,45.29999923706055,2820,0.0,0.0
2020-07-29 00:00:00-04:00,45.654998779296875,47.04999923706055,45.599998474121094,45.849998474121094,2220,0.0,0.0
2020-07-30 00:00:00-04:00,46.099998474121094,46.099998474121094,45.0,45.0,2800,0.0,0.0
2020-07-31 00:00:00-04:00,46.125,46.125,45.0,45.0,1560,0.0,0.0
2020-08-03 00:00:00-04:00,45.20000076293945,47.334999084472656,44.54999923706055,45.849998474121094,7560,0.0,0.0
2020-08-04 00:00:00-04:00,47.45000076293945,47.599998474121094,45.349998474121094,45.349998474121094,1320,0.0,0.0
2020-08-05 00:00:00-04:00,47.54999923706055,47.54999923706055,44.0,44.5,3840,0.0,0.0
2020-08-06 00:00:00-04:00,44.150001525878906,44.650001525878906,43.70000076293945,44.04999923706055,7460,0.0,0.0
2020-08-07 00:00:00-04:00,43.45000076293945,45.849998474121094,42.5,45.849998474121094,6600,0.0,0.0
2020-08-10 00:00:00-04:00,45.0,45.0,43.849998474121094,44.5,2900,0.0,0.0
2020-08-11 00:00:00-04:00,44.75,44.75,44.150001525878906,44.349998474121094,4220,0.0,0.0
2020-08-12 00:00:00-04:00,44.150001525878906,44.45000076293945,42.599998474121094,43.150001525878906,2800,0.0,0.0
2020-08-13 00:00:00-04:00,42.54999923706055,43.25,42.54999923706055,42.95000076293945,1480,0.0,0.0
2020-08-14 00:00:00-04:00,43.0,43.02000045776367,42.79999923706055,43.0,1580,0.0,0.0
2020-08-17 00:00:00-04:00,42.5,43.400001525878906,42.5,43.20000076293945,5280,0.0,0.0
2020-08-18 00:00:00-04:00,43.79999923706055,46.25,42.849998474121094,45.0,3220,0.0,0.0
2020-08-19 00:00:00-04:00,45.0,46.0,44.900001525878906,44.95000076293945,1980,0.0,0.0
2020-08-20 00:00:00-04:00,44.95000076293945,46.45000076293945,44.11000061035156,45.70000076293945,4000,0.0,0.0
2020-08-21 00:00:00-04:00,44.20000076293945,45.25,44.20000076293945,45.0,1840,0.0,0.0
2020-08-24 00:00:00-04:00,43.849998474121094,44.70000076293945,40.29999923706055,44.42499923706055,7460,0.0,0.0
2020-08-25 00:00:00-04:00,43.75,44.900001525878906,42.5,44.5,5940,0.0,0.0
2020-08-26 00:00:00-04:00,43.75,44.220001220703125,43.5,43.625,1020,0.0,0.0
2020-08-27 00:00:00-04:00,43.619998931884766,43.619998931884766,42.54999923706055,43.150001525878906,1460,0.0,0.0
2020-08-28 00:00:00-04:00,43.099998474121094,43.5,42.650001525878906,43.32500076293945,1580,0.0,0.0
2020-08-31 00:00:00-04:00,42.54999923706055,43.0,42.150001525878906,42.599998474121094,5660,0.0,0.0
2020-09-01 00:00:00-04:00,42.599998474121094,42.849998474121094,41.875,42.54499816894531,2180,0.0,0.0
2020-09-02 00:00:00-04:00,42.0,42.599998474121094,42.0,42.5,1540,0.0,0.0
2020-09-03 00:00:00-04:00,41.654998779296875,42.5,41.0,42.349998474121094,980,0.0,0.0
2020-09-04 00:00:00-04:00,42.349998474121094,42.349998474121094,42.349998474121094,42.349998474121094,0,0.0,0.0
2020-09-08 00:00:00-04:00,42.349998474121094,42.75,42.25,42.54999923706055,3640,0.0,0.0
2020-09-09 00:00:00-04:00,42.584999084472656,42.77000045776367,41.834999084472656,42.45000076293945,2000,0.0,0.0
2020-09-10 00:00:00-04:00,42.5,42.849998474121094,42.45000076293945,42.849998474121094,5480,0.0,0.0
2020-09-11 00:00:00-04:00,42.599998474121094,43.25,42.599998474121094,42.95000076293945,2140,0.0,0.0
2020-09-14 00:00:00-04:00,43.25,43.5,42.099998474121094,42.900001525878906,1120,0.0,0.0
2020-09-15 00:00:00-04:00,43.599998474121094,43.599998474121094,42.67499923706055,43.0,2000,0.0,0.0
2020-09-16 00:00:00-04:00,43.25,43.5,43.25,43.29999923706055,2380,0.0,0.0
2020-09-17 00:00:00-04:00,43.25,43.5,43.25,43.5,180,0.0,0.0
2020-09-18 00:00:00-04:00,39.650001525878906,42.650001525878906,39.650001525878906,42.599998474121094,300,0.0,0.0
2020-09-21 00:00:00-04:00,41.70000076293945,41.95000076293945,41.25,41.810001373291016,960,0.0,0.0
2020-09-22 00:00:00-04:00,42.48500061035156,42.5,41.5,41.70000076293945,1160,0.0,0.0
2020-09-23 00:00:00-04:00,37.5,41.400001525878906,37.5,40.599998474121094,660,0.0,0.0
2020-09-24 00:00:00-04:00,38.79999923706055,39.650001525878906,38.150001525878906,39.650001525878906,140,0.0,0.0
2020-09-25 00:00:00-04:00,38.04999923706055,40.970001220703125,38.04999923706055,40.72999954223633,700,0.0,0.0
2020-09-28 00:00:00-04:00,39.41999816894531,40.584999084472656,38.900001525878906,40.584999084472656,2180,0.0,0.0
2020-09-29 00:00:00-04:00,40.0,40.0,40.0,40.0,80,0.0,0.0
2020-09-30 00:00:00-04:00,40.70000076293945,41.0,40.5,40.70000076293945,12780,0.0,0.0
2020-10-01 00:00:00-04:00,40.70000076293945,40.70000076293945,40.70000076293945,40.70000076293945,0,0.0,0.0
2020-10-02 00:00:00-04:00,40.70000076293945,40.70000076293945,40.70000076293945,40.70000076293945,0,0.0,0.0
2020-10-05 00:00:00-04:00,44.150001525878906,45.599998474121094,39.650001525878906,39.650001525878906,2860,0.0,0.0
2020-10-06 00:00:00-04:00,39.650001525878906,39.650001525878906,39.650001525878906,39.650001525878906,140,0.0,0.0
2020-10-07 00:00:00-04:00,39.650001525878906,39.650001525878906,39.650001525878906,39.650001525878906,0,0.0,0.0
2020-10-08 00:00:00-04:00,40.17499923706055,40.17499923706055,40.17499923706055,40.17499923706055,80,0.0,0.0
2020-10-09 00:00:00-04:00,39.400001525878906,39.400001525878906,39.400001525878906,39.400001525878906,260,0.0,0.0
2020-10-12 00:00:00-04:00,39.400001525878906,39.400001525878906,39.400001525878906,39.400001525878906,0,0.0,0.0
2020-10-13 00:00:00-04:00,39.599998474121094,39.599998474121094,39.0,39.0,80,0.0,0.0
2020-10-14 00:00:00-04:00,40.0,40.0,37.275001525878906,38.974998474121094,280960,0.0,0.0
2020-10-15 00:00:00-04:00,39.6150016784668,39.6150016784668,38.54999923706055,38.54999923706055,340,0.0,0.0
2020-10-16 00:00:00-04:00,38.650001525878906,38.650001525878906,37.5,38.244998931884766,180,0.0,0.0
2020-10-19 00:00:00-04:00,38.244998931884766,38.244998931884766,38.244998931884766,38.244998931884766,20,0.0,0.0
2020-10-20 00:00:00-04:00,38.244998931884766,38.244998931884766,38.244998931884766,38.244998931884766,100,0.0,0.0
2020-10-21 00:00:00-04:00,38.30500030517578,40.5,36.54999923706055,36.650001525878906,640,0.0,0.0
2020-10-22 00:00:00-04:00,36.849998474121094,36.849998474121094,36.849998474121094,36.849998474121094,80,0.0,0.0
2020-10-23 00:00:00-04:00,38.060001373291016,38.25,32.599998474121094,37.849998474121094,1520,0.0,0.0
2020-10-26 00:00:00-04:00,36.79499816894531,37.75,36.29999923706055,36.95000076293945,400,0.0,0.0
2020-10-27 00:00:00-04:00,37.5,39.43000030517578,37.5,38.5,3420,0.0,0.0
2020-10-28 00:00:00-04:00,38.45000076293945,39.32500076293945,38.0,38.25,2200,0.0,0.0
2020-10-29 00:00:00-04:00,38.0,38.0,34.599998474121094,35.95000076293945,2220,0.0,0.0
2020-10-30 00:00:00-04:00,35.0,35.25,35.0,35.0,280,0.0,0.0
2020-11-02 00:00:00-05:00,37.474998474121094,37.5,37.25,37.25,260,0.0,0.0
2020-11-03 00:00:00-05:00,36.45000076293945,36.45000076293945,36.400001525878906,36.400001525878906,160,0.0,0.0
2020-11-04 00:00:00-05:00,38.935001373291016,38.935001373291016,38.25,38.25,240,0.0,0.0
2020-11-05 00:00:00-05:00,37.07500076293945,37.07500076293945,36.95000076293945,36.95000076293945,260,0.0,0.0
2020-11-06 00:00:00-05:00,36.720001220703125,37.5,36.70000076293945,37.5,340,0.0,0.0
2020-11-09 00:00:00-05:00,37.45000076293945,37.45000076293945,36.099998474121094,36.099998474121094,640,0.0,0.0
2020-11-10 00:00:00-05:00,35.775001525878906,38.400001525878906,35.54999923706055,38.400001525878906,340,0.0,0.0
2020-11-11 00:00:00-05:00,37.724998474121094,37.724998474121094,37.724998474121094,37.724998474121094,60,0.0,0.0
2020-11-12 00:00:00-05:00,36.849998474121094,36.849998474121094,36.849998474121094,36.849998474121094,80,0.0,0.0
2020-11-13 00:00:00-05:00,37.0,37.0,36.95000076293945,36.95000076293945,160,0.0,0.0
2020-11-16 00:00:00-05:00,36.95000076293945,36.95000076293945,36.95000076293945,36.95000076293945,100,0.0,0.0
2020-11-17 00:00:00-05:00,39.650001525878906,39.650001525878906,36.95000076293945,36.95000076293945,2900,0.0,0.0
2020-11-18 00:00:00-05:00,36.75,39.974998474121094,36.650001525878906,38.5,4820,0.0,0.0
2020-11-19 00:00:00-05:00,38.5,38.5,36.75,38.0,4580,0.0,0.0
2020-11-20 00:00:00-05:00,36.95000076293945,37.5,35.415000915527344,36.75,5540,0.0,0.0
2020-11-23 00:00:00-05:00,36.5,37.5,35.5,36.79999923706055,6180,0.0,0.0
2020-11-24 00:00:00-05:00,36.150001525878906,37.42499923706055,35.75,37.400001525878906,6680,0.0,0.0
2020-11-25 00:00:00-05:00,36.099998474121094,38.29999923706055,36.099998474121094,38.29999923706055,6240,0.0,0.0
2020-11-27 00:00:00-05:00,37.54999923706055,41.04999923706055,36.150001525878906,40.54999923706055,14340,0.0,0.0
2020-11-30 00:00:00-05:00,40.25,40.25,36.70000076293945,36.70000076293945,6960,0.0,0.0
2020-12-01 00:00:00-05:00,37.0,38.150001525878906,36.25,37.29999923706055,7400,0.0,0.0
2020-12-02 00:00:00-05:00,36.25,37.5,36.25,36.54999923706055,6340,0.0,0.0
2020-12-03 00:00:00-05:00,36.80500030517578,37.79999923706055,36.5,36.5,8880,0.0,0.0
2020-12-04 00:00:00-05:00,39.29999923706055,39.630001068115234,36.599998474121094,37.900001525878906,7500,0.0,0.0
2020-12-07 00:00:00-05:00,36.95000076293945,37.400001525878906,36.25,37.400001525878906,4000,0.0,0.0
2020-12-08 00:00:00-05:00,37.79999923706055,37.79999923706055,35.0,35.95000076293945,6500,0.0,0.0
2020-12-09 00:00:00-05:00,36.54999923706055,36.54999923706055,35.150001525878906,36.400001525878906,6820,0.0,0.0
2020-12-10 00:00:00-05:00,36.150001525878906,36.150001525878906,34.79999923706055,35.95000076293945,10880,0.0,0.0
2020-12-11 00:00:00-05:00,36.0,36.0,34.900001525878906,35.775001525878906,6320,0.0,0.0
2020-12-14 00:00:00-05:00,35.5,36.75,34.45000076293945,36.25,6780,0.0,0.0
2020-12-15 00:00:00-05:00,35.099998474121094,37.349998474121094,35.0,36.29999923706055,7160,0.0,0.0
2020-12-16 00:00:00-05:00,35.849998474121094,37.0,35.599998474121094,37.0,8100,0.0,0.0
2020-12-17 00:00:00-05:00,37.0,37.900001525878906,36.25,36.599998474121094,9720,0.0,0.0
2020-12-18 00:00:00-05:00,38.20000076293945,38.20000076293945,34.75,35.650001525878906,26060,0.0,0.0
2020-12-21 00:00:00-05:00,35.650001525878906,35.79999923706055,35.0,35.349998474121094,13320,0.0,0.0
2020-12-22 00:00:00-05:00,35.400001525878906,35.75,34.79999923706055,35.25,3240,0.0,0.0
2020-12-23 00:00:00-05:00,35.25,35.25,34.5,34.75,6440,0.0,0.0
2020-12-24 00:00:00-05:00,34.45000076293945,35.724998474121094,34.29999923706055,35.724998474121094,3980,0.0,0.0
2020-12-28 00:00:00-05:00,35.099998474121094,35.150001525878906,34.79999923706055,34.79999923706055,7340,0.0,0.0
2020-12-29 00:00:00-05:00,34.70000076293945,35.76499938964844,34.599998474121094,35.76499938964844,8880,0.0,0.0
2020-12-30 00:00:00-05:00,35.349998474121094,36.599998474121094,35.0,35.0,9560,0.0,0.0
2020-12-31 00:00:00-05:00,34.650001525878906,37.25,34.650001525878906,35.0,7700,0.0,0.0
2021-01-04 00:00:00-05:00,34.79999923706055,35.125,34.099998474121094,34.75,3460,0.0,0.0
2021-01-05 00:00:00-05:00,34.70000076293945,34.72999954223633,33.25,33.25,6500,0.0,0.0
2021-01-06 00:00:00-05:00,33.599998474121094,34.650001525878906,33.400001525878906,33.900001525878906,9340,0.0,0.0
2021-01-07 00:00:00-05:00,34.25,35.349998474121094,34.0,34.04999923706055,9620,0.0,0.0
2021-01-08 00:00:00-05:00,34.20000076293945,35.25,34.20000076293945,34.900001525878906,4300,0.0,0.0
2021-01-11 00:00:00-05:00,34.25,34.974998474121094,33.849998474121094,34.54999923706055,7480,0.0,0.0
2021-01-12 00:00:00-05:00,34.25,34.29999923706055,33.599998474121094,34.0,10960,0.0,0.0
2021-01-13 00:00:00-05:00,33.650001525878906,34.400001525878906,33.599998474121094,33.70000076293945,6340,0.0,0.0
2021-01-14 00:00:00-05:00,34.04999923706055,34.04999923706055,33.150001525878906,33.54999923706055,6760,0.0,0.0
2021-01-15 00:00:00-05:00,33.5,34.04999923706055,33.04999923706055,33.75,4480,0.0,0.0
2021-01-19 00:00:00-05:00,33.5,33.5,32.650001525878906,32.974998474121094,4920,0.0,0.0
2021-01-20 00:00:00-05:00,32.79999923706055,33.0,30.94499969482422,32.5,20920,0.0,0.0
2021-01-21 00:00:00-05:00,31.5,34.04999923706055,31.450000762939453,32.95000076293945,20960,0.0,0.0
2021-01-22 00:00:00-05:00,32.54999923706055,33.04999923706055,30.889999389648438,32.04999923706055,22440,0.0,0.0
2021-01-25 00:00:00-05:00,32.5,33.0,31.899999618530273,32.79999923706055,39940,0.0,0.0
2021-01-26 00:00:00-05:00,33.04999923706055,33.2599983215332,32.349998474121094,32.70000076293945,25620,0.0,0.0
2021-01-27 00:00:00-05:00,32.599998474121094,33.0,31.020000457763672,32.150001525878906,9420,0.0,0.0
2021-01-28 00:00:00-05:00,32.04999923706055,33.25,31.25,33.20000076293945,26520,0.0,0.0
2021-01-29 00:00:00-05:00,33.29999923706055,34.400001525878906,32.0,33.04999923706055,33460,0.0,0.0
2021-02-01 00:00:00-05:00,33.0,33.650001525878906,31.700000762939453,32.29999923706055,41980,0.0,0.0
2021-02-02 00:00:00-05:00,32.0,34.29999923706055,31.850000381469727,32.45000076293945,43380,0.0,0.0
2021-02-03 00:00:00-05:00,32.95000076293945,32.95000076293945,31.75,32.5,10020,0.0,0.0
2021-02-04 00:00:00-05:00,32.650001525878906,34.20000076293945,31.850000381469727,32.349998474121094,23300,0.0,0.0
2021-02-05 00:00:00-05:00,32.54999923706055,33.5,32.29999923706055,32.54999923706055,46020,0.0,0.0
2021-02-08 00:00:00-05:00,34.75,39.599998474121094,34.25,37.29999923706055,98720,0.0,0.0
2021-02-09 00:00:00-05:00,40.0,42.5,38.380001068115234,38.900001525878906,90420,0.0,0.0
2021-02-10 00:00:00-05:00,41.95000076293945,42.82500076293945,39.470001220703125,40.75,57180,0.0,0.0
2021-02-11 00:00:00-05:00,44.400001525878906,44.95000076293945,42.54999923706055,43.599998474121094,40880,0.0,0.0
2021-02-12 00:00:00-05:00,43.5,43.5,40.5,41.20000076293945,29100,0.0,0.0
2021-02-16 00:00:00-05:00,45.400001525878906,46.75,44.849998474121094,45.04999923706055,40460,0.0,0.0
2021-02-17 00:00:00-05:00,48.5,49.95000076293945,46.25,49.349998474121094,62560,0.0,0.0
2021-02-18 00:00:00-05:00,50.0,59.54999923706055,50.0,56.0,113440,0.0,0.0
2021-02-19 00:00:00-05:00,67.5,69.23500061035156,58.04999923706055,65.0,232380,0.0,0.0
2021-02-22 00:00:00-05:00,60.349998474121094,61.900001525878906,57.29999923706055,58.0,122660,0.0,0.0
2021-02-23 00:00:00-05:00,55.0,55.02000045776367,46.0,50.599998474121094,64220,0.0,0.0
2021-02-24 00:00:00-05:00,51.04999923706055,52.650001525878906,50.04999923706055,51.849998474121094,39160,0.0,0.0
2021-02-25 00:00:00-05:00,52.70000076293945,53.17499923706055,48.54999923706055,48.70000076293945,37940,0.0,0.0
2021-02-26 00:00:00-05:00,48.20000076293945,50.0,45.45000076293945,45.45000076293945,44400,0.0,0.0
2021-03-01 00:00:00-05:00,47.25,48.400001525878906,44.5,45.45000076293945,48960,0.0,0.0
2021-03-02 00:00:00-05:00,45.45000076293945,47.04999923706055,43.29999923706055,43.900001525878906,26460,0.0,0.0
2021-03-03 00:00:00-05:00,44.349998474121094,46.75,43.25,44.5,26180,0.0,0.0
2021-03-04 00:00:00-05:00,43.900001525878906,43.900001525878906,37.900001525878906,38.5,144760,0.0,0.0
2021-03-05 00:00:00-05:00,40.04999923706055,40.45000076293945,36.400001525878906,38.599998474121094,78320,0.0,0.0
2021-03-08 00:00:00-05:00,39.599998474121094,39.599998474121094,36.5,37.45000076293945,51940,0.0,0.0
2021-03-09 00:00:00-05:00,38.599998474121094,39.650001525878906,37.5,38.04999923706055,36060,0.0,0.0
2021-03-10 00:00:00-05:00,42.5,44.099998474121094,40.75,42.75,68600,0.0,0.0
2021-03-11 00:00:00-05:00,42.900001525878906,45.900001525878906,42.54999923706055,45.45000076293945,36620,0.0,0.0
2021-03-12 00:00:00-05:00,43.70000076293945,48.45000076293945,43.70000076293945,48.25,22740,0.0,0.0
2021-03-15 00:00:00-04:00,50.0,56.43000030517578,49.150001525878906,54.95000076293945,43520,0.0,0.0
2021-03-16 00:00:00-04:00,54.95000076293945,55.0,51.70000076293945,53.04999923706055,27880,0.0,0.0
2021-03-17 00:00:00-04:00,52.45000076293945,54.744998931884766,50.400001525878906,52.79999923706055,26460,0.0,0.0
2021-03-18 00:00:00-04:00,52.5,52.900001525878906,49.79999923706055,50.54999923706055,27680,0.0,0.0
2021-03-19 00:00:00-04:00,50.95000076293945,55.75,50.869998931884766,54.900001525878906,29720,0.0,0.0
2021-03-22 00:00:00-04:00,54.75,54.95000076293945,50.54999923706055,51.599998474121094,37740,0.0,0.0
2021-03-23 00:00:00-04:00,49.900001525878906,49.900001525878906,45.849998474121094,46.79999923706055,34480,0.0,0.0
2021-03-24 00:00:00-04:00,47.54999923706055,47.79999923706055,44.70500183105469,45.70000076293945,17480,0.0,0.0
2021-03-25 00:00:00-04:00,44.150001525878906,44.935001373291016,42.54999923706055,44.04999923706055,22360,0.0,0.0
2021-03-26 00:00:00-04:00,44.29999923706055,45.900001525878906,41.20000076293945,42.75,21040,0.0,0.0
2021-03-29 00:00:00-04:00,42.599998474121094,42.599998474121094,39.5,40.0,24760,0.0,0.0
2021-03-30 00:00:00-04:00,39.95000076293945,42.400001525878906,39.54999923706055,41.54999923706055,25300,0.0,0.0
2021-03-31 00:00:00-04:00,41.650001525878906,42.75,40.650001525878906,41.849998474121094,25820,0.0,0.0
2021-04-01 00:00:00-04:00,44.400001525878906,46.79999923706055,43.75,44.95000076293945,15900,0.0,0.0
2021-04-05 00:00:00-04:00,44.95000076293945,44.95000076293945,42.45000076293945,42.5,10420,0.0,0.0
2021-04-06 00:00:00-04:00,42.599998474121094,44.0,41.849998474121094,43.650001525878906,21760,0.0,0.0
2021-04-07 00:00:00-04:00,43.599998474121094,43.599998474121094,42.54999923706055,42.54999923706055,19320,0.0,0.0
2021-04-08 00:00:00-04:00,42.95000076293945,43.70000076293945,41.650001525878906,42.20000076293945,25500,0.0,0.0
2021-04-09 00:00:00-04:00,41.75,43.20000076293945,40.849998474121094,41.349998474121094,21240,0.0,0.0
2021-04-12 00:00:00-04:00,41.400001525878906,42.349998474121094,38.400001525878906,39.79999923706055,41340,0.0,0.0
2021-04-13 00:00:00-04:00,39.79999923706055,40.5,37.849998474121094,38.29999923706055,28420,0.0,0.0
2021-04-14 00:00:00-04:00,38.5,39.79999923706055,38.04999923706055,38.75,20520,0.0,0.0
2021-04-15 00:00:00-04:00,39.29999923706055,40.02000045776367,37.25,37.79999923706055,20780,0.0,0.0
2021-04-16 00:00:00-04:00,38.0,38.599998474121094,35.25,37.04999923706055,42680,0.0,0.0
2021-04-19 00:00:00-04:00,37.79999923706055,38.5,36.400001525878906,36.599998474121094,49100,0.0,0.0
2021-04-20 00:00:00-04:00,36.599998474121094,37.04999923706055,34.150001525878906,34.45000076293945,36500,0.0,0.0
2021-04-21 00:00:00-04:00,34.349998474121094,36.099998474121094,34.349998474121094,36.04999923706055,12780,0.0,0.0
2021-04-22 00:00:00-04:00,36.04999923706055,36.79999923706055,32.75,33.20000076293945,34080,0.0,0.0
2021-04-23 00:00:00-04:00,33.45000076293945,35.650001525878906,33.45000076293945,35.20000076293945,98060,0.0,0.0
2021-04-26 00:00:00-04:00,36.099998474121094,36.5,34.5,36.29999923706055,33940,0.0,0.0
2021-04-27 00:00:00-04:00,36.45000076293945,39.59000015258789,36.45000076293945,39.0,32540,0.0,0.0
2021-04-28 00:00:00-04:00,38.650001525878906,39.0,36.0,36.29999923706055,28760,0.0,0.0
2021-04-29 00:00:00-04:00,36.79999923706055,36.79999923706055,34.75,35.54999923706055,50600,0.0,0.0
2021-04-30 00:00:00-04:00,35.150001525878906,35.994998931884766,34.0,34.5,20460,0.0,0.0
2021-05-03 00:00:00-04:00,34.79999923706055,35.46500015258789,34.0,34.349998474121094,20300,0.0,0.0
2021-05-04 00:00:00-04:00,34.45000076293945,35.349998474121094,34.0,35.20000076293945,27860,0.0,0.0
2021-05-05 00:00:00-04:00,35.400001525878906,36.04999923706055,34.0,34.349998474121094,24540,0.0,0.0
2021-05-06 00:00:00-04:00,34.45000076293945,34.75,32.599998474121094,34.29999923706055,23880,0.0,0.0
2021-05-07 00:00:00-04:00,33.849998474121094,35.04999923706055,33.0,33.25,43840,0.0,0.0
2021-05-10 00:00:00-04:00,33.400001525878906,34.36000061035156,30.0,30.549999237060547,24580,0.0,0.0
2021-05-11 00:00:00-04:00,30.149999618530273,33.79999923706055,29.709999084472656,33.29999923706055,47100,0.0,0.0
2021-05-12 00:00:00-04:00,32.849998474121094,33.75,31.5,32.25,24040,0.0,0.0
2021-05-13 00:00:00-04:00,32.29999923706055,32.650001525878906,30.899999618530273,31.149999618530273,23020,0.0,0.0
2021-05-14 00:00:00-04:00,32.349998474121094,32.5,30.549999237060547,31.200000762939453,33400,0.0,0.0
2021-05-17 00:00:00-04:00,31.350000381469727,31.549999237060547,30.649999618530273,31.399999618530273,16760,0.0,0.0
2021-05-18 00:00:00-04:00,33.25,33.29999923706055,29.0,29.899999618530273,51000,0.0,0.0
2021-05-19 00:00:00-04:00,30.200000762939453,30.75,29.200000762939453,29.700000762939453,33680,0.0,0.0
2021-05-20 00:00:00-04:00,29.700000762939453,30.200000762939453,29.200000762939453,30.200000762939453,45340,0.0,0.0
2021-05-21 00:00:00-04:00,30.5,31.075000762939453,28.600000381469727,29.549999237060547,31820,0.0,0.0
2021-05-24 00:00:00-04:00,30.299999237060547,30.299999237060547,29.100000381469727,29.299999237060547,53160,0.0,0.0
2021-05-25 00:00:00-04:00,29.549999237060547,30.149999618530273,29.299999237060547,30.100000381469727,31200,0.0,0.0
2021-05-26 00:00:00-04:00,30.100000381469727,30.5,28.950000762939453,30.200000762939453,37300,0.0,0.0
2021-05-27 00:00:00-04:00,30.649999618530273,34.220001220703125,30.424999237060547,34.099998474121094,81100,0.0,0.0
2021-05-28 00:00:00-04:00,35.400001525878906,35.95000076293945,30.899999618530273,31.5,64560,0.0,0.0
2021-06-01 00:00:00-04:00,32.0,33.650001525878906,31.649999618530273,32.0,50500,0.0,0.0
2021-06-02 00:00:00-04:00,31.700000762939453,32.400001525878906,30.600000381469727,32.400001525878906,43960,0.0,0.0
2021-06-03 00:00:00-04:00,32.150001525878906,32.150001525878906,30.899999618530273,31.600000381469727,23800,0.0,0.0
2021-06-04 00:00:00-04:00,31.549999237060547,32.20000076293945,30.799999237060547,31.149999618530273,27500,0.0,0.0
2021-06-07 00:00:00-04:00,31.149999618530273,31.350000381469727,30.5,30.75,16820,0.0,0.0
2021-06-08 00:00:00-04:00,30.549999237060547,31.100000381469727,29.5,29.75,42720,0.0,0.0
2021-06-09 00:00:00-04:00,29.75,30.799999237060547,29.75,30.049999237060547,63880,0.0,0.0
2021-06-10 00:00:00-04:00,30.100000381469727,30.549999237060547,29.524999618530273,29.549999237060547,31920,0.0,0.0
2021-06-11 00:00:00-04:00,30.049999237060547,30.799999237060547,29.75,30.799999237060547,56080,0.0,0.0
2021-06-14 00:00:00-04:00,30.649999618530273,31.200000762939453,30.25,30.5,36960,0.0,0.0
2021-06-15 00:00:00-04:00,30.5,30.520000457763672,29.799999237060547,30.399999618530273,36680,0.0,0.0
2021-06-16 00:00:00-04:00,30.299999237060547,30.350000381469727,29.100000381469727,29.350000381469727,30540,0.0,0.0
2021-06-17 00:00:00-04:00,29.299999237060547,29.75,29.0,29.299999237060547,18000,0.0,0.0
2021-06-18 00:00:00-04:00,29.649999618530273,29.75,28.899999618530273,29.0,23440,0.0,0.0
2021-06-21 00:00:00-04:00,29.0,30.100000381469727,28.75,29.549999237060547,31400,0.0,0.0
2021-06-22 00:00:00-04:00,30.0,30.25,29.149999618530273,29.600000381469727,29080,0.0,0.0
2021-06-23 00:00:00-04:00,29.799999237060547,31.149999618530273,29.799999237060547,30.899999618530273,30160,0.0,0.0
2021-06-24 00:00:00-04:00,31.049999237060547,31.049999237060547,30.049999237060547,30.299999237060547,26460,0.0,0.0
2021-06-25 00:00:00-04:00,30.549999237060547,30.950000762939453,30.049999237060547,30.399999618530273,20900,0.0,0.0
2021-06-28 00:00:00-04:00,30.700000762939453,30.700000762939453,30.100000381469727,30.25,23080,0.0,0.0
2021-06-29 00:00:00-04:00,30.549999237060547,30.549999237060547,29.399999618530273,29.950000762939453,20960,0.0,0.0
2021-06-30 00:00:00-04:00,29.799999237060547,30.100000381469727,29.450000762939453,29.799999237060547,17660,0.0,0.0
2021-07-01 00:00:00-04:00,29.799999237060547,29.950000762939453,29.100000381469727,29.450000762939453,26720,0.0,0.0
2021-07-02 00:00:00-04:00,29.450000762939453,29.600000381469727,28.600000381469727,28.649999618530273,20820,0.0,0.0
2021-07-06 00:00:00-04:00,28.399999618530273,28.625,27.350000381469727,27.700000762939453,40300,0.0,0.0
2021-07-07 00:00:00-04:00,27.700000762939453,27.799999237060547,27.149999618530273,27.299999237060547,24620,0.0,0.0
2021-07-08 00:00:00-04:00,26.899999618530273,26.924999237060547,25.299999237060547,25.950000762939453,44820,0.0,0.0
2021-07-09 00:00:00-04:00,26.5,26.649999618530273,25.299999237060547,26.350000381469727,25660,0.0,0.0
2021-07-12 00:00:00-04:00,26.700000762939453,26.799999237060547,25.549999237060547,26.049999237060547,24480,0.0,0.0
2021-07-13 00:00:00-04:00,26.0,33.25,26.0,26.149999618530273,567300,0.0,0.0
2021-07-14 00:00:00-04:00,26.200000762939453,26.5,25.299999237060547,26.350000381469727,70100,0.0,0.0
2021-07-15 00:00:00-04:00,26.5,26.75,25.415000915527344,26.0,38280,0.0,0.0
2021-07-16 00:00:00-04:00,26.100000381469727,26.100000381469727,24.899999618530273,25.25,41760,0.0,0.0
2021-07-19 00:00:00-04:00,25.0,25.05500030517578,23.325000762939453,24.0,50620,0.0,0.0
2021-07-20 00:00:00-04:00,23.700000762939453,24.200000762939453,23.5,24.149999618530273,17720,0.0,0.0
2021-07-21 00:00:00-04:00,24.350000381469727,25.450000762939453,24.200000762939453,25.299999237060547,25940,0.0,0.0
2021-07-22 00:00:00-04:00,25.5,25.5,24.299999237060547,24.799999237060547,26900,0.0,0.0
2021-07-23 00:00:00-04:00,24.0,24.274999618530273,20.850000381469727,21.25,86880,0.0,0.0
2021-07-26 00:00:00-04:00,20.450000762939453,21.25,20.200000762939453,20.299999237060547,40180,0.0,0.0
2021-07-27 00:00:00-04:00,20.149999618530273,20.299999237060547,18.649999618530273,19.0,59040,0.0,0.0
2021-07-28 00:00:00-04:00,19.899999618530273,19.899999618530273,18.850000381469727,19.25,116900,0.0,0.0
2021-07-29 00:00:00-04:00,19.5,19.75,18.0,18.100000381469727,67300,0.0,0.0
2021-07-30 00:00:00-04:00,18.200000762939453,18.700000762939453,17.850000381469727,18.25,93820,0.0,0.0
2021-08-02 00:00:00-04:00,18.25,19.0,17.399999618530273,17.399999618530273,51760,0.0,0.0
2021-08-03 00:00:00-04:00,18.350000381469727,18.350000381469727,17.149999618530273,17.5,23560,0.0,0.0
2021-08-04 00:00:00-04:00,17.350000381469727,17.450000762939453,16.5,16.899999618530273,65560,0.0,0.0
2021-08-05 00:00:00-04:00,16.799999237060547,17.700000762939453,16.600000381469727,17.200000762939453,41220,0.0,0.0
2021-08-06 00:00:00-04:00,17.100000381469727,17.25,16.25,16.350000381469727,23500,0.0,0.0
2021-08-09 00:00:00-04:00,16.5,16.5,15.850000381469727,16.25,37960,0.0,0.0
2021-08-10 00:00:00-04:00,16.350000381469727,16.975000381469727,15.899999618530273,16.0,23200,0.0,0.0
2021-08-11 00:00:00-04:00,16.049999237060547,16.049999237060547,14.899999618530273,15.199999809265137,77080,0.0,0.0
2021-08-12 00:00:00-04:00,15.149999618530273,15.25,14.149999618530273,14.25,50520,0.0,0.0
2021-08-13 00:00:00-04:00,14.25,14.5,13.399999618530273,13.5,62560,0.0,0.0
2021-08-16 00:00:00-04:00,13.600000381469727,13.600000381469727,11.600000381469727,11.699999809265137,136160,0.0,0.0
2021-08-17 00:00:00-04:00,12.149999618530273,12.449999809265137,11.0,11.75,244280,0.0,0.0
2021-08-18 00:00:00-04:00,12.199999809265137,13.449999809265137,10.75,11.949999809265137,712580,0.0,0.0
2021-08-19 00:00:00-04:00,12.199999809265137,13.0,11.899999618530273,12.449999809265137,570120,0.0,0.0
2021-08-20 00:00:00-04:00,12.25,13.399999618530273,12.079999923706055,12.350000381469727,368780,0.0,0.0
2021-08-23 00:00:00-04:00,12.850000381469727,13.199999809265137,12.100000381469727,12.75,303880,0.0,0.0
2021-08-24 00:00:00-04:00,13.350000381469727,13.550000190734863,12.800000190734863,13.399999618530273,349840,0.0,0.0
2021-08-25 00:00:00-04:00,13.550000190734863,15.050000190734863,13.5,14.0,497520,0.0,0.0
2021-08-26 00:00:00-04:00,14.0,14.085000038146973,12.0,13.100000381469727,575720,0.0,0.0
2021-08-27 00:00:00-04:00,12.949999809265137,14.0,12.550000190734863,12.949999809265137,244040,0.0,0.0
2021-08-30 00:00:00-04:00,12.600000381469727,13.175000190734863,11.899999618530273,12.149999618530273,178060,0.0,0.0
2021-08-31 00:00:00-04:00,12.399999618530273,13.75,12.289999961853027,13.75,139240,0.0,0.0
2021-09-01 00:00:00-04:00,13.75,14.75,13.600000381469727,14.149999618530273,194840,0.0,0.0
2021-09-02 00:00:00-04:00,14.0,16.5,14.0,15.300000190734863,224000,0.0,0.0
2021-09-03 00:00:00-04:00,15.699999809265137,16.399999618530273,14.550000190734863,14.899999618530273,115840,0.0,0.0
2021-09-07 00:00:00-04:00,15.0,15.899999618530273,14.399999618530273,14.449999809265137,115820,0.0,0.0
2021-09-08 00:00:00-04:00,14.699999809265137,15.0,13.5,14.75,167940,0.0,0.0
2021-09-09 00:00:00-04:00,13.399999618530273,13.680000305175781,13.0,13.100000381469727,174360,0.0,0.0
2021-09-10 00:00:00-04:00,13.100000381469727,13.34000015258789,11.850000381469727,11.899999618530273,118460,0.0,0.0
2021-09-13 00:00:00-04:00,12.300000190734863,12.324999809265137,11.050000190734863,11.149999618530273,124680,0.0,0.0
2021-09-14 00:00:00-04:00,11.0,11.324999809265137,10.800000190734863,11.100000381469727,97540,0.0,0.0
2021-09-15 00:00:00-04:00,11.0,11.399999618530273,10.800000190734863,10.899999618530273,94440,0.0,0.0
2021-09-16 00:00:00-04:00,10.800000190734863,11.024999618530273,10.75,11.0,57520,0.0,0.0
2021-09-17 00:00:00-04:00,11.0,11.149999618530273,10.25,10.899999618530273,150060,0.0,0.0
2021-09-20 00:00:00-04:00,10.550000190734863,10.899999618530273,9.800000190734863,9.800000190734863,110080,0.0,0.0
2021-09-21 00:00:00-04:00,10.449999809265137,11.75,10.100000381469727,11.550000190734863,180540,0.0,0.0
2021-09-22 00:00:00-04:00,11.699999809265137,11.699999809265137,10.899999618530273,11.25,81780,0.0,0.0
2021-09-23 00:00:00-04:00,11.149999618530273,11.25,10.550000190734863,10.899999618530273,61300,0.0,0.0
2021-09-24 00:00:00-04:00,11.550000190734863,11.699999809265137,10.949999809265137,11.300000190734863,57660,0.0,0.0
2021-09-27 00:00:00-04:00,11.5,11.600000381469727,11.199999809265137,11.350000381469727,22260,0.0,0.0
2021-09-28 00:00:00-04:00,11.5,11.5,11.0,11.050000190734863,37560,0.0,0.0
2021-09-29 00:00:00-04:00,11.100000381469727,11.300000190734863,10.675000190734863,10.899999618530273,37880,0.0,0.0
2021-09-30 00:00:00-04:00,10.949999809265137,11.649999618530273,10.75,11.399999618530273,25900,0.0,0.0
2021-10-01 00:00:00-04:00,11.449999809265137,11.649999618530273,10.899999618530273,11.149999618530273,20500,0.0,0.0
2021-10-04 00:00:00-04:00,11.0,11.0,10.0,10.399999618530273,53380,0.0,0.0
2021-10-05 00:00:00-04:00,10.350000381469727,10.399999618530273,10.0,10.050000190734863,34220,0.0,0.0
2021-10-06 00:00:00-04:00,10.050000190734863,10.75,10.050000190734863,10.449999809265137,25180,0.0,0.0
2021-10-07 00:00:00-04:00,10.550000190734863,11.350000381469727,10.550000190734863,11.100000381469727,23640,0.0,0.0
2021-10-08 00:00:00-04:00,11.25,11.699999809265137,10.800000190734863,11.050000190734863,38120,0.0,0.0
2021-10-11 00:00:00-04:00,11.100000381469727,11.899999618530273,11.100000381469727,11.449999809265137,31020,0.0,0.0
2021-10-12 00:00:00-04:00,11.449999809265137,11.899999618530273,10.899999618530273,11.050000190734863,16180,0.0,0.0
2021-10-13 00:00:00-04:00,11.050000190734863,11.5,11.050000190734863,11.399999618530273,13500,0.0,0.0
2021-10-14 00:00:00-04:00,11.5,11.899999618530273,11.399999618530273,11.5,17740,0.0,0.0
2021-10-15 00:00:00-04:00,11.399999618530273,11.699999809265137,11.100000381469727,11.25,13160,0.0,0.0
2021-10-18 00:00:00-04:00,11.149999618530273,11.399999618530273,10.5,10.699999809265137,20460,0.0,0.0
2021-10-19 00:00:00-04:00,10.949999809265137,11.600000381469727,10.899999618530273,11.600000381469727,20840,0.0,0.0
2021-10-20 00:00:00-04:00,11.75,12.5,11.600000381469727,12.0,45780,0.0,0.0
2021-10-21 00:00:00-04:00,12.0,12.449999809265137,11.75,11.949999809265137,17500,0.0,0.0
2021-10-22 00:00:00-04:00,11.699999809265137,11.699999809265137,10.760000228881836,11.0,51740,0.0,0.0
2021-10-25 00:00:00-04:00,11.25,11.300000190734863,10.75,11.0,17920,0.0,0.0
2021-10-26 00:00:00-04:00,11.149999618530273,11.25,10.449999809265137,10.649999618530273,40120,0.0,0.0
2021-10-27 00:00:00-04:00,10.649999618530273,10.649999618530273,10.050000190734863,10.25,30900,0.0,0.0
2021-10-28 00:00:00-04:00,10.199999809265137,10.800000190734863,10.0,10.375,15320,0.0,0.0
2021-10-29 00:00:00-04:00,10.300000190734863,10.545000076293945,9.850000381469727,10.149999618530273,28320,0.0,0.0
2021-11-01 00:00:00-04:00,10.050000190734863,10.25,10.0,10.100000381469727,29640,0.0,0.0
2021-11-02 00:00:00-04:00,10.050000190734863,10.149999618530273,9.800000190734863,10.149999618530273,20680,0.0,0.0
2021-11-03 00:00:00-04:00,10.350000381469727,10.350000381469727,9.899999618530273,10.149999618530273,25580,0.0,0.0
2021-11-04 00:00:00-04:00,10.050000190734863,10.5,9.850000381469727,9.949999809265137,32720,0.0,0.0
2021-11-05 00:00:00-04:00,10.199999809265137,10.199999809265137,9.5,9.550000190734863,49900,0.0,0.0
2021-11-08 00:00:00-05:00,9.550000190734863,9.649999618530273,9.100000381469727,9.100000381469727,38320,0.0,0.0
2021-11-09 00:00:00-05:00,9.100000381469727,9.199999809265137,8.800000190734863,9.050000190734863,23220,0.0,0.0
2021-11-10 00:00:00-05:00,9.050000190734863,9.300000190734863,8.850000381469727,8.949999809265137,16140,0.0,0.0
2021-11-11 00:00:00-05:00,9.050000190734863,9.149999618530273,8.75,8.800000190734863,21160,0.0,0.0
2021-11-12 00:00:00-05:00,8.899999618530273,9.600000381469727,8.800000190734863,9.550000190734863,25340,0.0,0.0
2021-11-15 00:00:00-05:00,9.550000190734863,9.625,9.100000381469727,9.199999809265137,17340,0.0,0.0
2021-11-16 00:00:00-05:00,9.25,9.850000381469727,9.149999618530273,9.649999618530273,26160,0.0,0.0
2021-11-17 00:00:00-05:00,9.800000190734863,10.0,9.050000190734863,9.449999809265137,15820,0.0,0.0
2021-11-18 00:00:00-05:00,9.25,10.449999809265137,9.0,9.399999618530273,80520,0.0,0.0
2021-11-19 00:00:00-05:00,9.350000381469727,9.350000381469727,8.600000381469727,8.75,50580,0.0,0.0
2021-11-22 00:00:00-05:00,8.75,9.100000381469727,8.199999809265137,8.399999618530273,48400,0.0,0.0
2021-11-23 00:00:00-05:00,8.300000190734863,8.899999618530273,8.0,8.699999809265137,34900,0.0,0.0
2021-11-24 00:00:00-05:00,8.550000190734863,8.649999618530273,8.175000190734863,8.600000381469727,13240,0.0,0.0
2021-11-26 00:00:00-05:00,8.350000381469727,8.59000015258789,8.100000381469727,8.149999618530273,11440,0.0,0.0
2021-11-29 00:00:00-05:00,8.399999618530273,8.949999809265137,8.279999732971191,8.699999809265137,22760,0.0,0.0
2021-11-30 00:00:00-05:00,8.75,8.800000190734863,7.75,7.949999809265137,49740,0.0,0.0
2021-12-01 00:00:00-05:00,7.75,8.425000190734863,7.25,7.400000095367432,35340,0.0,0.0
2021-12-02 00:00:00-05:00,7.400000095367432,7.449999809265137,6.5,6.900000095367432,65640,0.0,0.0
2021-12-03 00:00:00-05:00,6.75,6.75,5.824999809265137,6.074999809265137,77180,0.0,0.0
2021-12-06 00:00:00-05:00,6.099999904632568,6.650000095367432,5.900000095367432,6.5,54460,0.0,0.0
2021-12-07 00:00:00-05:00,6.699999809265137,7.199999809265137,6.550000190734863,7.050000190734863,39440,0.0,0.0
2021-12-08 00:00:00-05:00,7.050000190734863,7.5,6.900000095367432,7.449999809265137,12740,0.0,0.0
2021-12-09 00:00:00-05:00,7.300000190734863,7.900000095367432,7.25,7.650000095367432,44720,0.0,0.0
2021-12-10 00:00:00-05:00,7.599999904632568,7.900000095367432,7.349999904632568,7.599999904632568,28860,0.0,0.0
2021-12-13 00:00:00-05:00,8.0,8.0,7.25,7.599999904632568,14300,0.0,0.0
2021-12-14 00:00:00-05:00,7.599999904632568,7.599999904632568,7.0,7.0,7380,0.0,0.0
2021-12-15 00:00:00-05:00,7.050000190734863,7.099999904632568,6.5,7.0,8920,0.0,0.0
2021-12-16 00:00:00-05:00,7.349999904632568,7.5,6.75,6.900000095367432,10200,0.0,0.0
2021-12-17 00:00:00-05:00,6.75,7.550000190734863,6.75,7.150000095367432,14820,0.0,0.0
2021-12-20 00:00:00-05:00,7.0,7.800000190734863,6.809999942779541,6.900000095367432,34440,0.0,0.0
2021-12-21 00:00:00-05:00,7.099999904632568,7.75,7.099999904632568,7.199999809265137,15600,0.0,0.0
2021-12-22 00:00:00-05:00,7.050000190734863,7.400000095367432,7.0,7.224999904632568,31140,0.0,0.0
2021-12-23 00:00:00-05:00,7.300000190734863,7.309999942779541,6.800000190734863,7.050000190734863,46220,0.0,0.0
2021-12-27 00:00:00-05:00,7.150000095367432,7.25,6.849999904632568,6.849999904632568,22380,0.0,0.0
2021-12-28 00:00:00-05:00,7.099999904632568,7.099999904632568,6.599999904632568,6.650000095367432,26500,0.0,0.0
2021-12-29 00:00:00-05:00,6.599999904632568,6.75,6.449999809265137,6.650000095367432,12880,0.0,0.0
2021-12-30 00:00:00-05:00,6.599999904632568,7.050000190734863,6.599999904632568,7.0,45300,0.0,0.0
2021-12-31 00:00:00-05:00,6.900000095367432,7.25,6.699999809265137,7.150000095367432,36600,0.0,0.0
2022-01-03 00:00:00-05:00,7.150000095367432,7.949999809265137,7.099999904632568,7.900000095367432,29040,0.0,0.0
2022-01-04 00:00:00-05:00,8.0,8.5,7.150000095367432,7.25,107700,0.0,0.0
2022-01-05 00:00:00-05:00,7.5,7.849999904632568,7.099999904632568,7.199999809265137,13320,0.0,0.0
2022-01-06 00:00:00-05:00,7.25,7.650000095367432,7.110000133514404,7.199999809265137,10640,0.0,0.0
2022-01-07 00:00:00-05:00,7.349999904632568,7.349999904632568,7.0,7.139999866485596,10180,0.0,0.0
2022-01-10 00:00:00-05:00,7.199999809265137,7.199999809265137,6.800000190734863,6.900000095367432,8420,0.0,0.0
2022-01-11 00:00:00-05:00,7.135000228881836,7.324999809265137,6.949999809265137,7.150000095367432,3460,0.0,0.0
2022-01-12 00:00:00-05:00,7.309999942779541,7.400000095367432,6.900000095367432,7.0,12620,0.0,0.0
2022-01-13 00:00:00-05:00,6.900000095367432,7.099999904632568,6.550000190734863,6.550000190734863,14460,0.0,0.0
2022-01-14 00:00:00-05:00,6.550000190734863,6.949999809265137,6.300000190734863,6.300000190734863,15520,0.0,0.0
2022-01-18 00:00:00-05:00,6.650000095367432,6.75,6.099999904632568,6.550000190734863,18260,0.0,0.0
2022-01-19 00:00:00-05:00,6.744999885559082,6.744999885559082,6.099999904632568,6.199999809265137,12860,0.0,0.0
2022-01-20 00:00:00-05:00,6.614999771118164,6.840000152587891,6.284999847412109,6.599999904632568,10200,0.0,0.0
2022-01-21 00:00:00-05:00,6.699999809265137,6.75,5.849999904632568,5.949999809265137,24460,0.0,0.0
2022-01-24 00:00:00-05:00,5.949999809265137,6.074999809265137,5.25,5.550000190734863,39900,0.0,0.0
2022-01-25 00:00:00-05:00,5.449999809265137,5.75,5.300000190734863,5.574999809265137,8640,0.0,0.0
2022-01-26 00:00:00-05:00,5.610000133514404,6.070000171661377,5.610000133514404,5.849999904632568,7580,0.0,0.0
2022-01-27 00:00:00-05:00,6.0,6.0,5.550000190734863,5.849999904632568,8540,0.0,0.0
2022-01-28 00:00:00-05:00,5.599999904632568,6.150000095367432,5.599999904632568,5.800000190734863,14500,0.0,0.0
2022-01-31 00:00:00-05:00,6.0,6.25,6.0,6.150000095367432,9480,0.0,0.0
2022-02-01 00:00:00-05:00,6.099999904632568,6.349999904632568,6.099999904632568,6.25,8940,0.0,0.0
2022-02-02 00:00:00-05:00,6.175000190734863,6.349999904632568,6.050000190734863,6.150000095367432,5420,0.0,0.0
2022-02-03 00:00:00-05:00,6.199999809265137,6.349999904632568,6.050000190734863,6.050000190734863,3920,0.0,0.0
2022-02-04 00:00:00-05:00,6.070000171661377,6.300000190734863,6.050000190734863,6.099999904632568,5720,0.0,0.0
2022-02-07 00:00:00-05:00,6.150000095367432,6.25,6.050000190734863,6.25,6100,0.0,0.0
2022-02-08 00:00:00-05:00,6.199999809265137,6.449999809265137,6.099999904632568,6.449999809265137,5440,0.0,0.0
2022-02-09 00:00:00-05:00,6.650000095367432,6.849999904632568,6.650000095367432,6.75,12300,0.0,0.0
2022-02-10 00:00:00-05:00,6.800000190734863,7.050000190734863,6.755000114440918,6.900000095367432,7040,0.0,0.0
2022-02-11 00:00:00-05:00,6.849999904632568,7.949999809265137,6.849999904632568,7.150000095367432,12460,0.0,0.0
2022-02-14 00:00:00-05:00,7.150000095367432,7.25,6.25,6.900000095367432,8280,0.0,0.0
2022-02-15 00:00:00-05:00,6.650000095367432,7.0,6.599999904632568,6.599999904632568,10160,0.0,0.0
2022-02-16 00:00:00-05:00,6.949999809265137,7.25,6.75,7.050000190734863,9120,0.0,0.0
2022-02-17 00:00:00-05:00,7.099999904632568,7.150000095367432,6.349999904632568,6.5,14340,0.0,0.0
2022-02-18 00:00:00-05:00,6.5,6.650000095367432,6.449999809265137,6.449999809265137,2840,0.0,0.0
2022-02-22 00:00:00-05:00,6.5,6.5,6.099999904632568,6.400000095367432,4860,0.0,0.0
2022-02-23 00:00:00-05:00,6.5,6.675000190734863,6.400000095367432,6.5,7420,0.0,0.0
2022-02-24 00:00:00-05:00,6.400000095367432,6.400000095367432,6.150000095367432,6.25,10240,0.0,0.0
2022-02-25 00:00:00-05:00,6.300000190734863,6.514999866485596,6.150000095367432,6.5,6220,0.0,0.0
2022-02-28 00:00:00-05:00,6.25,6.75,6.199999809265137,6.75,8580,0.0,0.0
2022-03-01 00:00:00-05:00,6.599999904632568,6.75,6.489999771118164,6.599999904632568,2060,0.0,0.0
2022-03-02 00:00:00-05:00,6.550000190734863,6.650000095367432,6.545000076293945,6.599999904632568,3860,0.0,0.0
2022-03-03 00:00:00-05:00,6.400000095367432,6.5,6.349999904632568,6.349999904632568,4400,0.0,0.0
2022-03-04 00:00:00-05:00,6.0,6.0,5.75,5.900000095367432,12080,0.0,0.0
2022-03-07 00:00:00-05:00,5.699999809265137,5.829999923706055,5.300000190734863,5.5,20700,0.0,0.0
2022-03-08 00:00:00-05:00,5.315000057220459,5.574999809265137,5.150000095367432,5.199999809265137,19820,0.0,0.0
2022-03-09 00:00:00-05:00,5.389999866485596,5.650000095367432,5.199999809265137,5.25,10380,0.0,0.0
2022-03-10 00:00:00-05:00,5.099999904632568,5.239999771118164,4.5,4.809999942779541,54660,0.0,0.0
2022-03-11 00:00:00-05:00,4.625,4.625,3.549999952316284,3.7750000953674316,66500,0.0,0.0
2022-03-14 00:00:00-04:00,3.75,3.994999885559082,3.25,3.25,53340,0.0,0.0
2022-03-15 00:00:00-04:00,3.049999952316284,3.450000047683716,3.049999952316284,3.3499999046325684,34400,0.0,0.0
2022-03-16 00:00:00-04:00,4.159999847412109,4.550000190734863,3.9049999713897705,4.5,80440,0.0,0.0
2022-03-17 00:00:00-04:00,4.650000095367432,4.75,4.434999942779541,4.75,27220,0.0,0.0
2022-03-18 00:00:00-04:00,6.150000095367432,6.675000190734863,5.699999809265137,6.0,1803080,0.0,0.0
2022-03-21 00:00:00-04:00,5.550000190734863,5.849999904632568,5.099999904632568,5.699999809265137,195160,0.0,0.0
2022-03-22 00:00:00-04:00,5.699999809265137,6.449999809265137,5.599999904632568,6.400000095367432,77940,0.0,0.0
2022-03-23 00:00:00-04:00,6.300000190734863,7.5,6.099999904632568,7.5,100340,0.0,0.0
2022-03-24 00:00:00-04:00,7.5,7.925000190734863,7.0,7.800000190734863,69600,0.0,0.0
2022-03-25 00:00:00-04:00,7.050000190734863,8.0,7.050000190734863,7.25,81460,0.0,0.0
2022-03-28 00:00:00-04:00,7.800000190734863,7.800000190734863,7.150000095367432,7.400000095367432,37580,0.0,0.0
2022-03-29 00:00:00-04:00,7.5,7.699999809265137,7.0,7.099999904632568,64500,0.0,0.0
2022-03-30 00:00:00-04:00,7.099999904632568,7.25,6.650000095367432,7.150000095367432,53700,0.0,0.0
2022-03-31 00:00:00-04:00,7.099999904632568,7.099999904632568,6.5,6.5,31820,0.0,0.0
2022-04-01 00:00:00-04:00,6.699999809265137,6.949999809265137,6.539999961853027,6.800000190734863,11300,0.0,0.0
2022-04-04 00:00:00-04:00,6.800000190734863,7.230000019073486,6.75,6.949999809265137,12100,0.0,0.0
2022-04-05 00:00:00-04:00,6.75,7.050000190734863,6.650000095367432,6.755000114440918,10340,0.0,0.0
2022-04-06 00:00:00-04:00,6.75,6.75,6.304999828338623,6.400000095367432,11020,0.0,0.0
2022-04-07 00:00:00-04:00,6.349999904632568,6.449999809265137,6.25,6.25,3720,0.0,0.0
2022-04-08 00:00:00-04:00,6.150000095367432,6.349999904632568,6.150000095367432,6.324999809265137,800,0.0,0.0
2022-04-11 00:00:00-04:00,6.050000190734863,6.28000020980835,5.800000190734863,6.099999904632568,7940,0.0,0.0
2022-04-12 00:00:00-04:00,5.900000095367432,6.199999809265137,5.900000095367432,6.0,7820,0.0,0.0
2022-04-13 00:00:00-04:00,6.34499979019165,6.34499979019165,5.900000095367432,6.199999809265137,1520,0.0,0.0
2022-04-14 00:00:00-04:00,6.199999809265137,6.25,5.960000038146973,6.150000095367432,3980,0.0,0.0
2022-04-18 00:00:00-04:00,6.150000095367432,6.5,5.849999904632568,6.050000190734863,5660,0.0,0.0
2022-04-19 00:00:00-04:00,5.75,6.550000190734863,5.75,6.050000190734863,3700,0.0,0.0
2022-04-20 00:00:00-04:00,6.0,6.0,5.860000133514404,5.860000133514404,12140,0.0,0.0
2022-04-21 00:00:00-04:00,6.099999904632568,6.099999904632568,5.800000190734863,5.925000190734863,2900,0.0,0.0
2022-04-22 00:00:00-04:00,5.75,6.0,5.550000190734863,5.599999904632568,1760,0.0,0.0
2022-04-25 00:00:00-04:00,5.599999904632568,5.599999904632568,5.150000095367432,5.25,5400,0.0,0.0
2022-04-26 00:00:00-04:00,5.25,5.300000190734863,5.099999904632568,5.150000095367432,7720,0.0,0.0
2022-04-27 00:00:00-04:00,5.150000095367432,5.25,5.150000095367432,5.199999809265137,8160,0.0,0.0
2022-04-28 00:00:00-04:00,5.199999809265137,5.25,4.90500020980835,5.0,12420,0.0,0.0
2022-04-29 00:00:00-04:00,5.59499979019165,5.760000228881836,5.150000095367432,5.150000095367432,4700,0.0,0.0
2022-05-02 00:00:00-04:00,5.300000190734863,5.599999904632568,5.050000190734863,5.300000190734863,3840,0.0,0.0
2022-05-03 00:00:00-04:00,5.5,5.550000190734863,5.110000133514404,5.400000095367432,2780,0.0,0.0
2022-05-04 00:00:00-04:00,5.150000095367432,5.449999809265137,5.050000190734863,5.449999809265137,3820,0.0,0.0
2022-05-05 00:00:00-04:00,5.300000190734863,5.300000190734863,4.909999847412109,4.949999809265137,6360,0.0,0.0
2022-05-06 00:00:00-04:00,4.78000020980835,4.945000171661377,4.324999809265137,4.800000190734863,9860,0.0,0.0
2022-05-09 00:00:00-04:00,4.400000095367432,4.449999809265137,4.050000190734863,4.190000057220459,12660,0.0,0.0
2022-05-10 00:00:00-04:00,4.25,4.360000133514404,4.150000095367432,4.210000038146973,7120,0.0,0.0
2022-05-11 00:00:00-04:00,4.050000190734863,4.349999904632568,3.755000114440918,3.990000009536743,9040,0.0,0.0
2022-05-12 00:00:00-04:00,3.755000114440918,4.445000171661377,3.755000114440918,4.170000076293945,2060,0.0,0.0
2022-05-13 00:00:00-04:00,4.0,4.25,3.950000047683716,4.25,4000,0.0,0.0
2022-05-16 00:00:00-04:00,4.0,4.25,4.0,4.0,7680,0.0,0.0
2022-05-17 00:00:00-04:00,4.21999979019165,4.25,4.050000190734863,4.25,7540,0.0,0.0
2022-05-18 00:00:00-04:00,4.510000228881836,4.514999866485596,4.184999942779541,4.21999979019165,2080,0.0,0.0
2022-05-19 00:00:00-04:00,4.135000228881836,4.800000190734863,4.135000228881836,4.695000171661377,11860,0.0,0.0
2022-05-20 00:00:00-04:00,4.400000095367432,4.724999904632568,4.400000095367432,4.724999904632568,3820,0.0,0.0
2022-05-23 00:00:00-04:00,4.5,4.75,4.5,4.614999771118164,440,0.0,0.0
2022-05-24 00:00:00-04:00,4.5,4.900000095367432,4.199999809265137,4.699999809265137,3280,0.0,0.0
2022-05-25 00:00:00-04:00,5.099999904632568,5.099999904632568,4.679999828338623,4.75,6700,0.0,0.0
2022-05-26 00:00:00-04:00,4.550000190734863,4.900000095367432,4.199999809265137,4.900000095367432,4100,0.0,0.0
2022-05-27 00:00:00-04:00,4.900000095367432,4.900000095367432,4.489999771118164,4.800000190734863,1480,0.0,0.0
2022-05-31 00:00:00-04:00,4.900000095367432,4.900000095367432,4.554999828338623,4.900000095367432,4880,0.0,0.0
2022-06-01 00:00:00-04:00,4.449999809265137,5.0,4.449999809265137,4.900000095367432,5100,0.0,0.0
2022-06-02 00:00:00-04:00,4.96999979019165,5.0,4.550000190734863,5.0,5340,0.0,0.0
2022-06-03 00:00:00-04:00,5.0,5.0,4.650000095367432,4.994999885559082,2060,0.0,0.0
2022-06-06 00:00:00-04:00,4.775000095367432,5.25,4.775000095367432,5.099999904632568,14340,0.0,0.0
2022-06-07 00:00:00-04:00,4.75,5.449999809265137,4.75,5.300000190734863,7720,0.0,0.0
2022-06-08 00:00:00-04:00,5.449999809265137,5.75,5.449999809265137,5.724999904632568,9100,0.0,0.0
2022-06-09 00:00:00-04:00,5.574999809265137,5.75,5.400000095367432,5.699999809265137,3000,0.0,0.0
2022-06-10 00:00:00-04:00,5.699999809265137,5.699999809265137,5.125,5.349999904632568,5900,0.0,0.0
2022-06-13 00:00:00-04:00,5.099999904632568,5.25,4.965000152587891,5.25,4440,0.0,0.0
2022-06-14 00:00:00-04:00,4.75,5.199999809265137,4.75,5.099999904632568,1820,0.0,0.0
2022-06-15 00:00:00-04:00,4.800000190734863,5.25,4.800000190734863,5.150000095367432,8220,0.0,0.0
2022-06-16 00:00:00-04:00,4.800000190734863,5.25,4.800000190734863,5.125,2360,0.0,0.0
2022-06-17 00:00:00-04:00,5.150000095367432,5.25,4.925000190734863,5.199999809265137,1980,0.0,0.0
2022-06-21 00:00:00-04:00,5.300000190734863,6.0,5.260000228881836,6.0,15500,0.0,0.0
2022-06-22 00:00:00-04:00,6.309999942779541,6.309999942779541,5.5,5.75,3480,0.0,0.0
2022-06-23 00:00:00-04:00,6.050000190734863,6.400000095367432,5.5,5.699999809265137,8260,0.0,0.0
2022-06-24 00:00:00-04:00,6.099999904632568,6.324999809265137,5.800000190734863,6.199999809265137,9660,0.0,0.0
2022-06-27 00:00:00-04:00,6.400000095367432,6.400000095367432,6.050000190734863,6.25,4240,0.0,0.0
2022-06-28 00:00:00-04:00,6.050000190734863,6.150000095367432,5.800000190734863,5.900000095367432,8580,0.0,0.0
2022-06-29 00:00:00-04:00,6.014999866485596,6.099999904632568,5.900000095367432,6.050000190734863,1500,0.0,0.0
2022-06-30 00:00:00-04:00,5.699999809265137,6.199999809265137,5.699999809265137,6.199999809265137,5100,0.0,0.0
2022-07-01 00:00:00-04:00,6.099999904632568,6.449999809265137,5.849999904632568,6.449999809265137,2600,0.0,0.0
2022-07-05 00:00:00-04:00,6.400000095367432,6.449999809265137,6.0,6.349999904632568,8200,0.0,0.0
2022-07-06 00:00:00-04:00,6.25,6.349999904632568,6.199999809265137,6.25,1960,0.0,0.0
2022-07-07 00:00:00-04:00,6.199999809265137,6.199999809265137,6.0,6.099999904632568,6880,0.0,0.0
2022-07-08 00:00:00-04:00,6.099999904632568,6.199999809265137,6.0,6.150000095367432,2960,0.0,0.0
2022-07-11 00:00:00-04:00,6.099999904632568,6.099999904632568,5.699999809265137,5.800000190734863,4780,0.0,0.0
2022-07-12 00:00:00-04:00,5.75,5.800000190734863,5.650000095367432,5.650000095367432,1440,0.0,0.0
2022-07-13 00:00:00-04:00,5.650000095367432,5.900000095367432,5.650000095367432,5.900000095367432,660,0.0,0.0
2022-07-14 00:00:00-04:00,5.75,5.75,5.099999904632568,5.5,6500,0.0,0.0
2022-07-15 00:00:00-04:00,5.699999809265137,5.699999809265137,5.199999809265137,5.449999809265137,3380,0.0,0.0
2022-07-18 00:00:00-04:00,5.5,5.5,5.099999904632568,5.300000190734863,9300,0.0,0.0
2022-07-19 00:00:00-04:00,5.300000190734863,5.449999809265137,5.300000190734863,5.349999904632568,1860,0.0,0.0
2022-07-20 00:00:00-04:00,5.449999809265137,5.650000095367432,5.400000095367432,5.650000095367432,2500,0.0,0.0
2022-07-21 00:00:00-04:00,5.659999847412109,6.0,5.449999809265137,5.900000095367432,6100,0.0,0.0
2022-07-22 00:00:00-04:00,5.949999809265137,5.949999809265137,5.849999904632568,5.900000095367432,2460,0.0,0.0
2022-07-25 00:00:00-04:00,6.0,6.0,5.599999904632568,5.949999809265137,2220,0.0,0.0
2022-07-26 00:00:00-04:00,5.400000095367432,5.949999809265137,5.400000095367432,5.449999809265137,3160,0.0,0.0
2022-07-27 00:00:00-04:00,5.75,5.949999809265137,5.75,5.949999809265137,2380,0.0,0.0
2022-07-28 00:00:00-04:00,5.800000190734863,5.949999809265137,5.699999809265137,5.900000095367432,2400,0.0,0.0
2022-07-29 00:00:00-04:00,5.599999904632568,5.849999904632568,5.5,5.699999809265137,7480,0.0,0.0
2022-08-01 00:00:00-04:00,5.650000095367432,5.650000095367432,5.300000190734863,5.525000095367432,10020,0.0,0.0
2022-08-02 00:00:00-04:00,5.375,5.849999904632568,5.375,5.75,5900,0.0,0.0
2022-08-03 00:00:00-04:00,5.5,5.849999904632568,5.5,5.650000095367432,2900,0.0,0.0
2022-08-04 00:00:00-04:00,5.699999809265137,5.849999904632568,5.599999904632568,5.599999904632568,3960,0.0,0.0
2022-08-05 00:00:00-04:00,5.849999904632568,5.849999904632568,5.650000095367432,5.699999809265137,420,0.0,0.0
2022-08-08 00:00:00-04:00,5.75,5.775000095367432,4.949999809265137,5.050000190734863,25540,0.0,0.0
2022-08-09 00:00:00-04:00,5.0,5.264999866485596,5.0,5.150000095367432,940,0.0,0.0
2022-08-10 00:00:00-04:00,5.449999809265137,5.449999809265137,5.050000190734863,5.150000095367432,2320,0.0,0.0
2022-08-11 00:00:00-04:00,5.150000095367432,5.199999809265137,5.050000190734863,5.125,5260,0.0,0.0
2022-08-12 00:00:00-04:00,5.099999904632568,5.300000190734863,5.050000190734863,5.199999809265137,1320,0.0,0.0
2022-08-15 00:00:00-04:00,5.199999809265137,5.199999809265137,4.804999828338623,5.150000095367432,5000,0.0,0.0
2022-08-16 00:00:00-04:00,5.150000095367432,5.150000095367432,4.875,5.050000190734863,920,0.0,0.0
2022-08-17 00:00:00-04:00,5.050000190734863,5.199999809265137,5.0,5.0,980,0.0,0.0
2022-08-18 00:00:00-04:00,4.855000019073486,5.150000095367432,4.855000019073486,5.099999904632568,2620,0.0,0.0
2022-08-19 00:00:00-04:00,5.150000095367432,5.150000095367432,4.505000114440918,5.099999904632568,3800,0.0,0.0
2022-08-22 00:00:00-04:00,5.074999809265137,5.150000095367432,5.0,5.150000095367432,1740,0.0,0.0
2022-08-23 00:00:00-04:00,5.150000095367432,5.199999809265137,5.074999809265137,5.125,2360,0.0,0.0
2022-08-24 00:00:00-04:00,5.215000152587891,5.25,5.150000095367432,5.25,1320,0.0,0.0
2022-08-25 00:00:00-04:00,5.199999809265137,5.400000095367432,5.150000095367432,5.349999904632568,8200,0.0,0.0
2022-08-26 00:00:00-04:00,5.300000190734863,5.449999809265137,5.25,5.400000095367432,4900,0.0,0.0
2022-08-29 00:00:00-04:00,5.25,5.349999904632568,5.099999904632568,5.150000095367432,4800,0.0,0.0
2022-08-30 00:00:00-04:00,5.050000190734863,5.050000190734863,4.375,4.75,9220,0.0,0.0
2022-08-31 00:00:00-04:00,4.724999904632568,4.724999904632568,4.25,4.5,12940,0.0,0.0
2022-09-01 00:00:00-04:00,4.699999809265137,4.699999809265137,4.360000133514404,4.474999904632568,4540,0.0,0.0
2022-09-02 00:00:00-04:00,4.5,4.5,4.25,4.25,4780,0.0,0.0
2022-09-06 00:00:00-04:00,4.400000095367432,4.400000095367432,4.199999809265137,4.199999809265137,2340,0.0,0.0
2022-09-07 00:00:00-04:00,4.324999809265137,4.329999923706055,4.25,4.25,1380,0.0,0.0
2022-09-08 00:00:00-04:00,4.284999847412109,4.400000095367432,4.199999809265137,4.199999809265137,620,0.0,0.0
2022-09-09 00:00:00-04:00,4.400000095367432,5.199999809265137,4.204999923706055,4.730000019073486,6680,0.0,0.0
2022-09-12 00:00:00-04:00,4.75,4.835000038146973,4.525000095367432,4.550000190734863,2380,0.0,0.0
2022-09-13 00:00:00-04:00,4.550000190734863,4.764999866485596,4.5,4.505000114440918,6220,0.0,0.0
2022-09-14 00:00:00-04:00,4.815000057220459,4.815000057220459,4.300000190734863,4.599999904632568,6900,0.0,0.0
2022-09-15 00:00:00-04:00,4.5,4.599999904632568,4.349999904632568,4.409999847412109,2300,0.0,0.0
2022-09-16 00:00:00-04:00,4.309999942779541,4.429999828338623,4.150000095367432,4.255000114440918,7420,0.0,0.0
2022-09-19 00:00:00-04:00,4.210000038146973,4.25,4.125,4.125,3140,0.0,0.0
2022-09-20 00:00:00-04:00,4.199999809265137,4.5,4.125,4.199999809265137,4280,0.0,0.0
2022-09-21 00:00:00-04:00,4.289999961853027,4.449999809265137,4.289999961853027,4.375,700,0.0,0.0
2022-09-22 00:00:00-04:00,4.400000095367432,4.400000095367432,4.0,4.210000038146973,10600,0.0,0.0
2022-09-23 00:00:00-04:00,4.204999923706055,4.204999923706055,3.5,4.175000190734863,21840,0.0,0.0
2022-09-26 00:00:00-04:00,4.25,4.25,3.799999952316284,4.09499979019165,8620,0.0,0.0
2022-09-27 00:00:00-04:00,4.300000190734863,4.300000190734863,3.799999952316284,4.034999847412109,6140,0.0,0.0
2022-09-28 00:00:00-04:00,4.0,4.199999809265137,3.75,4.025000095367432,5640,0.0,0.0
2022-09-29 00:00:00-04:00,3.5999999046325684,4.099999904632568,3.5999999046325684,3.9000000953674316,1180,0.0,0.0
2022-09-30 00:00:00-04:00,3.9000000953674316,4.300000190734863,3.759999990463257,4.235000133514404,3260,0.0,0.0
2022-10-03 00:00:00-04:00,4.050000190734863,4.050000190734863,3.8499999046325684,3.8499999046325684,1300,0.0,0.0
2022-10-04 00:00:00-04:00,4.010000228881836,4.110000133514404,3.690000057220459,3.9000000953674316,11120,0.0,0.0
2022-10-05 00:00:00-04:00,3.75,3.9149999618530273,3.509999990463257,3.549999952316284,5400,0.0,0.0
2022-10-06 00:00:00-04:00,3.6649999618530273,3.8499999046325684,3.565000057220459,3.5999999046325684,5300,0.0,0.0
2022-10-07 00:00:00-04:00,3.7899999618530273,3.7899999618530273,3.450000047683716,3.450000047683716,3300,0.0,0.0
2022-10-10 00:00:00-04:00,3.450000047683716,3.505000114440918,3.375,3.505000114440918,3820,0.0,0.0
2022-10-11 00:00:00-04:00,3.4200000762939453,3.75,3.4000000953674316,3.5,1620,0.0,0.0
2022-10-12 00:00:00-04:00,3.4000000953674316,3.4000000953674316,3.059999942779541,3.2750000953674316,4180,0.0,0.0
2022-10-13 00:00:00-04:00,3.25,3.25,3.0799999237060547,3.125,2300,0.0,0.0
2022-10-14 00:00:00-04:00,3.299999952316284,3.3499999046325684,3.1500000953674316,3.1500000953674316,9280,0.0,0.0
2022-10-17 00:00:00-04:00,3.2100000381469727,3.25,3.1500000953674316,3.1500000953674316,3900,0.0,0.0
2022-10-18 00:00:00-04:00,3.25,3.25,2.7200000286102295,3.200000047683716,8380,0.0,0.0
2022-10-19 00:00:00-04:00,3.0,3.059999942779541,2.799999952316284,2.950000047683716,8320,0.0,0.0
2022-10-20 00:00:00-04:00,2.9749999046325684,3.049999952316284,2.8499999046325684,2.8499999046325684,3300,0.0,0.0
2022-10-21 00:00:00-04:00,3.049999952316284,3.069999933242798,2.799999952316284,3.049999952316284,7520,0.0,0.0
2022-10-24 00:00:00-04:00,2.8499999046325684,2.8499999046325684,2.25,2.5999999046325684,14940,0.0,0.0
2022-10-25 00:00:00-04:00,2.6500000953674316,2.6500000953674316,2.4000000953674316,2.549999952316284,11160,0.0,0.0
2022-10-26 00:00:00-04:00,2.515000104904175,2.565000057220459,2.450000047683716,2.549999952316284,1100,0.0,0.0
2022-10-27 00:00:00-04:00,2.575000047683716,2.5999999046325684,2.450000047683716,2.549999952316284,4260,0.0,0.0
2022-10-28 00:00:00-04:00,2.6600000858306885,2.6600000858306885,2.450000047683716,2.5899999141693115,1960,0.0,0.0
2022-10-31 00:00:00-04:00,2.5250000953674316,2.5899999141693115,2.5,2.569999933242798,1160,0.0,0.0
2022-11-01 00:00:00-04:00,2.5899999141693115,2.869999885559082,2.4000000953674316,2.549999952316284,3740,0.0,0.0
2022-11-02 00:00:00-04:00,2.5,2.559999942779541,2.450000047683716,2.559999942779541,5300,0.0,0.0
2022-11-03 00:00:00-04:00,2.5250000953674316,2.549999952316284,2.450000047683716,2.450000047683716,2500,0.0,0.0
2022-11-04 00:00:00-04:00,2.625,2.9000000953674316,2.5999999046325684,2.9000000953674316,5900,0.0,0.0
2022-11-07 00:00:00-05:00,2.950000047683716,2.950000047683716,2.700000047683716,2.7850000858306885,640,0.0,0.0
2022-11-08 00:00:00-05:00,2.7249999046325684,2.740000009536743,2.6700000762939453,2.740000009536743,1000,0.0,0.0
2022-11-09 00:00:00-05:00,2.700000047683716,2.700000047683716,2.4000000953674316,2.674999952316284,3780,0.0,0.0
2022-11-10 00:00:00-05:00,2.450000047683716,2.950000047683716,2.450000047683716,2.950000047683716,8180,0.0,0.0
2022-11-11 00:00:00-05:00,3.0999999046325684,3.5999999046325684,3.0999999046325684,3.4549999237060547,18480,0.0,0.0
2022-11-14 00:00:00-05:00,3.5,4.050000190734863,3.5,3.684999942779541,18960,0.0,0.0
2022-11-15 00:00:00-05:00,4.050000190734863,4.25,4.050000190734863,4.15500020980835,9020,0.0,0.0
2022-11-16 00:00:00-05:00,3.984999895095825,4.019999980926514,3.9000000953674316,3.9000000953674316,6080,0.0,0.0
2022-11-17 00:00:00-05:00,3.9000000953674316,4.190000057220459,3.9000000953674316,4.135000228881836,4640,0.0,0.0
2022-11-18 00:00:00-05:00,4.25,4.25,4.139999866485596,4.190000057220459,1140,0.0,0.0
2022-11-21 00:00:00-05:00,3.9649999141693115,4.25,3.9649999141693115,4.25,5080,0.0,0.0
2022-11-22 00:00:00-05:00,4.25,4.25,4.0,4.199999809265137,12340,0.0,0.0
2022-11-23 00:00:00-05:00,4.25,5.0,4.199999809265137,4.320000171661377,14900,0.0,0.0
2022-11-25 00:00:00-05:00,4.775000095367432,5.050000190734863,4.75,5.050000190734863,16740,0.0,0.0
2022-11-28 00:00:00-05:00,5.0,5.75,5.0,5.75,9200,0.0,0.0
2022-11-29 00:00:00-05:00,5.800000190734863,6.5,5.75,6.050000190734863,19740,0.0,0.0
2022-11-30 00:00:00-05:00,6.25,6.25,5.599999904632568,5.650000095367432,10020,0.0,0.0
2022-12-01 00:00:00-05:00,5.550000190734863,5.75,5.25,5.300000190734863,10240,0.0,0.0
2022-12-02 00:00:00-05:00,5.485000133514404,5.900000095367432,5.485000133514404,5.900000095367432,8020,0.0,0.0
2022-12-05 00:00:00-05:00,5.900000095367432,6.125,5.675000190734863,5.724999904632568,11820,0.0,0.0
2022-12-06 00:00:00-05:00,5.5,5.75,5.400000095367432,5.614999771118164,9480,0.0,0.0
2022-12-07 00:00:00-05:00,5.5,5.5,5.050000190734863,5.25,12320,0.0,0.0
2022-12-08 00:00:00-05:00,5.800000190734863,5.949999809265137,5.5,5.744999885559082,11320,0.0,0.0
2022-12-09 00:00:00-05:00,5.989999771118164,6.099999904632568,5.900000095367432,5.949999809265137,8220,0.0,0.0
2022-12-12 00:00:00-05:00,6.099999904632568,6.099999904632568,5.800000190734863,6.099999904632568,5220,0.0,0.0
2022-12-13 00:00:00-05:00,6.099999904632568,6.099999904632568,5.704999923706055,6.099999904632568,4220,0.0,0.0
2022-12-14 00:00:00-05:00,6.099999904632568,6.599999904632568,6.099999904632568,6.5,14720,0.0,0.0
2022-12-15 00:00:00-05:00,6.449999809265137,6.949999809265137,6.199999809265137,6.34499979019165,15020,0.0,0.0
2022-12-16 00:00:00-05:00,6.300000190734863,6.75,6.300000190734863,6.650000095367432,7380,0.0,0.0
2022-12-19 00:00:00-05:00,6.75,6.894999980926514,6.699999809265137,6.699999809265137,9560,0.0,0.0
2022-12-20 00:00:00-05:00,6.300000190734863,6.739999771118164,5.900000095367432,6.349999904632568,38660,0.0,0.0
2022-12-21 00:00:00-05:00,6.570000171661377,7.050000190734863,6.449999809265137,6.849999904632568,5080,0.0,0.0
2022-12-22 00:00:00-05:00,6.849999904632568,7.050000190734863,6.275000095367432,6.630000114440918,20060,0.0,0.0
2022-12-23 00:00:00-05:00,6.050000190734863,6.650000095367432,6.0,6.625,9920,0.0,0.0
2022-12-27 00:00:00-05:00,6.550000190734863,6.775000095367432,6.449999809265137,6.699999809265137,7100,0.0,0.0
2022-12-28 00:00:00-05:00,6.550000190734863,6.900000095367432,6.349999904632568,6.650000095367432,7040,0.0,0.0
2022-12-29 00:00:00-05:00,6.699999809265137,7.0,6.699999809265137,7.0,6440,0.0,0.0
2022-12-30 00:00:00-05:00,6.900000095367432,7.349999904632568,6.900000095367432,6.900000095367432,7520,0.0,0.0
2023-01-03 00:00:00-05:00,6.900000095367432,7.300000190734863,6.425000190734863,6.525000095367432,10900,0.0,0.0
2023-01-04 00:00:00-05:00,6.699999809265137,7.050000190734863,6.550000190734863,6.699999809265137,12400,0.0,0.0
2023-01-05 00:00:00-05:00,6.599999904632568,6.599999904632568,6.0,6.0,23960,0.0,0.0
2023-01-06 00:00:00-05:00,6.400000095367432,6.400000095367432,6.0,6.150000095367432,2140,0.0,0.0
2023-01-09 00:00:00-05:00,6.099999904632568,6.650000095367432,6.0,6.0,17240,0.0,0.0
2023-01-10 00:00:00-05:00,6.0,6.445000171661377,6.0,6.349999904632568,4660,0.0,0.0
2023-01-11 00:00:00-05:00,6.485000133514404,6.599999904632568,6.349999904632568,6.400000095367432,4680,0.0,0.0
2023-01-12 00:00:00-05:00,6.349999904632568,6.650000095367432,6.349999904632568,6.650000095367432,6820,0.0,0.0
2023-01-13 00:00:00-05:00,6.650000095367432,7.0,6.650000095367432,6.949999809265137,10980,0.0,0.0
2023-01-17 00:00:00-05:00,7.199999809265137,7.199999809265137,6.349999904632568,6.699999809265137,7980,0.0,0.0
2023-01-18 00:00:00-05:00,6.949999809265137,7.050000190734863,6.699999809265137,6.900000095367432,5980,0.0,0.0
2023-01-19 00:00:00-05:00,7.099999904632568,7.099999904632568,6.449999809265137,6.650000095367432,8500,0.0,0.0
2023-01-20 00:00:00-05:00,6.849999904632568,7.099999904632568,6.699999809265137,7.0,4660,0.0,0.0
2023-01-23 00:00:00-05:00,7.099999904632568,7.550000190734863,7.0,7.324999809265137,14280,0.0,0.0
2023-01-24 00:00:00-05:00,7.400000095367432,7.5,7.150000095367432,7.150000095367432,7920,0.0,0.0
2023-01-25 00:00:00-05:00,7.150000095367432,7.5,6.900000095367432,7.474999904632568,7760,0.0,0.0
2023-01-26 00:00:00-05:00,7.485000133514404,7.599999904632568,6.849999904632568,7.25,11600,0.0,0.0
2023-01-27 00:00:00-05:00,7.550000190734863,7.550000190734863,5.550000190734863,6.300000190734863,29580,0.0,0.0
2023-01-30 00:00:00-05:00,5.949999809265137,6.900000095367432,5.949999809265137,6.400000095367432,6760,0.0,0.0
2023-01-31 00:00:00-05:00,6.050000190734863,6.550000190734863,6.050000190734863,6.449999809265137,1620,0.0,0.0
2023-02-01 00:00:00-05:00,6.925000190734863,6.925000190734863,6.199999809265137,6.5,3040,0.0,0.0
2023-02-02 00:00:00-05:00,6.199999809265137,6.5,5.75,5.75,39500,0.0,0.0
2023-02-03 00:00:00-05:00,6.5,6.5,5.75,5.824999809265137,19340,0.0,0.0
2023-02-06 00:00:00-05:00,6.150000095367432,6.150000095367432,5.050000190734863,5.449999809265137,13980,0.0,0.0
2023-02-07 00:00:00-05:00,5.400000095367432,5.550000190734863,5.400000095367432,5.400000095367432,8940,0.0,0.0
2023-02-08 00:00:00-05:00,5.449999809265137,5.460000038146973,5.400000095367432,5.400000095367432,2780,0.0,0.0
2023-02-09 00:00:00-05:00,5.400000095367432,5.599999904632568,5.099999904632568,5.150000095367432,12180,0.0,0.0
2023-02-10 00:00:00-05:00,5.099999904632568,5.25,5.0,5.0,2680,0.0,0.0
2023-02-13 00:00:00-05:00,5.0,5.25,5.0,5.099999904632568,2260,0.0,0.0
2023-02-14 00:00:00-05:00,5.199999809265137,5.5,5.150000095367432,5.150000095367432,2520,0.0,0.0
2023-02-15 00:00:00-05:00,5.175000190734863,5.175000190734863,5.050000190734863,5.050000190734863,8160,0.0,0.0
2023-02-16 00:00:00-05:00,5.099999904632568,5.199999809265137,5.050000190734863,5.159999847412109,4100,0.0,0.0
2023-02-17 00:00:00-05:00,5.550000190734863,5.75,5.150000095367432,5.5,20300,0.0,0.0
2023-02-21 00:00:00-05:00,5.849999904632568,6.25,5.400000095367432,6.0,18040,0.0,0.0
2023-02-22 00:00:00-05:00,6.400000095367432,6.900000095367432,6.199999809265137,6.699999809265137,14820,0.0,0.0
2023-02-23 00:00:00-05:00,6.75,6.965000152587891,5.900000095367432,6.199999809265137,17380,0.0,0.0
2023-02-24 00:00:00-05:00,6.295000076293945,6.300000190734863,6.074999809265137,6.300000190734863,2460,0.0,0.0
2023-02-27 00:00:00-05:00,6.449999809265137,6.894999980926514,6.400000095367432,6.849999904632568,4260,0.0,0.0
2023-02-28 00:00:00-05:00,6.849999904632568,6.949999809265137,6.454999923706055,6.599999904632568,13460,0.0,0.0
2023-03-01 00:00:00-05:00,6.824999809265137,6.900000095367432,6.650000095367432,6.900000095367432,4280,0.0,0.0
2023-03-02 00:00:00-05:00,6.849999904632568,7.099999904632568,6.75,7.0,8900,0.0,0.0
2023-03-03 00:00:00-05:00,6.949999809265137,7.550000190734863,6.949999809265137,7.550000190734863,11140,0.0,0.0
2023-03-06 00:00:00-05:00,7.550000190734863,7.550000190734863,7.349999904632568,7.5,4360,0.0,0.0
2023-03-07 00:00:00-05:00,7.5,7.599999904632568,7.099999904632568,7.449999809265137,7200,0.0,0.0
2023-03-08 00:00:00-05:00,7.349999904632568,7.349999904632568,6.914999961853027,6.949999809265137,5080,0.0,0.0
2023-03-09 00:00:00-05:00,6.5,7.050000190734863,6.5,6.800000190734863,4900,0.0,0.0
2023-03-10 00:00:00-05:00,6.550000190734863,6.775000095367432,6.400000095367432,6.599999904632568,2680,0.0,0.0
2023-03-13 00:00:00-04:00,6.400000095367432,7.099999904632568,5.900000095367432,6.550000190734863,7620,0.0,0.0
2023-03-14 00:00:00-04:00,6.199999809265137,6.449999809265137,6.199999809265137,6.349999904632568,4100,0.0,0.0
2023-03-15 00:00:00-04:00,6.085000038146973,6.400000095367432,6.050000190734863,6.199999809265137,2080,0.0,0.0
2023-03-16 00:00:00-04:00,6.199999809265137,6.25,5.900000095367432,5.900000095367432,4240,0.0,0.0
2023-03-17 00:00:00-04:00,6.349999904632568,6.349999904632568,5.800000190734863,5.800000190734863,5680,0.0,0.0
2023-03-20 00:00:00-04:00,5.800000190734863,6.650000095367432,5.800000190734863,5.900000095367432,2260,0.0,0.0
2023-03-21 00:00:00-04:00,5.900000095367432,6.070000171661377,5.900000095367432,5.900000095367432,1600,0.0,0.0
2023-03-22 00:00:00-04:00,5.900000095367432,5.90500020980835,5.550000190734863,5.550000190734863,9180,0.0,0.0
2023-03-23 00:00:00-04:00,5.590000152587891,6.75,5.590000152587891,5.670000076293945,14560,0.0,0.0
2023-03-24 00:00:00-04:00,6.050000190734863,6.050000190734863,5.800000190734863,5.949999809265137,3320,0.0,0.0
2023-03-27 00:00:00-04:00,5.849999904632568,6.0,5.474999904632568,5.599999904632568,12620,0.0,0.0
2023-03-28 00:00:00-04:00,5.599999904632568,6.5,5.599999904632568,6.5,8000,0.0,0.0
2023-03-29 00:00:00-04:00,6.75,6.75,6.449999809265137,6.449999809265137,3740,0.0,0.0
2023-03-30 00:00:00-04:00,6.849999904632568,7.0,6.550000190734863,6.650000095367432,14860,0.0,0.0
2023-03-31 00:00:00-04:00,6.599999904632568,6.724999904632568,6.364999771118164,6.364999771118164,5100,0.0,0.0
2023-04-03 00:00:00-04:00,6.400000095367432,6.5,6.400000095367432,6.5,1820,0.0,0.0
2023-04-04 00:00:00-04:00,6.25,6.650000095367432,6.25,6.650000095367432,2300,0.0,0.0
2023-04-05 00:00:00-04:00,6.269999980926514,6.599999904632568,6.269999980926514,6.400000095367432,2820,0.0,0.0
2023-04-06 00:00:00-04:00,6.650000095367432,6.75,6.5,6.650000095367432,4240,0.0,0.0
2023-04-10 00:00:00-04:00,6.900000095367432,6.900000095367432,6.599999904632568,6.75,3920,0.0,0.0
2023-04-11 00:00:00-04:00,6.824999809265137,6.824999809265137,6.400000095367432,6.425000190734863,6040,0.0,0.0
2023-04-12 00:00:00-04:00,6.300000190734863,6.590000152587891,6.25,6.5,2720,0.0,0.0
2023-04-13 00:00:00-04:00,6.550000190734863,6.699999809265137,6.349999904632568,6.400000095367432,2100,0.0,0.0
2023-04-14 00:00:00-04:00,6.465000152587891,6.800000190734863,6.449999809265137,6.550000190734863,1040,0.0,0.0
2023-04-17 00:00:00-04:00,6.550000190734863,6.550000190734863,6.300000190734863,6.385000228881836,1720,0.0,0.0
2023-04-18 00:00:00-04:00,6.650000095367432,6.650000095367432,6.309999942779541,6.5,1040,0.0,0.0
2023-04-19 00:00:00-04:00,6.650000095367432,6.699999809265137,6.599999904632568,6.699999809265137,780,0.0,0.0
2023-04-20 00:00:00-04:00,6.849999904632568,6.849999904632568,6.554999828338623,6.554999828338623,1360,0.0,0.0
2023-04-21 00:00:00-04:00,6.449999809265137,6.449999809265137,6.400000095367432,6.400000095367432,700,0.0,0.0
2023-04-24 00:00:00-04:00,6.050000190734863,6.349999904632568,6.0,6.255000114440918,2860,0.0,0.0
2023-04-25 00:00:00-04:00,6.150000095367432,6.239999771118164,5.949999809265137,5.949999809265137,460,0.0,0.0
2023-04-26 00:00:00-04:00,5.949999809265137,6.074999809265137,5.800000190734863,6.019999980926514,2700,0.0,0.0
2023-04-27 00:00:00-04:00,6.0,6.349999904632568,6.0,6.050000190734863,1440,0.0,0.0
2023-04-28 00:00:00-04:00,5.949999809265137,6.349999904632568,5.949999809265137,6.25,1680,0.0,0.0
2023-05-01 00:00:00-04:00,6.800000190734863,7.5,5.650000095367432,7.199999809265137,243260,0.0,0.0
2023-05-02 00:00:00-04:00,10.0,10.399999618530273,6.300000190734863,6.5,2264740,0.0,0.0
2023-05-03 00:00:00-04:00,6.25,6.650000095367432,6.0,6.349999904632568,211800,0.0,0.0
2023-05-04 00:00:00-04:00,5.900000095367432,6.849999904632568,5.650000095367432,6.699999809265137,122840,0.0,0.0
2023-05-05 00:00:00-04:00,6.0,6.25,5.75,5.900000095367432,38000,0.0,0.0
2023-05-08 00:00:00-04:00,6.150000095367432,6.150000095367432,5.800000190734863,6.0,14580,0.0,0.0
2023-05-09 00:00:00-04:00,5.800000190734863,5.800000190734863,5.5,5.5,31720,0.0,0.0
2023-05-10 00:00:00-04:00,5.349999904632568,5.550000190734863,5.25,5.34499979019165,16060,0.0,0.0
2023-05-11 00:00:00-04:00,5.25,5.550000190734863,5.199999809265137,5.5,15420,0.0,0.0
2023-05-12 00:00:00-04:00,5.150000095367432,5.5,5.050000190734863,5.150000095367432,7120,0.0,0.0
2023-05-15 00:00:00-04:00,5.0,5.349999904632568,5.0,5.099999904632568,7440,0.0,0.0
2023-05-16 00:00:00-04:00,5.0,5.5,5.0,5.375,8640,0.0,0.0
2023-05-17 00:00:00-04:00,5.199999809265137,5.400000095367432,5.199999809265137,5.400000095367432,6400,0.0,0.0
2023-05-18 00:00:00-04:00,5.5,5.550000190734863,5.349999904632568,5.5,6880,0.0,0.0
2023-05-19 00:00:00-04:00,5.25,5.425000190734863,5.0,5.050000190734863,13360,0.0,0.0
2023-05-22 00:00:00-04:00,5.099999904632568,5.5,5.099999904632568,5.425000190734863,6860,0.0,0.0
2023-05-23 00:00:00-04:00,5.5,5.5,5.150000095367432,5.150000095367432,9060,0.0,0.0
2023-05-24 00:00:00-04:00,5.099999904632568,5.324999809265137,5.099999904632568,5.199999809265137,4860,0.0,0.0
2023-05-25 00:00:00-04:00,5.150000095367432,5.25,5.099999904632568,5.199999809265137,10420,0.0,0.0
2023-05-26 00:00:00-04:00,5.0,5.099999904632568,5.0,5.050000190734863,5860,0.0,0.0
2023-05-30 00:00:00-04:00,5.150000095367432,5.75,5.150000095367432,5.650000095367432,32060,0.0,0.0
2023-05-31 00:00:00-04:00,5.75,6.150000095367432,5.400000095367432,6.0,15340,0.0,0.0
2023-06-01 00:00:00-04:00,5.900000095367432,6.25,5.800000190734863,5.900000095367432,16840,0.0,0.0
2023-06-02 00:00:00-04:00,6.099999904632568,7.050000190734863,5.900000095367432,6.699999809265137,53120,0.0,0.0
2023-06-05 00:00:00-04:00,6.449999809265137,6.699999809265137,6.099999904632568,6.150000095367432,11360,0.0,0.0
2023-06-06 00:00:00-04:00,6.300000190734863,6.550000190734863,6.199999809265137,6.349999904632568,9620,0.0,0.0
2023-06-07 00:00:00-04:00,6.199999809265137,6.599999904632568,6.199999809265137,6.349999904632568,5380,0.0,0.0
2023-06-08 00:00:00-04:00,6.204999923706055,6.5,6.050000190734863,6.050000190734863,8900,0.0,0.0
2023-06-09 00:00:00-04:00,6.050000190734863,6.400000095367432,5.900000095367432,6.099999904632568,5760,0.0,0.0
2023-06-12 00:00:00-04:00,6.150000095367432,6.300000190734863,6.0,6.300000190734863,2540,0.0,0.0
2023-06-13 00:00:00-04:00,6.199999809265137,6.355000019073486,5.900000095367432,6.099999904632568,9580,0.0,0.0
2023-06-14 00:00:00-04:00,5.599999904632568,6.150000095367432,5.599999904632568,5.949999809265137,8360,0.0,0.0
2023-06-15 00:00:00-04:00,5.849999904632568,6.289999961853027,5.764999866485596,6.199999809265137,9580,0.0,0.0
2023-06-16 00:00:00-04:00,5.900000095367432,6.050000190734863,5.900000095367432,5.949999809265137,6940,0.0,0.0
2023-06-20 00:00:00-04:00,6.0,6.349999904632568,5.849999904632568,6.25,9960,0.0,0.0
2023-06-21 00:00:00-04:00,5.949999809265137,6.300000190734863,5.949999809265137,6.300000190734863,2060,0.0,0.0
2023-06-22 00:00:00-04:00,6.150000095367432,6.75,6.150000095367432,6.550000190734863,5920,0.0,0.0
2023-06-23 00:00:00-04:00,6.449999809265137,6.599999904632568,6.349999904632568,6.449999809265137,4260,0.0,0.0
2023-06-26 00:00:00-04:00,6.099999904632568,6.650000095367432,6.099999904632568,6.5,8600,0.0,0.0
2023-06-27 00:00:00-04:00,6.449999809265137,6.650000095367432,6.349999904632568,6.449999809265137,11020,0.0,0.0
2023-06-28 00:00:00-04:00,6.449999809265137,6.599999904632568,6.309999942779541,6.349999904632568,4700,0.0,0.0
2023-06-29 00:00:00-04:00,6.75,7.0,6.400000095367432,6.550000190734863,14360,0.0,0.0
2023-06-30 00:00:00-04:00,6.75,6.900000095367432,6.525000095367432,6.75,14280,0.0,0.0
2023-07-03 00:00:00-04:00,6.699999809265137,6.800000190734863,6.599999904632568,6.800000190734863,3120,0.0,0.0
2023-07-05 00:00:00-04:00,6.550000190734863,6.800000190734863,6.550000190734863,6.75,4300,0.0,0.0
2023-07-06 00:00:00-04:00,6.300000190734863,6.650000095367432,6.300000190734863,6.349999904632568,3760,0.0,0.0
2023-07-07 00:00:00-04:00,6.375,6.599999904632568,6.25,6.400000095367432,7160,0.0,0.0
2023-07-10 00:00:00-04:00,6.25,6.599999904632568,6.210000038146973,6.5,2460,0.0,0.0
2023-07-11 00:00:00-04:00,6.349999904632568,6.550000190734863,6.324999809265137,6.474999904632568,5920,0.0,0.0
2023-07-12 00:00:00-04:00,6.300000190734863,6.75,6.25,6.650000095367432,3000,0.0,0.0
2023-07-13 00:00:00-04:00,6.599999904632568,6.75,6.349999904632568,6.400000095367432,7080,0.0,0.0
2023-07-14 00:00:00-04:00,6.199999809265137,6.5,6.099999904632568,6.199999809265137,6380,0.0,0.0
2023-07-17 00:00:00-04:00,6.099999904632568,6.800000190734863,6.0,6.5,2020,0.0,0.0
2023-07-18 00:00:00-04:00,6.199999809265137,6.699999809265137,6.199999809265137,6.199999809265137,5580,0.0,0.0
2023-07-19 00:00:00-04:00,6.099999904632568,6.550000190734863,6.050000190734863,6.050000190734863,5520,0.0,0.0
2023-07-20 00:00:00-04:00,5.949999809265137,6.25,5.949999809265137,6.0,5520,0.0,0.0
2023-07-21 00:00:00-04:00,6.199999809265137,6.199999809265137,5.949999809265137,6.0,2280,0.0,0.0
2023-07-24 00:00:00-04:00,5.949999809265137,6.099999904632568,5.900000095367432,6.0,2700,0.0,0.0
2023-07-25 00:00:00-04:00,6.09499979019165,6.349999904632568,6.09499979019165,6.349999904632568,2600,0.0,0.0
2023-07-26 00:00:00-04:00,6.099999904632568,6.650000095367432,6.099999904632568,6.324999809265137,3640,0.0,0.0
2023-07-27 00:00:00-04:00,6.349999904632568,6.449999809265137,6.25,6.400000095367432,1820,0.0,0.0
2023-07-28 00:00:00-04:00,6.449999809265137,6.800000190734863,6.449999809265137,6.650000095367432,4840,0.0,0.0
2023-07-31 00:00:00-04:00,6.800000190734863,6.949999809265137,6.5,6.699999809265137,4560,0.0,0.0
2023-08-01 00:00:00-04:00,6.75,6.75,6.400000095367432,6.650000095367432,2220,0.0,0.0
2023-08-02 00:00:00-04:00,6.449999809265137,6.599999904632568,6.150000095367432,6.199999809265137,3660,0.0,0.0
2023-08-03 00:00:00-04:00,6.300000190734863,6.300000190734863,6.150000095367432,6.300000190734863,3320,0.0,0.0
2023-08-04 00:00:00-04:00,6.269999980926514,6.599999904632568,6.025000095367432,6.099999904632568,2980,0.0,0.0
2023-08-07 00:00:00-04:00,6.099999904632568,6.449999809265137,6.050000190734863,6.400000095367432,3180,0.0,0.0
2023-08-08 00:00:00-04:00,6.150000095367432,6.505000114440918,6.150000095367432,6.400000095367432,3100,0.0,0.0
2023-08-09 00:00:00-04:00,6.400000095367432,6.599999904632568,6.284999847412109,6.400000095367432,1760,0.0,0.0
2023-08-10 00:00:00-04:00,6.650000095367432,6.75,6.300000190734863,6.550000190734863,3740,0.0,0.0
2023-08-11 00:00:00-04:00,6.5,6.75,6.349999904632568,6.400000095367432,2060,0.0,0.0
2023-08-14 00:00:00-04:00,6.5,6.5,6.199999809265137,6.449999809265137,1660,0.0,0.0
2023-08-15 00:00:00-04:00,6.715000152587891,6.75,6.150000095367432,6.199999809265137,6400,0.0,0.0
2023-08-16 00:00:00-04:00,6.550000190734863,6.550000190734863,6.0,6.199999809265137,4720,0.0,0.0
2023-08-17 00:00:00-04:00,6.5,6.5,6.065000057220459,6.400000095367432,2160,0.0,0.0
2023-08-18 00:00:00-04:00,6.300000190734863,6.349999904632568,6.070000171661377,6.300000190734863,1700,0.0,0.0
2023-08-21 00:00:00-04:00,6.150000095367432,6.400000095367432,5.75,6.400000095367432,1620,0.0,0.0
2023-08-22 00:00:00-04:00,6.199999809265137,6.25,6.050000190734863,6.199999809265137,2180,0.0,0.0
2023-08-23 00:00:00-04:00,6.099999904632568,6.449999809265137,6.099999904632568,6.099999904632568,2560,0.0,0.0
2023-08-24 00:00:00-04:00,6.150000095367432,6.699999809265137,5.699999809265137,6.199999809265137,4840,0.0,0.0
2023-08-25 00:00:00-04:00,6.199999809265137,6.199999809265137,5.75,5.900000095367432,7400,0.0,0.0
2023-08-28 00:00:00-04:00,5.900000095367432,6.300000190734863,5.894999980926514,6.25,3820,0.0,0.0
2023-08-29 00:00:00-04:00,6.199999809265137,6.300000190734863,6.0,6.199999809265137,7420,0.0,0.0
2023-08-30 00:00:00-04:00,6.105000019073486,6.105000019073486,5.900000095367432,6.0,3420,0.0,0.0
2023-08-31 00:00:00-04:00,6.0,6.0,5.5,5.5,9220,0.0,0.0
2023-09-01 00:00:00-04:00,5.849999904632568,5.949999809265137,5.550000190734863,5.900000095367432,2700,0.0,0.0
2023-09-05 00:00:00-04:00,5.75,6.25,5.650000095367432,5.900000095367432,4780,0.0,0.0
2023-09-06 00:00:00-04:00,6.0,6.0,5.75,5.900000095367432,3760,0.0,0.0
2023-09-07 00:00:00-04:00,5.400000095367432,5.800000190734863,5.400000095367432,5.400000095367432,8820,0.0,0.0
2023-09-08 00:00:00-04:00,5.300000190734863,5.650000095367432,5.300000190734863,5.355000019073486,1820,0.0,0.0
2023-09-11 00:00:00-04:00,5.349999904632568,5.599999904632568,5.349999904632568,5.400000095367432,3240,0.0,0.0
2023-09-12 00:00:00-04:00,5.300000190734863,5.800000190734863,5.25,5.699999809265137,5880,0.0,0.0
2023-09-13 00:00:00-04:00,5.550000190734863,5.599999904632568,5.300000190734863,5.550000190734863,2120,0.0,0.0
2023-09-14 00:00:00-04:00,5.349999904632568,5.599999904632568,5.349999904632568,5.599999904632568,2680,0.0,0.0
2023-09-15 00:00:00-04:00,5.5,5.800000190734863,5.400000095367432,5.800000190734863,2400,0.0,0.0
2023-09-18 00:00:00-04:00,5.75,5.75,5.550000190734863,5.599999904632568,2260,0.0,0.0
2023-09-19 00:00:00-04:00,5.599999904632568,5.650000095367432,5.25,5.599999904632568,2400,0.0,0.0
2023-09-20 00:00:00-04:00,5.5,5.75,5.409999847412109,5.550000190734863,2260,0.0,0.0
2023-09-21 00:00:00-04:00,5.550000190734863,5.550000190734863,5.25,5.300000190734863,1920,0.0,0.0
2023-09-22 00:00:00-04:00,5.349999904632568,5.75,5.300000190734863,5.650000095367432,1500,0.0,0.0
2023-09-25 00:00:00-04:00,5.449999809265137,5.449999809265137,5.159999847412109,5.400000095367432,1740,0.0,0.0
2023-09-26 00:00:00-04:00,5.099999904632568,5.449999809265137,5.099999904632568,5.449999809265137,1920,0.0,0.0
2023-09-27 00:00:00-04:00,5.304999828338623,5.5,5.304999828338623,5.349999904632568,1440,0.0,0.0
2023-09-28 00:00:00-04:00,5.349999904632568,5.650000095367432,5.349999904632568,5.650000095367432,1260,0.0,0.0
2023-09-29 00:00:00-04:00,5.75,5.75,5.449999809265137,5.449999809265137,880,0.0,0.0
2023-10-02 00:00:00-04:00,5.699999809265137,5.699999809265137,5.449999809265137,5.599999904632568,840,0.0,0.0
2023-10-03 00:00:00-04:00,5.699999809265137,5.75,5.5,5.550000190734863,7100,0.0,0.0
2023-10-04 00:00:00-04:00,5.599999904632568,5.75,5.400000095367432,5.699999809265137,3200,0.0,0.0
2023-10-05 00:00:00-04:00,5.710000038146973,5.800000190734863,5.449999809265137,5.800000190734863,1680,0.0,0.0
2023-10-06 00:00:00-04:00,5.650000095367432,5.650000095367432,5.519999980926514,5.519999980926514,1800,0.0,0.0
2023-10-09 00:00:00-04:00,5.75,5.75,5.400000095367432,5.5,1100,0.0,0.0
2023-10-10 00:00:00-04:00,5.5,5.650000095367432,5.5,5.5,1800,0.0,0.0
2023-10-11 00:00:00-04:00,5.550000190734863,5.650000095367432,5.324999809265137,5.324999809265137,1440,0.0,0.0
2023-10-12 00:00:00-04:00,5.349999904632568,5.650000095367432,5.150000095367432,5.349999904632568,7800,0.0,0.0
2023-10-13 00:00:00-04:00,5.474999904632568,5.650000095367432,5.25,5.550000190734863,2220,0.0,0.0
2023-10-16 00:00:00-04:00,5.449999809265137,5.5,5.449999809265137,5.5,760,0.0,0.0
2023-10-17 00:00:00-04:00,5.449999809265137,5.449999809265137,5.349999904632568,5.449999809265137,760,0.0,0.0
2023-10-18 00:00:00-04:00,5.25,5.400000095367432,5.25,5.349999904632568,860,0.0,0.0
2023-10-19 00:00:00-04:00,5.150000095367432,5.349999904632568,5.150000095367432,5.349999904632568,1060,0.0,0.0
2023-10-20 00:00:00-04:00,5.199999809265137,5.199999809265137,5.150000095367432,5.150000095367432,1640,0.0,0.0
2023-10-23 00:00:00-04:00,5.150000095367432,5.349999904632568,4.610000133514404,4.699999809265137,4700,0.0,0.0
2023-10-24 00:00:00-04:00,4.949999809265137,5.050000190734863,4.849999904632568,5.050000190734863,2160,0.0,0.0
2023-10-25 00:00:00-04:00,4.900000095367432,5.099999904632568,4.900000095367432,5.099999904632568,1240,0.0,0.0
2023-10-26 00:00:00-04:00,5.099999904632568,5.099999904632568,4.75,5.0,1220,0.0,0.0
2023-10-27 00:00:00-04:00,5.050000190734863,5.050000190734863,4.925000190734863,4.925000190734863,1020,0.0,0.0
2023-10-30 00:00:00-04:00,4.75,5.0,4.5,4.59499979019165,1920,0.0,0.0
2023-10-31 00:00:00-04:00,4.40500020980835,4.800000190734863,4.40500020980835,4.75,4760,0.0,0.0
2023-11-01 00:00:00-04:00,4.25,4.650000095367432,4.25,4.599999904632568,2400,0.0,0.0
2023-11-02 00:00:00-04:00,4.400000095367432,4.849999904632568,4.275000095367432,4.599999904632568,3620,0.0,0.0
2023-11-03 00:00:00-04:00,4.599999904632568,4.75,3.9549999237060547,4.550000190734863,5660,0.0,0.0
2023-11-06 00:00:00-05:00,4.699999809265137,4.75,4.204999923706055,4.550000190734863,3160,0.0,0.0
2023-11-07 00:00:00-05:00,4.5,4.5,4.050000190734863,4.050000190734863,7560,0.0,0.0
2023-11-08 00:00:00-05:00,4.099999904632568,4.5,4.099999904632568,4.494999885559082,320,0.0,0.0
2023-11-09 00:00:00-05:00,4.320000171661377,4.320000171661377,4.090000152587891,4.25,4660,0.0,0.0
2023-11-10 00:00:00-05:00,4.050000190734863,4.300000190734863,4.050000190734863,4.25,2220,0.0,0.0
2023-11-13 00:00:00-05:00,4.400000095367432,4.400000095367432,4.224999904632568,4.224999904632568,240,0.0,0.0
2023-11-14 00:00:00-05:00,4.309999942779541,4.400000095367432,4.224999904632568,4.400000095367432,2420,0.0,0.0
2023-11-15 00:00:00-05:00,4.449999809265137,4.75,4.400000095367432,4.599999904632568,2720,0.0,0.0
2023-11-16 00:00:00-05:00,4.699999809265137,4.960000038146973,4.664999961853027,4.804999828338623,2740,0.0,0.0
2023-11-17 00:00:00-05:00,5.0,6.0,5.0,5.599999904632568,23840,0.0,0.0
2023-11-20 00:00:00-05:00,5.699999809265137,5.699999809265137,4.875,5.5,3960,0.0,0.0
2023-11-21 00:00:00-05:00,4.75,4.980000019073486,4.75,4.875,11640,0.0,0.0
2023-11-22 00:00:00-05:00,4.900000095367432,4.900000095367432,4.789999961853027,4.809999942779541,1720,0.0,0.0
2023-11-24 00:00:00-05:00,4.949999809265137,4.949999809265137,4.75,4.800000190734863,2260,0.0,0.0
2023-11-27 00:00:00-05:00,4.465000152587891,4.670000076293945,4.465000152587891,4.670000076293945,2960,0.0,0.0
2023-11-28 00:00:00-05:00,4.75,4.75,4.664999961853027,4.664999961853027,1240,0.0,0.0
2023-11-29 00:00:00-05:00,4.664999961853027,4.800000190734863,4.389999866485596,4.599999904632568,7320,0.0,0.0
2023-11-30 00:00:00-05:00,4.730000019073486,4.730000019073486,4.480000019073486,4.480000019073486,1360,0.0,0.0
2023-12-01 00:00:00-05:00,4.474999904632568,4.5,4.474999904632568,4.5,200,0.0,0.0
2023-12-04 00:00:00-05:00,4.599999904632568,4.75,4.599999904632568,4.650000095367432,1580,0.0,0.0
2023-12-05 00:00:00-05:00,4.485000133514404,4.599999904632568,4.349999904632568,4.349999904632568,3060,0.0,0.0
2023-12-06 00:00:00-05:00,4.349999904632568,4.625,4.340000152587891,4.364999771118164,2300,0.0,0.0
2023-12-07 00:00:00-05:00,4.300000190734863,4.650000095367432,4.300000190734863,4.5,1700,0.0,0.0
2023-12-08 00:00:00-05:00,4.5,4.5,4.324999809265137,4.349999904632568,3840,0.0,0.0
2023-12-11 00:00:00-05:00,4.300000190734863,4.380000114440918,4.300000190734863,4.300000190734863,540,0.0,0.0
2023-12-12 00:00:00-05:00,4.300000190734863,4.315000057220459,4.300000190734863,4.315000057220459,420,0.0,0.0
2023-12-13 00:00:00-05:00,4.300000190734863,4.324999809265137,4.300000190734863,4.309999942779541,180,0.0,0.0
2023-12-14 00:00:00-05:00,4.150000095367432,4.324999809265137,4.150000095367432,4.25,11120,0.0,0.0
2023-12-15 00:00:00-05:00,4.25,4.255000114440918,4.25,4.25,1760,0.0,0.0
2023-12-18 00:00:00-05:00,4.400000095367432,4.400000095367432,4.324999809265137,4.349999904632568,1300,0.0,0.0
2023-12-19 00:00:00-05:00,4.349999904632568,4.400000095367432,4.260000228881836,4.400000095367432,2720,0.0,0.0
2023-12-20 00:00:00-05:00,4.150000095367432,4.400000095367432,4.150000095367432,4.349999904632568,5320,0.0,0.0
2023-12-21 00:00:00-05:00,4.349999904632568,4.400000095367432,4.349999904632568,4.400000095367432,2720,0.0,0.0
2023-12-22 00:00:00-05:00,4.114999771118164,4.349999904632568,4.025000095367432,4.300000190734863,5980,0.0,0.0
2023-12-26 00:00:00-05:00,4.300000190734863,4.349999904632568,4.235000133514404,4.25,2900,0.0,0.0
2023-12-27 00:00:00-05:00,4.394999980926514,4.440000057220459,4.25,4.375,2640,0.0,0.0
2023-12-28 00:00:00-05:00,4.375,4.900000095367432,4.375,4.400000095367432,4000,0.0,0.0
2023-12-29 00:00:00-05:00,4.465000152587891,4.824999809265137,4.425000190734863,4.5,2700,0.0,0.0
2024-01-02 00:00:00-05:00,4.5,4.5,4.5,4.5,240,0.0,0.0
2024-01-03 00:00:00-05:00,4.175000190734863,4.25,4.050000190734863,4.070000171661377,4600,0.0,0.0
2024-01-04 00:00:00-05:00,4.050000190734863,4.150000095367432,3.950000047683716,4.0,6300,0.0,0.0
2024-01-05 00:00:00-05:00,4.25,4.25,4.0,4.019999980926514,4840,0.0,0.0
2024-01-08 00:00:00-05:00,4.0,4.25,4.0,4.25,1280,0.0,0.0
2024-01-09 00:00:00-05:00,4.175000190734863,4.199999809265137,4.150000095367432,4.199999809265137,200,0.0,0.0
2024-01-10 00:00:00-05:00,4.105000019073486,4.179999828338623,4.0,4.0,13440,0.0,0.0
2024-01-11 00:00:00-05:00,4.159999847412109,4.304999828338623,4.159999847412109,4.239999771118164,840,0.0,0.0
2024-01-12 00:00:00-05:00,4.099999904632568,4.099999904632568,3.9549999237060547,4.050000190734863,2460,0.0,0.0
2024-01-16 00:00:00-05:00,3.9600000381469727,3.9649999141693115,3.765000104904175,3.7699999809265137,8460,0.0,0.0
2024-01-17 00:00:00-05:00,3.759999990463257,3.799999952316284,3.375,3.799999952316284,3360,0.0,0.0
2024-01-18 00:00:00-05:00,3.5,3.5999999046325684,3.450000047683716,3.5999999046325684,12520,0.0,0.0
2024-01-19 00:00:00-05:00,3.450000047683716,3.5250000953674316,3.4000000953674316,3.5,3960,0.0,0.0
2024-01-22 00:00:00-05:00,3.450000047683716,3.505000114440918,3.2750000953674316,3.2750000953674316,5440,0.0,0.0
2024-01-23 00:00:00-05:00,3.4000000953674316,3.450000047683716,3.4000000953674316,3.450000047683716,3780,0.0,0.0
2024-01-24 00:00:00-05:00,3.799999952316284,3.799999952316284,3.450000047683716,3.505000114440918,4220,0.0,0.0
2024-01-25 00:00:00-05:00,3.6500000953674316,3.75,3.444999933242798,3.5999999046325684,2860,0.0,0.0
2024-01-26 00:00:00-05:00,3.5,3.5,3.390000104904175,3.4649999141693115,1180,0.0,0.0
2024-01-29 00:00:00-05:00,3.299999952316284,3.3499999046325684,3.299999952316284,3.305000066757202,1740,0.0,0.0
2024-01-30 00:00:00-05:00,3.299999952316284,3.484999895095825,3.0,3.200000047683716,20300,0.0,0.0
2024-01-31 00:00:00-05:00,3.0,3.2950000762939453,2.9000000953674316,3.2950000762939453,11100,0.0,0.0
2024-02-01 00:00:00-05:00,3.25,3.25,2.994999885559082,3.0,8400,0.0,0.0
2024-02-02 00:00:00-05:00,3.0999999046325684,3.325000047683716,3.0999999046325684,3.194999933242798,1700,0.0,0.0
2024-02-05 00:00:00-05:00,3.0,3.049999952316284,2.950000047683716,2.9800000190734863,5960,0.0,0.0
2024-02-06 00:00:00-05:00,3.1549999713897705,3.200000047683716,3.0,3.055000066757202,8800,0.0,0.0
2024-02-07 00:00:00-05:00,3.055000066757202,3.494999885559082,3.055000066757202,3.299999952316284,5260,0.0,0.0
2024-02-08 00:00:00-05:00,3.319999933242798,3.3499999046325684,3.134999990463257,3.325000047683716,1780,0.0,0.0
2024-02-09 00:00:00-05:00,3.450000047683716,3.450000047683716,3.25,3.25,3100,0.0,0.0
2024-02-12 00:00:00-05:00,3.450000047683716,3.694999933242798,3.450000047683716,3.6500000953674316,2240,0.0,0.0
2024-02-13 00:00:00-05:00,3.5999999046325684,4.184999942779541,3.5999999046325684,3.9000000953674316,3200,0.0,0.0
2024-02-14 00:00:00-05:00,4.09499979019165,4.494999885559082,3.509999990463257,3.799999952316284,4200,0.0,0.0
2024-02-15 00:00:00-05:00,3.5,3.6600000858306885,3.5,3.6600000858306885,4420,0.0,0.0
2024-02-16 00:00:00-05:00,3.6500000953674316,3.75,3.549999952316284,3.75,2200,0.0,0.0
2024-02-20 00:00:00-05:00,3.5,3.700000047683716,3.4800000190734863,3.515000104904175,13500,0.0,0.0
2024-02-21 00:00:00-05:00,3.5,3.75,3.5,3.6500000953674316,2840,0.0,0.0
2024-02-22 00:00:00-05:00,3.549999952316284,3.674999952316284,3.549999952316284,3.6549999713897705,4260,0.0,0.0
2024-02-23 00:00:00-05:00,3.6500000953674316,3.75,3.6500000953674316,3.6549999713897705,1320,0.0,0.0
2024-02-26 00:00:00-05:00,3.4800000190734863,3.559999942779541,3.4749999046325684,3.515000104904175,700,0.0,0.0
2024-02-27 00:00:00-05:00,3.5,3.515000104904175,3.4000000953674316,3.509999990463257,3400,0.0,0.0
2024-02-28 00:00:00-05:00,3.509999990463257,3.6649999618530273,3.365000009536743,3.384999990463257,2520,0.0,0.0
2024-02-29 00:00:00-05:00,3.424999952316284,3.450000047683716,3.2149999141693115,3.2149999141693115,3580,0.0,0.0
2024-03-01 00:00:00-05:00,3.174999952316284,3.494999885559082,3.174999952316284,3.494999885559082,2320,0.0,0.0
2024-03-04 00:00:00-05:00,3.4549999237060547,3.4549999237060547,3.2750000953674316,3.2750000953674316,1660,0.0,0.0
2024-03-05 00:00:00-05:00,3.200000047683716,3.2249999046325684,3.1500000953674316,3.1500000953674316,2540,0.0,0.0
2024-03-06 00:00:00-05:00,3.1500000953674316,3.1500000953674316,2.6500000953674316,2.8550000190734863,22220,0.0,0.0
2024-03-07 00:00:00-05:00,2.924999952316284,3.5,2.9200000762939453,3.2699999809265137,4040,0.0,0.0
2024-03-08 00:00:00-05:00,3.25,3.2799999713897705,3.0250000953674316,3.2799999713897705,2460,0.0,0.0
2024-03-11 00:00:00-04:00,3.299999952316284,3.7249999046325684,3.200000047683716,3.265000104904175,5540,0.0,0.0
2024-03-12 00:00:00-04:00,3.434999942779541,4.0,3.434999942779541,3.700000047683716,18200,0.0,0.0
2024-03-13 00:00:00-04:00,3.700000047683716,3.8499999046325684,3.700000047683716,3.700000047683716,4480,0.0,0.0
2024-03-14 00:00:00-04:00,3.6549999713897705,3.75,3.309999942779541,3.319999933242798,9040,0.0,0.0
2024-03-15 00:00:00-04:00,3.494999885559082,3.799999952316284,3.494999885559082,3.75,3100,0.0,0.0
2024-03-18 00:00:00-04:00,3.8450000286102295,3.924999952316284,3.700000047683716,3.7249999046325684,2540,0.0,0.0
2024-03-19 00:00:00-04:00,3.75,3.875,3.5,3.700000047683716,9500,0.0,0.0
2024-03-20 00:00:00-04:00,4.070000171661377,4.070000171661377,3.7249999046325684,3.765000104904175,12040,0.0,0.0
2024-03-21 00:00:00-04:00,3.9000000953674316,3.9000000953674316,3.5999999046325684,3.5999999046325684,5420,0.0,0.0
2024-03-22 00:00:00-04:00,3.5,3.674999952316284,2.75,3.1600000858306885,8040,0.0,0.0
2024-03-25 00:00:00-04:00,3.1600000858306885,3.5950000286102295,3.0,3.049999952316284,19800,0.0,0.0
2024-03-26 00:00:00-04:00,3.049999952316284,3.494999885559082,3.049999952316284,3.2249999046325684,5300,0.0,0.0
2024-03-27 00:00:00-04:00,3.259999990463257,3.259999990463257,2.75,2.9000000953674316,14040,0.0,0.0
2024-03-28 00:00:00-04:00,2.9549999237060547,3.0950000286102295,2.9000000953674316,2.930000066757202,10200,0.0,0.0
2024-04-01 00:00:00-04:00,2.9000000953674316,3.299999952316284,2.9000000953674316,3.1500000953674316,4360,0.0,0.0
2024-04-02 00:00:00-04:00,3.1500000953674316,3.450000047683716,3.075000047683716,3.125,5120,0.0,0.0
2024-04-03 00:00:00-04:00,3.125,3.1500000953674316,2.950000047683716,3.125,14800,0.0,0.0
2024-04-04 00:00:00-04:00,3.005000114440918,3.2300000190734863,2.8499999046325684,2.8499999046325684,8720,0.0,0.0
2024-04-05 00:00:00-04:00,2.8499999046325684,3.0250000953674316,2.8499999046325684,3.0,11100,0.0,0.0
2024-04-08 00:00:00-04:00,3.1050000190734863,3.1050000190734863,3.0,3.0999999046325684,6140,0.0,0.0
2024-04-09 00:00:00-04:00,3.1050000190734863,3.1500000953674316,2.8499999046325684,2.944999933242798,27640,0.0,0.0
2024-04-10 00:00:00-04:00,2.8550000190734863,3.0250000953674316,2.8499999046325684,3.0,4100,0.0,0.0
2024-04-11 00:00:00-04:00,3.0,3.0250000953674316,2.9000000953674316,3.0,10180,0.0,0.0
2024-04-12 00:00:00-04:00,3.0,3.244999885559082,2.9749999046325684,3.0,2220,0.0,0.0
2024-04-15 00:00:00-04:00,3.174999952316284,3.299999952316284,2.924999952316284,2.950000047683716,6560,0.0,0.0
2024-04-16 00:00:00-04:00,2.950000047683716,3.0,2.924999952316284,2.950000047683716,3540,0.0,0.0
2024-04-17 00:00:00-04:00,2.9749999046325684,3.0999999046325684,2.9749999046325684,3.049999952316284,8600,0.0,0.0
2024-04-18 00:00:00-04:00,2.9749999046325684,3.200000047683716,2.9749999046325684,3.1600000858306885,1500,0.0,0.0
2024-04-19 00:00:00-04:00,2.9149999618530273,3.1600000858306885,2.9149999618530273,3.049999952316284,7540,0.0,0.0
2024-04-22 00:00:00-04:00,3.1500000953674316,3.1500000953674316,2.944999933242798,3.125,3160,0.0,0.0
2024-04-23 00:00:00-04:00,3.1500000953674316,3.1500000953674316,3.0999999046325684,3.1500000953674316,6300,0.0,0.0
2024-04-24 00:00:00-04:00,3.0999999046325684,3.2950000762939453,3.049999952316284,3.190000057220459,8700,0.0,0.0
2024-04-25 00:00:00-04:00,2.799999952316284,3.125,2.1500000953674316,3.075000047683716,28600,0.0,0.0
2024-04-26 00:00:00-04:00,2.9000000953674316,3.125,2.9000000953674316,3.075000047683716,4140,0.0,0.0
2024-04-29 00:00:00-04:00,2.9749999046325684,3.25,2.9749999046325684,3.0999999046325684,4860,0.0,0.0
2024-04-30 00:00:00-04:00,3.244999885559082,3.450000047683716,3.075000047683716,3.109999895095825,11820,0.0,0.0
2024-05-01 00:00:00-04:00,3.25,3.319999933242798,3.2249999046325684,3.319999933242798,2140,0.0,0.0
2024-05-02 00:00:00-04:00,3.25,3.7750000953674316,3.25,3.7200000286102295,14500,0.0,0.0
2024-05-03 00:00:00-04:00,3.5,3.5350000858306885,3.125,3.3499999046325684,16180,0.0,0.0
2024-05-06 00:00:00-04:00,3.2049999237060547,3.450000047683716,2.5399999618530273,3.180000066757202,13660,0.0,0.0
2024-05-07 00:00:00-04:00,3.299999952316284,3.5,3.0,3.359999895095825,8980,0.0,0.0
2024-05-08 00:00:00-04:00,3.494999885559082,3.700000047683716,3.4000000953674316,3.625,10120,0.0,0.0
2024-05-09 00:00:00-04:00,3.3499999046325684,3.640000104904175,3.3499999046325684,3.555000066757202,5220,0.0,0.0
2024-05-10 00:00:00-04:00,3.4000000953674316,3.549999952316284,3.4000000953674316,3.5,2320,0.0,0.0
2024-05-13 00:00:00-04:00,3.5999999046325684,3.8499999046325684,3.4000000953674316,3.700000047683716,32040,0.0,0.0
2024-05-14 00:00:00-04:00,3.75,3.9200000762939453,3.700000047683716,3.9000000953674316,10840,0.0,0.0
2024-05-15 00:00:00-04:00,3.799999952316284,4.0,3.799999952316284,4.0,6660,0.0,0.0
2024-05-16 00:00:00-04:00,4.0,4.329999923706055,4.0,4.25,13900,0.0,0.0
2024-05-17 00:00:00-04:00,4.25,4.485000133514404,4.0,4.260000228881836,10080,0.0,0.0
2024-05-20 00:00:00-04:00,4.375,4.599999904632568,4.375,4.400000095367432,23780,0.0,0.0
2024-05-21 00:00:00-04:00,4.590000152587891,4.724999904632568,4.269999980926514,4.304999828338623,7720,0.0,0.0
2024-05-22 00:00:00-04:00,4.349999904632568,4.349999904632568,3.799999952316284,4.25,6240,0.0,0.0
2024-05-23 00:00:00-04:00,4.150000095367432,4.25,3.75,4.0,15100,0.0,0.0
2024-05-24 00:00:00-04:00,4.099999904632568,4.199999809265137,3.75,4.150000095367432,27480,0.0,0.0
2024-05-28 00:00:00-04:00,4.050000190734863,4.050000190734863,3.700000047683716,4.0,14600,0.0,0.0
2024-05-29 00:00:00-04:00,3.994999885559082,4.0,3.700000047683716,3.700000047683716,6540,0.0,0.0
2024-05-30 00:00:00-04:00,3.700000047683716,3.875,3.700000047683716,3.8499999046325684,11300,0.0,0.0
2024-05-31 00:00:00-04:00,3.875,4.0,3.8499999046325684,3.8499999046325684,8240,0.0,0.0
2024-06-03 00:00:00-04:00,3.9000000953674316,5.25,3.9000000953674316,5.199999809265137,36260,0.0,0.0
2024-06-04 00:00:00-04:00,5.050000190734863,5.199999809265137,4.599999904632568,4.599999904632568,10800,0.0,0.0
2024-06-05 00:00:00-04:00,4.900000095367432,5.099999904632568,4.400000095367432,5.0,17800,0.0,0.0
2024-06-06 00:00:00-04:00,4.650000095367432,5.050000190734863,4.550000190734863,5.050000190734863,17940,0.0,0.0
2024-06-07 00:00:00-04:00,4.949999809265137,5.050000190734863,4.849999904632568,5.0,14020,0.0,0.0
2024-06-10 00:00:00-04:00,5.0,5.0,4.650000095367432,5.0,16260,0.0,0.0
2024-06-11 00:00:00-04:00,4.775000095367432,4.900000095367432,4.650000095367432,4.75,3780,0.0,0.0
2024-06-12 00:00:00-04:00,4.699999809265137,4.699999809265137,4.445000171661377,4.625,1820,0.0,0.0
2024-06-13 00:00:00-04:00,4.599999904632568,5.199999809265137,4.599999904632568,5.099999904632568,19380,0.0,0.0
2024-06-14 00:00:00-04:00,4.949999809265137,5.050000190734863,4.75,5.039999961853027,10260,0.0,0.0
2024-06-17 00:00:00-04:00,4.849999904632568,5.050000190734863,4.849999904632568,5.050000190734863,19800,0.0,0.0
2024-06-18 00:00:00-04:00,5.050000190734863,5.050000190734863,4.804999828338623,5.045000076293945,7120,0.0,0.0
2024-06-20 00:00:00-04:00,5.0,5.25,4.815000057220459,5.09499979019165,29100,0.0,0.0
2024-06-21 00:00:00-04:00,4.900000095367432,5.050000190734863,4.409999847412109,5.050000190734863,14640,0.0,0.0
2024-06-24 00:00:00-04:00,4.514999866485596,5.025000095367432,4.514999866485596,5.025000095367432,7160,0.0,0.0
2024-06-25 00:00:00-04:00,4.949999809265137,5.050000190734863,4.900000095367432,5.025000095367432,6760,0.0,0.0
2024-06-26 00:00:00-04:00,5.050000190734863,5.050000190734863,4.900000095367432,5.050000190734863,8040,0.0,0.0
2024-06-27 00:00:00-04:00,5.050000190734863,5.050000190734863,4.900000095367432,5.0,2800,0.0,0.0
2024-06-28 00:00:00-04:00,4.949999809265137,5.050000190734863,4.900000095367432,5.050000190734863,2960,0.0,0.0
2024-07-01 00:00:00-04:00,5.0,5.050000190734863,4.949999809265137,5.0,1100,0.0,0.0
2024-07-02 00:00:00-04:00,5.0,5.025000095367432,4.75,5.0,6920,0.0,0.0
2024-07-03 00:00:00-04:00,5.0,5.050000190734863,4.900000095367432,5.050000190734863,8160,0.0,0.0
2024-07-05 00:00:00-04:00,5.050000190734863,5.050000190734863,4.880000114440918,5.050000190734863,4500,0.0,0.0
2024-07-08 00:00:00-04:00,5.0,5.050000190734863,5.0,5.050000190734863,6960,0.0,0.0
2024-07-09 00:00:00-04:00,4.945000171661377,5.025000095367432,4.75,5.025000095367432,5260,0.0,0.0
2024-07-10 00:00:00-04:00,4.849999904632568,5.150000095367432,4.849999904632568,5.150000095367432,6640,0.0,0.0
2024-07-11 00:00:00-04:00,5.050000190734863,5.199999809265137,4.949999809265137,5.199999809265137,5140,0.0,0.0
2024-07-12 00:00:00-04:00,5.400000095367432,5.400000095367432,5.050000190734863,5.050000190734863,8640,0.0,0.0
2024-07-15 00:00:00-04:00,5.0,5.050000190734863,4.949999809265137,5.0,2140,0.0,0.0
2024-07-16 00:00:00-04:00,4.849999904632568,5.050000190734863,4.755000114440918,5.025000095367432,6080,0.0,0.0
2024-07-17 00:00:00-04:00,4.949999809265137,5.045000076293945,4.949999809265137,5.045000076293945,2600,0.0,0.0
2024-07-18 00:00:00-04:00,5.0,5.050000190734863,4.920000076293945,5.050000190734863,1440,0.0,0.0
2024-07-19 00:00:00-04:00,5.0,5.0,4.949999809265137,5.0,2500,0.0,0.0
2024-07-22 00:00:00-04:00,4.994999885559082,5.0,4.974999904632568,5.0,1040,0.0,0.0
2024-07-23 00:00:00-04:00,5.0,5.0,4.96999979019165,5.0,7740,0.0,0.0
2024-07-24 00:00:00-04:00,5.050000190734863,5.050000190734863,4.974999904632568,5.0,2040,0.0,0.0
2024-07-25 00:00:00-04:00,4.949999809265137,4.989999771118164,4.824999809265137,4.840000152587891,17720,0.0,0.0
2024-07-26 00:00:00-04:00,4.800000190734863,4.974999904632568,4.800000190734863,4.800000190734863,3380,0.0,0.0
2024-07-29 00:00:00-04:00,4.755000114440918,4.900000095367432,4.0,4.679999828338623,15540,0.0,0.0
2024-07-30 00:00:00-04:00,4.75,4.824999809265137,4.559999942779541,4.559999942779541,8240,0.0,0.0
2024-07-31 00:00:00-04:00,4.050000190734863,4.610000133514404,4.050000190734863,4.610000133514404,2220,0.0,0.0
2024-08-01 00:00:00-04:00,4.550000190734863,4.724999904632568,4.264999866485596,4.599999904632568,1960,0.0,0.0
2024-08-02 00:00:00-04:00,4.550000190734863,4.75,4.255000114440918,4.255000114440918,4140,0.0,0.0
2024-08-05 00:00:00-04:00,4.050000190734863,4.699999809265137,4.050000190734863,4.425000190734863,10340,0.0,0.0
2024-08-06 00:00:00-04:00,4.425000190734863,4.75,4.400000095367432,4.650000095367432,8720,0.0,0.0
2024-08-07 00:00:00-04:00,4.5,4.699999809265137,4.5,4.695000171661377,1080,0.0,0.0
2024-08-08 00:00:00-04:00,4.574999809265137,4.735000133514404,4.574999809265137,4.579999923706055,2140,0.0,0.0
2024-08-09 00:00:00-04:00,4.570000171661377,4.625,4.099999904632568,4.224999904632568,540,0.0,0.0
2024-08-12 00:00:00-04:00,4.545000076293945,4.545000076293945,4.195000171661377,4.195000171661377,800,0.0,0.0
2024-08-13 00:00:00-04:00,4.195000171661377,4.215000152587891,4.114999771118164,4.204999923706055,620,0.0,0.0
2024-08-14 00:00:00-04:00,4.28000020980835,4.28000020980835,4.25,4.25,220,0.0,0.0
2024-08-15 00:00:00-04:00,4.394999980926514,4.75,4.204999923706055,4.204999923706055,3420,0.0,0.0
2024-08-16 00:00:00-04:00,4.375,4.5,4.375,4.5,2280,0.0,0.0
2024-08-19 00:00:00-04:00,4.5,5.0,4.449999809265137,5.0,12260,0.0,0.0
2024-08-20 00:00:00-04:00,4.800000190734863,4.800000190734863,4.005000114440918,4.494999885559082,8500,0.0,0.0
2024-08-21 00:00:00-04:00,4.25,4.849999904632568,4.25,4.635000228881836,8740,0.0,0.0
2024-08-22 00:00:00-04:00,4.5,5.0,4.25,4.590000152587891,17380,0.0,0.0
2024-08-23 00:00:00-04:00,4.5,4.599999904632568,4.449999809265137,4.449999809265137,1700,0.0,0.0
2024-08-26 00:00:00-04:00,4.300000190734863,4.545000076293945,4.105000019073486,4.215000152587891,6260,0.0,0.0
2024-08-27 00:00:00-04:00,4.300000190734863,4.304999828338623,4.105000019073486,4.105000019073486,3460,0.0,0.0
2024-08-28 00:00:00-04:00,4.054999828338623,4.25,4.050000190734863,4.050000190734863,1420,0.0,0.0
2024-08-29 00:00:00-04:00,3.950000047683716,4.215000152587891,3.765000104904175,3.805000066757202,940,0.0,0.0
2024-08-30 00:00:00-04:00,3.950000047683716,4.295000076293945,3.950000047683716,4.295000076293945,1440,0.0,0.0
2024-09-03 00:00:00-04:00,4.324999809265137,4.514999866485596,3.9549999237060547,4.514999866485596,11320,0.0,0.0
2024-09-04 00:00:00-04:00,4.050000190734863,4.150000095367432,4.050000190734863,4.099999904632568,220,0.0,0.0
2024-09-05 00:00:00-04:00,4.099999904632568,4.414999961853027,4.0,4.0,1380,0.0,0.0
2024-09-06 00:00:00-04:00,3.9549999237060547,3.9549999237060547,3.805000066757202,3.865000009536743,1560,0.0,0.0
2024-09-09 00:00:00-04:00,4.0,4.0,4.0,4.0,1740,0.0,0.0
2024-09-10 00:00:00-04:00,3.9000000953674316,3.9200000762939453,3.8350000381469727,3.8350000381469727,460,0.0,0.0
2024-09-11 00:00:00-04:00,3.75,3.75,3.75,3.75,220,0.0,0.0
2024-09-12 00:00:00-04:00,3.799999952316284,4.175000190734863,3.575000047683716,3.6500000953674316,6020,0.0,0.0
2024-09-13 00:00:00-04:00,3.6600000858306885,3.75,3.549999952316284,3.549999952316284,2320,0.0,0.0
2024-09-16 00:00:00-04:00,3.490000009536743,3.549999952316284,3.3350000381469727,3.3949999809265137,4840,0.0,0.0
2024-09-17 00:00:00-04:00,3.4000000953674316,3.450000047683716,3.134999990463257,3.134999990463257,1760,0.0,0.0
2024-09-18 00:00:00-04:00,3.015000104904175,3.4000000953674316,2.9100000858306885,3.1600000858306885,18020,0.0,0.0
2024-09-19 00:00:00-04:00,3.3299999237060547,3.5250000953674316,3.184999942779541,3.494999885559082,15580,0.0,0.0
2024-09-20 00:00:00-04:00,3.494999885559082,3.5250000953674316,3.4000000953674316,3.505000114440918,5580,0.0,0.0
2024-09-23 00:00:00-04:00,3.700000047683716,3.700000047683716,3.4049999713897705,3.494999885559082,7400,0.0,0.0
2024-09-24 00:00:00-04:00,3.5999999046325684,4.230000019073486,3.549999952316284,4.139999866485596,19700,0.0,0.0
2024-09-25 00:00:00-04:00,3.75,3.9000000953674316,3.3949999809265137,3.5450000762939453,23040,0.0,0.0
2024-09-26 00:00:00-04:00,4.135000228881836,4.135000228881836,3.5450000762939453,3.549999952316284,28180,0.0,0.0
2024-09-27 00:00:00-04:00,3.5999999046325684,3.7950000762939453,3.549999952316284,3.75,2980,0.0,0.0
2024-09-30 00:00:00-04:00,3.9000000953674316,3.9000000953674316,3.75,3.8450000286102295,8120,0.0,0.0
2024-10-01 00:00:00-04:00,3.7950000762939453,3.799999952316284,3.6500000953674316,3.6600000858306885,10820,0.0,0.0
2024-10-02 00:00:00-04:00,4.0,4.599999904632568,4.0,4.449999809265137,23760,0.0,0.0
2024-10-03 00:00:00-04:00,4.550000190734863,4.550000190734863,4.164999961853027,4.329999923706055,5520,0.0,0.0
2024-10-04 00:00:00-04:00,4.25,4.75,4.25,4.550000190734863,11840,0.0,0.0
2024-10-07 00:00:00-04:00,4.650000095367432,4.650000095367432,4.550000190734863,4.599999904632568,12840,0.0,0.0
2024-10-08 00:00:00-04:00,4.400000095367432,4.400000095367432,4.15500020980835,4.284999847412109,3060,0.0,0.0
2024-10-09 00:00:00-04:00,4.25,4.275000095367432,4.0,4.050000190734863,9380,0.0,0.0
2024-10-10 00:00:00-04:00,4.099999904632568,4.244999885559082,4.099999904632568,4.139999866485596,1240,0.0,0.0
2024-10-11 00:00:00-04:00,4.03000020980835,4.099999904632568,4.03000020980835,4.059999942779541,1880,0.0,0.0
2024-10-14 00:00:00-04:00,4.21999979019165,4.21999979019165,3.950000047683716,3.950000047683716,480,0.0,0.0
2024-10-15 00:00:00-04:00,3.9000000953674316,3.9000000953674316,3.75,3.7899999618530273,4600,0.0,0.0
2024-10-16 00:00:00-04:00,3.6500000953674316,4.010000228881836,3.5,4.010000228881836,6380,0.0,0.0
2024-10-17 00:00:00-04:00,3.9000000953674316,3.994999885559082,3.9000000953674316,3.994999885559082,3100,0.0,0.0
2024-10-18 00:00:00-04:00,4.050000190734863,4.199999809265137,4.050000190734863,4.199999809265137,1040,0.0,0.0
2024-10-21 00:00:00-04:00,4.150000095367432,4.150000095367432,3.994999885559082,4.150000095367432,3240,0.0,0.0
2024-10-22 00:00:00-04:00,4.0,4.099999904632568,4.0,4.099999904632568,560,0.0,0.0
2024-10-23 00:00:00-04:00,4.0,4.099999904632568,4.0,4.099999904632568,1800,0.0,0.0
2024-10-24 00:00:00-04:00,4.059999942779541,4.139999866485596,3.6600000858306885,4.099999904632568,2520,0.0,0.0
2024-10-25 00:00:00-04:00,4.0,4.139999866485596,3.9749999046325684,4.139999866485596,800,0.0,0.0
2024-10-28 00:00:00-04:00,4.09499979019165,4.139999866485596,4.005000114440918,4.139999866485596,400,0.0,0.0
2024-10-29 00:00:00-04:00,4.114999771118164,4.139999866485596,4.010000228881836,4.135000228881836,1600,0.0,0.0
2024-10-30 00:00:00-04:00,4.005000114440918,4.005000114440918,3.9000000953674316,3.940000057220459,4480,0.0,0.0
2024-10-31 00:00:00-04:00,3.940000057220459,4.025000095367432,3.940000057220459,3.940000057220459,2360,0.0,0.0
2024-11-01 00:00:00-04:00,4.09499979019165,4.09499979019165,3.950000047683716,4.0,4300,0.0,0.0
2024-11-04 00:00:00-05:00,4.0,4.0,3.799999952316284,3.950000047683716,2660,0.0,0.0
2024-11-05 00:00:00-05:00,3.9000000953674316,4.0,3.734999895095825,3.75,2660,0.0,0.0
2024-11-06 00:00:00-05:00,4.0,4.0,3.75,3.950000047683716,5000,0.0,0.0
2024-11-07 00:00:00-05:00,3.7699999809265137,4.025000095367432,3.7699999809265137,3.944999933242798,3860,0.0,0.0
2024-11-08 00:00:00-05:00,3.994999885559082,3.994999885559082,3.744999885559082,3.744999885559082,3740,0.0,0.0
2024-11-11 00:00:00-05:00,3.8949999809265137,4.25,3.744999885559082,3.950000047683716,6480,0.0,0.0
2024-11-12 00:00:00-05:00,3.755000114440918,4.0,3.755000114440918,3.8499999046325684,2140,0.0,0.0
2024-11-13 00:00:00-05:00,3.799999952316284,4.0,3.75,3.75,1120,0.0,0.0
2024-11-14 00:00:00-05:00,3.755000114440918,3.755000114440918,3.4000000953674316,3.450000047683716,7080,0.0,0.0
2024-11-15 00:00:00-05:00,3.5,3.6500000953674316,3.5,3.6500000953674316,3340,0.0,0.0
2024-11-18 00:00:00-05:00,3.799999952316284,3.8499999046325684,3.694999933242798,3.694999933242798,2840,0.0,0.0
2024-11-19 00:00:00-05:00,3.75,3.75,3.6500000953674316,3.75,760,0.0,0.0
2024-11-20 00:00:00-05:00,3.6500000953674316,3.694999933242798,3.369999885559082,3.4000000953674316,6360,0.0,0.0
2024-11-21 00:00:00-05:00,3.700000047683716,3.700000047683716,3.3499999046325684,3.375,7840,0.0,0.0
2024-11-22 00:00:00-05:00,3.3399999141693115,3.4200000762939453,3.200000047683716,3.200000047683716,5320,0.0,0.0
2024-11-25 00:00:00-05:00,3.0999999046325684,3.0999999046325684,3.0,3.0999999046325684,6360,0.0,0.0
2024-11-26 00:00:00-05:00,3.0950000286102295,3.174999952316284,2.615000009536743,2.7799999713897705,14040,0.0,0.0
2024-11-27 00:00:00-05:00,2.8499999046325684,3.200000047683716,2.8499999046325684,3.200000047683716,3100,0.0,0.0
2024-11-29 00:00:00-05:00,3.200000047683716,3.200000047683716,3.200000047683716,3.200000047683716,180,0.0,0.0
2024-12-02 00:00:00-05:00,3.1500000953674316,3.1500000953674316,2.9600000381469727,3.0,4280,0.0,0.0
2024-12-03 00:00:00-05:00,2.75,3.059999942779541,2.5999999046325684,2.8499999046325684,3360,0.0,0.0
2024-12-04 00:00:00-05:00,2.9700000286102295,2.9700000286102295,2.799999952316284,2.799999952316284,2780,0.0,0.0
2024-12-05 00:00:00-05:00,2.799999952316284,2.9600000381469727,2.799999952316284,2.9600000381469727,1300,0.0,0.0
2024-12-06 00:00:00-05:00,3.0,3.0,2.6500000953674316,2.700000047683716,19640,0.0,0.0
2024-12-09 00:00:00-05:00,2.6700000762939453,10.579999923706055,2.6449999809265137,6.059999942779541,4953600,0.0,0.2
2024-12-10 00:00:00-05:00,4.900000095367432,5.239999771118164,3.990000009536743,4.090000152587891,431300,0.0,0.0
2024-12-11 00:00:00-05:00,3.890000104904175,4.0,3.049999952316284,3.0999999046325684,130200,0.0,0.0
2024-12-12 00:00:00-05:00,3.109999895095825,3.434999942779541,3.0999999046325684,3.319999933242798,72400,0.0,0.0
2024-12-13 00:00:00-05:00,3.299999952316284,3.299999952316284,2.700000047683716,2.700000047683716,90500,0.0,0.0
2024-12-16 00:00:00-05:00,2.7100000381469727,3.240000009536743,2.7100000381469727,2.9800000190734863,100100,0.0,0.0
2024-12-17 00:00:00-05:00,2.9000000953674316,2.9700000286102295,2.6649999618530273,2.740000009536743,62900,0.0,0.0
2024-12-18 00:00:00-05:00,2.75,3.059000015258789,2.5999999046325684,2.7300000190734863,58400,0.0,0.0
2024-12-19 00:00:00-05:00,2.7899999618530273,2.890000104904175,2.609999895095825,2.7899999618530273,36600,0.0,0.0
2024-12-20 00:00:00-05:00,2.8499999046325684,3.0899999141693115,2.7699999809265137,2.934999942779541,47600,0.0,0.0
2024-12-23 00:00:00-05:00,2.950000047683716,4.0,2.950000047683716,3.8399999141693115,277000,0.0,0.0
2024-12-24 00:00:00-05:00,3.740000009536743,3.8399999141693115,3.3299999237060547,3.4010000228881836,55600,0.0,0.0
2024-12-26 00:00:00-05:00,3.3299999237060547,3.799999952316284,3.3299999237060547,3.450000047683716,40400,0.0,0.0
2024-12-27 00:00:00-05:00,3.4000000953674316,3.440000057220459,3.1500000953674316,3.2300000190734863,17500,0.0,0.0
2024-12-30 00:00:00-05:00,3.25,3.450000047683716,3.0199999809265137,3.1549999713897705,45900,0.0,0.0
2024-12-31 00:00:00-05:00,3.3499999046325684,3.5360000133514404,3.130000114440918,3.2300000190734863,69400,0.0,0.0
2025-01-02 00:00:00-05:00,3.0999999046325684,3.563999891281128,3.059999942779541,3.1700000762939453,59200,0.0,0.0
2025-01-03 00:00:00-05:00,3.2100000381469727,3.490000009536743,3.190000057220459,3.3499999046325684,15200,0.0,0.0
2025-01-06 00:00:00-05:00,3.5399999618530273,3.5999999046325684,3.2300000190734863,3.509999990463257,16700,0.0,0.0
2025-01-07 00:00:00-05:00,3.5,3.5,3.1500000953674316,3.3359999656677246,19100,0.0,0.0
2025-01-08 00:00:00-05:00,3.2799999713897705,3.4700000286102295,3.190000057220459,3.309999942779541,15500,0.0,0.0
2025-01-10 00:00:00-05:00,3.2200000286102295,3.2200000286102295,2.859999895095825,3.140000104904175,14900,0.0,0.0
2025-01-13 00:00:00-05:00,3.0,3.0299999713897705,2.75,2.9100000858306885,20100,0.0,0.0
2025-01-14 00:00:00-05:00,3.0899999141693115,3.4200000762939453,2.759999990463257,2.9700000286102295,18200,0.0,0.0
2025-01-15 00:00:00-05:00,3.0199999809265137,3.0899999141693115,2.9000000953674316,2.9800000190734863,3400,0.0,0.0
2025-01-16 00:00:00-05:00,3.049999952316284,3.0999999046325684,2.950000047683716,3.049999952316284,5500,0.0,0.0
2025-01-17 00:00:00-05:00,3.1700000762939453,3.190000057220459,2.9260001182556152,2.9260001182556152,4300,0.0,0.0
2025-01-21 00:00:00-05:00,3.130000114440918,3.184999942779541,2.8559999465942383,3.11299991607666,11500,0.0,0.0
2025-01-22 00:00:00-05:00,3.180000066757202,3.180000066757202,3.0399999618530273,3.049999952316284,3600,0.0,0.0
2025-01-23 00:00:00-05:00,2.9600000381469727,3.0299999713897705,2.940000057220459,3.0299999713897705,3900,0.0,0.0
2025-01-24 00:00:00-05:00,3.0299999713897705,3.0899999141693115,2.950000047683716,3.049999952316284,4000,0.0,0.0
2025-01-27 00:00:00-05:00,3.0899999141693115,3.259999990463257,3.009999990463257,3.1500000953674316,50500,0.0,0.0
2025-01-28 00:00:00-05:00,3.1500000953674316,3.497999906539917,2.940000057220459,3.319999933242798,106100,0.0,0.0
2025-01-29 00:00:00-05:00,3.2799999713897705,3.378000020980835,3.1740000247955322,3.319999933242798,6800,0.0,0.0
2025-01-30 00:00:00-05:00,3.200000047683716,3.4200000762939453,3.200000047683716,3.4000000953674316,6800,0.0,0.0
2025-01-31 00:00:00-05:00,3.380000114440918,3.5,3.2799999713897705,3.2799999713897705,6000,0.0,0.0
2025-02-03 00:00:00-05:00,3.200000047683716,3.315000057220459,3.200000047683716,3.25,1700,0.0,0.0
2025-02-04 00:00:00-05:00,3.440000057220459,3.440000057220459,3.200000047683716,3.2790000438690186,2600,0.0,0.0
2025-02-05 00:00:00-05:00,3.259999990463257,3.4000000953674316,3.259999990463257,3.380000114440918,3100,0.0,0.0
2025-02-06 00:00:00-05:00,3.180000066757202,3.2100000381469727,3.180000066757202,3.2100000381469727,2200,0.0,0.0
2025-02-07 00:00:00-05:00,3.119999885559082,3.2209999561309814,3.0799999237060547,3.0799999237060547,6000,0.0,0.0
2025-02-10 00:00:00-05:00,2.9000000953674316,3.0,2.819999933242798,2.9200000762939453,6900,0.0,0.0
2025-02-11 00:00:00-05:00,2.9560000896453857,3.2290000915527344,2.9560000896453857,3.0399999618530273,1800,0.0,0.0
2025-02-12 00:00:00-05:00,3.009999990463257,3.140000104904175,2.7699999809265137,3.049999952316284,5400,0.0,0.0
2025-02-13 00:00:00-05:00,3.130000114440918,3.140000104904175,3.130000114440918,3.140000104904175,300,0.0,0.0
2025-02-14 00:00:00-05:00,3.200000047683716,3.299999952316284,3.0,3.0799999237060547,22900,0.0,0.0
2025-02-18 00:00:00-05:00,3.2200000286102295,3.25,2.950000047683716,3.200000047683716,16600,0.0,0.0
2025-02-19 00:00:00-05:00,3.0999999046325684,3.299999952316284,3.0999999046325684,3.299999952316284,12400,0.0,0.0
2025-02-20 00:00:00-05:00,3.299999952316284,3.484999895095825,3.259999990463257,3.484999895095825,16300,0.0,0.0
2025-02-21 00:00:00-05:00,3.380000114440918,3.7909998893737793,3.309999942779541,3.7799999713897705,61200,0.0,0.0
2025-02-24 00:00:00-05:00,3.700000047683716,3.7799999713897705,3.494999885559082,3.690000057220459,20500,0.0,0.0
2025-02-25 00:00:00-05:00,3.7799999713897705,4.307000160217285,3.25,3.2699999809265137,98400,0.0,0.0
2025-02-26 00:00:00-05:00,3.2100000381469727,4.119999885559082,3.2100000381469727,3.569999933242798,70900,0.0,0.0
2025-02-27 00:00:00-05:00,3.4200000762939453,3.8399999141693115,3.4200000762939453,3.5,48400,0.0,0.0
2025-02-28 00:00:00-05:00,3.5,3.549999952316284,3.2300000190734863,3.440000057220459,72100,0.0,0.0
2025-03-03 00:00:00-05:00,3.3399999141693115,3.619999885559082,3.2699999809265137,3.509999990463257,56800,0.0,0.0
2025-03-04 00:00:00-05:00,3.309999942779541,3.559999942779541,3.25,3.4800000190734863,52700,0.0,0.0
2025-03-05 00:00:00-05:00,3.4000000953674316,3.569999933242798,3.369999885559082,3.430000066757202,5700,0.0,0.0
2025-03-06 00:00:00-05:00,3.380000114440918,3.6500000953674316,3.359999895095825,3.5799999237060547,19200,0.0,0.0
2025-03-07 00:00:00-05:00,3.5,3.5899999141693115,3.450000047683716,3.5199999809265137,9100,0.0,0.0
2025-03-10 00:00:00-04:00,3.5,3.5899999141693115,3.0,3.2100000381469727,41000,0.0,0.0
2025-03-11 00:00:00-04:00,3.130000114440918,3.4000000953674316,3.130000114440918,3.359999895095825,7200,0.0,0.0
2025-03-12 00:00:00-04:00,3.2799999713897705,3.299999952316284,3.2100000381469727,3.2200000286102295,11000,0.0,0.0
2025-03-13 00:00:00-04:00,3.2100000381469727,3.299999952316284,3.2100000381469727,3.2100000381469727,11500,0.0,0.0
2025-03-14 00:00:00-04:00,3.2799999713897705,3.299999952316284,3.180000066757202,3.180000066757202,18600,0.0,0.0
2025-03-17 00:00:00-04:00,3.180000066757202,3.3299999237060547,3.180000066757202,3.2699999809265137,7800,0.0,0.0
2025-03-18 00:00:00-04:00,3.2300000190734863,3.5,3.2300000190734863,3.2699999809265137,20600,0.0,0.0
2025-03-19 00:00:00-04:00,3.4000000953674316,3.4700000286102295,3.190000057220459,3.25,16500,0.0,0.0
2025-03-20 00:00:00-04:00,3.2699999809265137,3.4000000953674316,3.180000066757202,3.2100000381469727,18900,0.0,0.0
2025-03-21 00:00:00-04:00,3.2100000381469727,3.2200000286102295,3.200000047683716,3.200000047683716,2100,0.0,0.0
2025-03-24 00:00:00-04:00,3.200000047683716,3.2699999809265137,2.8450000286102295,3.009999990463257,88700,0.0,0.0
2025-03-25 00:00:00-04:00,2.819999933242798,2.819999933242798,2.509999990463257,2.75,42000,0.0,0.0
2025-03-26 00:00:00-04:00,2.7699999809265137,2.7929999828338623,2.6500000953674316,2.6500000953674316,34800,0.0,0.0
2025-03-27 00:00:00-04:00,2.6500000953674316,2.7300000190734863,2.609999895095825,2.700000047683716,9400,0.0,0.0
2025-03-28 00:00:00-04:00,2.73799991607666,2.73799991607666,2.619999885559082,2.619999885559082,6700,0.0,0.0
2025-03-31 00:00:00-04:00,2.619999885559082,2.619999885559082,2.619999885559082,2.619999885559082,1000,0.0,0.0
2025-04-01 00:00:00-04:00,2.681999921798706,2.681999921798706,2.609999895095825,2.609999895095825,8000,0.0,0.0
2025-04-02 00:00:00-04:00,2.619999885559082,2.640000104904175,2.5299999713897705,2.569999933242798,5200,0.0,0.0
2025-04-03 00:00:00-04:00,2.5299999713897705,2.5299999713897705,2.4800000190734863,2.4800000190734863,10400,0.0,0.0
2025-04-04 00:00:00-04:00,2.380000114440918,2.380000114440918,2.200000047683716,2.2100000381469727,7300,0.0,0.0
2025-04-07 00:00:00-04:00,2.056999921798706,2.130000114440918,1.809999942779541,2.0450000762939453,40800,0.0,0.0
2025-04-08 00:00:00-04:00,1.9980000257492065,2.0,1.75,1.7999999523162842,30100,0.0,0.0
2025-04-09 00:00:00-04:00,1.75,2.0989999771118164,1.75,2.0,10700,0.0,0.0
2025-04-10 00:00:00-04:00,1.9299999475479126,2.246000051498413,1.7999999523162842,1.8700000047683716,140500,0.0,0.0
2025-04-11 00:00:00-04:00,1.8300000429153442,1.8700000047683716,1.6100000143051147,1.7319999933242798,41500,0.0,0.0
2025-04-14 00:00:00-04:00,1.850000023841858,2.0,1.649999976158142,1.850000023841858,187400,0.0,0.0
2025-04-15 00:00:00-04:00,2.4000000953674316,2.5299999713897705,1.7000000476837158,1.899999976158142,97700,0.0,0.0
2025-04-16 00:00:00-04:00,1.8680000305175781,1.8799999952316284,1.7999999523162842,1.7999999523162842,10100,0.0,0.0
2025-04-17 00:00:00-04:00,1.8700000047683716,2.0799999237060547,1.690000057220459,1.7999999523162842,57500,0.0,0.0
2025-04-21 00:00:00-04:00,1.75,1.9559999704360962,1.649999976158142,1.8200000524520874,51500,0.0,0.0
2025-04-22 00:00:00-04:00,1.7599999904632568,1.8700000047683716,1.5,1.7000000476837158,116600,0.0,0.0
2025-04-23 00:00:00-04:00,1.7000000476837158,1.9800000190734863,1.559999942779541,1.7699999809265137,75900,0.0,0.0
2025-04-24 00:00:00-04:00,1.75,2.0799999237060547,1.6100000143051147,1.9500000476837158,155000,0.0,0.0
2025-04-25 00:00:00-04:00,1.809999942779541,2.2200000286102295,1.7899999618530273,1.8509999513626099,170400,0.0,0.0
