Date,Open,High,Low,Close,Volume,Dividends,Stock Splits
1981-03-17 00:00:00-05:00,0.0,5.509658649049956,4.6994147300720215,4.6994147300720215,667,0.0,0.0
1981-03-18 00:00:00-05:00,0.0,5.509659767150879,4.861464500427246,4.861464500427246,333,0.0,0.0
1981-03-19 00:00:00-05:00,4.861464500427246,4.861464500427246,4.861464500427246,4.861464500427246,0,0.0,0.0
1981-03-20 00:00:00-05:00,0.0,5.509658293290571,5.347609519958496,5.347609519958496,2667,0.0,0.0
1981-03-23 00:00:00-05:00,0.0,5.833756293019941,5.023512363433838,5.023512363433838,1333,0.0,0.0
1981-03-24 00:00:00-05:00,0.0,5.671708583831787,4.861464500427246,4.861464500427246,733,0.0,0.0
1981-03-25 00:00:00-05:00,0.0,5.509659767150879,4.861464500427246,4.861464500427246,1500,0.0,0.0
1981-03-26 00:00:00-05:00,4.861464500427246,4.861464500427246,4.861464500427246,4.861464500427246,0,0.0,0.0
1981-03-27 00:00:00-05:00,0.0,5.509659767150879,4.861464500427246,4.861464500427246,833,0.0,0.0
1981-03-30 00:00:00-05:00,4.861464500427246,4.861464500427246,4.861464500427246,4.861464500427246,0,0.0,0.0
1981-03-31 00:00:00-05:00,4.861464500427246,4.861464500427246,4.861464500427246,4.861464500427246,0,0.0,0.0
1981-04-01 00:00:00-05:00,4.861464500427246,4.861464500427246,4.861464500427246,4.861464500427246,0,0.0,0.0
1981-04-02 00:00:00-05:00,4.861464500427246,4.861464500427246,4.861464500427246,4.861464500427246,0,0.0,0.0
1981-04-03 00:00:00-05:00,4.861464500427246,4.861464500427246,4.861464500427246,4.861464500427246,0,0.0,0.0
1981-04-06 00:00:00-05:00,0.0,5.509659767150879,4.53736686706543,4.53736686706543,167,0.0,0.0
1981-04-07 00:00:00-05:00,4.53736686706543,4.53736686706543,4.53736686706543,4.53736686706543,0,0.0,0.0
1981-04-08 00:00:00-05:00,4.53736686706543,4.53736686706543,4.53736686706543,4.53736686706543,0,0.0,0.0
1981-04-09 00:00:00-05:00,4.53736686706543,4.53736686706543,4.53736686706543,4.53736686706543,0,0.0,0.0
1981-04-10 00:00:00-05:00,4.53736686706543,4.53736686706543,4.53736686706543,4.53736686706543,0,0.0,0.0
1981-04-13 00:00:00-05:00,4.53736686706543,4.53736686706543,4.53736686706543,4.53736686706543,0,0.0,0.0
1981-04-14 00:00:00-05:00,4.53736686706543,4.53736686706543,4.53736686706543,4.53736686706543,0,0.0,0.0
1981-04-15 00:00:00-05:00,4.53736686706543,4.53736686706543,4.53736686706543,4.53736686706543,0,0.0,0.0
1981-04-16 00:00:00-05:00,4.53736686706543,4.53736686706543,4.53736686706543,4.53736686706543,0,0.0,0.0
1981-04-20 00:00:00-05:00,4.53736686706543,4.53736686706543,4.53736686706543,4.53736686706543,0,0.0,0.0
1981-04-21 00:00:00-05:00,4.53736686706543,4.53736686706543,4.53736686706543,4.53736686706543,0,0.0,0.0
1981-04-22 00:00:00-05:00,4.53736686706543,4.53736686706543,4.53736686706543,4.53736686706543,0,0.0,0.0
1981-04-23 00:00:00-05:00,0.0,5.1855621337890625,4.53736686706543,4.53736686706543,533,0.0,0.0
1981-04-24 00:00:00-05:00,0.0,5.1855621337890625,4.53736686706543,4.53736686706543,500,0.0,0.0
1981-04-27 00:00:00-04:00,4.53736686706543,4.53736686706543,4.53736686706543,4.53736686706543,0,0.0,0.0
1981-04-28 00:00:00-04:00,0.0,5.1855621337890625,4.53736686706543,4.53736686706543,2667,0.0,0.0
1981-04-29 00:00:00-04:00,0.0,4.537365198135376,3.8891701698303223,3.8891701698303223,3133,0.0,0.0
1981-04-30 00:00:00-04:00,0.0,4.537365198135376,3.8891701698303223,3.8891701698303223,267,0.0,0.0
1981-05-01 00:00:00-04:00,3.8891701698303223,3.8891701698303223,3.8891701698303223,3.8891701698303223,0,0.0,0.0
1981-05-04 00:00:00-04:00,3.8891701698303223,3.8891701698303223,3.8891701698303223,3.8891701698303223,0,0.0,0.0
1981-05-05 00:00:00-04:00,0.0,4.537366563623602,3.5650737285614014,3.5650737285614014,333,0.0,0.0
1981-05-06 00:00:00-04:00,0.0,4.537365198135376,3.8891701698303223,3.8891701698303223,2667,0.0,0.0
1981-05-07 00:00:00-04:00,0.0,4.537365198135376,3.8891701698303223,3.8891701698303223,2333,0.0,0.0
1981-05-08 00:00:00-04:00,0.0,4.53736584003155,4.213268280029297,4.213268280029297,1000,0.0,0.0
1981-05-11 00:00:00-04:00,0.0,4.861463400033804,4.213268280029297,4.213268280029297,3067,0.0,0.0
1981-05-12 00:00:00-04:00,0.0,4.861463400033804,4.213268280029297,4.213268280029297,733,0.0,0.0
1981-05-13 00:00:00-04:00,0.0,6.1578539680032165,5.5096588134765625,5.5096588134765625,2433,0.0,0.0
1981-05-14 00:00:00-04:00,0.0,6.80604829788208,6.481950759887695,6.481950759887695,5933,0.0,0.0
1981-05-15 00:00:00-04:00,0.0,6.80604829788208,6.481950759887695,6.481950759887695,6567,0.0,0.0
1981-05-18 00:00:00-04:00,0.0,7.130145835876465,6.481950759887695,6.481950759887695,1933,0.0,0.0
1981-05-19 00:00:00-04:00,0.0,6.8060503005981445,6.157855033874512,6.157855033874512,5633,0.0,0.0
1981-05-20 00:00:00-04:00,0.0,6.481952667236328,6.157855033874512,6.157855033874512,1767,0.0,0.0
1981-05-21 00:00:00-04:00,0.0,6.157853523890178,5.833755970001221,5.833755970001221,4033,0.0,0.0
1981-05-22 00:00:00-04:00,0.0,6.157853523890178,5.833755970001221,5.833755970001221,2400,0.0,0.0
1981-05-26 00:00:00-04:00,0.0,6.1578539680032165,5.5096588134765625,5.5096588134765625,1167,0.0,0.0
1981-05-27 00:00:00-04:00,0.0,5.833755791187286,5.185560703277588,5.185560703277588,2500,0.0,0.0
1981-05-28 00:00:00-04:00,0.0,6.157853523890178,5.833755970001221,5.833755970001221,9300,0.0,0.0
1981-05-29 00:00:00-04:00,0.0,6.157853523890178,5.833755970001221,5.833755970001221,6100,0.0,0.0
1981-06-01 00:00:00-04:00,0.0,6.157853523890178,5.833755970001221,5.833755970001221,3033,0.0,0.0
1981-06-02 00:00:00-04:00,0.0,6.1578539680032165,5.5096588134765625,5.5096588134765625,800,0.0,0.0
1981-06-03 00:00:00-04:00,0.0,6.1578539680032165,5.5096588134765625,5.5096588134765625,167,0.0,0.0
1981-06-04 00:00:00-04:00,0.0,6.1578539680032165,5.5096588134765625,5.5096588134765625,867,0.0,0.0
1981-06-05 00:00:00-04:00,0.0,6.1578539680032165,5.5096588134765625,5.5096588134765625,1233,0.0,0.0
1981-06-08 00:00:00-04:00,0.0,5.8337563907398895,5.5096588134765625,5.5096588134765625,1667,0.0,0.0
1981-06-09 00:00:00-04:00,0.0,5.509659767150879,4.861464500427246,4.861464500427246,1900,0.0,0.0
1981-06-10 00:00:00-04:00,0.0,5.509659767150879,4.861464500427246,4.861464500427246,2000,0.0,0.0
1981-06-11 00:00:00-04:00,4.861464500427246,4.861464500427246,4.861464500427246,4.861464500427246,0,0.0,0.0
1981-06-12 00:00:00-04:00,4.861464500427246,4.861464500427246,4.861464500427246,4.861464500427246,0,0.0,0.0
1981-06-15 00:00:00-04:00,0.0,5.509659767150879,4.861464500427246,4.861464500427246,1167,0.0,0.0
1981-06-16 00:00:00-04:00,0.0,5.509659767150879,4.53736686706543,4.53736686706543,667,0.0,0.0
1981-06-17 00:00:00-04:00,0.0,5.1855621337890625,4.53736686706543,4.53736686706543,267,0.0,0.0
1981-06-18 00:00:00-04:00,0.0,5.1855621337890625,4.53736686706543,4.53736686706543,100,0.0,0.0
1981-06-19 00:00:00-04:00,0.0,5.1855621337890625,4.53736686706543,4.53736686706543,833,0.0,0.0
1981-06-22 00:00:00-04:00,4.53736686706543,4.53736686706543,4.53736686706543,4.53736686706543,0,0.0,0.0
1981-06-23 00:00:00-04:00,0.0,4.537365198135376,3.8891701698303223,3.8891701698303223,2633,0.0,0.0
1981-06-24 00:00:00-04:00,0.0,4.537365198135376,3.8891701698303223,3.8891701698303223,67,0.0,0.0
1981-06-25 00:00:00-04:00,0.0,4.537365198135376,3.8891701698303223,3.8891701698303223,333,0.0,0.0
1981-06-26 00:00:00-04:00,0.0,4.213268951936202,3.5650737285614014,3.5650737285614014,1000,0.0,0.0
1981-06-29 00:00:00-04:00,0.0,4.213268951936202,3.5650737285614014,3.5650737285614014,1167,0.0,0.0
1981-06-30 00:00:00-04:00,0.0,3.8891704559326175,3.2409753799438477,3.2409753799438477,567,0.0,0.0
1981-07-01 00:00:00-04:00,0.0,3.8891704559326175,3.2409753799438477,3.2409753799438477,33,0.0,0.0
1981-07-02 00:00:00-04:00,0.0,3.8891704559326175,3.2409753799438477,3.2409753799438477,467,0.0,0.0
1981-07-06 00:00:00-04:00,0.0,3.8891706466674805,2.9168779850006104,2.9168779850006104,300,0.0,0.0
1981-07-07 00:00:00-04:00,2.9168779850006104,2.9168779850006104,2.9168779850006104,2.9168779850006104,0,0.0,0.0
1981-07-08 00:00:00-04:00,2.9168779850006104,2.9168779850006104,2.9168779850006104,2.9168779850006104,0,0.0,0.0
1981-07-09 00:00:00-04:00,0.0,3.8891704559326175,3.2409753799438477,3.2409753799438477,400,0.0,0.0
1981-07-10 00:00:00-04:00,0.0,3.8891704559326175,3.2409753799438477,3.2409753799438477,500,0.0,0.0
1981-07-13 00:00:00-04:00,3.2409753799438477,3.2409753799438477,3.2409753799438477,3.2409753799438477,0,0.0,0.0
1981-07-14 00:00:00-04:00,3.2409753799438477,3.2409753799438477,3.2409753799438477,3.2409753799438477,0,0.0,0.0
1981-07-15 00:00:00-04:00,0.0,3.8891704559326175,3.2409753799438477,3.2409753799438477,967,0.0,0.0
1981-07-16 00:00:00-04:00,0.0,3.8891704559326175,3.2409753799438477,3.2409753799438477,1167,0.0,0.0
1981-07-17 00:00:00-04:00,3.2409753799438477,3.2409753799438477,3.2409753799438477,3.2409753799438477,0,0.0,0.0
1981-07-20 00:00:00-04:00,0.0,3.8891704559326175,3.2409753799438477,3.2409753799438477,300,0.0,0.0
1981-07-21 00:00:00-04:00,3.2409753799438477,3.2409753799438477,3.2409753799438477,3.2409753799438477,0,0.0,0.0
1981-07-22 00:00:00-04:00,0.0,3.2409754395484924,2.592780351638794,2.592780351638794,1100,0.0,0.0
1981-07-23 00:00:00-04:00,2.592780351638794,2.592780351638794,2.592780351638794,2.592780351638794,0,0.0,0.0
1981-07-24 00:00:00-04:00,0.0,3.2409755388895674,2.9168779850006104,2.9168779850006104,1000,0.0,0.0
1981-07-27 00:00:00-04:00,0.0,3.2409754395484924,2.592780351638794,2.592780351638794,500,0.0,0.0
1981-07-28 00:00:00-04:00,0.0,3.2409755388895674,2.9168779850006104,2.9168779850006104,4833,0.0,0.0
1981-07-29 00:00:00-04:00,0.0,3.2409754395484924,2.592780351638794,2.592780351638794,2033,0.0,0.0
1981-07-30 00:00:00-04:00,0.0,3.240976333618164,2.268683433532715,2.268683433532715,967,0.0,0.0
1981-07-31 00:00:00-04:00,0.0,3.240976333618164,2.268683433532715,2.268683433532715,667,0.0,0.0
1981-08-03 00:00:00-04:00,0.0,2.9168780400202823,2.1066341400146484,2.1066341400146484,2600,0.0,0.0
1981-08-04 00:00:00-04:00,0.0,2.9168780400202823,2.1066341400146484,2.1066341400146484,1700,0.0,0.0
1981-08-05 00:00:00-04:00,0.0,2.9168780400202823,2.1066341400146484,2.1066341400146484,2000,0.0,0.0
1981-08-06 00:00:00-04:00,0.0,2.9168787002563477,2.268683433532715,2.268683433532715,933,0.0,0.0
1981-08-07 00:00:00-04:00,0.0,2.9168787002563477,2.268683433532715,2.268683433532715,3167,0.0,0.0
1981-08-10 00:00:00-04:00,2.268683433532715,2.268683433532715,2.268683433532715,2.268683433532715,0,0.0,0.0
1981-08-11 00:00:00-04:00,0.0,2.9168787002563477,2.268683433532715,2.268683433532715,1000,0.0,0.0
1981-08-12 00:00:00-04:00,0.0,3.078927516937256,2.268683433532715,2.268683433532715,767,0.0,0.0
1981-08-13 00:00:00-04:00,0.0,3.078927516937256,2.268683433532715,2.268683433532715,433,0.0,0.0
1981-08-14 00:00:00-04:00,0.0,3.2409754395484924,2.592780351638794,2.592780351638794,667,0.0,0.0
1981-08-17 00:00:00-04:00,2.592780351638794,2.592780351638794,2.592780351638794,2.592780351638794,0,0.0,0.0
1981-08-18 00:00:00-04:00,0.0,3.240975772633272,2.7548294067382812,2.7548294067382812,333,0.0,0.0
1981-08-19 00:00:00-04:00,0.0,3.4030245612649357,2.7548294067382812,2.7548294067382812,1500,0.0,0.0
1981-08-20 00:00:00-04:00,0.0,3.4030245612649357,2.7548294067382812,2.7548294067382812,700,0.0,0.0
1981-08-21 00:00:00-04:00,0.0,3.565073092778524,2.9168779850006104,2.9168779850006104,600,0.0,0.0
1981-08-24 00:00:00-04:00,2.9168779850006104,2.9168779850006104,2.9168779850006104,2.9168779850006104,0,0.0,0.0
1981-08-25 00:00:00-04:00,2.9168779850006104,2.9168779850006104,2.9168779850006104,2.9168779850006104,0,0.0,0.0
1981-08-26 00:00:00-04:00,2.9168779850006104,2.9168779850006104,2.9168779850006104,2.9168779850006104,0,0.0,0.0
1981-08-27 00:00:00-04:00,0.0,2.9168787002563477,2.430732250213623,2.430732250213623,67,0.0,0.0
1981-08-28 00:00:00-04:00,2.430732250213623,2.430732250213623,2.430732250213623,2.430732250213623,0,0.0,0.0
1981-08-31 00:00:00-04:00,2.430732250213623,2.430732250213623,2.430732250213623,2.430732250213623,0,0.0,0.0
1981-09-01 00:00:00-04:00,2.430732250213623,2.430732250213623,2.430732250213623,2.430732250213623,0,0.0,0.0
1981-09-02 00:00:00-04:00,0.0,2.9168787002563477,2.268683433532715,2.268683433532715,167,0.0,0.0
1981-09-03 00:00:00-04:00,2.268683433532715,2.268683433532715,2.268683433532715,2.268683433532715,0,0.0,0.0
1981-09-04 00:00:00-04:00,0.0,2.9168787002563477,2.268683433532715,2.268683433532715,167,0.0,0.0
1981-09-08 00:00:00-04:00,0.0,2.9168787002563477,2.268683433532715,2.268683433532715,333,0.0,0.0
1981-09-09 00:00:00-04:00,0.0,2.9168787002563477,2.268683433532715,2.268683433532715,333,0.0,0.0
1981-09-10 00:00:00-04:00,0.0,2.9168787002563477,2.268683433532715,2.268683433532715,100,0.0,0.0
1981-09-11 00:00:00-04:00,0.0,2.9168787002563477,2.268683433532715,2.268683433532715,67,0.0,0.0
1981-09-14 00:00:00-04:00,0.0,2.5927810668945312,2.268683433532715,2.268683433532715,2933,0.0,0.0
1981-09-15 00:00:00-04:00,0.0,2.4307313561439514,1.9445850849151611,1.9445850849151611,1000,0.0,0.0
1981-09-16 00:00:00-04:00,0.0,1.9445852279663087,1.6204876899719238,1.6204876899719238,4000,0.0,0.0
1981-09-17 00:00:00-04:00,0.0,2.268683281811801,1.7825368642807007,1.7825368642807007,2667,0.0,0.0
1981-09-18 00:00:00-04:00,0.0,1.9445852279663087,1.6204876899719238,1.6204876899719238,1667,0.0,0.0
1981-09-21 00:00:00-04:00,1.6204876899719238,1.6204876899719238,1.6204876899719238,1.6204876899719238,0,0.0,0.0
1981-09-22 00:00:00-04:00,0.0,1.9445852637290955,1.296390175819397,1.296390175819397,167,0.0,0.0
1981-09-23 00:00:00-04:00,1.296390175819397,1.296390175819397,1.296390175819397,1.296390175819397,0,0.0,0.0
1981-09-24 00:00:00-04:00,1.296390175819397,1.296390175819397,1.296390175819397,1.296390175819397,0,0.0,0.0
1981-09-25 00:00:00-04:00,0.0,1.7825364917516708,1.296390175819397,1.296390175819397,333,0.0,0.0
1981-09-28 00:00:00-04:00,1.296390175819397,1.296390175819397,1.296390175819397,1.296390175819397,0,0.0,0.0
1981-09-29 00:00:00-04:00,1.296390175819397,1.296390175819397,1.296390175819397,1.296390175819397,0,0.0,0.0
1981-09-30 00:00:00-04:00,1.296390175819397,1.296390175819397,1.296390175819397,1.296390175819397,0,0.0,0.0
1981-10-01 00:00:00-04:00,0.0,1.620488166809082,1.1343417167663574,1.1343417167663574,333,0.0,0.0
1981-10-02 00:00:00-04:00,0.0,1.7825364917516708,1.296390175819397,1.296390175819397,1333,0.0,0.0
1981-10-05 00:00:00-04:00,0.0,1.7825364917516708,1.296390175819397,1.296390175819397,867,0.0,0.0
1981-10-06 00:00:00-04:00,0.0,1.9445853233337402,1.4584389925003052,1.4584389925003052,433,0.0,0.0
1981-10-07 00:00:00-04:00,0.0,2.4307313561439514,1.9445850849151611,1.9445850849151611,667,0.0,0.0
1981-10-08 00:00:00-04:00,0.0,2.9168787002563477,2.430732250213623,2.430732250213623,2000,0.0,0.0
1981-10-09 00:00:00-04:00,0.0,2.9168787002563477,2.268683433532715,2.268683433532715,400,0.0,0.0
1981-10-12 00:00:00-04:00,0.0,2.916877895593643,2.592780351638794,2.592780351638794,1100,0.0,0.0
1981-10-13 00:00:00-04:00,0.0,2.916877895593643,2.592780351638794,2.592780351638794,1000,0.0,0.0
1981-10-14 00:00:00-04:00,0.0,2.7548291236162186,2.592780351638794,2.592780351638794,767,0.0,0.0
1981-10-15 00:00:00-04:00,0.0,2.7548291236162186,2.592780351638794,2.592780351638794,167,0.0,0.0
1981-10-16 00:00:00-04:00,0.0,2.7548298835754395,2.430732250213623,2.430732250213623,1833,0.0,0.0
1981-10-19 00:00:00-04:00,0.0,2.7548298835754395,2.430732250213623,2.430732250213623,167,0.0,0.0
1981-10-20 00:00:00-04:00,0.0,2.5927810668945312,2.430732250213623,2.430732250213623,1500,0.0,0.0
1981-10-21 00:00:00-04:00,0.0,2.5927804800180287,2.1066341400146484,2.1066341400146484,667,0.0,0.0
1981-10-22 00:00:00-04:00,0.0,2.2686827659606936,1.6204876899719238,1.6204876899719238,1167,0.0,0.0
1981-10-23 00:00:00-04:00,0.0,2.268682599067688,1.9445850849151611,1.9445850849151611,733,0.0,0.0
1981-10-26 00:00:00-05:00,1.9445850849151611,1.9445850849151611,1.9445850849151611,1.9445850849151611,0,0.0,0.0
1981-10-27 00:00:00-05:00,1.9445850849151611,1.9445850849151611,1.9445850849151611,1.9445850849151611,0,0.0,0.0
1981-10-28 00:00:00-05:00,1.9445850849151611,1.9445850849151611,1.9445850849151611,1.9445850849151611,0,0.0,0.0
1981-10-29 00:00:00-05:00,1.9445850849151611,1.9445850849151611,1.9445850849151611,1.9445850849151611,0,0.0,0.0
1981-10-30 00:00:00-05:00,0.0,2.106634475968101,1.7825368642807007,1.7825368642807007,3733,0.0,0.0
1981-11-02 00:00:00-05:00,0.0,2.106634475968101,1.7825368642807007,1.7825368642807007,400,0.0,0.0
1981-11-03 00:00:00-05:00,0.0,2.1066338419914246,1.9445850849151611,1.9445850849151611,533,0.0,0.0
1981-11-04 00:00:00-05:00,0.0,2.1066338419914246,1.9445850849151611,1.9445850849151611,333,0.0,0.0
1981-11-05 00:00:00-05:00,0.0,2.1066338419914246,1.9445850849151611,1.9445850849151611,1233,0.0,0.0
1981-11-06 00:00:00-05:00,0.0,2.268682920015775,2.1066341400146484,2.1066341400146484,867,0.0,0.0
1981-11-09 00:00:00-05:00,0.0,2.430731700016902,2.1066341400146484,2.1066341400146484,667,0.0,0.0
1981-11-10 00:00:00-05:00,2.1066341400146484,2.1066341400146484,2.1066341400146484,2.1066341400146484,0,0.0,0.0
1981-11-11 00:00:00-05:00,0.0,2.430731700016902,2.1066341400146484,2.1066341400146484,3333,0.0,0.0
1981-11-12 00:00:00-05:00,0.0,2.5927810668945312,2.268683433532715,2.268683433532715,333,0.0,0.0
1981-11-13 00:00:00-05:00,0.0,2.5927810668945312,2.268683433532715,2.268683433532715,333,0.0,0.0
1981-11-16 00:00:00-05:00,0.0,2.5927804800180287,2.1066341400146484,2.1066341400146484,1000,0.0,0.0
1981-11-17 00:00:00-05:00,0.0,2.430731700016902,2.1066341400146484,2.1066341400146484,767,0.0,0.0
1981-11-18 00:00:00-05:00,0.0,2.268682920015775,2.1066341400146484,2.1066341400146484,1000,0.0,0.0
1981-11-19 00:00:00-05:00,0.0,2.268682920015775,2.1066341400146484,2.1066341400146484,67,0.0,0.0
1981-11-20 00:00:00-05:00,2.1066341400146484,2.1066341400146484,2.1066341400146484,2.1066341400146484,0,0.0,0.0
1981-11-23 00:00:00-05:00,0.0,2.268682920015775,2.1066341400146484,2.1066341400146484,4500,0.0,0.0
1981-11-24 00:00:00-05:00,0.0,2.268682599067688,1.9445850849151611,1.9445850849151611,433,0.0,0.0
1981-11-25 00:00:00-05:00,0.0,2.268682599067688,1.9445850849151611,1.9445850849151611,67,0.0,0.0
1981-11-27 00:00:00-05:00,1.9445850849151611,1.9445850849151611,1.9445850849151611,1.9445850849151611,0,0.0,0.0
1981-11-30 00:00:00-05:00,0.0,2.268683281811801,1.7825368642807007,1.7825368642807007,133,0.0,0.0
1981-12-01 00:00:00-05:00,0.0,2.268683281811801,1.7825368642807007,1.7825368642807007,833,0.0,0.0
1981-12-02 00:00:00-05:00,0.0,1.9445852279663087,1.6204876899719238,1.6204876899719238,1167,0.0,0.0
1981-12-03 00:00:00-05:00,0.0,1.9445853233337402,1.4584389925003052,1.4584389925003052,1933,0.0,0.0
1981-12-04 00:00:00-05:00,0.0,1.9445853233337402,1.4584389925003052,1.4584389925003052,1000,0.0,0.0
1981-12-07 00:00:00-05:00,1.4584389925003052,1.4584389925003052,1.4584389925003052,1.4584389925003052,0,0.0,0.0
1981-12-08 00:00:00-05:00,0.0,1.9445853233337402,1.4584389925003052,1.4584389925003052,667,0.0,0.0
1981-12-09 00:00:00-05:00,0.0,1.6204877197742462,1.296390175819397,1.296390175819397,333,0.0,0.0
1981-12-10 00:00:00-05:00,0.0,1.6204877197742462,1.296390175819397,1.296390175819397,367,0.0,0.0
1981-12-11 00:00:00-05:00,0.0,1.6204877197742462,1.296390175819397,1.296390175819397,667,0.0,0.0
1981-12-14 00:00:00-05:00,0.0,1.6204877197742462,1.296390175819397,1.296390175819397,333,0.0,0.0
1981-12-15 00:00:00-05:00,0.0,1.6204877197742462,1.296390175819397,1.296390175819397,933,0.0,0.0
1981-12-16 00:00:00-05:00,0.0,1.6204877197742462,1.296390175819397,1.296390175819397,667,0.0,0.0
1981-12-17 00:00:00-05:00,0.0,1.6204877197742462,1.296390175819397,1.296390175819397,333,0.0,0.0
1981-12-18 00:00:00-05:00,0.0,1.9445853233337402,1.4584389925003052,1.4584389925003052,1167,0.0,0.0
1981-12-21 00:00:00-05:00,0.0,2.106634475968101,1.7825368642807007,1.7825368642807007,5267,0.0,0.0
1981-12-22 00:00:00-05:00,0.0,2.4307313561439514,1.9445850849151611,1.9445850849151611,2033,0.0,0.0
1981-12-23 00:00:00-05:00,0.0,2.4307313561439514,1.9445850849151611,1.9445850849151611,667,0.0,0.0
1981-12-24 00:00:00-05:00,0.0,2.5927804800180287,2.1066341400146484,2.1066341400146484,1000,0.0,0.0
1981-12-28 00:00:00-05:00,2.1066341400146484,2.1066341400146484,2.1066341400146484,2.1066341400146484,0,0.0,0.0
1981-12-29 00:00:00-05:00,0.0,2.5927810668945312,2.268683433532715,2.268683433532715,667,0.0,0.0
1981-12-30 00:00:00-05:00,0.0,2.7548298835754395,2.430732250213623,2.430732250213623,2500,0.0,0.0
1981-12-31 00:00:00-05:00,0.0,2.7548291236162186,2.592780351638794,2.592780351638794,1000,0.0,0.0
1982-01-04 00:00:00-05:00,0.0,2.916877895593643,2.592780351638794,2.592780351638794,1833,0.0,0.0
1982-01-05 00:00:00-05:00,2.592780351638794,2.592780351638794,2.592780351638794,2.592780351638794,0,0.0,0.0
1982-01-06 00:00:00-05:00,0.0,2.7548298835754395,2.430732250213623,2.430732250213623,333,0.0,0.0
1982-01-07 00:00:00-05:00,0.0,2.7548298835754395,2.430732250213623,2.430732250213623,1000,0.0,0.0
1982-01-08 00:00:00-05:00,0.0,2.7548298835754395,2.430732250213623,2.430732250213623,333,0.0,0.0
1982-01-11 00:00:00-05:00,0.0,2.7548298835754395,2.430732250213623,2.430732250213623,333,0.0,0.0
1982-01-12 00:00:00-05:00,2.430732250213623,2.430732250213623,2.430732250213623,2.430732250213623,0,0.0,0.0
1982-01-13 00:00:00-05:00,0.0,2.5927810668945312,2.430732250213623,2.430732250213623,33,0.0,0.0
1982-01-14 00:00:00-05:00,0.0,2.7548298835754395,2.430732250213623,2.430732250213623,2900,0.0,0.0
1982-01-15 00:00:00-05:00,0.0,2.7548298835754395,2.430732250213623,2.430732250213623,167,0.0,0.0
1982-01-18 00:00:00-05:00,0.0,2.7548298835754395,2.430732250213623,2.430732250213623,333,0.0,0.0
1982-01-19 00:00:00-05:00,0.0,2.5927810668945312,2.430732250213623,2.430732250213623,1833,0.0,0.0
1982-01-20 00:00:00-05:00,0.0,2.5927810668945312,2.430732250213623,2.430732250213623,1500,0.0,0.0
1982-01-21 00:00:00-05:00,0.0,2.5927810668945312,2.268683433532715,2.268683433532715,1267,0.0,0.0
1982-01-22 00:00:00-05:00,0.0,2.5927810668945312,2.268683433532715,2.268683433532715,33,0.0,0.0
1982-01-25 00:00:00-05:00,0.0,2.5927810668945312,2.268683433532715,2.268683433532715,3333,0.0,0.0
1982-01-26 00:00:00-05:00,0.0,2.5927810668945312,2.430732250213623,2.430732250213623,1467,0.0,0.0
1982-01-27 00:00:00-05:00,0.0,2.5927810668945312,2.430732250213623,2.430732250213623,667,0.0,0.0
1982-01-28 00:00:00-05:00,0.0,2.5927810668945312,2.430732250213623,2.430732250213623,833,0.0,0.0
1982-01-29 00:00:00-05:00,2.430732250213623,2.430732250213623,2.430732250213623,2.430732250213623,0,0.0,0.0
1982-02-01 00:00:00-05:00,0.0,2.5927810668945312,2.430732250213623,2.430732250213623,1333,0.0,0.0
1982-02-02 00:00:00-05:00,2.430732250213623,2.430732250213623,2.430732250213623,2.430732250213623,0,0.0,0.0
1982-02-03 00:00:00-05:00,2.430732250213623,2.430732250213623,2.430732250213623,2.430732250213623,0,0.0,0.0
1982-02-04 00:00:00-05:00,2.430732250213623,2.430732250213623,2.430732250213623,2.430732250213623,0,0.0,0.0
1982-02-05 00:00:00-05:00,2.430732250213623,2.430732250213623,2.430732250213623,2.430732250213623,0,0.0,0.0
1982-02-08 00:00:00-05:00,0.0,2.5927810668945312,2.268683433532715,2.268683433532715,667,0.0,0.0
1982-02-09 00:00:00-05:00,2.268683433532715,2.268683433532715,2.268683433532715,2.268683433532715,0,0.0,0.0
1982-02-10 00:00:00-05:00,0.0,2.430732250213623,2.268683433532715,2.268683433532715,1333,0.0,0.0
1982-02-11 00:00:00-05:00,2.268683433532715,2.268683433532715,2.268683433532715,2.268683433532715,0,0.0,0.0
1982-02-12 00:00:00-05:00,0.0,2.430732250213623,2.268683433532715,2.268683433532715,667,0.0,0.0
1982-02-16 00:00:00-05:00,0.0,2.4307313561439514,1.9445850849151611,1.9445850849151611,1000,0.0,0.0
1982-02-17 00:00:00-05:00,1.9445850849151611,1.9445850849151611,1.9445850849151611,1.9445850849151611,0,0.0,0.0
1982-02-18 00:00:00-05:00,1.9445850849151611,1.9445850849151611,1.9445850849151611,1.9445850849151611,0,0.0,0.0
1982-02-19 00:00:00-05:00,1.9445850849151611,1.9445850849151611,1.9445850849151611,1.9445850849151611,0,0.0,0.0
1982-02-22 00:00:00-05:00,1.9445850849151611,1.9445850849151611,1.9445850849151611,1.9445850849151611,0,0.0,0.0
1982-02-23 00:00:00-05:00,1.9445850849151611,1.9445850849151611,1.9445850849151611,1.9445850849151611,0,0.0,0.0
1982-02-24 00:00:00-05:00,1.9445850849151611,1.9445850849151611,1.9445850849151611,1.9445850849151611,0,0.0,0.0
1982-02-25 00:00:00-05:00,0.0,2.268682599067688,1.9445850849151611,1.9445850849151611,667,0.0,0.0
1982-02-26 00:00:00-05:00,0.0,2.268682599067688,1.9445850849151611,1.9445850849151611,1000,0.0,0.0
1982-03-01 00:00:00-05:00,0.0,2.268682599067688,1.9445850849151611,1.9445850849151611,833,0.0,0.0
1982-03-02 00:00:00-05:00,1.9445850849151611,1.9445850849151611,1.9445850849151611,1.9445850849151611,0,0.0,0.0
1982-03-03 00:00:00-05:00,0.0,2.268682599067688,1.9445850849151611,1.9445850849151611,833,0.0,0.0
1982-03-04 00:00:00-05:00,1.9445850849151611,1.9445850849151611,1.9445850849151611,1.9445850849151611,0,0.0,0.0
1982-03-05 00:00:00-05:00,1.9445850849151611,1.9445850849151611,1.9445850849151611,1.9445850849151611,0,0.0,0.0
1982-03-08 00:00:00-05:00,1.9445850849151611,1.9445850849151611,1.9445850849151611,1.9445850849151611,0,0.0,0.0
1982-03-09 00:00:00-05:00,1.9445850849151611,1.9445850849151611,1.9445850849151611,1.9445850849151611,0,0.0,0.0
1982-03-10 00:00:00-05:00,1.9445850849151611,1.9445850849151611,1.9445850849151611,1.9445850849151611,0,0.0,0.0
1982-03-11 00:00:00-05:00,1.9445850849151611,1.9445850849151611,1.9445850849151611,1.9445850849151611,0,0.0,0.0
1982-03-12 00:00:00-05:00,0.0,2.268683281811801,1.7825368642807007,1.7825368642807007,333,0.0,0.0
1982-03-15 00:00:00-05:00,0.0,2.2686827659606936,1.6204876899719238,1.6204876899719238,1000,0.0,0.0
1982-03-16 00:00:00-05:00,0.0,2.2686827659606936,1.6204876899719238,1.6204876899719238,500,0.0,0.0
1982-03-17 00:00:00-05:00,1.6204876899719238,1.6204876899719238,1.6204876899719238,1.6204876899719238,0,0.0,0.0
1982-03-18 00:00:00-05:00,1.6204876899719238,1.6204876899719238,1.6204876899719238,1.6204876899719238,0,0.0,0.0
1982-03-19 00:00:00-05:00,0.0,2.268683281811801,1.7825368642807007,1.7825368642807007,100,0.0,0.0
1982-03-22 00:00:00-05:00,1.7825368642807007,1.7825368642807007,1.7825368642807007,1.7825368642807007,0,0.0,0.0
1982-03-23 00:00:00-05:00,0.0,2.592780113220215,1.9445850849151611,1.9445850849151611,833,0.0,0.0
1982-03-24 00:00:00-05:00,1.9445850849151611,1.9445850849151611,1.9445850849151611,1.9445850849151611,0,0.0,0.0
1982-03-25 00:00:00-05:00,0.0,2.5927810668945312,2.268683433532715,2.268683433532715,333,0.0,0.0
1982-03-26 00:00:00-05:00,0.0,2.5927810668945312,2.268683433532715,2.268683433532715,167,0.0,0.0
1982-03-29 00:00:00-05:00,2.268683433532715,2.268683433532715,2.268683433532715,2.268683433532715,0,0.0,0.0
1982-03-30 00:00:00-05:00,0.0,2.5927804800180287,2.1066341400146484,2.1066341400146484,133,0.0,0.0
1982-03-31 00:00:00-05:00,2.1066341400146484,2.1066341400146484,2.1066341400146484,2.1066341400146484,0,0.0,0.0
1982-04-01 00:00:00-05:00,2.1066341400146484,2.1066341400146484,2.1066341400146484,2.1066341400146484,0,0.0,0.0
1982-04-02 00:00:00-05:00,0.0,2.4307313561439514,1.9445850849151611,1.9445850849151611,667,0.0,0.0
1982-04-05 00:00:00-05:00,0.0,2.430731700016902,2.1066341400146484,2.1066341400146484,667,0.0,0.0
1982-04-06 00:00:00-05:00,0.0,2.430731700016902,2.1066341400146484,2.1066341400146484,1000,0.0,0.0
1982-04-07 00:00:00-05:00,2.1066341400146484,2.1066341400146484,2.1066341400146484,2.1066341400146484,0,0.0,0.0
1982-04-08 00:00:00-05:00,2.1066341400146484,2.1066341400146484,2.1066341400146484,2.1066341400146484,0,0.0,0.0
1982-04-12 00:00:00-05:00,2.1066341400146484,2.1066341400146484,2.1066341400146484,2.1066341400146484,0,0.0,0.0
1982-04-13 00:00:00-05:00,0.0,2.7548298835754395,2.268683433532715,2.268683433532715,667,0.0,0.0
1982-04-14 00:00:00-05:00,0.0,2.9168787002563477,2.268683433532715,2.268683433532715,1333,0.0,0.0
1982-04-15 00:00:00-05:00,0.0,2.9168787002563477,2.430732250213623,2.430732250213623,767,0.0,0.0
1982-04-16 00:00:00-05:00,0.0,2.916877895593643,2.592780351638794,2.592780351638794,200,0.0,0.0
1982-04-19 00:00:00-05:00,2.592780351638794,2.592780351638794,2.592780351638794,2.592780351638794,0,0.0,0.0
1982-04-20 00:00:00-05:00,0.0,3.240975772633272,2.7548294067382812,2.7548294067382812,1000,0.0,0.0
1982-04-21 00:00:00-05:00,0.0,3.2409755388895674,2.9168779850006104,2.9168779850006104,833,0.0,0.0
1982-04-22 00:00:00-05:00,2.9168779850006104,2.9168779850006104,2.9168779850006104,2.9168779850006104,0,0.0,0.0
1982-04-23 00:00:00-05:00,2.9168779850006104,2.9168779850006104,2.9168779850006104,2.9168779850006104,0,0.0,0.0
1982-04-26 00:00:00-04:00,0.0,3.240975772633272,2.7548294067382812,2.7548294067382812,333,0.0,0.0
1982-04-27 00:00:00-04:00,0.0,3.240975772633272,2.7548294067382812,2.7548294067382812,667,0.0,0.0
1982-04-28 00:00:00-04:00,0.0,3.4030243158340454,2.9168779850006104,2.9168779850006104,833,0.0,0.0
1982-04-29 00:00:00-04:00,0.0,3.4030245612649357,2.7548294067382812,2.7548294067382812,333,0.0,0.0
1982-04-30 00:00:00-04:00,2.7548294067382812,2.7548294067382812,2.7548294067382812,2.7548294067382812,0,0.0,0.0
1982-05-03 00:00:00-04:00,2.7548294067382812,2.7548294067382812,2.7548294067382812,2.7548294067382812,0,0.0,0.0
1982-05-04 00:00:00-04:00,0.0,3.4030245612649357,2.7548294067382812,2.7548294067382812,667,0.0,0.0
1982-05-05 00:00:00-04:00,0.0,3.4030245612649357,2.7548294067382812,2.7548294067382812,433,0.0,0.0
1982-05-06 00:00:00-04:00,2.7548294067382812,2.7548294067382812,2.7548294067382812,2.7548294067382812,0,0.0,0.0
1982-05-07 00:00:00-04:00,2.7548294067382812,2.7548294067382812,2.7548294067382812,2.7548294067382812,0,0.0,0.0
1982-05-10 00:00:00-04:00,0.0,3.4030245612649357,2.7548294067382812,2.7548294067382812,500,0.0,0.0
1982-05-11 00:00:00-04:00,2.7548294067382812,2.7548294067382812,2.7548294067382812,2.7548294067382812,0,0.0,0.0
1982-05-12 00:00:00-04:00,0.0,3.240975772633272,2.7548294067382812,2.7548294067382812,667,0.0,0.0
1982-05-13 00:00:00-04:00,2.7548294067382812,2.7548294067382812,2.7548294067382812,2.7548294067382812,0,0.0,0.0
1982-05-14 00:00:00-04:00,2.7548294067382812,2.7548294067382812,2.7548294067382812,2.7548294067382812,0,0.0,0.0
1982-05-17 00:00:00-04:00,0.0,3.240975772633272,2.7548294067382812,2.7548294067382812,333,0.0,0.0
1982-05-18 00:00:00-04:00,2.7548294067382812,2.7548294067382812,2.7548294067382812,2.7548294067382812,0,0.0,0.0
1982-05-19 00:00:00-04:00,0.0,3.240975772633272,2.7548294067382812,2.7548294067382812,67,0.0,0.0
1982-05-20 00:00:00-04:00,2.7548294067382812,2.7548294067382812,2.7548294067382812,2.7548294067382812,0,0.0,0.0
1982-05-21 00:00:00-04:00,0.0,3.0789269840016082,2.7548294067382812,2.7548294067382812,333,0.0,0.0
1982-05-24 00:00:00-04:00,0.0,2.9168781953699447,2.7548294067382812,2.7548294067382812,333,0.0,0.0
1982-05-25 00:00:00-04:00,0.0,2.916877895593643,2.592780351638794,2.592780351638794,333,0.0,0.0
1982-05-26 00:00:00-04:00,0.0,2.9168787002563477,2.430732250213623,2.430732250213623,667,0.0,0.0
1982-05-27 00:00:00-04:00,0.0,2.7548298835754395,2.268683433532715,2.268683433532715,1000,0.0,0.0
1982-05-28 00:00:00-04:00,2.268683433532715,2.268683433532715,2.268683433532715,2.268683433532715,0,0.0,0.0
1982-06-01 00:00:00-04:00,2.268683433532715,2.268683433532715,2.268683433532715,2.268683433532715,0,0.0,0.0
1982-06-02 00:00:00-04:00,2.268683433532715,2.268683433532715,2.268683433532715,2.268683433532715,0,0.0,0.0
1982-06-03 00:00:00-04:00,2.268683433532715,2.268683433532715,2.268683433532715,2.268683433532715,0,0.0,0.0
1982-06-04 00:00:00-04:00,2.268683433532715,2.268683433532715,2.268683433532715,2.268683433532715,0,0.0,0.0
1982-06-07 00:00:00-04:00,2.268683433532715,2.268683433532715,2.268683433532715,2.268683433532715,0,0.0,0.0
1982-06-08 00:00:00-04:00,2.268683433532715,2.268683433532715,2.268683433532715,2.268683433532715,0,0.0,0.0
1982-06-09 00:00:00-04:00,2.268683433532715,2.268683433532715,2.268683433532715,2.268683433532715,0,0.0,0.0
1982-06-10 00:00:00-04:00,0.0,2.5927810668945312,2.268683433532715,2.268683433532715,333,0.0,0.0
1982-06-11 00:00:00-04:00,2.268683433532715,2.268683433532715,2.268683433532715,2.268683433532715,0,0.0,0.0
1982-06-14 00:00:00-04:00,2.268683433532715,2.268683433532715,2.268683433532715,2.268683433532715,0,0.0,0.0
1982-06-15 00:00:00-04:00,2.268683433532715,2.268683433532715,2.268683433532715,2.268683433532715,0,0.0,0.0
1982-06-16 00:00:00-04:00,2.268683433532715,2.268683433532715,2.268683433532715,2.268683433532715,0,0.0,0.0
1982-06-17 00:00:00-04:00,2.268683433532715,2.268683433532715,2.268683433532715,2.268683433532715,0,0.0,0.0
1982-06-18 00:00:00-04:00,2.268683433532715,2.268683433532715,2.268683433532715,2.268683433532715,0,0.0,0.0
1982-06-21 00:00:00-04:00,2.268683433532715,2.268683433532715,2.268683433532715,2.268683433532715,0,0.0,0.0
1982-06-22 00:00:00-04:00,2.268683433532715,2.268683433532715,2.268683433532715,2.268683433532715,0,0.0,0.0
1982-06-23 00:00:00-04:00,2.268683433532715,2.268683433532715,2.268683433532715,2.268683433532715,0,0.0,0.0
1982-06-24 00:00:00-04:00,2.268683433532715,2.268683433532715,2.268683433532715,2.268683433532715,0,0.0,0.0
1982-06-25 00:00:00-04:00,2.268683433532715,2.268683433532715,2.268683433532715,2.268683433532715,0,0.0,0.0
1982-06-28 00:00:00-04:00,0.0,2.4307313561439514,1.9445850849151611,1.9445850849151611,100,0.0,0.0
1982-06-29 00:00:00-04:00,1.9445850849151611,1.9445850849151611,1.9445850849151611,1.9445850849151611,0,0.0,0.0
1982-06-30 00:00:00-04:00,1.9445850849151611,1.9445850849151611,1.9445850849151611,1.9445850849151611,0,0.0,0.0
1982-07-01 00:00:00-04:00,1.9445850849151611,1.9445850849151611,1.9445850849151611,1.9445850849151611,0,0.0,0.0
1982-07-02 00:00:00-04:00,1.9445850849151611,1.9445850849151611,1.9445850849151611,1.9445850849151611,0,0.0,0.0
1982-07-06 00:00:00-04:00,1.9445850849151611,1.9445850849151611,1.9445850849151611,1.9445850849151611,0,0.0,0.0
1982-07-07 00:00:00-04:00,1.9445850849151611,1.9445850849151611,1.9445850849151611,1.9445850849151611,0,0.0,0.0
1982-07-08 00:00:00-04:00,1.9445850849151611,1.9445850849151611,1.9445850849151611,1.9445850849151611,0,0.0,0.0
1982-07-09 00:00:00-04:00,1.9445850849151611,1.9445850849151611,1.9445850849151611,1.9445850849151611,0,0.0,0.0
1982-07-12 00:00:00-04:00,0.0,2.4307313561439514,1.9445850849151611,1.9445850849151611,333,0.0,0.0
1982-07-13 00:00:00-04:00,1.9445850849151611,1.9445850849151611,1.9445850849151611,1.9445850849151611,0,0.0,0.0
1982-07-14 00:00:00-04:00,0.0,2.268683281811801,1.7825368642807007,1.7825368642807007,600,0.0,0.0
1982-07-15 00:00:00-04:00,1.7825368642807007,1.7825368642807007,1.7825368642807007,1.7825368642807007,0,0.0,0.0
1982-07-16 00:00:00-04:00,1.7825368642807007,1.7825368642807007,1.7825368642807007,1.7825368642807007,0,0.0,0.0
1982-07-19 00:00:00-04:00,0.0,2.268683281811801,1.7825368642807007,1.7825368642807007,667,0.0,0.0
1982-07-20 00:00:00-04:00,1.7825368642807007,1.7825368642807007,1.7825368642807007,1.7825368642807007,0,0.0,0.0
1982-07-21 00:00:00-04:00,1.7825368642807007,1.7825368642807007,1.7825368642807007,1.7825368642807007,0,0.0,0.0
1982-07-22 00:00:00-04:00,1.7825368642807007,1.7825368642807007,1.7825368642807007,1.7825368642807007,0,0.0,0.0
1982-07-23 00:00:00-04:00,1.7825368642807007,1.7825368642807007,1.7825368642807007,1.7825368642807007,0,0.0,0.0
1982-07-26 00:00:00-04:00,1.7825368642807007,1.7825368642807007,1.7825368642807007,1.7825368642807007,0,0.0,0.0
1982-07-27 00:00:00-04:00,1.7825368642807007,1.7825368642807007,1.7825368642807007,1.7825368642807007,0,0.0,0.0
1982-07-28 00:00:00-04:00,0.0,2.268682599067688,1.9445850849151611,1.9445850849151611,333,0.0,0.0
1982-07-29 00:00:00-04:00,0.0,2.4307313561439514,1.9445850849151611,1.9445850849151611,2867,0.0,0.0
1982-07-30 00:00:00-04:00,1.9445850849151611,1.9445850849151611,1.9445850849151611,1.9445850849151611,0,0.0,0.0
1982-08-02 00:00:00-04:00,1.9445850849151611,1.9445850849151611,1.9445850849151611,1.9445850849151611,0,0.0,0.0
1982-08-03 00:00:00-04:00,1.9445850849151611,1.9445850849151611,1.9445850849151611,1.9445850849151611,0,0.0,0.0
1982-08-04 00:00:00-04:00,1.9445850849151611,1.9445850849151611,1.9445850849151611,1.9445850849151611,0,0.0,0.0
1982-08-05 00:00:00-04:00,1.9445850849151611,1.9445850849151611,1.9445850849151611,1.9445850849151611,0,0.0,0.0
1982-08-06 00:00:00-04:00,1.9445850849151611,1.9445850849151611,1.9445850849151611,1.9445850849151611,0,0.0,0.0
1982-08-09 00:00:00-04:00,1.9445850849151611,1.9445850849151611,1.9445850849151611,1.9445850849151611,0,0.0,0.0
1982-08-10 00:00:00-04:00,1.9445850849151611,1.9445850849151611,1.9445850849151611,1.9445850849151611,0,0.0,0.0
1982-08-11 00:00:00-04:00,1.9445850849151611,1.9445850849151611,1.9445850849151611,1.9445850849151611,0,0.0,0.0
1982-08-12 00:00:00-04:00,1.9445850849151611,1.9445850849151611,1.9445850849151611,1.9445850849151611,0,0.0,0.0
1982-08-13 00:00:00-04:00,1.9445850849151611,1.9445850849151611,1.9445850849151611,1.9445850849151611,0,0.0,0.0
1982-08-16 00:00:00-04:00,0.0,2.4307313561439514,1.9445850849151611,1.9445850849151611,200,0.0,0.0
1982-08-17 00:00:00-04:00,1.9445850849151611,1.9445850849151611,1.9445850849151611,1.9445850849151611,0,0.0,0.0
1982-08-18 00:00:00-04:00,0.0,2.268682599067688,1.9445850849151611,1.9445850849151611,1667,0.0,0.0
1982-08-19 00:00:00-04:00,0.0,2.268682599067688,1.9445850849151611,1.9445850849151611,2300,0.0,0.0
1982-08-20 00:00:00-04:00,0.0,2.268682599067688,1.9445850849151611,1.9445850849151611,1000,0.0,0.0
1982-08-23 00:00:00-04:00,1.9445850849151611,1.9445850849151611,1.9445850849151611,1.9445850849151611,0,0.0,0.0
1982-08-24 00:00:00-04:00,1.9445850849151611,1.9445850849151611,1.9445850849151611,1.9445850849151611,0,0.0,0.0
1982-08-25 00:00:00-04:00,1.9445850849151611,1.9445850849151611,1.9445850849151611,1.9445850849151611,0,0.0,0.0
1982-08-26 00:00:00-04:00,1.9445850849151611,1.9445850849151611,1.9445850849151611,1.9445850849151611,0,0.0,0.0
1982-08-27 00:00:00-04:00,1.9445850849151611,1.9445850849151611,1.9445850849151611,1.9445850849151611,0,0.0,0.0
1982-08-30 00:00:00-04:00,0.0,2.268682599067688,1.9445850849151611,1.9445850849151611,667,0.0,0.0
1982-08-31 00:00:00-04:00,0.0,2.106634475968101,1.7825368642807007,1.7825368642807007,333,0.0,0.0
1982-09-01 00:00:00-04:00,1.7825368642807007,1.7825368642807007,1.7825368642807007,1.7825368642807007,0,0.0,0.0
1982-09-02 00:00:00-04:00,0.0,2.106634475968101,1.7825368642807007,1.7825368642807007,667,0.0,0.0
1982-09-03 00:00:00-04:00,0.0,2.106634475968101,1.7825368642807007,1.7825368642807007,500,0.0,0.0
1982-09-07 00:00:00-04:00,0.0,2.106634475968101,1.7825368642807007,1.7825368642807007,333,0.0,0.0
1982-09-08 00:00:00-04:00,0.0,2.9168787002563477,2.430732250213623,2.430732250213623,4100,0.0,0.0
1982-09-09 00:00:00-04:00,0.0,2.9168787002563477,2.430732250213623,2.430732250213623,1667,0.0,0.0
1982-09-10 00:00:00-04:00,0.0,3.078926667571068,2.592780351638794,2.592780351638794,1000,0.0,0.0
1982-09-13 00:00:00-04:00,0.0,2.916877895593643,2.592780351638794,2.592780351638794,267,0.0,0.0
1982-09-14 00:00:00-04:00,0.0,2.9168787002563477,2.430732250213623,2.430732250213623,667,0.0,0.0
1982-09-15 00:00:00-04:00,0.0,2.9168787002563477,2.430732250213623,2.430732250213623,1000,0.0,0.0
1982-09-16 00:00:00-04:00,0.0,2.9168787002563477,2.430732250213623,2.430732250213623,1767,0.0,0.0
1982-09-17 00:00:00-04:00,0.0,3.0789269840016082,2.7548294067382812,2.7548294067382812,833,0.0,0.0
1982-09-20 00:00:00-04:00,0.0,3.8891707829066684,3.403024435043335,3.403024435043335,5700,0.0,0.0
1982-09-21 00:00:00-04:00,0.0,4.051218862118929,3.727121353149414,3.727121353149414,1533,0.0,0.0
1982-09-22 00:00:00-04:00,0.0,4.53736584003155,4.213268280029297,4.213268280029297,6900,0.0,0.0
1982-09-23 00:00:00-04:00,0.0,4.375316505432129,4.0512189865112305,4.0512189865112305,3233,0.0,0.0
1982-09-24 00:00:00-04:00,0.0,4.375316505432129,4.0512189865112305,4.0512189865112305,1033,0.0,0.0
1982-09-27 00:00:00-04:00,0.0,4.375316505432129,4.0512189865112305,4.0512189865112305,367,0.0,0.0
1982-09-28 00:00:00-04:00,0.0,4.537365198135376,3.8891701698303223,3.8891701698303223,1333,0.0,0.0
1982-09-29 00:00:00-04:00,0.0,3.8891713402488017,3.5650737285614014,3.5650737285614014,400,0.0,0.0
1982-09-30 00:00:00-04:00,0.0,3.8891704559326175,3.2409753799438477,3.2409753799438477,1400,0.0,0.0
1982-10-01 00:00:00-04:00,0.0,3.8891713402488017,3.5650737285614014,3.5650737285614014,233,0.0,0.0
1982-10-04 00:00:00-04:00,0.0,3.8891713402488017,3.5650737285614014,3.5650737285614014,967,0.0,0.0
1982-10-05 00:00:00-04:00,0.0,3.8891713402488017,3.5650737285614014,3.5650737285614014,233,0.0,0.0
1982-10-06 00:00:00-04:00,3.5650737285614014,3.5650737285614014,3.5650737285614014,3.5650737285614014,0,0.0,0.0
1982-10-07 00:00:00-04:00,0.0,3.7271225344051016,3.5650737285614014,3.5650737285614014,833,0.0,0.0
1982-10-08 00:00:00-04:00,3.5650737285614014,3.5650737285614014,3.5650737285614014,3.5650737285614014,0,0.0,0.0
1982-10-11 00:00:00-04:00,0.0,3.8891713402488017,3.5650737285614014,3.5650737285614014,67,0.0,0.0
1982-10-12 00:00:00-04:00,0.0,3.727121686935425,3.2409753799438477,3.2409753799438477,1667,0.0,0.0
1982-10-13 00:00:00-04:00,0.0,3.5650729179382323,3.2409753799438477,3.2409753799438477,1667,0.0,0.0
1982-10-14 00:00:00-04:00,3.2409753799438477,3.2409753799438477,3.2409753799438477,3.2409753799438477,0,0.0,0.0
1982-10-15 00:00:00-04:00,3.2409753799438477,3.2409753799438477,3.2409753799438477,3.2409753799438477,0,0.0,0.0
1982-10-18 00:00:00-04:00,0.0,3.4030251502990723,3.078927516937256,3.078927516937256,1767,0.0,0.0
1982-10-19 00:00:00-04:00,0.0,3.5650739669799805,3.078927516937256,3.078927516937256,1033,0.0,0.0
1982-10-20 00:00:00-04:00,0.0,3.5650739669799805,3.078927516937256,3.078927516937256,933,0.0,0.0
1982-10-21 00:00:00-04:00,0.0,3.5650739669799805,3.078927516937256,3.078927516937256,333,0.0,0.0
1982-10-22 00:00:00-04:00,0.0,3.5650739669799805,3.078927516937256,3.078927516937256,433,0.0,0.0
1982-10-25 00:00:00-04:00,0.0,3.4030251502990723,3.078927516937256,3.078927516937256,1533,0.0,0.0
1982-10-26 00:00:00-04:00,0.0,3.2409755388895674,2.9168779850006104,2.9168779850006104,1000,0.0,0.0
1982-10-27 00:00:00-04:00,0.0,3.565073092778524,2.9168779850006104,2.9168779850006104,1000,0.0,0.0
1982-10-28 00:00:00-04:00,0.0,3.078926761945089,2.9168779850006104,2.9168779850006104,1500,0.0,0.0
1982-10-29 00:00:00-04:00,2.9168779850006104,2.9168779850006104,2.9168779850006104,2.9168779850006104,0,0.0,0.0
1982-11-01 00:00:00-05:00,0.0,3.0789269840016082,2.7548294067382812,2.7548294067382812,1000,0.0,0.0
1982-11-02 00:00:00-05:00,0.0,3.0789269840016082,2.7548294067382812,2.7548294067382812,667,0.0,0.0
1982-11-03 00:00:00-05:00,0.0,3.0789269840016082,2.7548294067382812,2.7548294067382812,2000,0.0,0.0
1982-11-04 00:00:00-05:00,0.0,3.078926761945089,2.9168779850006104,2.9168779850006104,1167,0.0,0.0
1982-11-05 00:00:00-05:00,0.0,3.078926761945089,2.9168779850006104,2.9168779850006104,1000,0.0,0.0
1982-11-08 00:00:00-05:00,0.0,3.0789269840016082,2.7548294067382812,2.7548294067382812,833,0.0,0.0
1982-11-09 00:00:00-05:00,0.0,3.0789269840016082,2.7548294067382812,2.7548294067382812,733,0.0,0.0
1982-11-10 00:00:00-05:00,0.0,3.2409755388895674,2.9168779850006104,2.9168779850006104,2133,0.0,0.0
1982-11-11 00:00:00-05:00,2.9168779850006104,2.9168779850006104,2.9168779850006104,2.9168779850006104,0,0.0,0.0
1982-11-12 00:00:00-05:00,0.0,3.240975772633272,2.7548294067382812,2.7548294067382812,1000,0.0,0.0
1982-11-15 00:00:00-05:00,0.0,3.2409755388895674,2.9168779850006104,2.9168779850006104,7167,0.0,0.0
1982-11-16 00:00:00-05:00,0.0,3.2409755388895674,2.9168779850006104,2.9168779850006104,2000,0.0,0.0
1982-11-17 00:00:00-05:00,0.0,3.4030245612649357,2.7548294067382812,2.7548294067382812,767,0.0,0.0
1982-11-18 00:00:00-05:00,0.0,3.4030243158340454,2.9168779850006104,2.9168779850006104,733,0.0,0.0
1982-11-19 00:00:00-05:00,0.0,3.240975772633272,2.7548294067382812,2.7548294067382812,333,0.0,0.0
1982-11-22 00:00:00-05:00,0.0,3.0789269840016082,2.7548294067382812,2.7548294067382812,333,0.0,0.0
1982-11-23 00:00:00-05:00,0.0,2.916877895593643,2.592780351638794,2.592780351638794,333,0.0,0.0
1982-11-24 00:00:00-05:00,0.0,2.916877895593643,2.592780351638794,2.592780351638794,333,0.0,0.0
1982-11-26 00:00:00-05:00,0.0,2.916877895593643,2.592780351638794,2.592780351638794,367,0.0,0.0
1982-11-29 00:00:00-05:00,0.0,2.7548291236162186,2.592780351638794,2.592780351638794,1300,0.0,0.0
1982-11-30 00:00:00-05:00,0.0,2.7548291236162186,2.592780351638794,2.592780351638794,2133,0.0,0.0
1982-12-01 00:00:00-05:00,0.0,2.916877895593643,2.592780351638794,2.592780351638794,1233,0.0,0.0
1982-12-02 00:00:00-05:00,2.592780351638794,2.592780351638794,2.592780351638794,2.592780351638794,0,0.0,0.0
1982-12-03 00:00:00-05:00,0.0,2.916877895593643,2.592780351638794,2.592780351638794,333,0.0,0.0
1982-12-06 00:00:00-05:00,0.0,2.916877895593643,2.592780351638794,2.592780351638794,733,0.0,0.0
1982-12-07 00:00:00-05:00,0.0,2.9168787002563477,2.268683433532715,2.268683433532715,1867,0.0,0.0
1982-12-08 00:00:00-05:00,0.0,2.9168787002563477,2.268683433532715,2.268683433532715,667,0.0,0.0
1982-12-09 00:00:00-05:00,0.0,2.9168787002563477,2.430732250213623,2.430732250213623,167,0.0,0.0
1982-12-10 00:00:00-05:00,2.430732250213623,2.430732250213623,2.430732250213623,2.430732250213623,0,0.0,0.0
1982-12-13 00:00:00-05:00,2.430732250213623,2.430732250213623,2.430732250213623,2.430732250213623,0,0.0,0.0
1982-12-14 00:00:00-05:00,2.430732250213623,2.430732250213623,2.430732250213623,2.430732250213623,0,0.0,0.0
1982-12-15 00:00:00-05:00,0.0,2.9168787002563477,2.430732250213623,2.430732250213623,167,0.0,0.0
1982-12-16 00:00:00-05:00,0.0,2.9168787002563477,2.430732250213623,2.430732250213623,167,0.0,0.0
1982-12-17 00:00:00-05:00,2.430732250213623,2.430732250213623,2.430732250213623,2.430732250213623,0,0.0,0.0
1982-12-20 00:00:00-05:00,0.0,2.9168787002563477,2.430732250213623,2.430732250213623,1067,0.0,0.0
1982-12-21 00:00:00-05:00,0.0,2.9168787002563477,2.430732250213623,2.430732250213623,100,0.0,0.0
1982-12-22 00:00:00-05:00,0.0,2.9168787002563477,2.430732250213623,2.430732250213623,667,0.0,0.0
1982-12-23 00:00:00-05:00,0.0,2.9168787002563477,2.430732250213623,2.430732250213623,867,0.0,0.0
1982-12-27 00:00:00-05:00,2.430732250213623,2.430732250213623,2.430732250213623,2.430732250213623,0,0.0,0.0
1982-12-28 00:00:00-05:00,2.430732250213623,2.430732250213623,2.430732250213623,2.430732250213623,0,0.0,0.0
1982-12-29 00:00:00-05:00,0.0,2.916877895593643,2.592780351638794,2.592780351638794,1000,0.0,0.0
1982-12-30 00:00:00-05:00,0.0,3.240975772633272,2.7548294067382812,2.7548294067382812,2500,0.0,0.0
1982-12-31 00:00:00-05:00,2.7548294067382812,2.7548294067382812,2.7548294067382812,2.7548294067382812,0,0.0,0.0
1983-01-03 00:00:00-05:00,0.0,3.2409755388895674,2.9168779850006104,2.9168779850006104,667,0.0,0.0
1983-01-04 00:00:00-05:00,2.9168779850006104,2.9168779850006104,2.9168779850006104,2.9168779850006104,0,0.0,0.0
1983-01-05 00:00:00-05:00,0.0,3.2409755388895674,2.9168779850006104,2.9168779850006104,667,0.0,0.0
1983-01-06 00:00:00-05:00,0.0,3.5650732176644464,3.403024435043335,3.403024435043335,867,0.0,0.0
1983-01-07 00:00:00-05:00,0.0,3.8891713402488017,3.5650737285614014,3.5650737285614014,4667,0.0,0.0
1983-01-10 00:00:00-05:00,0.0,4.53736584003155,4.213268280029297,4.213268280029297,3533,0.0,0.0
1983-01-11 00:00:00-05:00,0.0,4.21326774597168,4.0512189865112305,4.0512189865112305,1033,0.0,0.0
1983-01-12 00:00:00-05:00,0.0,4.375316505432129,4.0512189865112305,4.0512189865112305,8500,0.0,0.0
1983-01-13 00:00:00-05:00,0.0,4.375316505432129,4.0512189865112305,4.0512189865112305,1433,0.0,0.0
1983-01-14 00:00:00-05:00,0.0,4.375316505432129,4.0512189865112305,4.0512189865112305,400,0.0,0.0
1983-01-17 00:00:00-05:00,0.0,4.537365264892578,4.0512189865112305,4.0512189865112305,2067,0.0,0.0
1983-01-18 00:00:00-05:00,0.0,4.537365264892578,4.0512189865112305,4.0512189865112305,1000,0.0,0.0
1983-01-19 00:00:00-05:00,0.0,4.537365264892578,4.0512189865112305,4.0512189865112305,1333,0.0,0.0
1983-01-20 00:00:00-05:00,0.0,4.3753164410591125,3.8891701698303223,3.8891701698303223,367,0.0,0.0
1983-01-21 00:00:00-05:00,0.0,4.2132676166036855,3.727121353149414,3.727121353149414,600,0.0,0.0
1983-01-24 00:00:00-05:00,0.0,4.0512201460925015,3.5650737285614014,3.5650737285614014,2233,0.0,0.0
1983-01-25 00:00:00-05:00,0.0,3.8891713402488017,3.5650737285614014,3.5650737285614014,2000,0.0,0.0
1983-01-26 00:00:00-05:00,0.0,3.8891713402488017,3.5650737285614014,3.5650737285614014,833,0.0,0.0
1983-01-27 00:00:00-05:00,0.0,3.8891713402488017,3.5650737285614014,3.5650737285614014,700,0.0,0.0
1983-01-28 00:00:00-05:00,0.0,3.8891713402488017,3.5650737285614014,3.5650737285614014,667,0.0,0.0
1983-01-31 00:00:00-05:00,0.0,4.2132676166036855,3.727121353149414,3.727121353149414,1700,0.0,0.0
1983-02-01 00:00:00-05:00,0.0,4.2132676166036855,3.727121353149414,3.727121353149414,1000,0.0,0.0
1983-02-02 00:00:00-05:00,0.0,4.2132676166036855,3.727121353149414,3.727121353149414,367,0.0,0.0
1983-02-03 00:00:00-05:00,0.0,4.3753164410591125,3.8891701698303223,3.8891701698303223,2667,0.0,0.0
1983-02-04 00:00:00-05:00,0.0,4.3753164410591125,3.8891701698303223,3.8891701698303223,1500,0.0,0.0
1983-02-07 00:00:00-05:00,0.0,4.537365264892578,4.0512189865112305,4.0512189865112305,2167,0.0,0.0
1983-02-08 00:00:00-05:00,0.0,4.537365264892578,4.0512189865112305,4.0512189865112305,2333,0.0,0.0
1983-02-09 00:00:00-05:00,0.0,4.537365264892578,4.0512189865112305,4.0512189865112305,3400,0.0,0.0
1983-02-10 00:00:00-05:00,0.0,4.53736584003155,4.213268280029297,4.213268280029297,1000,0.0,0.0
1983-02-11 00:00:00-05:00,0.0,4.53736584003155,4.213268280029297,4.213268280029297,500,0.0,0.0
1983-02-14 00:00:00-05:00,0.0,4.53736584003155,4.213268280029297,4.213268280029297,3100,0.0,0.0
1983-02-15 00:00:00-05:00,4.213268280029297,4.213268280029297,4.213268280029297,4.213268280029297,0,0.0,0.0
1983-02-16 00:00:00-05:00,0.0,4.53736584003155,4.213268280029297,4.213268280029297,1233,0.0,0.0
1983-02-17 00:00:00-05:00,4.213268280029297,4.213268280029297,4.213268280029297,4.213268280029297,0,0.0,0.0
1983-02-18 00:00:00-05:00,4.213268280029297,4.213268280029297,4.213268280029297,4.213268280029297,0,0.0,0.0
1983-02-22 00:00:00-05:00,0.0,4.53736686706543,4.3753180503845215,4.3753180503845215,933,0.0,0.0
1983-02-23 00:00:00-05:00,0.0,4.53736686706543,4.3753180503845215,4.3753180503845215,8833,0.0,0.0
1983-02-24 00:00:00-05:00,0.0,4.53736686706543,4.3753180503845215,4.3753180503845215,1133,0.0,0.0
1983-02-25 00:00:00-05:00,0.0,4.53736686706543,4.3753180503845215,4.3753180503845215,667,0.0,0.0
1983-02-28 00:00:00-05:00,0.0,4.53736584003155,4.213268280029297,4.213268280029297,3500,0.0,0.0
1983-03-01 00:00:00-05:00,4.213268280029297,4.213268280029297,4.213268280029297,4.213268280029297,0,0.0,0.0
1983-03-02 00:00:00-05:00,0.0,4.53736584003155,4.213268280029297,4.213268280029297,2833,0.0,0.0
1983-03-03 00:00:00-05:00,0.0,4.53736686706543,4.3753180503845215,4.3753180503845215,1000,0.0,0.0
1983-03-04 00:00:00-05:00,0.0,4.53736584003155,4.213268280029297,4.213268280029297,1500,0.0,0.0
1983-03-07 00:00:00-05:00,0.0,4.53736584003155,4.213268280029297,4.213268280029297,333,0.0,0.0
1983-03-08 00:00:00-05:00,0.0,4.53736686706543,4.3753180503845215,4.3753180503845215,1367,0.0,0.0
1983-03-09 00:00:00-05:00,0.0,4.53736584003155,4.213268280029297,4.213268280029297,333,0.0,0.0
1983-03-10 00:00:00-05:00,4.213268280029297,4.213268280029297,4.213268280029297,4.213268280029297,0,0.0,0.0
1983-03-11 00:00:00-05:00,0.0,4.53736584003155,4.213268280029297,4.213268280029297,1333,0.0,0.0
1983-03-14 00:00:00-05:00,0.0,4.375316505432129,4.0512189865112305,4.0512189865112305,1900,0.0,0.0
1983-03-15 00:00:00-05:00,0.0,4.375316505432129,4.0512189865112305,4.0512189865112305,233,0.0,0.0
1983-03-16 00:00:00-05:00,0.0,4.3753164410591125,3.8891701698303223,3.8891701698303223,333,0.0,0.0
1983-03-17 00:00:00-05:00,0.0,4.2132676166036855,3.727121353149414,3.727121353149414,1000,0.0,0.0
1983-03-18 00:00:00-05:00,3.727121353149414,3.727121353149414,3.727121353149414,3.727121353149414,0,0.0,0.0
1983-03-21 00:00:00-05:00,0.0,4.2132676166036855,3.727121353149414,3.727121353149414,333,0.0,0.0
1983-03-22 00:00:00-05:00,0.0,4.2132676166036855,3.727121353149414,3.727121353149414,233,0.0,0.0
1983-03-23 00:00:00-05:00,3.727121353149414,3.727121353149414,3.727121353149414,3.727121353149414,0,0.0,0.0
1983-03-24 00:00:00-05:00,0.0,3.8891707829066684,3.403024435043335,3.403024435043335,2833,0.0,0.0
1983-03-25 00:00:00-05:00,0.0,4.051218862118929,3.727121353149414,3.727121353149414,2000,0.0,0.0
1983-03-28 00:00:00-05:00,3.727121353149414,3.727121353149414,3.727121353149414,3.727121353149414,0,0.0,0.0
1983-03-29 00:00:00-05:00,0.0,4.051218862118929,3.727121353149414,3.727121353149414,67,0.0,0.0
1983-03-30 00:00:00-05:00,0.0,4.051218862118929,3.727121353149414,3.727121353149414,167,0.0,0.0
1983-03-31 00:00:00-05:00,0.0,4.051218862118929,3.727121353149414,3.727121353149414,833,0.0,0.0
1983-04-04 00:00:00-05:00,0.0,4.051218862118929,3.727121353149414,3.727121353149414,67,0.0,0.0
1983-04-05 00:00:00-05:00,0.0,4.051218862118929,3.727121353149414,3.727121353149414,500,0.0,0.0
1983-04-06 00:00:00-05:00,0.0,3.8891713402488017,3.5650737285614014,3.5650737285614014,1200,0.0,0.0
1983-04-07 00:00:00-05:00,3.5650737285614014,3.5650737285614014,3.5650737285614014,3.5650737285614014,0,0.0,0.0
1983-04-08 00:00:00-05:00,3.5650737285614014,3.5650737285614014,3.5650737285614014,3.5650737285614014,0,0.0,0.0
1983-04-11 00:00:00-05:00,0.0,3.8891707829066684,3.403024435043335,3.403024435043335,333,0.0,0.0
1983-04-12 00:00:00-05:00,0.0,3.8891713402488017,3.5650737285614014,3.5650737285614014,333,0.0,0.0
1983-04-13 00:00:00-05:00,0.0,3.8891713402488017,3.5650737285614014,3.5650737285614014,1333,0.0,0.0
1983-04-14 00:00:00-05:00,0.0,4.051218862118929,3.727121353149414,3.727121353149414,1000,0.0,0.0
1983-04-15 00:00:00-05:00,0.0,4.213267683982849,3.8891701698303223,3.8891701698303223,1767,0.0,0.0
1983-04-18 00:00:00-05:00,0.0,4.699415683746338,4.3753180503845215,4.3753180503845215,2833,0.0,0.0
1983-04-19 00:00:00-05:00,0.0,4.699414620032677,4.213268280029297,4.213268280029297,1767,0.0,0.0
1983-04-20 00:00:00-05:00,0.0,4.699414620032677,4.213268280029297,4.213268280029297,767,0.0,0.0
1983-04-21 00:00:00-05:00,0.0,5.185561081458782,4.6994147300720215,4.6994147300720215,933,0.0,0.0
1983-04-22 00:00:00-05:00,0.0,5.185561081458782,4.6994147300720215,4.6994147300720215,633,0.0,0.0
1983-04-25 00:00:00-04:00,0.0,5.1855621337890625,4.53736686706543,4.53736686706543,667,0.0,0.0
1983-04-26 00:00:00-04:00,0.0,5.023513317108154,4.53736686706543,4.53736686706543,400,0.0,0.0
1983-04-27 00:00:00-04:00,4.53736686706543,4.53736686706543,4.53736686706543,4.53736686706543,0,0.0,0.0
1983-04-28 00:00:00-04:00,4.53736686706543,4.53736686706543,4.53736686706543,4.53736686706543,0,0.0,0.0
1983-04-29 00:00:00-04:00,0.0,5.023513317108154,4.53736686706543,4.53736686706543,33,0.0,0.0
1983-05-02 00:00:00-04:00,0.0,5.023512297663195,4.6994147300720215,4.6994147300720215,833,0.0,0.0
1983-05-03 00:00:00-04:00,4.6994147300720215,4.6994147300720215,4.6994147300720215,4.6994147300720215,0,0.0,0.0
1983-05-04 00:00:00-04:00,4.6994147300720215,4.6994147300720215,4.6994147300720215,4.6994147300720215,0,0.0,0.0
1983-05-05 00:00:00-04:00,0.0,5.1855621337890625,4.861464500427246,4.861464500427246,2367,0.0,0.0
1983-05-06 00:00:00-04:00,0.0,5.1855611493510585,5.023512363433838,5.023512363433838,1533,0.0,0.0
1983-05-09 00:00:00-04:00,0.0,5.347609935268279,5.023512363433838,5.023512363433838,1000,0.0,0.0
1983-05-10 00:00:00-04:00,5.023512363433838,5.023512363433838,5.023512363433838,5.023512363433838,0,0.0,0.0
1983-05-11 00:00:00-04:00,0.0,5.5096587211855,5.023512363433838,5.023512363433838,67,0.0,0.0
1983-05-12 00:00:00-04:00,0.0,5.5096587211855,5.023512363433838,5.023512363433838,200,0.0,0.0
1983-05-13 00:00:00-04:00,0.0,5.347610950469971,4.861464500427246,4.861464500427246,667,0.0,0.0
1983-05-16 00:00:00-04:00,4.861464500427246,4.861464500427246,4.861464500427246,4.861464500427246,0,0.0,0.0
1983-05-17 00:00:00-04:00,0.0,5.1855611493510585,5.023512363433838,5.023512363433838,2100,0.0,0.0
1983-05-18 00:00:00-04:00,0.0,5.1855621337890625,4.861464500427246,4.861464500427246,500,0.0,0.0
1983-05-19 00:00:00-04:00,0.0,5.347609935268279,5.023512363433838,5.023512363433838,1000,0.0,0.0
1983-05-20 00:00:00-04:00,0.0,5.1855621337890625,4.861464500427246,4.861464500427246,3667,0.0,0.0
1983-05-23 00:00:00-04:00,0.0,5.347610950469971,4.861464500427246,4.861464500427246,1000,0.0,0.0
1983-05-24 00:00:00-04:00,0.0,5.347610950469971,4.861464500427246,4.861464500427246,2733,0.0,0.0
1983-05-25 00:00:00-04:00,0.0,5.347610950469971,4.861464500427246,4.861464500427246,667,0.0,0.0
1983-05-26 00:00:00-04:00,0.0,5.1855621337890625,4.861464500427246,4.861464500427246,200,0.0,0.0
1983-05-27 00:00:00-04:00,0.0,5.347609935268279,5.023512363433838,5.023512363433838,1167,0.0,0.0
1983-05-31 00:00:00-04:00,0.0,5.185561081458782,4.6994147300720215,4.6994147300720215,1433,0.0,0.0
1983-06-01 00:00:00-04:00,0.0,5.023512297663195,4.6994147300720215,4.6994147300720215,1000,0.0,0.0
1983-06-02 00:00:00-04:00,0.0,5.1855621337890625,4.53736686706543,4.53736686706543,333,0.0,0.0
1983-06-03 00:00:00-04:00,0.0,5.185561081458782,4.6994147300720215,4.6994147300720215,333,0.0,0.0
1983-06-06 00:00:00-04:00,4.6994147300720215,4.6994147300720215,4.6994147300720215,4.6994147300720215,0,0.0,0.0
1983-06-07 00:00:00-04:00,0.0,5.023512297663195,4.6994147300720215,4.6994147300720215,167,0.0,0.0
1983-06-08 00:00:00-04:00,0.0,4.861464500427246,4.53736686706543,4.53736686706543,1033,0.0,0.0
1983-06-09 00:00:00-04:00,4.53736686706543,4.53736686706543,4.53736686706543,4.53736686706543,0,0.0,0.0
1983-06-10 00:00:00-04:00,4.53736686706543,4.53736686706543,4.53736686706543,4.53736686706543,0,0.0,0.0
1983-06-13 00:00:00-04:00,4.53736686706543,4.53736686706543,4.53736686706543,4.53736686706543,0,0.0,0.0
1983-06-14 00:00:00-04:00,0.0,5.023513317108154,4.53736686706543,4.53736686706543,1333,0.0,0.0
1983-06-15 00:00:00-04:00,4.53736686706543,4.53736686706543,4.53736686706543,4.53736686706543,0,0.0,0.0
1983-06-16 00:00:00-04:00,4.53736686706543,4.53736686706543,4.53736686706543,4.53736686706543,0,0.0,0.0
1983-06-17 00:00:00-04:00,0.0,5.1855621337890625,4.53736686706543,4.53736686706543,100,0.0,0.0
1983-06-20 00:00:00-04:00,0.0,5.023513317108154,4.53736686706543,4.53736686706543,333,0.0,0.0
1983-06-21 00:00:00-04:00,0.0,4.861464500427246,4.53736686706543,4.53736686706543,167,0.0,0.0
1983-06-22 00:00:00-04:00,4.53736686706543,4.53736686706543,4.53736686706543,4.53736686706543,0,0.0,0.0
1983-06-23 00:00:00-04:00,0.0,4.861464500427246,4.3753180503845215,4.3753180503845215,667,0.0,0.0
1983-06-24 00:00:00-04:00,0.0,4.861464500427246,4.53736686706543,4.53736686706543,533,0.0,0.0
1983-06-27 00:00:00-04:00,0.0,4.861464500427246,4.3753180503845215,4.3753180503845215,600,0.0,0.0
1983-06-28 00:00:00-04:00,4.3753180503845215,4.3753180503845215,4.3753180503845215,4.3753180503845215,0,0.0,0.0
1983-06-29 00:00:00-04:00,4.3753180503845215,4.3753180503845215,4.3753180503845215,4.3753180503845215,0,0.0,0.0
1983-06-30 00:00:00-04:00,0.0,4.861463400033804,4.213268280029297,4.213268280029297,100,0.0,0.0
1983-07-01 00:00:00-04:00,0.0,4.861463400033804,4.213268280029297,4.213268280029297,167,0.0,0.0
1983-07-05 00:00:00-04:00,4.213268280029297,4.213268280029297,4.213268280029297,4.213268280029297,0,0.0,0.0
1983-07-06 00:00:00-04:00,0.0,4.699415683746338,4.3753180503845215,4.3753180503845215,1433,0.0,0.0
1983-07-07 00:00:00-04:00,0.0,4.861464500427246,4.53736686706543,4.53736686706543,3533,0.0,0.0
1983-07-08 00:00:00-04:00,0.0,4.861464500427246,4.53736686706543,4.53736686706543,333,0.0,0.0
1983-07-11 00:00:00-04:00,0.0,5.023513317108154,4.53736686706543,4.53736686706543,667,0.0,0.0
1983-07-12 00:00:00-04:00,4.53736686706543,4.53736686706543,4.53736686706543,4.53736686706543,0,0.0,0.0
1983-07-13 00:00:00-04:00,0.0,5.023513317108154,4.3753180503845215,4.3753180503845215,200,0.0,0.0
1983-07-14 00:00:00-04:00,0.0,5.023513317108154,4.53736686706543,4.53736686706543,133,0.0,0.0
1983-07-15 00:00:00-04:00,0.0,4.699414024353027,4.0512189865112305,4.0512189865112305,2833,0.0,0.0
1983-07-18 00:00:00-04:00,0.0,4.699414024353027,4.0512189865112305,4.0512189865112305,2533,0.0,0.0
1983-07-19 00:00:00-04:00,0.0,4.537365198135376,3.8891701698303223,3.8891701698303223,1800,0.0,0.0
1983-07-20 00:00:00-04:00,3.8891701698303223,3.8891701698303223,3.8891701698303223,3.8891701698303223,0,0.0,0.0
1983-07-21 00:00:00-04:00,0.0,4.537365264892578,4.0512189865112305,4.0512189865112305,533,0.0,0.0
1983-07-22 00:00:00-04:00,0.0,4.537365264892578,4.0512189865112305,4.0512189865112305,1400,0.0,0.0
1983-07-25 00:00:00-04:00,0.0,4.537365264892578,4.0512189865112305,4.0512189865112305,1667,0.0,0.0
1983-07-26 00:00:00-04:00,4.0512189865112305,4.0512189865112305,4.0512189865112305,4.0512189865112305,0,0.0,0.0
1983-07-27 00:00:00-04:00,4.0512189865112305,4.0512189865112305,4.0512189865112305,4.0512189865112305,0,0.0,0.0
1983-07-28 00:00:00-04:00,4.0512189865112305,4.0512189865112305,4.0512189865112305,4.0512189865112305,0,0.0,0.0
1983-07-29 00:00:00-04:00,0.0,4.3753164410591125,3.8891701698303223,3.8891701698303223,767,0.0,0.0
1983-08-01 00:00:00-04:00,3.8891701698303223,3.8891701698303223,3.8891701698303223,3.8891701698303223,0,0.0,0.0
1983-08-02 00:00:00-04:00,0.0,4.537365198135376,3.8891701698303223,3.8891701698303223,500,0.0,0.0
1983-08-03 00:00:00-04:00,3.8891701698303223,3.8891701698303223,3.8891701698303223,3.8891701698303223,0,0.0,0.0
1983-08-04 00:00:00-04:00,0.0,4.537365198135376,3.8891701698303223,3.8891701698303223,267,0.0,0.0
1983-08-05 00:00:00-04:00,0.0,4.537365198135376,3.8891701698303223,3.8891701698303223,267,0.0,0.0
1983-08-08 00:00:00-04:00,0.0,4.3753164410591125,3.8891701698303223,3.8891701698303223,333,0.0,0.0
1983-08-09 00:00:00-04:00,0.0,4.537365264892578,4.0512189865112305,4.0512189865112305,133,0.0,0.0
1983-08-10 00:00:00-04:00,0.0,4.213267683982849,3.8891701698303223,3.8891701698303223,1000,0.0,0.0
1983-08-11 00:00:00-04:00,0.0,4.213267683982849,3.8891701698303223,3.8891701698303223,333,0.0,0.0
1983-08-12 00:00:00-04:00,0.0,4.2132676166036855,3.727121353149414,3.727121353149414,500,0.0,0.0
1983-08-15 00:00:00-04:00,0.0,4.213268951936202,3.5650737285614014,3.5650737285614014,333,0.0,0.0
1983-08-16 00:00:00-04:00,0.0,4.3753164410591125,3.8891701698303223,3.8891701698303223,2400,0.0,0.0
1983-08-17 00:00:00-04:00,0.0,4.3753164410591125,3.8891701698303223,3.8891701698303223,200,0.0,0.0
1983-08-18 00:00:00-04:00,0.0,4.3753164410591125,3.8891701698303223,3.8891701698303223,833,0.0,0.0
1983-08-19 00:00:00-04:00,0.0,4.537365264892578,4.0512189865112305,4.0512189865112305,1633,0.0,0.0
1983-08-22 00:00:00-04:00,0.0,4.699414024353027,4.0512189865112305,4.0512189865112305,67,0.0,0.0
1983-08-23 00:00:00-04:00,0.0,4.375316505432129,4.0512189865112305,4.0512189865112305,900,0.0,0.0
1983-08-24 00:00:00-04:00,0.0,4.375316505432129,4.0512189865112305,4.0512189865112305,1167,0.0,0.0
1983-08-25 00:00:00-04:00,4.0512189865112305,4.0512189865112305,4.0512189865112305,4.0512189865112305,0,0.0,0.0
1983-08-26 00:00:00-04:00,0.0,4.375316505432129,4.0512189865112305,4.0512189865112305,367,0.0,0.0
1983-08-29 00:00:00-04:00,4.0512189865112305,4.0512189865112305,4.0512189865112305,4.0512189865112305,0,0.0,0.0
1983-08-30 00:00:00-04:00,0.0,4.375316505432129,4.0512189865112305,4.0512189865112305,333,0.0,0.0
1983-08-31 00:00:00-04:00,4.0512189865112305,4.0512189865112305,4.0512189865112305,4.0512189865112305,0,0.0,0.0
1983-09-01 00:00:00-04:00,0.0,4.375316505432129,4.0512189865112305,4.0512189865112305,100,0.0,0.0
1983-09-02 00:00:00-04:00,4.0512189865112305,4.0512189865112305,4.0512189865112305,4.0512189865112305,0,0.0,0.0
1983-09-06 00:00:00-04:00,0.0,4.375316505432129,4.0512189865112305,4.0512189865112305,2967,0.0,0.0
1983-09-07 00:00:00-04:00,0.0,4.699414620032677,4.213268280029297,4.213268280029297,333,0.0,0.0
1983-09-08 00:00:00-04:00,4.213268280029297,4.213268280029297,4.213268280029297,4.213268280029297,0,0.0,0.0
1983-09-09 00:00:00-04:00,4.213268280029297,4.213268280029297,4.213268280029297,4.213268280029297,0,0.0,0.0
1983-09-12 00:00:00-04:00,4.213268280029297,4.213268280029297,4.213268280029297,4.213268280029297,0,0.0,0.0
1983-09-13 00:00:00-04:00,0.0,4.53736584003155,4.213268280029297,4.213268280029297,2167,0.0,0.0
1983-09-14 00:00:00-04:00,0.0,4.537365264892578,4.0512189865112305,4.0512189865112305,33,0.0,0.0
1983-09-15 00:00:00-04:00,0.0,4.3753164410591125,3.8891701698303223,3.8891701698303223,1000,0.0,0.0
1983-09-16 00:00:00-04:00,3.8891701698303223,3.8891701698303223,3.8891701698303223,3.8891701698303223,0,0.0,0.0
1983-09-19 00:00:00-04:00,0.0,4.3753164410591125,3.8891701698303223,3.8891701698303223,400,0.0,0.0
1983-09-20 00:00:00-04:00,3.8891701698303223,3.8891701698303223,3.8891701698303223,3.8891701698303223,0,0.0,0.0
1983-09-21 00:00:00-04:00,0.0,4.3753164410591125,3.8891701698303223,3.8891701698303223,3167,0.0,0.0
1983-09-22 00:00:00-04:00,0.0,4.537365198135376,3.8891701698303223,3.8891701698303223,267,0.0,0.0
1983-09-23 00:00:00-04:00,3.8891701698303223,3.8891701698303223,3.8891701698303223,3.8891701698303223,0,0.0,0.0
1983-09-26 00:00:00-04:00,0.0,4.537365198135376,3.8891701698303223,3.8891701698303223,333,0.0,0.0
1983-09-27 00:00:00-04:00,3.8891701698303223,3.8891701698303223,3.8891701698303223,3.8891701698303223,0,0.0,0.0
1983-09-28 00:00:00-04:00,0.0,4.3753164410591125,3.8891701698303223,3.8891701698303223,333,0.0,0.0
1983-09-29 00:00:00-04:00,0.0,4.375316371088442,3.727121353149414,3.727121353149414,500,0.0,0.0
1983-09-30 00:00:00-04:00,3.727121353149414,3.727121353149414,3.727121353149414,3.727121353149414,0,0.0,0.0
1983-10-03 00:00:00-04:00,0.0,4.051218862118929,3.727121353149414,3.727121353149414,100,0.0,0.0
1983-10-04 00:00:00-04:00,0.0,4.0512201460925015,3.5650737285614014,3.5650737285614014,167,0.0,0.0
1983-10-05 00:00:00-04:00,3.5650737285614014,3.5650737285614014,3.5650737285614014,3.5650737285614014,0,0.0,0.0
1983-10-06 00:00:00-04:00,3.5650737285614014,3.5650737285614014,3.5650737285614014,3.5650737285614014,0,0.0,0.0
1983-10-07 00:00:00-04:00,0.0,4.213268951936202,3.5650737285614014,3.5650737285614014,367,0.0,0.0
1983-10-10 00:00:00-04:00,0.0,4.21326774597168,4.0512189865112305,4.0512189865112305,800,0.0,0.0
1983-10-11 00:00:00-04:00,0.0,4.21326774597168,4.0512189865112305,4.0512189865112305,1700,0.0,0.0
1983-10-12 00:00:00-04:00,0.0,4.21326774597168,4.0512189865112305,4.0512189865112305,1067,0.0,0.0
1983-10-13 00:00:00-04:00,0.0,4.21326774597168,4.0512189865112305,4.0512189865112305,233,0.0,0.0
1983-10-14 00:00:00-04:00,0.0,4.21326774597168,4.0512189865112305,4.0512189865112305,167,0.0,0.0
1983-10-17 00:00:00-04:00,0.0,4.213267683982849,3.8891701698303223,3.8891701698303223,633,0.0,0.0
1983-10-18 00:00:00-04:00,0.0,4.213267683982849,3.8891701698303223,3.8891701698303223,1667,0.0,0.0
1983-10-19 00:00:00-04:00,0.0,4.213267683982849,3.8891701698303223,3.8891701698303223,100,0.0,0.0
1983-10-20 00:00:00-04:00,3.8891701698303223,3.8891701698303223,3.8891701698303223,3.8891701698303223,0,0.0,0.0
1983-10-21 00:00:00-04:00,0.0,4.051218862118929,3.727121353149414,3.727121353149414,233,0.0,0.0
1983-10-24 00:00:00-04:00,0.0,4.2132676166036855,3.727121353149414,3.727121353149414,333,0.0,0.0
1983-10-25 00:00:00-04:00,0.0,4.375316371088442,3.727121353149414,3.727121353149414,833,0.0,0.0
1983-10-26 00:00:00-04:00,0.0,4.375316371088442,3.727121353149414,3.727121353149414,367,0.0,0.0
1983-10-27 00:00:00-04:00,0.0,4.2132676166036855,3.727121353149414,3.727121353149414,533,0.0,0.0
1983-10-28 00:00:00-04:00,0.0,4.213268951936202,3.5650737285614014,3.5650737285614014,900,0.0,0.0
1983-10-31 00:00:00-05:00,0.0,4.213267683982849,3.8891701698303223,3.8891701698303223,2633,0.0,0.0
1983-11-01 00:00:00-05:00,0.0,4.213267683982849,3.8891701698303223,3.8891701698303223,167,0.0,0.0
1983-11-02 00:00:00-05:00,3.8891701698303223,3.8891701698303223,3.8891701698303223,3.8891701698303223,0,0.0,0.0
1983-11-03 00:00:00-05:00,0.0,4.213267683982849,3.8891701698303223,3.8891701698303223,867,0.0,0.0
1983-11-04 00:00:00-05:00,0.0,4.213267683982849,3.8891701698303223,3.8891701698303223,1667,0.0,0.0
1983-11-07 00:00:00-05:00,0.0,4.051218926906586,3.8891701698303223,3.8891701698303223,500,0.0,0.0
1983-11-08 00:00:00-05:00,3.8891701698303223,3.8891701698303223,3.8891701698303223,3.8891701698303223,0,0.0,0.0
1983-11-09 00:00:00-05:00,0.0,4.0512201460925015,3.5650737285614014,3.5650737285614014,1167,0.0,0.0
1983-11-10 00:00:00-05:00,0.0,4.0512201460925015,3.5650737285614014,3.5650737285614014,633,0.0,0.0
1983-11-11 00:00:00-05:00,0.0,4.051218862118929,3.727121353149414,3.727121353149414,1000,0.0,0.0
1983-11-14 00:00:00-05:00,0.0,4.2132676166036855,3.727121353149414,3.727121353149414,100,0.0,0.0
1983-11-15 00:00:00-05:00,3.727121353149414,3.727121353149414,3.727121353149414,3.727121353149414,0,0.0,0.0
1983-11-16 00:00:00-05:00,0.0,4.2132676166036855,3.727121353149414,3.727121353149414,733,0.0,0.0
1983-11-17 00:00:00-05:00,3.727121353149414,3.727121353149414,3.727121353149414,3.727121353149414,0,0.0,0.0
1983-11-18 00:00:00-05:00,0.0,4.2132676166036855,3.727121353149414,3.727121353149414,900,0.0,0.0
1983-11-21 00:00:00-05:00,0.0,4.2132676166036855,3.727121353149414,3.727121353149414,2200,0.0,0.0
1983-11-22 00:00:00-05:00,0.0,4.2132676166036855,3.727121353149414,3.727121353149414,533,0.0,0.0
1983-11-23 00:00:00-05:00,3.727121353149414,3.727121353149414,3.727121353149414,3.727121353149414,0,0.0,0.0
1983-11-25 00:00:00-05:00,0.0,4.3753164410591125,3.8891701698303223,3.8891701698303223,667,0.0,0.0
1983-11-28 00:00:00-05:00,3.8891701698303223,3.8891701698303223,3.8891701698303223,3.8891701698303223,0,0.0,0.0
1983-11-29 00:00:00-05:00,0.0,4.699415683746338,4.3753180503845215,4.3753180503845215,1133,0.0,0.0
1983-11-30 00:00:00-05:00,0.0,4.861464500427246,4.53736686706543,4.53736686706543,800,0.0,0.0
1983-12-01 00:00:00-05:00,0.0,4.861464500427246,4.53736686706543,4.53736686706543,2267,0.0,0.0
1983-12-02 00:00:00-05:00,0.0,5.185561081458782,4.6994147300720215,4.6994147300720215,667,0.0,0.0
1983-12-05 00:00:00-05:00,0.0,5.347609935268279,5.023512363433838,5.023512363433838,1000,0.0,0.0
1983-12-06 00:00:00-05:00,0.0,5.1855611493510585,5.023512363433838,5.023512363433838,333,0.0,0.0
1983-12-07 00:00:00-05:00,0.0,5.3476094752550125,5.185560703277588,5.185560703277588,2000,0.0,0.0
1983-12-08 00:00:00-05:00,0.0,5.509659767150879,4.861464500427246,4.861464500427246,1500,0.0,0.0
1983-12-09 00:00:00-05:00,4.861464500427246,4.861464500427246,4.861464500427246,4.861464500427246,0,0.0,0.0
1983-12-12 00:00:00-05:00,4.861464500427246,4.861464500427246,4.861464500427246,4.861464500427246,0,0.0,0.0
1983-12-13 00:00:00-05:00,0.0,5.347610950469971,4.861464500427246,4.861464500427246,367,0.0,0.0
1983-12-14 00:00:00-05:00,4.861464500427246,4.861464500427246,4.861464500427246,4.861464500427246,0,0.0,0.0
1983-12-15 00:00:00-05:00,0.0,5.347610950469971,4.861464500427246,4.861464500427246,333,0.0,0.0
1983-12-16 00:00:00-05:00,4.861464500427246,4.861464500427246,4.861464500427246,4.861464500427246,0,0.0,0.0
1983-12-19 00:00:00-05:00,0.0,5.347609865254369,4.6994147300720215,4.6994147300720215,1933,0.0,0.0
1983-12-20 00:00:00-05:00,0.0,5.347610950469971,4.861464500427246,4.861464500427246,4333,0.0,0.0
1983-12-21 00:00:00-05:00,0.0,5.347610950469971,4.861464500427246,4.861464500427246,667,0.0,0.0
1983-12-22 00:00:00-05:00,0.0,5.347610950469971,4.861464500427246,4.861464500427246,1700,0.0,0.0
1983-12-23 00:00:00-05:00,0.0,5.347609935268279,5.023512363433838,5.023512363433838,333,0.0,0.0
1983-12-27 00:00:00-05:00,0.0,5.347609935268279,5.023512363433838,5.023512363433838,67,0.0,0.0
1983-12-28 00:00:00-05:00,0.0,5.5096587211855,5.023512363433838,5.023512363433838,167,0.0,0.0
1983-12-29 00:00:00-05:00,0.0,5.5096587211855,5.023512363433838,5.023512363433838,400,0.0,0.0
1983-12-30 00:00:00-05:00,0.0,5.6717070666226475,5.347609519958496,5.347609519958496,4200,0.0,0.0
1984-01-03 00:00:00-05:00,5.347609519958496,5.347609519958496,5.347609519958496,5.347609519958496,0,0.0,0.0
1984-01-04 00:00:00-05:00,0.0,5.833755839954723,5.347609519958496,5.347609519958496,933,0.0,0.0
1984-01-05 00:00:00-05:00,0.0,5.833755839954723,5.347609519958496,5.347609519958496,333,0.0,0.0
1984-01-06 00:00:00-05:00,0.0,5.833755839954723,5.347609519958496,5.347609519958496,967,0.0,0.0
1984-01-09 00:00:00-05:00,0.0,5.509658247232437,5.185560703277588,5.185560703277588,1167,0.0,0.0
1984-01-10 00:00:00-05:00,0.0,5.509658247232437,5.185560703277588,5.185560703277588,833,0.0,0.0
1984-01-11 00:00:00-05:00,0.0,5.509658247232437,5.185560703277588,5.185560703277588,333,0.0,0.0
1984-01-12 00:00:00-05:00,0.0,5.3476094752550125,5.185560703277588,5.185560703277588,833,0.0,0.0
1984-01-13 00:00:00-05:00,0.0,5.509658247232437,5.185560703277588,5.185560703277588,333,0.0,0.0
1984-01-16 00:00:00-05:00,0.0,5.833755839954723,5.347609519958496,5.347609519958496,3167,0.0,0.0
1984-01-17 00:00:00-05:00,0.0,5.671707019209862,5.185560703277588,5.185560703277588,667,0.0,0.0
1984-01-18 00:00:00-05:00,0.0,5.671707019209862,5.185560703277588,5.185560703277588,1033,0.0,0.0
1984-01-19 00:00:00-05:00,0.0,5.8337563907398895,5.5096588134765625,5.5096588134765625,2133,0.0,0.0
1984-01-20 00:00:00-05:00,0.0,5.8337563907398895,5.5096588134765625,5.5096588134765625,333,0.0,0.0
1984-01-23 00:00:00-05:00,0.0,5.8337563907398895,5.5096588134765625,5.5096588134765625,1000,0.0,0.0
1984-01-24 00:00:00-05:00,0.0,5.671707019209862,5.185560703277588,5.185560703277588,1867,0.0,0.0
1984-01-25 00:00:00-05:00,0.0,5.509658247232437,5.185560703277588,5.185560703277588,667,0.0,0.0
1984-01-26 00:00:00-05:00,0.0,5.6717070666226475,5.347609519958496,5.347609519958496,1467,0.0,0.0
1984-01-27 00:00:00-05:00,0.0,5.833755839954723,5.347609519958496,5.347609519958496,333,0.0,0.0
1984-01-30 00:00:00-05:00,0.0,5.6717070666226475,5.347609519958496,5.347609519958496,1000,0.0,0.0
1984-01-31 00:00:00-05:00,0.0,5.6717070666226475,5.347609519958496,5.347609519958496,167,0.0,0.0
1984-02-01 00:00:00-05:00,0.0,5.833755839954723,5.347609519958496,5.347609519958496,67,0.0,0.0
1984-02-02 00:00:00-05:00,0.0,5.671707019209862,5.185560703277588,5.185560703277588,3433,0.0,0.0
1984-02-03 00:00:00-05:00,0.0,5.509658247232437,5.185560703277588,5.185560703277588,2700,0.0,0.0
1984-02-06 00:00:00-05:00,0.0,5.509658247232437,5.185560703277588,5.185560703277588,333,0.0,0.0
1984-02-07 00:00:00-05:00,0.0,5.509658247232437,5.185560703277588,5.185560703277588,1000,0.0,0.0
1984-02-08 00:00:00-05:00,0.0,5.833755839954723,5.347609519958496,5.347609519958496,0,0.0,0.0
1984-02-09 00:00:00-05:00,0.0,5.6717070666226475,5.347609519958496,5.347609519958496,67,0.0,0.0
1984-02-10 00:00:00-05:00,0.0,5.8337563907398895,5.5096588134765625,5.5096588134765625,333,0.0,0.0
1984-02-13 00:00:00-05:00,0.0,5.6717070666226475,5.347609519958496,5.347609519958496,333,0.0,0.0
1984-02-14 00:00:00-05:00,0.0,5.6717070666226475,5.347609519958496,5.347609519958496,500,0.0,0.0
1984-02-15 00:00:00-05:00,0.0,5.8337563907398895,5.5096588134765625,5.5096588134765625,433,0.0,0.0
1984-02-16 00:00:00-05:00,5.5096588134765625,5.5096588134765625,5.5096588134765625,5.5096588134765625,0,0.0,0.0
1984-02-17 00:00:00-05:00,0.0,5.833755839954723,5.347609519958496,5.347609519958496,1000,0.0,0.0
1984-02-21 00:00:00-05:00,0.0,5.833755839954723,5.347609519958496,5.347609519958496,167,0.0,0.0
1984-02-22 00:00:00-05:00,0.0,5.833755839954723,5.347609519958496,5.347609519958496,333,0.0,0.0
1984-02-23 00:00:00-05:00,5.347609519958496,5.347609519958496,5.347609519958496,5.347609519958496,0,0.0,0.0
1984-02-24 00:00:00-05:00,0.0,5.6717070666226475,5.347609519958496,5.347609519958496,367,0.0,0.0
1984-02-27 00:00:00-05:00,0.0,5.6717070666226475,5.347609519958496,5.347609519958496,700,0.0,0.0
1984-02-28 00:00:00-05:00,5.347609519958496,5.347609519958496,5.347609519958496,5.347609519958496,0,0.0,0.0
1984-02-29 00:00:00-05:00,0.0,5.6717070666226475,5.347609519958496,5.347609519958496,1100,0.0,0.0
1984-03-01 00:00:00-05:00,5.347609519958496,5.347609519958496,5.347609519958496,5.347609519958496,0,0.0,0.0
1984-03-02 00:00:00-05:00,0.0,5.6717070666226475,5.347609519958496,5.347609519958496,67,0.0,0.0
1984-03-05 00:00:00-05:00,0.0,5.995804613286798,5.347609519958496,5.347609519958496,167,0.0,0.0
1984-03-06 00:00:00-05:00,0.0,5.6717070666226475,5.347609519958496,5.347609519958496,100,0.0,0.0
1984-03-07 00:00:00-05:00,0.0,5.6717070666226475,5.347609519958496,5.347609519958496,167,0.0,0.0
1984-03-08 00:00:00-05:00,5.347609519958496,5.347609519958496,5.347609519958496,5.347609519958496,0,0.0,0.0
1984-03-09 00:00:00-05:00,5.347609519958496,5.347609519958496,5.347609519958496,5.347609519958496,0,0.0,0.0
1984-03-12 00:00:00-05:00,0.0,5.5096587211855,5.023512363433838,5.023512363433838,500,0.0,0.0
1984-03-13 00:00:00-05:00,5.023512363433838,5.023512363433838,5.023512363433838,5.023512363433838,0,0.0,0.0
1984-03-14 00:00:00-05:00,0.0,5.347609935268279,5.023512363433838,5.023512363433838,100,0.0,0.0
1984-03-15 00:00:00-05:00,0.0,5.347609935268279,5.023512363433838,5.023512363433838,100,0.0,0.0
1984-03-16 00:00:00-05:00,5.023512363433838,5.023512363433838,5.023512363433838,5.023512363433838,0,0.0,0.0
1984-03-19 00:00:00-05:00,0.0,5.347610950469971,4.861464500427246,4.861464500427246,333,0.0,0.0
1984-03-20 00:00:00-05:00,4.861464500427246,4.861464500427246,4.861464500427246,4.861464500427246,0,0.0,0.0
1984-03-21 00:00:00-05:00,4.861464500427246,4.861464500427246,4.861464500427246,4.861464500427246,0,0.0,0.0
1984-03-22 00:00:00-05:00,0.0,5.347610950469971,4.861464500427246,4.861464500427246,167,0.0,0.0
1984-03-23 00:00:00-05:00,4.861464500427246,4.861464500427246,4.861464500427246,4.861464500427246,0,0.0,0.0
1984-03-26 00:00:00-05:00,0.0,4.861464500427246,4.53736686706543,4.53736686706543,2933,0.0,0.0
1984-03-27 00:00:00-05:00,0.0,4.861464500427246,4.53736686706543,4.53736686706543,167,0.0,0.0
1984-03-28 00:00:00-05:00,0.0,5.023513317108154,4.53736686706543,4.53736686706543,1333,0.0,0.0
1984-03-29 00:00:00-05:00,4.53736686706543,4.53736686706543,4.53736686706543,4.53736686706543,0,0.0,0.0
1984-03-30 00:00:00-05:00,0.0,5.1855621337890625,4.861464500427246,4.861464500427246,167,0.0,0.0
1984-04-02 00:00:00-05:00,0.0,5.1855621337890625,4.861464500427246,4.861464500427246,333,0.0,0.0
1984-04-03 00:00:00-05:00,0.0,5.023513317108154,4.861464500427246,4.861464500427246,2100,0.0,0.0
1984-04-04 00:00:00-05:00,0.0,5.347610950469971,4.861464500427246,4.861464500427246,2000,0.0,0.0
1984-04-05 00:00:00-05:00,0.0,5.347610950469971,4.861464500427246,4.861464500427246,167,0.0,0.0
1984-04-06 00:00:00-05:00,0.0,5.347610950469971,4.861464500427246,4.861464500427246,0,0.0,0.0
1984-04-09 00:00:00-05:00,4.861464500427246,4.861464500427246,4.861464500427246,4.861464500427246,0,0.0,0.0
1984-04-10 00:00:00-05:00,4.861464500427246,4.861464500427246,4.861464500427246,4.861464500427246,0,0.0,0.0
1984-04-11 00:00:00-05:00,0.0,5.347610950469971,4.861464500427246,4.861464500427246,333,0.0,0.0
1984-04-12 00:00:00-05:00,0.0,5.1855621337890625,4.861464500427246,4.861464500427246,500,0.0,0.0
1984-04-13 00:00:00-05:00,0.0,5.347609935268279,5.023512363433838,5.023512363433838,200,0.0,0.0
1984-04-16 00:00:00-05:00,0.0,5.347609935268279,5.023512363433838,5.023512363433838,1167,0.0,0.0
1984-04-17 00:00:00-05:00,0.0,5.347609935268279,5.023512363433838,5.023512363433838,433,0.0,0.0
1984-04-18 00:00:00-05:00,5.023512363433838,5.023512363433838,5.023512363433838,5.023512363433838,0,0.0,0.0
1984-04-19 00:00:00-05:00,0.0,5.347609935268279,5.023512363433838,5.023512363433838,167,0.0,0.0
1984-04-23 00:00:00-05:00,0.0,5.347609935268279,5.023512363433838,5.023512363433838,333,0.0,0.0
1984-04-24 00:00:00-05:00,0.0,5.347609935268279,5.023512363433838,5.023512363433838,1867,0.0,0.0
1984-04-25 00:00:00-05:00,0.0,5.347609935268279,5.023512363433838,5.023512363433838,333,0.0,0.0
1984-04-26 00:00:00-05:00,0.0,5.347609935268279,5.023512363433838,5.023512363433838,600,0.0,0.0
1984-04-27 00:00:00-05:00,0.0,5.347609935268279,5.023512363433838,5.023512363433838,333,0.0,0.0
1984-04-30 00:00:00-04:00,5.023512363433838,5.023512363433838,5.023512363433838,5.023512363433838,0,0.0,0.0
1984-05-01 00:00:00-04:00,5.023512363433838,5.023512363433838,5.023512363433838,5.023512363433838,0,0.0,0.0
1984-05-02 00:00:00-04:00,0.0,5.347609935268279,5.023512363433838,5.023512363433838,500,0.0,0.0
1984-05-03 00:00:00-04:00,0.0,5.3476094752550125,5.185560703277588,5.185560703277588,1000,0.0,0.0
1984-05-04 00:00:00-04:00,0.0,5.347609935268279,5.023512363433838,5.023512363433838,333,0.0,0.0
1984-05-07 00:00:00-04:00,0.0,5.347609935268279,5.023512363433838,5.023512363433838,833,0.0,0.0
1984-05-08 00:00:00-04:00,0.0,5.1855621337890625,4.861464500427246,4.861464500427246,900,0.0,0.0
1984-05-09 00:00:00-04:00,4.861464500427246,4.861464500427246,4.861464500427246,4.861464500427246,0,0.0,0.0
1984-05-10 00:00:00-04:00,0.0,5.1855621337890625,4.861464500427246,4.861464500427246,367,0.0,0.0
1984-05-11 00:00:00-04:00,4.861464500427246,4.861464500427246,4.861464500427246,4.861464500427246,0,0.0,0.0
1984-05-14 00:00:00-04:00,0.0,5.1855621337890625,4.861464500427246,4.861464500427246,1500,0.0,0.0
1984-05-15 00:00:00-04:00,0.0,5.023513317108154,4.861464500427246,4.861464500427246,533,0.0,0.0
1984-05-16 00:00:00-04:00,0.0,5.023512297663195,4.6994147300720215,4.6994147300720215,1000,0.0,0.0
1984-05-17 00:00:00-04:00,0.0,5.023513317108154,4.53736686706543,4.53736686706543,167,0.0,0.0
1984-05-18 00:00:00-04:00,0.0,5.023513317108154,4.53736686706543,4.53736686706543,100,0.0,0.0
1984-05-21 00:00:00-04:00,0.0,5.023513317108154,4.53736686706543,4.53736686706543,333,0.0,0.0
1984-05-22 00:00:00-04:00,0.0,5.023512297663195,4.6994147300720215,4.6994147300720215,367,0.0,0.0
1984-05-23 00:00:00-04:00,4.6994147300720215,4.6994147300720215,4.6994147300720215,4.6994147300720215,0,0.0,0.0
1984-05-24 00:00:00-04:00,4.6994147300720215,4.6994147300720215,4.6994147300720215,4.6994147300720215,0,0.0,0.0
1984-05-25 00:00:00-04:00,0.0,5.023513317108154,4.53736686706543,4.53736686706543,1167,0.0,0.0
1984-05-29 00:00:00-04:00,4.53736686706543,4.53736686706543,4.53736686706543,4.53736686706543,0,0.0,0.0
1984-05-30 00:00:00-04:00,4.53736686706543,4.53736686706543,4.53736686706543,4.53736686706543,0,0.0,0.0
1984-05-31 00:00:00-04:00,0.0,4.861464500427246,4.53736686706543,4.53736686706543,2067,0.0,0.0
1984-06-01 00:00:00-04:00,4.53736686706543,4.53736686706543,4.53736686706543,4.53736686706543,0,0.0,0.0
1984-06-04 00:00:00-04:00,4.53736686706543,4.53736686706543,4.53736686706543,4.53736686706543,0,0.0,0.0
1984-06-05 00:00:00-04:00,0.0,4.861464500427246,4.53736686706543,4.53736686706543,533,0.0,0.0
1984-06-06 00:00:00-04:00,0.0,4.861464500427246,4.53736686706543,4.53736686706543,67,0.0,0.0
1984-06-07 00:00:00-04:00,0.0,4.861464500427246,4.53736686706543,4.53736686706543,167,0.0,0.0
1984-06-08 00:00:00-04:00,0.0,4.699415683746338,4.53736686706543,4.53736686706543,667,0.0,0.0
1984-06-11 00:00:00-04:00,0.0,4.861464500427246,4.53736686706543,4.53736686706543,33,0.0,0.0
1984-06-12 00:00:00-04:00,0.0,4.699415683746338,4.53736686706543,4.53736686706543,1333,0.0,0.0
1984-06-13 00:00:00-04:00,4.53736686706543,4.53736686706543,4.53736686706543,4.53736686706543,0,0.0,0.0
1984-06-14 00:00:00-04:00,0.0,4.53736584003155,4.213268280029297,4.213268280029297,833,0.0,0.0
1984-06-15 00:00:00-04:00,0.0,4.53736584003155,4.213268280029297,4.213268280029297,200,0.0,0.0
1984-06-18 00:00:00-04:00,4.213268280029297,4.213268280029297,4.213268280029297,4.213268280029297,0,0.0,0.0
1984-06-19 00:00:00-04:00,0.0,4.375316505432129,4.0512189865112305,4.0512189865112305,333,0.0,0.0
1984-06-20 00:00:00-04:00,0.0,4.375316505432129,4.0512189865112305,4.0512189865112305,333,0.0,0.0
1984-06-21 00:00:00-04:00,0.0,4.375316505432129,4.0512189865112305,4.0512189865112305,2200,0.0,0.0
1984-06-22 00:00:00-04:00,0.0,4.213267683982849,3.8891701698303223,3.8891701698303223,667,0.0,0.0
1984-06-25 00:00:00-04:00,0.0,4.213267683982849,3.8891701698303223,3.8891701698303223,333,0.0,0.0
1984-06-26 00:00:00-04:00,3.8891701698303223,3.8891701698303223,3.8891701698303223,3.8891701698303223,0,0.0,0.0
1984-06-27 00:00:00-04:00,3.8891701698303223,3.8891701698303223,3.8891701698303223,3.8891701698303223,0,0.0,0.0
1984-06-28 00:00:00-04:00,3.8891701698303223,3.8891701698303223,3.8891701698303223,3.8891701698303223,0,0.0,0.0
1984-06-29 00:00:00-04:00,3.8891701698303223,3.8891701698303223,3.8891701698303223,3.8891701698303223,0,0.0,0.0
1984-07-02 00:00:00-04:00,3.8891701698303223,3.8891701698303223,3.8891701698303223,3.8891701698303223,0,0.0,0.0
1984-07-03 00:00:00-04:00,0.0,4.051218862118929,3.727121353149414,3.727121353149414,833,0.0,0.0
1984-07-05 00:00:00-04:00,0.0,3.8891713402488017,3.5650737285614014,3.5650737285614014,733,0.0,0.0
1984-07-06 00:00:00-04:00,0.0,3.8891713402488017,3.5650737285614014,3.5650737285614014,67,0.0,0.0
1984-07-09 00:00:00-04:00,0.0,3.727121686935425,3.2409753799438477,3.2409753799438477,400,0.0,0.0
1984-07-10 00:00:00-04:00,0.0,3.727121686935425,3.2409753799438477,3.2409753799438477,433,0.0,0.0
1984-07-11 00:00:00-04:00,0.0,3.5650729179382323,3.2409753799438477,3.2409753799438477,433,0.0,0.0
1984-07-12 00:00:00-04:00,0.0,3.5650729179382323,3.2409753799438477,3.2409753799438477,6000,0.0,0.0
1984-07-13 00:00:00-04:00,0.0,3.5650729179382323,3.2409753799438477,3.2409753799438477,500,0.0,0.0
1984-07-16 00:00:00-04:00,0.0,3.4030251502990723,3.078927516937256,3.078927516937256,3300,0.0,0.0
1984-07-17 00:00:00-04:00,0.0,3.240976333618164,3.078927516937256,3.078927516937256,3433,0.0,0.0
1984-07-18 00:00:00-04:00,3.078927516937256,3.078927516937256,3.078927516937256,3.078927516937256,0,0.0,0.0
1984-07-19 00:00:00-04:00,3.078927516937256,3.078927516937256,3.078927516937256,3.078927516937256,0,0.0,0.0
1984-07-20 00:00:00-04:00,0.0,3.240976333618164,3.078927516937256,3.078927516937256,1000,0.0,0.0
1984-07-23 00:00:00-04:00,0.0,3.4030251502990723,3.078927516937256,3.078927516937256,33,0.0,0.0
1984-07-24 00:00:00-04:00,0.0,3.4030251502990723,3.078927516937256,3.078927516937256,2000,0.0,0.0
1984-07-25 00:00:00-04:00,0.0,3.240976333618164,3.078927516937256,3.078927516937256,667,0.0,0.0
1984-07-26 00:00:00-04:00,0.0,3.240976333618164,3.078927516937256,3.078927516937256,1000,0.0,0.0
1984-07-27 00:00:00-04:00,0.0,3.40302414894104,3.2409753799438477,3.2409753799438477,500,0.0,0.0
1984-07-30 00:00:00-04:00,0.0,3.40302414894104,3.2409753799438477,3.2409753799438477,167,0.0,0.0
1984-07-31 00:00:00-04:00,0.0,3.40302414894104,3.2409753799438477,3.2409753799438477,667,0.0,0.0
1984-08-01 00:00:00-04:00,3.2409753799438477,3.2409753799438477,3.2409753799438477,3.2409753799438477,0,0.0,0.0
1984-08-02 00:00:00-04:00,0.0,3.5650732176644464,3.403024435043335,3.403024435043335,667,0.0,0.0
1984-08-03 00:00:00-04:00,0.0,3.7271220002855574,3.403024435043335,3.403024435043335,367,0.0,0.0
1984-08-06 00:00:00-04:00,0.0,3.7271220002855574,3.403024435043335,3.403024435043335,333,0.0,0.0
1984-08-07 00:00:00-04:00,0.0,3.7271220002855574,3.403024435043335,3.403024435043335,233,0.0,0.0
1984-08-08 00:00:00-04:00,3.403024435043335,3.403024435043335,3.403024435043335,3.403024435043335,0,0.0,0.0
1984-08-09 00:00:00-04:00,0.0,3.5650732176644464,3.403024435043335,3.403024435043335,667,0.0,0.0
1984-08-10 00:00:00-04:00,3.403024435043335,3.403024435043335,3.403024435043335,3.403024435043335,0,0.0,0.0
1984-08-13 00:00:00-04:00,3.403024435043335,3.403024435043335,3.403024435043335,3.403024435043335,0,0.0,0.0
1984-08-14 00:00:00-04:00,0.0,3.40302414894104,3.2409753799438477,3.2409753799438477,167,0.0,0.0
1984-08-15 00:00:00-04:00,3.2409753799438477,3.2409753799438477,3.2409753799438477,3.2409753799438477,0,0.0,0.0
1984-08-16 00:00:00-04:00,0.0,3.4030251502990723,3.078927516937256,3.078927516937256,900,0.0,0.0
1984-08-17 00:00:00-04:00,3.078927516937256,3.078927516937256,3.078927516937256,3.078927516937256,0,0.0,0.0
1984-08-20 00:00:00-04:00,0.0,3.4030251502990723,3.078927516937256,3.078927516937256,1400,0.0,0.0
1984-08-21 00:00:00-04:00,0.0,3.40302414894104,3.2409753799438477,3.2409753799438477,333,0.0,0.0
1984-08-22 00:00:00-04:00,3.2409753799438477,3.2409753799438477,3.2409753799438477,3.2409753799438477,0,0.0,0.0
1984-08-23 00:00:00-04:00,0.0,3.5650739669799805,3.078927516937256,3.078927516937256,1333,0.0,0.0
1984-08-24 00:00:00-04:00,0.0,3.5650739669799805,3.078927516937256,3.078927516937256,500,0.0,0.0
1984-08-27 00:00:00-04:00,0.0,3.240976333618164,3.078927516937256,3.078927516937256,333,0.0,0.0
1984-08-28 00:00:00-04:00,3.078927516937256,3.078927516937256,3.078927516937256,3.078927516937256,0,0.0,0.0
1984-08-29 00:00:00-04:00,3.078927516937256,3.078927516937256,3.078927516937256,3.078927516937256,0,0.0,0.0
1984-08-30 00:00:00-04:00,3.078927516937256,3.078927516937256,3.078927516937256,3.078927516937256,0,0.0,0.0
1984-08-31 00:00:00-04:00,0.0,3.4030251502990723,3.078927516937256,3.078927516937256,167,0.0,0.0
1984-09-04 00:00:00-04:00,0.0,3.4030251502990723,3.078927516937256,3.078927516937256,667,0.0,0.0
1984-09-05 00:00:00-04:00,0.0,3.4030251502990723,3.078927516937256,3.078927516937256,33,0.0,0.0
1984-09-06 00:00:00-04:00,3.078927516937256,3.078927516937256,3.078927516937256,3.078927516937256,0,0.0,0.0
1984-09-07 00:00:00-04:00,0.0,3.4030251502990723,3.078927516937256,3.078927516937256,1667,0.0,0.0
1984-09-10 00:00:00-04:00,0.0,3.4030251502990723,3.078927516937256,3.078927516937256,2000,0.0,0.0
1984-09-11 00:00:00-04:00,0.0,3.4030251502990723,3.078927516937256,3.078927516937256,667,0.0,0.0
1984-09-12 00:00:00-04:00,0.0,3.4030251502990723,3.078927516937256,3.078927516937256,333,0.0,0.0
1984-09-13 00:00:00-04:00,0.0,3.240976333618164,3.078927516937256,3.078927516937256,767,0.0,0.0
1984-09-14 00:00:00-04:00,0.0,3.240976333618164,3.078927516937256,3.078927516937256,367,0.0,0.0
1984-09-17 00:00:00-04:00,0.0,3.2409755388895674,2.9168779850006104,2.9168779850006104,1233,0.0,0.0
1984-09-18 00:00:00-04:00,2.9168779850006104,2.9168779850006104,2.9168779850006104,2.9168779850006104,0,0.0,0.0
1984-09-19 00:00:00-04:00,0.0,3.2409755388895674,2.9168779850006104,2.9168779850006104,167,0.0,0.0
1984-09-20 00:00:00-04:00,0.0,3.2409755388895674,2.9168779850006104,2.9168779850006104,833,0.0,0.0
1984-09-21 00:00:00-04:00,2.9168779850006104,2.9168779850006104,2.9168779850006104,2.9168779850006104,0,0.0,0.0
1984-09-24 00:00:00-04:00,2.9168779850006104,2.9168779850006104,2.9168779850006104,2.9168779850006104,0,0.0,0.0
1984-09-25 00:00:00-04:00,2.9168779850006104,2.9168779850006104,2.9168779850006104,2.9168779850006104,0,0.0,0.0
1984-09-26 00:00:00-04:00,2.9168779850006104,2.9168779850006104,2.9168779850006104,2.9168779850006104,0,0.0,0.0
1984-09-27 00:00:00-04:00,2.9168779850006104,2.9168779850006104,2.9168779850006104,2.9168779850006104,0,0.0,0.0
1984-09-28 00:00:00-04:00,0.0,3.2409755388895674,2.9168779850006104,2.9168779850006104,2000,0.0,0.0
1984-10-01 00:00:00-04:00,2.9168779850006104,2.9168779850006104,2.9168779850006104,2.9168779850006104,0,0.0,0.0
1984-10-02 00:00:00-04:00,2.9168779850006104,2.9168779850006104,2.9168779850006104,2.9168779850006104,0,0.0,0.0
1984-10-03 00:00:00-04:00,2.9168779850006104,2.9168779850006104,2.9168779850006104,2.9168779850006104,0,0.0,0.0
1984-10-04 00:00:00-04:00,2.9168779850006104,2.9168779850006104,2.9168779850006104,2.9168779850006104,0,0.0,0.0
1984-10-05 00:00:00-04:00,2.9168779850006104,2.9168779850006104,2.9168779850006104,2.9168779850006104,0,0.0,0.0
1984-10-08 00:00:00-04:00,2.9168779850006104,2.9168779850006104,2.9168779850006104,2.9168779850006104,0,0.0,0.0
1984-10-09 00:00:00-04:00,2.9168779850006104,2.9168779850006104,2.9168779850006104,2.9168779850006104,0,0.0,0.0
1984-10-10 00:00:00-04:00,2.9168779850006104,2.9168779850006104,2.9168779850006104,2.9168779850006104,0,0.0,0.0
1984-10-11 00:00:00-04:00,0.0,3.0789269840016082,2.7548294067382812,2.7548294067382812,667,0.0,0.0
1984-10-12 00:00:00-04:00,0.0,3.0789269840016082,2.7548294067382812,2.7548294067382812,333,0.0,0.0
1984-10-15 00:00:00-04:00,2.7548294067382812,2.7548294067382812,2.7548294067382812,2.7548294067382812,0,0.0,0.0
1984-10-16 00:00:00-04:00,0.0,3.078926667571068,2.592780351638794,2.592780351638794,267,0.0,0.0
1984-10-17 00:00:00-04:00,0.0,3.0789269840016082,2.7548294067382812,2.7548294067382812,667,0.0,0.0
1984-10-18 00:00:00-04:00,2.7548294067382812,2.7548294067382812,2.7548294067382812,2.7548294067382812,0,0.0,0.0
1984-10-19 00:00:00-04:00,0.0,3.0789269840016082,2.7548294067382812,2.7548294067382812,500,0.0,0.0
1984-10-22 00:00:00-04:00,0.0,3.0789269840016082,2.7548294067382812,2.7548294067382812,333,0.0,0.0
1984-10-23 00:00:00-04:00,0.0,2.916877895593643,2.592780351638794,2.592780351638794,1667,0.0,0.0
1984-10-24 00:00:00-04:00,2.592780351638794,2.592780351638794,2.592780351638794,2.592780351638794,0,0.0,0.0
1984-10-25 00:00:00-04:00,0.0,2.9168787002563477,2.430732250213623,2.430732250213623,167,0.0,0.0
1984-10-26 00:00:00-04:00,0.0,2.9168787002563477,2.430732250213623,2.430732250213623,3333,0.0,0.0
1984-10-29 00:00:00-05:00,0.0,2.9168787002563477,2.430732250213623,2.430732250213623,1900,0.0,0.0
1984-10-30 00:00:00-05:00,0.0,2.916877895593643,2.592780351638794,2.592780351638794,3000,0.0,0.0
1984-10-31 00:00:00-05:00,0.0,2.916877895593643,2.592780351638794,2.592780351638794,1667,0.0,0.0
1984-11-01 00:00:00-05:00,0.0,3.078926761945089,2.9168779850006104,2.9168779850006104,1333,0.0,0.0
1984-11-02 00:00:00-05:00,0.0,3.4030243158340454,2.9168779850006104,2.9168779850006104,2033,0.0,0.0
1984-11-05 00:00:00-05:00,0.0,3.4030243158340454,2.9168779850006104,2.9168779850006104,167,0.0,0.0
1984-11-06 00:00:00-05:00,0.0,3.4030243158340454,2.9168779850006104,2.9168779850006104,133,0.0,0.0
1984-11-07 00:00:00-05:00,0.0,3.4030251502990723,3.078927516937256,3.078927516937256,400,0.0,0.0
1984-11-08 00:00:00-05:00,3.078927516937256,3.078927516937256,3.078927516937256,3.078927516937256,0,0.0,0.0
1984-11-09 00:00:00-05:00,0.0,3.240976333618164,3.078927516937256,3.078927516937256,1867,0.0,0.0
1984-11-12 00:00:00-05:00,0.0,3.240976333618164,3.078927516937256,3.078927516937256,267,0.0,0.0
1984-11-13 00:00:00-05:00,0.0,3.240976333618164,3.078927516937256,3.078927516937256,1000,0.0,0.0
1984-11-14 00:00:00-05:00,0.0,3.240976333618164,3.078927516937256,3.078927516937256,433,0.0,0.0
1984-11-15 00:00:00-05:00,0.0,3.240976333618164,3.078927516937256,3.078927516937256,1167,0.0,0.0
1984-11-16 00:00:00-05:00,0.0,3.2409755388895674,2.9168779850006104,2.9168779850006104,100,0.0,0.0
1984-11-19 00:00:00-05:00,2.9168779850006104,2.9168779850006104,2.9168779850006104,2.9168779850006104,0,0.0,0.0
1984-11-20 00:00:00-05:00,0.0,3.078926761945089,2.9168779850006104,2.9168779850006104,1333,0.0,0.0
1984-11-21 00:00:00-05:00,0.0,3.078926761945089,2.9168779850006104,2.9168779850006104,233,0.0,0.0
1984-11-23 00:00:00-05:00,2.9168779850006104,2.9168779850006104,2.9168779850006104,2.9168779850006104,0,0.0,0.0
1984-11-26 00:00:00-05:00,0.0,3.078926761945089,2.9168779850006104,2.9168779850006104,333,0.0,0.0
1984-11-27 00:00:00-05:00,2.9168779850006104,2.9168779850006104,2.9168779850006104,2.9168779850006104,0,0.0,0.0
1984-11-28 00:00:00-05:00,0.0,2.916877895593643,2.592780351638794,2.592780351638794,1600,0.0,0.0
1984-11-29 00:00:00-05:00,2.592780351638794,2.592780351638794,2.592780351638794,2.592780351638794,0,0.0,0.0
1984-11-30 00:00:00-05:00,0.0,2.916877895593643,2.592780351638794,2.592780351638794,200,0.0,0.0
1984-12-03 00:00:00-05:00,2.592780351638794,2.592780351638794,2.592780351638794,2.592780351638794,0,0.0,0.0
1984-12-04 00:00:00-05:00,0.0,2.916877895593643,2.592780351638794,2.592780351638794,1533,0.0,0.0
1984-12-05 00:00:00-05:00,0.0,2.7548298835754395,2.430732250213623,2.430732250213623,1433,0.0,0.0
1984-12-06 00:00:00-05:00,2.430732250213623,2.430732250213623,2.430732250213623,2.430732250213623,0,0.0,0.0
1984-12-07 00:00:00-05:00,0.0,2.7548298835754395,2.430732250213623,2.430732250213623,33,0.0,0.0
1984-12-10 00:00:00-05:00,0.0,2.7548298835754395,2.430732250213623,2.430732250213623,500,0.0,0.0
1984-12-11 00:00:00-05:00,0.0,2.5927810668945312,2.430732250213623,2.430732250213623,4567,0.0,0.0
1984-12-12 00:00:00-05:00,0.0,2.7548298835754395,2.430732250213623,2.430732250213623,2333,0.0,0.0
1984-12-13 00:00:00-05:00,2.430732250213623,2.430732250213623,2.430732250213623,2.430732250213623,0,0.0,0.0
1984-12-14 00:00:00-05:00,2.430732250213623,2.430732250213623,2.430732250213623,2.430732250213623,0,0.0,0.0
1984-12-17 00:00:00-05:00,0.0,2.5927810668945312,2.430732250213623,2.430732250213623,333,0.0,0.0
1984-12-18 00:00:00-05:00,2.430732250213623,2.430732250213623,2.430732250213623,2.430732250213623,0,0.0,0.0
1984-12-19 00:00:00-05:00,0.0,2.5927810668945312,2.430732250213623,2.430732250213623,1667,0.0,0.0
1984-12-20 00:00:00-05:00,0.0,2.9168781953699447,2.7548294067382812,2.7548294067382812,1400,0.0,0.0
1984-12-21 00:00:00-05:00,2.7548294067382812,2.7548294067382812,2.7548294067382812,2.7548294067382812,0,0.0,0.0
1984-12-24 00:00:00-05:00,0.0,3.0789269840016082,2.7548294067382812,2.7548294067382812,2433,0.0,0.0
1984-12-26 00:00:00-05:00,2.7548294067382812,2.7548294067382812,2.7548294067382812,2.7548294067382812,0,0.0,0.0
1984-12-27 00:00:00-05:00,0.0,3.078926761945089,2.9168779850006104,2.9168779850006104,167,0.0,0.0
1984-12-28 00:00:00-05:00,2.9168779850006104,2.9168779850006104,2.9168779850006104,2.9168779850006104,0,0.0,0.0
1984-12-31 00:00:00-05:00,0.0,3.078926761945089,2.9168779850006104,2.9168779850006104,767,0.0,0.0
1985-01-02 00:00:00-05:00,0.0,3.078926761945089,2.9168779850006104,2.9168779850006104,333,0.0,0.0
1985-01-03 00:00:00-05:00,0.0,3.240975772633272,2.7548294067382812,2.7548294067382812,1733,0.0,0.0
1985-01-04 00:00:00-05:00,0.0,3.0789269840016082,2.7548294067382812,2.7548294067382812,2167,0.0,0.0
1985-01-07 00:00:00-05:00,0.0,3.078926667571068,2.592780351638794,2.592780351638794,667,0.0,0.0
1985-01-08 00:00:00-05:00,2.592780351638794,2.592780351638794,2.592780351638794,2.592780351638794,0,0.0,0.0
1985-01-09 00:00:00-05:00,2.592780351638794,2.592780351638794,2.592780351638794,2.592780351638794,0,0.0,0.0
1985-01-10 00:00:00-05:00,0.0,3.2409755388895674,2.9168779850006104,2.9168779850006104,400,0.0,0.0
1985-01-11 00:00:00-05:00,0.0,3.2409755388895674,2.9168779850006104,2.9168779850006104,100,0.0,0.0
1985-01-14 00:00:00-05:00,2.9168779850006104,2.9168779850006104,2.9168779850006104,2.9168779850006104,0,0.0,0.0
1985-01-15 00:00:00-05:00,2.9168779850006104,2.9168779850006104,2.9168779850006104,2.9168779850006104,0,0.0,0.0
1985-01-16 00:00:00-05:00,2.9168779850006104,2.9168779850006104,2.9168779850006104,2.9168779850006104,0,0.0,0.0
1985-01-17 00:00:00-05:00,0.0,3.0789269840016082,2.7548294067382812,2.7548294067382812,333,0.0,0.0
1985-01-18 00:00:00-05:00,0.0,3.0789269840016082,2.7548294067382812,2.7548294067382812,333,0.0,0.0
1985-01-21 00:00:00-05:00,0.0,3.0789269840016082,2.7548294067382812,2.7548294067382812,167,0.0,0.0
1985-01-22 00:00:00-05:00,2.7548294067382812,2.7548294067382812,2.7548294067382812,2.7548294067382812,0,0.0,0.0
1985-01-23 00:00:00-05:00,2.7548294067382812,2.7548294067382812,2.7548294067382812,2.7548294067382812,0,0.0,0.0
1985-01-24 00:00:00-05:00,2.7548294067382812,2.7548294067382812,2.7548294067382812,2.7548294067382812,0,0.0,0.0
1985-01-25 00:00:00-05:00,2.7548294067382812,2.7548294067382812,2.7548294067382812,2.7548294067382812,0,0.0,0.0
1985-01-28 00:00:00-05:00,2.7548294067382812,2.7548294067382812,2.7548294067382812,2.7548294067382812,0,0.0,0.0
1985-01-29 00:00:00-05:00,0.0,2.9168781953699447,2.7548294067382812,2.7548294067382812,1000,0.0,0.0
1985-01-30 00:00:00-05:00,0.0,2.916877895593643,2.592780351638794,2.592780351638794,1600,0.0,0.0
1985-01-31 00:00:00-05:00,0.0,2.916877895593643,2.592780351638794,2.592780351638794,33,0.0,0.0
1985-02-01 00:00:00-05:00,0.0,2.916877895593643,2.592780351638794,2.592780351638794,2667,0.0,0.0
1985-02-04 00:00:00-05:00,0.0,2.916877895593643,2.592780351638794,2.592780351638794,667,0.0,0.0
1985-02-05 00:00:00-05:00,2.592780351638794,2.592780351638794,2.592780351638794,2.592780351638794,0,0.0,0.0
1985-02-06 00:00:00-05:00,2.592780351638794,2.592780351638794,2.592780351638794,2.592780351638794,0,0.0,0.0
1985-02-07 00:00:00-05:00,0.0,2.916877895593643,2.592780351638794,2.592780351638794,333,0.0,0.0
1985-02-08 00:00:00-05:00,2.592780351638794,2.592780351638794,2.592780351638794,2.592780351638794,0,0.0,0.0
1985-02-11 00:00:00-05:00,2.592780351638794,2.592780351638794,2.592780351638794,2.592780351638794,0,0.0,0.0
1985-02-12 00:00:00-05:00,2.592780351638794,2.592780351638794,2.592780351638794,2.592780351638794,0,0.0,0.0
1985-02-13 00:00:00-05:00,0.0,2.7548291236162186,2.592780351638794,2.592780351638794,100,0.0,0.0
1985-02-14 00:00:00-05:00,0.0,2.7548291236162186,2.592780351638794,2.592780351638794,667,0.0,0.0
1985-02-15 00:00:00-05:00,0.0,2.7548291236162186,2.592780351638794,2.592780351638794,333,0.0,0.0
1985-02-19 00:00:00-05:00,0.0,2.7548291236162186,2.592780351638794,2.592780351638794,33,0.0,0.0
1985-02-20 00:00:00-05:00,0.0,2.7548291236162186,2.592780351638794,2.592780351638794,667,0.0,0.0
1985-02-21 00:00:00-05:00,2.592780351638794,2.592780351638794,2.592780351638794,2.592780351638794,0,0.0,0.0
1985-02-22 00:00:00-05:00,2.592780351638794,2.592780351638794,2.592780351638794,2.592780351638794,0,0.0,0.0
1985-02-25 00:00:00-05:00,2.592780351638794,2.592780351638794,2.592780351638794,2.592780351638794,0,0.0,0.0
1985-02-26 00:00:00-05:00,0.0,2.7548291236162186,2.592780351638794,2.592780351638794,100,0.0,0.0
1985-02-27 00:00:00-05:00,0.0,3.2409755388895674,2.9168779850006104,2.9168779850006104,2300,0.0,0.0
1985-02-28 00:00:00-05:00,0.0,3.240976333618164,3.078927516937256,3.078927516937256,567,0.0,0.0
1985-03-01 00:00:00-05:00,0.0,3.240976333618164,3.078927516937256,3.078927516937256,367,0.0,0.0
1985-03-04 00:00:00-05:00,0.0,3.2409755388895674,2.9168779850006104,2.9168779850006104,1200,0.0,0.0
1985-03-05 00:00:00-05:00,0.0,3.078926761945089,2.9168779850006104,2.9168779850006104,700,0.0,0.0
1985-03-06 00:00:00-05:00,0.0,3.0789269840016082,2.7548294067382812,2.7548294067382812,1000,0.0,0.0
1985-03-07 00:00:00-05:00,0.0,3.2409755388895674,2.9168779850006104,2.9168779850006104,1800,0.0,0.0
1985-03-08 00:00:00-05:00,0.0,3.240976333618164,3.078927516937256,3.078927516937256,167,0.0,0.0
1985-03-11 00:00:00-05:00,0.0,3.2409755388895674,2.9168779850006104,2.9168779850006104,800,0.0,0.0
1985-03-12 00:00:00-05:00,2.9168779850006104,2.9168779850006104,2.9168779850006104,2.9168779850006104,0,0.0,0.0
1985-03-13 00:00:00-05:00,0.0,3.240975772633272,2.7548294067382812,2.7548294067382812,500,0.0,0.0
1985-03-14 00:00:00-05:00,0.0,3.240975772633272,2.7548294067382812,2.7548294067382812,367,0.0,0.0
1985-03-15 00:00:00-05:00,0.0,3.240975772633272,2.7548294067382812,2.7548294067382812,500,0.0,0.0
1985-03-18 00:00:00-05:00,0.0,3.0789269840016082,2.7548294067382812,2.7548294067382812,1500,0.0,0.0
1985-03-19 00:00:00-05:00,0.0,3.0789269840016082,2.7548294067382812,2.7548294067382812,833,0.0,0.0
1985-03-20 00:00:00-05:00,2.7548294067382812,2.7548294067382812,2.7548294067382812,2.7548294067382812,0,0.0,0.0
1985-03-21 00:00:00-05:00,0.0,3.0789269840016082,2.7548294067382812,2.7548294067382812,833,0.0,0.0
1985-03-22 00:00:00-05:00,0.0,2.9168781953699447,2.7548294067382812,2.7548294067382812,1500,0.0,0.0
1985-03-25 00:00:00-05:00,0.0,2.9168781953699447,2.7548294067382812,2.7548294067382812,100,0.0,0.0
1985-03-26 00:00:00-05:00,0.0,2.9168781953699447,2.7548294067382812,2.7548294067382812,1333,0.0,0.0
1985-03-27 00:00:00-05:00,0.0,2.9168781953699447,2.7548294067382812,2.7548294067382812,967,0.0,0.0
1985-03-28 00:00:00-05:00,0.0,2.916877895593643,2.592780351638794,2.592780351638794,833,0.0,0.0
1985-03-29 00:00:00-05:00,0.0,2.7548291236162186,2.592780351638794,2.592780351638794,733,0.0,0.0
1985-04-01 00:00:00-05:00,0.0,2.7548298835754395,2.430732250213623,2.430732250213623,500,0.0,0.0
1985-04-02 00:00:00-05:00,0.0,2.5927810668945312,2.430732250213623,2.430732250213623,1333,0.0,0.0
1985-04-03 00:00:00-05:00,0.0,2.7548298835754395,2.430732250213623,2.430732250213623,2000,0.0,0.0
1985-04-04 00:00:00-05:00,0.0,2.7548298835754395,2.430732250213623,2.430732250213623,400,0.0,0.0
1985-04-08 00:00:00-05:00,2.430732250213623,2.430732250213623,2.430732250213623,2.430732250213623,0,0.0,0.0
1985-04-09 00:00:00-05:00,0.0,2.5927810668945312,2.430732250213623,2.430732250213623,867,0.0,0.0
1985-04-10 00:00:00-05:00,0.0,2.5927810668945312,2.430732250213623,2.430732250213623,2100,0.0,0.0
1985-04-11 00:00:00-05:00,0.0,2.7548298835754395,2.430732250213623,2.430732250213623,1100,0.0,0.0
1985-04-12 00:00:00-05:00,2.430732250213623,2.430732250213623,2.430732250213623,2.430732250213623,0,0.0,0.0
1985-04-15 00:00:00-05:00,0.0,2.7548298835754395,2.430732250213623,2.430732250213623,1167,0.0,0.0
1985-04-16 00:00:00-05:00,2.430732250213623,2.430732250213623,2.430732250213623,2.430732250213623,0,0.0,0.0
1985-04-17 00:00:00-05:00,0.0,2.5927810668945312,2.430732250213623,2.430732250213623,233,0.0,0.0
1985-04-18 00:00:00-05:00,0.0,2.7548298835754395,2.430732250213623,2.430732250213623,1633,0.0,0.0
1985-04-19 00:00:00-05:00,0.0,2.5927810668945312,2.430732250213623,2.430732250213623,1000,0.0,0.0
1985-04-22 00:00:00-05:00,2.430732250213623,2.430732250213623,2.430732250213623,2.430732250213623,0,0.0,0.0
1985-04-23 00:00:00-05:00,0.0,2.5927810668945312,2.430732250213623,2.430732250213623,1000,0.0,0.0
1985-04-24 00:00:00-05:00,2.430732250213623,2.430732250213623,2.430732250213623,2.430732250213623,0,0.0,0.0
1985-04-25 00:00:00-05:00,0.0,2.7548298835754395,2.430732250213623,2.430732250213623,1333,0.0,0.0
1985-04-26 00:00:00-05:00,2.430732250213623,2.430732250213623,2.430732250213623,2.430732250213623,0,0.0,0.0
1985-04-29 00:00:00-04:00,0.0,2.7548298835754395,2.430732250213623,2.430732250213623,2500,0.0,0.0
1985-04-30 00:00:00-04:00,0.0,2.5927810668945312,2.430732250213623,2.430732250213623,833,0.0,0.0
1985-05-01 00:00:00-04:00,2.430732250213623,2.430732250213623,2.430732250213623,2.430732250213623,0,0.0,0.0
1985-05-02 00:00:00-04:00,0.0,2.5927810668945312,2.268683433532715,2.268683433532715,1500,0.0,0.0
1985-05-03 00:00:00-04:00,0.0,2.430732250213623,2.268683433532715,2.268683433532715,3033,0.0,0.0
1985-05-06 00:00:00-04:00,2.268683433532715,2.268683433532715,2.268683433532715,2.268683433532715,0,0.0,0.0
1985-05-07 00:00:00-04:00,2.268683433532715,2.268683433532715,2.268683433532715,2.268683433532715,0,0.0,0.0
1985-05-08 00:00:00-04:00,0.0,2.430732250213623,2.268683433532715,2.268683433532715,167,0.0,0.0
1985-05-09 00:00:00-04:00,2.268683433532715,2.268683433532715,2.268683433532715,2.268683433532715,0,0.0,0.0
1985-05-10 00:00:00-04:00,2.268683433532715,2.268683433532715,2.268683433532715,2.268683433532715,0,0.0,0.0
1985-05-13 00:00:00-04:00,2.268683433532715,2.268683433532715,2.268683433532715,2.268683433532715,0,0.0,0.0
1985-05-14 00:00:00-04:00,2.268683433532715,2.268683433532715,2.268683433532715,2.268683433532715,0,0.0,0.0
1985-05-15 00:00:00-04:00,0.0,2.430732250213623,2.268683433532715,2.268683433532715,1100,0.0,0.0
1985-05-16 00:00:00-04:00,0.0,2.430732250213623,2.268683433532715,2.268683433532715,433,0.0,0.0
1985-05-17 00:00:00-04:00,0.0,2.430732250213623,2.268683433532715,2.268683433532715,3433,0.0,0.0
1985-05-20 00:00:00-04:00,0.0,2.430732250213623,2.268683433532715,2.268683433532715,2000,0.0,0.0
1985-05-21 00:00:00-04:00,0.0,2.430732250213623,2.268683433532715,2.268683433532715,2000,0.0,0.0
1985-05-22 00:00:00-04:00,2.268683433532715,2.268683433532715,2.268683433532715,2.268683433532715,0,0.0,0.0
1985-05-23 00:00:00-04:00,0.0,2.430732250213623,2.268683433532715,2.268683433532715,667,0.0,0.0
1985-05-24 00:00:00-04:00,0.0,2.430732250213623,2.268683433532715,2.268683433532715,1333,0.0,0.0
1985-05-28 00:00:00-04:00,0.0,2.430732250213623,2.268683433532715,2.268683433532715,3000,0.0,0.0
1985-05-29 00:00:00-04:00,0.0,2.430732250213623,2.268683433532715,2.268683433532715,4400,0.0,0.0
1985-05-30 00:00:00-04:00,0.0,2.430731700016902,2.1066341400146484,2.1066341400146484,800,0.0,0.0
1985-05-31 00:00:00-04:00,0.0,2.430731700016902,2.1066341400146484,2.1066341400146484,667,0.0,0.0
1985-06-03 00:00:00-04:00,2.1066341400146484,2.1066341400146484,2.1066341400146484,2.1066341400146484,0,0.0,0.0
1985-06-04 00:00:00-04:00,0.0,2.430731700016902,2.1066341400146484,2.1066341400146484,333,0.0,0.0
1985-06-05 00:00:00-04:00,2.1066341400146484,2.1066341400146484,2.1066341400146484,2.1066341400146484,0,0.0,0.0
1985-06-06 00:00:00-04:00,0.0,2.430731700016902,2.1066341400146484,2.1066341400146484,333,0.0,0.0
1985-06-07 00:00:00-04:00,2.1066341400146484,2.1066341400146484,2.1066341400146484,2.1066341400146484,0,0.0,0.0
1985-06-10 00:00:00-04:00,0.0,2.268682599067688,1.9445850849151611,1.9445850849151611,267,0.0,0.0
1985-06-11 00:00:00-04:00,1.9445850849151611,1.9445850849151611,1.9445850849151611,1.9445850849151611,0,0.0,0.0
1985-06-12 00:00:00-04:00,0.0,2.268682599067688,1.9445850849151611,1.9445850849151611,333,0.0,0.0
1985-06-13 00:00:00-04:00,0.0,2.268682599067688,1.9445850849151611,1.9445850849151611,467,0.0,0.0
1985-06-14 00:00:00-04:00,1.9445850849151611,1.9445850849151611,1.9445850849151611,1.9445850849151611,0,0.0,0.0
1985-06-17 00:00:00-04:00,1.9445850849151611,1.9445850849151611,1.9445850849151611,1.9445850849151611,0,0.0,0.0
1985-06-18 00:00:00-04:00,1.9445850849151611,1.9445850849151611,1.9445850849151611,1.9445850849151611,0,0.0,0.0
1985-06-19 00:00:00-04:00,0.0,2.268682599067688,1.9445850849151611,1.9445850849151611,1667,0.0,0.0
1985-06-20 00:00:00-04:00,0.0,2.268682599067688,1.9445850849151611,1.9445850849151611,667,0.0,0.0
1985-06-21 00:00:00-04:00,0.0,2.268682599067688,1.9445850849151611,1.9445850849151611,100,0.0,0.0
1985-06-24 00:00:00-04:00,1.9445850849151611,1.9445850849151611,1.9445850849151611,1.9445850849151611,0,0.0,0.0
1985-06-25 00:00:00-04:00,0.0,2.268682599067688,1.9445850849151611,1.9445850849151611,700,0.0,0.0
1985-06-26 00:00:00-04:00,0.0,2.268682599067688,1.9445850849151611,1.9445850849151611,0,0.0,0.0
1985-06-27 00:00:00-04:00,1.9445850849151611,1.9445850849151611,1.9445850849151611,1.9445850849151611,0,0.0,0.0
1985-06-28 00:00:00-04:00,0.0,2.268683281811801,1.7825368642807007,1.7825368642807007,833,0.0,0.0
1985-07-01 00:00:00-04:00,0.0,2.268683281811801,1.7825368642807007,1.7825368642807007,100,0.0,0.0
1985-07-02 00:00:00-04:00,1.7825368642807007,1.7825368642807007,1.7825368642807007,1.7825368642807007,0,0.0,0.0
1985-07-03 00:00:00-04:00,1.7825368642807007,1.7825368642807007,1.7825368642807007,1.7825368642807007,0,0.0,0.0
1985-07-05 00:00:00-04:00,1.7825368642807007,1.7825368642807007,1.7825368642807007,1.7825368642807007,0,0.0,0.0
1985-07-08 00:00:00-04:00,1.7825368642807007,1.7825368642807007,1.7825368642807007,1.7825368642807007,0,0.0,0.0
1985-07-09 00:00:00-04:00,1.7825368642807007,1.7825368642807007,1.7825368642807007,1.7825368642807007,0,0.0,0.0
1985-07-10 00:00:00-04:00,1.7825368642807007,1.7825368642807007,1.7825368642807007,1.7825368642807007,0,0.0,0.0
1985-07-11 00:00:00-04:00,0.0,2.106634475968101,1.7825368642807007,1.7825368642807007,667,0.0,0.0
1985-07-12 00:00:00-04:00,1.7825368642807007,1.7825368642807007,1.7825368642807007,1.7825368642807007,0,0.0,0.0
1985-07-15 00:00:00-04:00,1.7825368642807007,1.7825368642807007,1.7825368642807007,1.7825368642807007,0,0.0,0.0
1985-07-16 00:00:00-04:00,1.7825368642807007,1.7825368642807007,1.7825368642807007,1.7825368642807007,0,0.0,0.0
1985-07-17 00:00:00-04:00,1.7825368642807007,1.7825368642807007,1.7825368642807007,1.7825368642807007,0,0.0,0.0
1985-07-18 00:00:00-04:00,1.7825368642807007,1.7825368642807007,1.7825368642807007,1.7825368642807007,0,0.0,0.0
1985-07-19 00:00:00-04:00,0.0,2.106634475968101,1.7825368642807007,1.7825368642807007,167,0.0,0.0
1985-07-22 00:00:00-04:00,1.7825368642807007,1.7825368642807007,1.7825368642807007,1.7825368642807007,0,0.0,0.0
1985-07-23 00:00:00-04:00,0.0,2.106634475968101,1.7825368642807007,1.7825368642807007,533,0.0,0.0
1985-07-24 00:00:00-04:00,1.7825368642807007,1.7825368642807007,1.7825368642807007,1.7825368642807007,0,0.0,0.0
1985-07-25 00:00:00-04:00,1.7825368642807007,1.7825368642807007,1.7825368642807007,1.7825368642807007,0,0.0,0.0
1985-07-26 00:00:00-04:00,1.7825368642807007,1.7825368642807007,1.7825368642807007,1.7825368642807007,0,0.0,0.0
1985-07-29 00:00:00-04:00,1.7825368642807007,1.7825368642807007,1.7825368642807007,1.7825368642807007,0,0.0,0.0
1985-07-30 00:00:00-04:00,1.7825368642807007,1.7825368642807007,1.7825368642807007,1.7825368642807007,0,0.0,0.0
1985-07-31 00:00:00-04:00,0.0,2.5927810668945312,2.268683433532715,2.268683433532715,4767,0.0,0.0
1985-08-01 00:00:00-04:00,0.0,3.0789269840016082,2.7548294067382812,2.7548294067382812,5167,0.0,0.0
1985-08-02 00:00:00-04:00,0.0,3.4030251502990723,3.078927516937256,3.078927516937256,2700,0.0,0.0
1985-08-05 00:00:00-04:00,0.0,3.240976333618164,3.078927516937256,3.078927516937256,1767,0.0,0.0
1985-08-06 00:00:00-04:00,0.0,3.240975772633272,2.7548294067382812,2.7548294067382812,4300,0.0,0.0
1985-08-07 00:00:00-04:00,0.0,2.916877895593643,2.592780351638794,2.592780351638794,1233,0.0,0.0
1985-08-08 00:00:00-04:00,2.592780351638794,2.592780351638794,2.592780351638794,2.592780351638794,0,0.0,0.0
1985-08-09 00:00:00-04:00,2.592780351638794,2.592780351638794,2.592780351638794,2.592780351638794,0,0.0,0.0
1985-08-12 00:00:00-04:00,2.592780351638794,2.592780351638794,2.592780351638794,2.592780351638794,0,0.0,0.0
1985-08-13 00:00:00-04:00,0.0,2.7548291236162186,2.592780351638794,2.592780351638794,133,0.0,0.0
1985-08-14 00:00:00-04:00,0.0,2.7548291236162186,2.592780351638794,2.592780351638794,267,0.0,0.0
1985-08-15 00:00:00-04:00,0.0,2.7548298835754395,2.430732250213623,2.430732250213623,933,0.0,0.0
1985-08-16 00:00:00-04:00,2.430732250213623,2.430732250213623,2.430732250213623,2.430732250213623,0,0.0,0.0
1985-08-19 00:00:00-04:00,2.430732250213623,2.430732250213623,2.430732250213623,2.430732250213623,0,0.0,0.0
1985-08-20 00:00:00-04:00,0.0,2.7548291236162186,2.592780351638794,2.592780351638794,233,0.0,0.0
1985-08-21 00:00:00-04:00,0.0,3.240976333618164,3.078927516937256,3.078927516937256,2000,0.0,0.0
1985-08-22 00:00:00-04:00,0.0,3.2409755388895674,2.9168779850006104,2.9168779850006104,2433,0.0,0.0
1985-08-23 00:00:00-04:00,0.0,3.2409755388895674,2.9168779850006104,2.9168779850006104,333,0.0,0.0
1985-08-26 00:00:00-04:00,0.0,3.40302414894104,3.2409753799438477,3.2409753799438477,4400,0.0,0.0
1985-08-27 00:00:00-04:00,0.0,3.40302414894104,3.2409753799438477,3.2409753799438477,8800,0.0,0.0
1985-08-28 00:00:00-04:00,0.0,3.5650732176644464,3.403024435043335,3.403024435043335,2900,0.0,0.0
1985-08-29 00:00:00-04:00,0.0,3.5650729179382323,3.2409753799438477,3.2409753799438477,2667,0.0,0.0
1985-08-30 00:00:00-04:00,0.0,3.40302414894104,3.2409753799438477,3.2409753799438477,1833,0.0,0.0
1985-09-03 00:00:00-04:00,0.0,3.5650729179382323,3.2409753799438477,3.2409753799438477,1000,0.0,0.0
1985-09-04 00:00:00-04:00,0.0,3.8891701076341714,3.727121353149414,3.727121353149414,5500,0.0,0.0
1985-09-05 00:00:00-04:00,0.0,3.8891701076341714,3.727121353149414,3.727121353149414,1167,0.0,0.0
1985-09-06 00:00:00-04:00,0.0,3.7271225344051016,3.5650737285614014,3.5650737285614014,1767,0.0,0.0
1985-09-09 00:00:00-04:00,0.0,3.5650729179382323,3.2409753799438477,3.2409753799438477,667,0.0,0.0
1985-09-10 00:00:00-04:00,3.2409753799438477,3.2409753799438477,3.2409753799438477,3.2409753799438477,0,0.0,0.0
1985-09-11 00:00:00-04:00,0.0,3.5650729179382323,3.2409753799438477,3.2409753799438477,67,0.0,0.0
1985-09-12 00:00:00-04:00,3.2409753799438477,3.2409753799438477,3.2409753799438477,3.2409753799438477,0,0.0,0.0
1985-09-13 00:00:00-04:00,0.0,3.5650729179382323,3.2409753799438477,3.2409753799438477,333,0.0,0.0
1985-09-16 00:00:00-04:00,3.2409753799438477,3.2409753799438477,3.2409753799438477,3.2409753799438477,0,0.0,0.0
1985-09-17 00:00:00-04:00,0.0,3.4030251502990723,3.078927516937256,3.078927516937256,6867,0.0,0.0
1985-09-18 00:00:00-04:00,0.0,3.4030251502990723,3.078927516937256,3.078927516937256,2333,0.0,0.0
1985-09-19 00:00:00-04:00,0.0,3.4030251502990723,3.078927516937256,3.078927516937256,667,0.0,0.0
1985-09-20 00:00:00-04:00,0.0,3.4030251502990723,3.078927516937256,3.078927516937256,733,0.0,0.0
1985-09-23 00:00:00-04:00,0.0,3.4030251502990723,3.078927516937256,3.078927516937256,1000,0.0,0.0
1985-09-24 00:00:00-04:00,0.0,3.4030251502990723,3.078927516937256,3.078927516937256,1500,0.0,0.0
1985-09-25 00:00:00-04:00,0.0,3.0789269840016082,2.7548294067382812,2.7548294067382812,2467,0.0,0.0
1985-09-26 00:00:00-04:00,2.7548294067382812,2.7548294067382812,2.7548294067382812,2.7548294067382812,0,0.0,0.0
1985-09-30 00:00:00-04:00,0.0,3.2409755388895674,2.9168779850006104,2.9168779850006104,3067,0.0,0.0
1985-10-01 00:00:00-04:00,0.0,3.2409755388895674,2.9168779850006104,2.9168779850006104,600,0.0,0.0
1985-10-02 00:00:00-04:00,0.0,3.2409755388895674,2.9168779850006104,2.9168779850006104,233,0.0,0.0
1985-10-03 00:00:00-04:00,2.9168779850006104,2.9168779850006104,2.9168779850006104,2.9168779850006104,0,0.0,0.0
1985-10-04 00:00:00-04:00,0.0,3.2409755388895674,2.9168779850006104,2.9168779850006104,1633,0.0,0.0
1985-10-07 00:00:00-04:00,0.0,3.2409755388895674,2.9168779850006104,2.9168779850006104,1333,0.0,0.0
1985-10-08 00:00:00-04:00,0.0,3.240976333618164,3.078927516937256,3.078927516937256,5300,0.0,0.0
1985-10-09 00:00:00-04:00,3.078927516937256,3.078927516937256,3.078927516937256,3.078927516937256,0,0.0,0.0
1985-10-10 00:00:00-04:00,0.0,3.40302414894104,3.2409753799438477,3.2409753799438477,4000,0.0,0.0
1985-10-11 00:00:00-04:00,0.0,3.5650729179382323,3.2409753799438477,3.2409753799438477,1267,0.0,0.0
1985-10-14 00:00:00-04:00,0.0,3.7271220002855574,3.403024435043335,3.403024435043335,4300,0.0,0.0
1985-10-15 00:00:00-04:00,0.0,3.7271220002855574,3.403024435043335,3.403024435043335,3667,0.0,0.0
1985-10-16 00:00:00-04:00,0.0,3.7271225344051016,3.5650737285614014,3.5650737285614014,2667,0.0,0.0
1985-10-17 00:00:00-04:00,0.0,3.7271225344051016,3.5650737285614014,3.5650737285614014,1033,0.0,0.0
1985-10-18 00:00:00-04:00,0.0,3.8891713402488017,3.5650737285614014,3.5650737285614014,433,0.0,0.0
1985-10-21 00:00:00-04:00,0.0,3.7271225344051016,3.5650737285614014,3.5650737285614014,2433,0.0,0.0
1985-10-22 00:00:00-04:00,0.0,3.8891713402488017,3.5650737285614014,3.5650737285614014,1800,0.0,0.0
1985-10-23 00:00:00-04:00,0.0,3.8891707829066684,3.403024435043335,3.403024435043335,1500,0.0,0.0
1985-10-24 00:00:00-04:00,0.0,3.7271220002855574,3.403024435043335,3.403024435043335,1067,0.0,0.0
1985-10-25 00:00:00-04:00,0.0,3.7271220002855574,3.403024435043335,3.403024435043335,667,0.0,0.0
1985-10-28 00:00:00-05:00,0.0,3.7271220002855574,3.403024435043335,3.403024435043335,1333,0.0,0.0
1985-10-29 00:00:00-05:00,0.0,3.5650732176644464,3.403024435043335,3.403024435043335,1533,0.0,0.0
1985-10-30 00:00:00-05:00,3.403024435043335,3.403024435043335,3.403024435043335,3.403024435043335,0,0.0,0.0
1985-10-31 00:00:00-05:00,0.0,3.5650729179382323,3.2409753799438477,3.2409753799438477,167,0.0,0.0
1985-11-01 00:00:00-05:00,0.0,3.4030251502990723,3.078927516937256,3.078927516937256,5000,0.0,0.0
1985-11-04 00:00:00-05:00,0.0,3.078926761945089,2.9168779850006104,2.9168779850006104,667,0.0,0.0
1985-11-05 00:00:00-05:00,0.0,3.078926761945089,2.9168779850006104,2.9168779850006104,100,0.0,0.0
1985-11-06 00:00:00-05:00,0.0,3.2409755388895674,2.9168779850006104,2.9168779850006104,667,0.0,0.0
1985-11-07 00:00:00-05:00,0.0,3.2409755388895674,2.9168779850006104,2.9168779850006104,1700,0.0,0.0
1985-11-08 00:00:00-05:00,0.0,3.4030251502990723,3.078927516937256,3.078927516937256,4367,0.0,0.0
1985-11-11 00:00:00-05:00,0.0,3.8891701076341714,3.727121353149414,3.727121353149414,10167,0.0,0.0
1985-11-12 00:00:00-05:00,0.0,4.699415683746338,4.53736686706543,4.53736686706543,24367,0.0,0.0
1985-11-13 00:00:00-05:00,0.0,4.537365264892578,4.0512189865112305,4.0512189865112305,8600,0.0,0.0
1985-11-14 00:00:00-05:00,0.0,4.375316505432129,4.0512189865112305,4.0512189865112305,2767,0.0,0.0
1985-11-15 00:00:00-05:00,0.0,4.375317060030423,4.213268280029297,4.213268280029297,4967,0.0,0.0
1985-11-18 00:00:00-05:00,0.0,4.375317060030423,4.213268280029297,4.213268280029297,4400,0.0,0.0
1985-11-19 00:00:00-05:00,0.0,4.375317060030423,4.213268280029297,4.213268280029297,333,0.0,0.0
1985-11-20 00:00:00-05:00,0.0,4.699415683746338,4.53736686706543,4.53736686706543,6733,0.0,0.0
1985-11-21 00:00:00-05:00,0.0,5.347609935268279,5.023512363433838,5.023512363433838,18867,0.0,0.0
1985-11-22 00:00:00-05:00,0.0,5.6717070666226475,5.347609519958496,5.347609519958496,7800,0.0,0.0
1985-11-25 00:00:00-05:00,0.0,5.8337563907398895,5.5096588134765625,5.5096588134765625,4333,0.0,0.0
1985-11-26 00:00:00-05:00,0.0,5.833755929129464,5.6717071533203125,5.6717071533203125,4833,0.0,0.0
1985-11-27 00:00:00-05:00,0.0,5.8337563907398895,5.5096588134765625,5.5096588134765625,3067,0.0,0.0
1985-11-29 00:00:00-05:00,0.0,5.8337563907398895,5.5096588134765625,5.5096588134765625,2467,0.0,0.0
1985-12-02 00:00:00-05:00,0.0,5.671707602108226,5.5096588134765625,5.5096588134765625,2067,0.0,0.0
1985-12-03 00:00:00-05:00,0.0,5.3476094752550125,5.185560703277588,5.185560703277588,2600,0.0,0.0
1985-12-04 00:00:00-05:00,0.0,5.3476094752550125,5.185560703277588,5.185560703277588,7833,0.0,0.0
1985-12-05 00:00:00-05:00,0.0,5.3476094752550125,5.185560703277588,5.185560703277588,7300,0.0,0.0
1985-12-06 00:00:00-05:00,0.0,5.833755929129464,5.6717071533203125,5.6717071533203125,21767,0.0,0.0
1985-12-09 00:00:00-05:00,0.0,5.6717070666226475,5.347609519958496,5.347609519958496,4033,0.0,0.0
1985-12-10 00:00:00-05:00,0.0,5.509658293290571,5.347609519958496,5.347609519958496,5700,0.0,0.0
1985-12-11 00:00:00-05:00,0.0,5.509658293290571,5.347609519958496,5.347609519958496,4300,0.0,0.0
1985-12-12 00:00:00-05:00,0.0,5.671707602108226,5.5096588134765625,5.5096588134765625,9133,0.0,0.0
1985-12-13 00:00:00-05:00,0.0,5.833755929129464,5.6717071533203125,5.6717071533203125,4367,0.0,0.0
1985-12-16 00:00:00-05:00,0.0,5.833755929129464,5.6717071533203125,5.6717071533203125,2467,0.0,0.0
1985-12-17 00:00:00-05:00,0.0,5.833755929129464,5.6717071533203125,5.6717071533203125,6667,0.0,0.0
1985-12-18 00:00:00-05:00,0.0,5.833755929129464,5.6717071533203125,5.6717071533203125,4233,0.0,0.0
1985-12-19 00:00:00-05:00,0.0,5.833755929129464,5.6717071533203125,5.6717071533203125,2300,0.0,0.0
1985-12-20 00:00:00-05:00,0.0,5.833755929129464,5.6717071533203125,5.6717071533203125,1533,0.0,0.0
1985-12-23 00:00:00-05:00,0.0,5.833755929129464,5.6717071533203125,5.6717071533203125,1533,0.0,0.0
1985-12-24 00:00:00-05:00,0.0,5.833755929129464,5.6717071533203125,5.6717071533203125,3667,0.0,0.0
1985-12-26 00:00:00-05:00,0.0,5.833755929129464,5.6717071533203125,5.6717071533203125,2167,0.0,0.0
1985-12-27 00:00:00-05:00,0.0,5.995804704938616,5.6717071533203125,5.6717071533203125,8500,0.0,0.0
1985-12-30 00:00:00-05:00,0.0,6.157854544149862,5.995805740356445,5.995805740356445,4133,0.0,0.0
1985-12-31 00:00:00-05:00,0.0,6.481952667236328,6.157855033874512,6.157855033874512,9333,0.0,0.0
1986-01-02 00:00:00-05:00,0.0,6.481952667236328,6.157855033874512,6.157855033874512,5633,0.0,0.0
1986-01-03 00:00:00-05:00,0.0,6.157853523890178,5.833755970001221,5.833755970001221,6333,0.0,0.0
1986-01-06 00:00:00-05:00,0.0,6.481952667236328,6.157855033874512,6.157855033874512,13800,0.0,0.0
1986-01-07 00:00:00-05:00,0.0,7.454244105021159,7.2921953201293945,7.2921953201293945,12533,0.0,0.0
1986-01-08 00:00:00-05:00,0.0,7.778341674804687,7.2921953201293945,7.2921953201293945,11533,0.0,0.0
1986-01-09 00:00:00-05:00,0.0,7.454245068810203,7.130147457122803,7.130147457122803,4600,0.0,0.0
1986-01-10 00:00:00-05:00,0.0,7.6162928899129225,7.2921953201293945,7.2921953201293945,4300,0.0,0.0
1986-01-13 00:00:00-05:00,0.0,7.940391023108299,7.616293430328368,7.616293430328369,10200,0.0,0.0
1986-01-14 00:00:00-05:00,0.0,7.778340215268343,7.454242706298828,7.454242706298828,11433,0.0,0.0
1986-01-15 00:00:00-05:00,0.0,8.102438401202766,7.94038963317871,7.940389633178711,17700,0.0,0.0
1986-01-16 00:00:00-05:00,0.0,8.102438401202766,7.94038963317871,7.940389633178711,14833,0.0,0.0
1986-01-17 00:00:00-05:00,0.0,7.940391023108299,7.616293430328368,7.616293430328369,6767,0.0,0.0
1986-01-20 00:00:00-05:00,0.0,6.643999980046199,6.319902420043945,6.319902420043945,30700,0.0,0.0
1986-01-21 00:00:00-05:00,0.0,5.8337563907398895,5.5096588134765625,5.5096588134765625,11033,0.0,0.0
1986-01-22 00:00:00-05:00,0.0,5.671707602108226,5.5096588134765625,5.5096588134765625,11967,0.0,0.0
1986-01-23 00:00:00-05:00,0.0,5.833755929129464,5.6717071533203125,5.6717071533203125,6967,0.0,0.0
1986-01-24 00:00:00-05:00,0.0,6.806048346728813,6.6439995765686035,6.6439995765686035,16100,0.0,0.0
1986-01-27 00:00:00-05:00,0.0,6.80604829788208,6.481950759887695,6.481950759887695,6700,0.0,0.0
1986-01-28 00:00:00-05:00,0.0,6.643999980046199,6.319902420043945,6.319902420043945,4500,0.0,0.0
1986-01-29 00:00:00-05:00,0.0,6.31990334794328,5.995805740356445,5.995805740356445,10633,0.0,0.0
1986-01-30 00:00:00-05:00,0.0,6.31990334794328,5.995805740356445,5.995805740356445,1800,0.0,0.0
1986-01-31 00:00:00-05:00,0.0,6.157853523890178,5.833755970001221,5.833755970001221,1667,0.0,0.0
1986-02-03 00:00:00-05:00,0.0,6.157853480747768,5.6717071533203125,5.6717071533203125,5333,0.0,0.0
1986-02-04 00:00:00-05:00,0.0,5.8337563907398895,5.5096588134765625,5.5096588134765625,1800,0.0,0.0
1986-02-05 00:00:00-05:00,0.0,5.833755929129464,5.6717071533203125,5.6717071533203125,6267,0.0,0.0
1986-02-06 00:00:00-05:00,0.0,6.157853523890178,5.833755970001221,5.833755970001221,2700,0.0,0.0
1986-02-07 00:00:00-05:00,0.0,6.643999528884888,6.481950759887695,6.481950759887695,4933,0.0,0.0
1986-02-10 00:00:00-05:00,0.0,6.968097652707781,6.80604887008667,6.80604887008667,7467,0.0,0.0
1986-02-11 00:00:00-05:00,0.0,7.130146470180777,6.968097686767578,6.968097686767578,4067,0.0,0.0
1986-02-12 00:00:00-05:00,0.0,7.292196262966503,7.130147457122803,7.130147457122803,12767,0.0,0.0
1986-02-13 00:00:00-05:00,0.0,7.130146435328893,6.80604887008667,6.80604887008667,3533,0.0,0.0
1986-02-14 00:00:00-05:00,0.0,7.130146435328893,6.80604887008667,6.80604887008667,4067,0.0,0.0
1986-02-18 00:00:00-05:00,0.0,6.968097652707781,6.80604887008667,6.80604887008667,4200,0.0,0.0
1986-02-19 00:00:00-05:00,0.0,7.130146470180777,6.968097686767578,6.968097686767578,13433,0.0,0.0
1986-02-20 00:00:00-05:00,0.0,7.130146470180777,6.968097686767578,6.968097686767578,4500,0.0,0.0
1986-02-21 00:00:00-05:00,0.0,7.130146470180777,6.968097686767578,6.968097686767578,933,0.0,0.0
1986-02-24 00:00:00-05:00,0.0,7.130146470180777,6.968097686767578,6.968097686767578,1500,0.0,0.0
1986-02-25 00:00:00-05:00,0.0,5.671707602108226,5.5096588134765625,5.5096588134765625,34167,0.0,0.0
1986-02-26 00:00:00-05:00,0.0,5.509658293290571,5.347609519958496,5.347609519958496,7067,0.0,0.0
1986-02-27 00:00:00-05:00,0.0,5.509658293290571,5.347609519958496,5.347609519958496,3633,0.0,0.0
1986-02-28 00:00:00-05:00,0.0,5.023513317108154,4.861464500427246,4.861464500427246,5567,0.0,0.0
1986-03-03 00:00:00-05:00,0.0,5.3476094752550125,5.185560703277588,5.185560703277588,11567,0.0,0.0
1986-03-04 00:00:00-05:00,0.0,5.6717070666226475,5.347609519958496,5.347609519958496,36200,0.0,0.0
1986-03-05 00:00:00-05:00,0.0,5.509658293290571,5.347609519958496,5.347609519958496,1600,0.0,0.0
1986-03-06 00:00:00-05:00,0.0,6.31990334794328,5.995805740356445,5.995805740356445,9267,0.0,0.0
1986-03-07 00:00:00-05:00,0.0,6.643999980046199,6.319902420043945,6.319902420043945,19833,0.0,0.0
1986-03-10 00:00:00-05:00,0.0,6.968097116889023,6.6439995765686035,6.6439995765686035,4000,0.0,0.0
1986-03-11 00:00:00-05:00,0.0,7.616291460783585,7.454242706298828,7.454242706298828,10500,0.0,0.0
1986-03-12 00:00:00-05:00,0.0,8.42653549194336,8.102437973022461,8.102437973022461,30467,0.0,0.0
1986-03-13 00:00:00-05:00,0.0,7.616293874653903,7.130147457122803,7.130147457122803,14833,0.0,0.0
1986-03-14 00:00:00-05:00,0.0,8.102437853813171,7.7783403396606445,7.7783403396606445,10767,0.0,0.0
1986-03-17 00:00:00-05:00,0.0,7.778342226718334,7.616293430328368,7.616293430328369,8533,0.0,0.0
1986-03-18 00:00:00-05:00,0.0,7.454245068810203,7.130147457122803,7.130147457122803,4167,0.0,0.0
1986-03-19 00:00:00-05:00,0.0,6.968097116889023,6.6439995765686035,6.6439995765686035,5933,0.0,0.0
1986-03-20 00:00:00-05:00,0.0,7.130146470180777,6.968097686767578,6.968097686767578,4600,0.0,0.0
1986-03-21 00:00:00-05:00,0.0,7.454245068810203,7.130147457122803,7.130147457122803,3867,0.0,0.0
1986-03-24 00:00:00-05:00,0.0,7.454245068810203,7.130147457122803,7.130147457122803,7400,0.0,0.0
1986-03-25 00:00:00-05:00,0.0,7.2921952535939765,6.968097686767578,6.968097686767578,5500,0.0,0.0
1986-03-26 00:00:00-05:00,0.0,7.2921952535939765,6.968097686767578,6.968097686767578,100,0.0,0.0
1986-03-27 00:00:00-05:00,0.0,6.968097066879273,6.481950759887695,6.481950759887695,7000,0.0,0.0
1986-03-31 00:00:00-05:00,0.0,6.643999980046199,6.319902420043945,6.319902420043945,8167,0.0,0.0
1986-04-01 00:00:00-05:00,0.0,6.31990385055542,6.157855033874512,6.157855033874512,7500,0.0,0.0
1986-04-02 00:00:00-05:00,0.0,6.31990334794328,5.995805740356445,5.995805740356445,3100,0.0,0.0
1986-04-03 00:00:00-05:00,5.995805740356445,5.995805740356445,5.995805740356445,5.995805740356445,0,0.0,0.0
1986-04-04 00:00:00-05:00,0.0,6.31990334794328,5.995805740356445,5.995805740356445,167,0.0,0.0
1986-04-07 00:00:00-05:00,0.0,6.319902300834656,5.833755970001221,5.833755970001221,367,0.0,0.0
1986-04-08 00:00:00-05:00,0.0,6.157853523890178,5.833755970001221,5.833755970001221,1833,0.0,0.0
1986-04-09 00:00:00-05:00,0.0,6.157853523890178,5.833755970001221,5.833755970001221,3833,0.0,0.0
1986-04-10 00:00:00-05:00,0.0,6.157853523890178,5.833755970001221,5.833755970001221,700,0.0,0.0
1986-04-11 00:00:00-05:00,0.0,6.157853523890178,5.833755970001221,5.833755970001221,267,0.0,0.0
1986-04-14 00:00:00-05:00,0.0,6.157853523890178,5.833755970001221,5.833755970001221,500,0.0,0.0
1986-04-15 00:00:00-05:00,0.0,6.31990334794328,5.995805740356445,5.995805740356445,11667,0.0,0.0
1986-04-16 00:00:00-05:00,0.0,6.319902300834656,5.833755970001221,5.833755970001221,167,0.0,0.0
1986-04-17 00:00:00-05:00,0.0,6.157853523890178,5.833755970001221,5.833755970001221,700,0.0,0.0
1986-04-18 00:00:00-05:00,0.0,6.157853523890178,5.833755970001221,5.833755970001221,1567,0.0,0.0
1986-04-21 00:00:00-05:00,0.0,5.6717070666226475,5.347609519958496,5.347609519958496,3700,0.0,0.0
1986-04-22 00:00:00-05:00,0.0,5.509658293290571,5.347609519958496,5.347609519958496,1367,0.0,0.0
1986-04-23 00:00:00-05:00,0.0,5.8337563907398895,5.5096588134765625,5.5096588134765625,1500,0.0,0.0
1986-04-24 00:00:00-05:00,0.0,6.481951200045072,6.319902420043945,6.319902420043945,8500,0.0,0.0
1986-04-25 00:00:00-05:00,0.0,6.481952667236328,6.157855033874512,6.157855033874512,1567,0.0,0.0
1986-04-28 00:00:00-04:00,0.0,6.31990385055542,6.157855033874512,6.157855033874512,2633,0.0,0.0
1986-04-29 00:00:00-04:00,0.0,5.8337563907398895,5.5096588134765625,5.5096588134765625,10600,0.0,0.0
1986-04-30 00:00:00-04:00,0.0,5.8337563907398895,5.5096588134765625,5.5096588134765625,633,0.0,0.0
1986-05-01 00:00:00-04:00,5.5096588134765625,5.5096588134765625,5.5096588134765625,5.5096588134765625,0,0.0,0.0
1986-05-02 00:00:00-04:00,0.0,5.833755839954723,5.347609519958496,5.347609519958496,600,0.0,0.0
1986-05-05 00:00:00-04:00,0.0,5.509658293290571,5.347609519958496,5.347609519958496,1000,0.0,0.0
1986-05-06 00:00:00-04:00,0.0,5.6717070666226475,5.347609519958496,5.347609519958496,1133,0.0,0.0
1986-05-07 00:00:00-04:00,0.0,5.6717070666226475,5.347609519958496,5.347609519958496,2500,0.0,0.0
1986-05-08 00:00:00-04:00,0.0,5.6717070666226475,5.347609519958496,5.347609519958496,1000,0.0,0.0
1986-05-09 00:00:00-04:00,0.0,5.509658247232437,5.185560703277588,5.185560703277588,2600,0.0,0.0
1986-05-12 00:00:00-04:00,0.0,5.671707602108226,5.5096588134765625,5.5096588134765625,2833,0.0,0.0
1986-05-13 00:00:00-04:00,0.0,5.995804704938616,5.6717071533203125,5.6717071533203125,20567,0.0,0.0
1986-05-14 00:00:00-04:00,0.0,6.157854544149862,5.995805740356445,5.995805740356445,12467,0.0,0.0
1986-05-15 00:00:00-04:00,0.0,6.157853523890178,5.833755970001221,5.833755970001221,5167,0.0,0.0
1986-05-16 00:00:00-04:00,0.0,6.157853523890178,5.833755970001221,5.833755970001221,1433,0.0,0.0
1986-05-19 00:00:00-04:00,5.833755970001221,5.833755970001221,5.833755970001221,5.833755970001221,0,0.0,0.0
1986-05-20 00:00:00-04:00,0.0,6.157853523890178,5.833755970001221,5.833755970001221,1067,0.0,0.0
1986-05-21 00:00:00-04:00,0.0,6.157853523890178,5.833755970001221,5.833755970001221,567,0.0,0.0
1986-05-22 00:00:00-04:00,0.0,6.157853523890178,5.833755970001221,5.833755970001221,2100,0.0,0.0
1986-05-23 00:00:00-04:00,0.0,5.833755929129464,5.6717071533203125,5.6717071533203125,6400,0.0,0.0
1986-05-27 00:00:00-04:00,0.0,5.995804704938616,5.6717071533203125,5.6717071533203125,2167,0.0,0.0
1986-05-28 00:00:00-04:00,0.0,5.995804704938616,5.6717071533203125,5.6717071533203125,333,0.0,0.0
1986-05-29 00:00:00-04:00,0.0,5.995804704938616,5.6717071533203125,5.6717071533203125,67,0.0,0.0
1986-05-30 00:00:00-04:00,0.0,5.9958047469457,5.833755970001221,5.833755970001221,4733,0.0,0.0
1986-06-02 00:00:00-04:00,0.0,5.833755929129464,5.6717071533203125,5.6717071533203125,3100,0.0,0.0
1986-06-03 00:00:00-04:00,0.0,5.671707602108226,5.5096588134765625,5.5096588134765625,8467,0.0,0.0
1986-06-04 00:00:00-04:00,0.0,5.509658247232437,5.185560703277588,5.185560703277588,833,0.0,0.0
1986-06-05 00:00:00-04:00,0.0,5.509658247232437,5.185560703277588,5.185560703277588,2533,0.0,0.0
1986-06-06 00:00:00-04:00,0.0,5.6717070666226475,5.347609519958496,5.347609519958496,1267,0.0,0.0
1986-06-09 00:00:00-04:00,0.0,5.6717070666226475,5.347609519958496,5.347609519958496,2333,0.0,0.0
1986-06-10 00:00:00-04:00,0.0,5.6717070666226475,5.347609519958496,5.347609519958496,667,0.0,0.0
1986-06-11 00:00:00-04:00,0.0,5.6717070666226475,5.347609519958496,5.347609519958496,1600,0.0,0.0
1986-06-12 00:00:00-04:00,0.0,5.8337563907398895,5.5096588134765625,5.5096588134765625,3000,0.0,0.0
1986-06-13 00:00:00-04:00,0.0,5.8337563907398895,5.5096588134765625,5.5096588134765625,1867,0.0,0.0
1986-06-16 00:00:00-04:00,0.0,5.671707602108226,5.5096588134765625,5.5096588134765625,33,0.0,0.0
1986-06-17 00:00:00-04:00,0.0,5.509658247232437,5.185560703277588,5.185560703277588,333,0.0,0.0
1986-06-18 00:00:00-04:00,0.0,5.3476094752550125,5.185560703277588,5.185560703277588,5333,0.0,0.0
1986-06-19 00:00:00-04:00,0.0,5.347609935268279,5.023512363433838,5.023512363433838,1933,0.0,0.0
1986-06-20 00:00:00-04:00,0.0,5.347609935268279,5.023512363433838,5.023512363433838,2667,0.0,0.0
1986-06-23 00:00:00-04:00,0.0,5.509658293290571,5.347609519958496,5.347609519958496,1500,0.0,0.0
1986-06-24 00:00:00-04:00,0.0,5.8337563907398895,5.5096588134765625,5.5096588134765625,5400,0.0,0.0
1986-06-25 00:00:00-04:00,0.0,5.8337563907398895,5.5096588134765625,5.5096588134765625,467,0.0,0.0
1986-06-26 00:00:00-04:00,0.0,5.833755839954723,5.347609519958496,5.347609519958496,333,0.0,0.0
1986-06-27 00:00:00-04:00,0.0,5.8337563907398895,5.5096588134765625,5.5096588134765625,8667,0.0,0.0
1986-06-30 00:00:00-04:00,0.0,5.8337563907398895,5.5096588134765625,5.5096588134765625,433,0.0,0.0
1986-07-01 00:00:00-04:00,0.0,5.8337563907398895,5.5096588134765625,5.5096588134765625,333,0.0,0.0
1986-07-02 00:00:00-04:00,0.0,5.8337563907398895,5.5096588134765625,5.5096588134765625,1067,0.0,0.0
1986-07-03 00:00:00-04:00,0.0,5.6717070666226475,5.347609519958496,5.347609519958496,3367,0.0,0.0
1986-07-07 00:00:00-04:00,0.0,5.6717070666226475,5.347609519958496,5.347609519958496,667,0.0,0.0
1986-07-08 00:00:00-04:00,0.0,5.6717070666226475,5.347609519958496,5.347609519958496,333,0.0,0.0
1986-07-09 00:00:00-04:00,5.347609519958496,5.347609519958496,5.347609519958496,5.347609519958496,0,0.0,0.0
1986-07-10 00:00:00-04:00,0.0,5.6717070666226475,5.347609519958496,5.347609519958496,33,0.0,0.0
1986-07-11 00:00:00-04:00,0.0,5.6717070666226475,5.347609519958496,5.347609519958496,333,0.0,0.0
1986-07-14 00:00:00-04:00,5.347609519958496,5.347609519958496,5.347609519958496,5.347609519958496,0,0.0,0.0
1986-07-15 00:00:00-04:00,5.347609519958496,5.347609519958496,5.347609519958496,5.347609519958496,0,0.0,0.0
1986-07-16 00:00:00-04:00,0.0,5.509658247232437,5.185560703277588,5.185560703277588,333,0.0,0.0
1986-07-17 00:00:00-04:00,5.185560703277588,5.185560703277588,5.185560703277588,5.185560703277588,0,0.0,0.0
1986-07-18 00:00:00-04:00,0.0,5.509658247232437,5.185560703277588,5.185560703277588,500,0.0,0.0
1986-07-21 00:00:00-04:00,0.0,5.509658247232437,5.185560703277588,5.185560703277588,333,0.0,0.0
1986-07-22 00:00:00-04:00,5.185560703277588,5.185560703277588,5.185560703277588,5.185560703277588,0,0.0,0.0
1986-07-23 00:00:00-04:00,5.185560703277588,5.185560703277588,5.185560703277588,5.185560703277588,0,0.0,0.0
1986-07-24 00:00:00-04:00,0.0,5.3476094752550125,5.185560703277588,5.185560703277588,167,0.0,0.0
1986-07-25 00:00:00-04:00,0.0,5.3476094752550125,5.185560703277588,5.185560703277588,333,0.0,0.0
1986-07-28 00:00:00-04:00,0.0,5.3476094752550125,5.185560703277588,5.185560703277588,1000,0.0,0.0
1986-07-29 00:00:00-04:00,0.0,5.509658247232437,5.185560703277588,5.185560703277588,1333,0.0,0.0
1986-07-30 00:00:00-04:00,0.0,5.5096587211855,5.023512363433838,5.023512363433838,2867,0.0,0.0
1986-07-31 00:00:00-04:00,0.0,5.5096587211855,5.023512363433838,5.023512363433838,2333,0.0,0.0
1986-08-01 00:00:00-04:00,0.0,5.347609935268279,5.023512363433838,5.023512363433838,1000,0.0,0.0
1986-08-04 00:00:00-04:00,0.0,5.347610950469971,4.861464500427246,4.861464500427246,3133,0.0,0.0
1986-08-05 00:00:00-04:00,0.0,5.1855621337890625,4.861464500427246,4.861464500427246,1133,0.0,0.0
1986-08-06 00:00:00-04:00,0.0,5.1855621337890625,4.861464500427246,4.861464500427246,667,0.0,0.0
1986-08-07 00:00:00-04:00,0.0,5.1855621337890625,4.861464500427246,4.861464500427246,667,0.0,0.0
1986-08-08 00:00:00-04:00,0.0,5.1855621337890625,4.861464500427246,4.861464500427246,2000,0.0,0.0
1986-08-11 00:00:00-04:00,0.0,5.347609935268279,5.023512363433838,5.023512363433838,5733,0.0,0.0
1986-08-12 00:00:00-04:00,0.0,5.347609935268279,5.023512363433838,5.023512363433838,133,0.0,0.0
1986-08-13 00:00:00-04:00,5.023512363433838,5.023512363433838,5.023512363433838,5.023512363433838,0,0.0,0.0
1986-08-14 00:00:00-04:00,5.023512363433838,5.023512363433838,5.023512363433838,5.023512363433838,0,0.0,0.0
1986-08-15 00:00:00-04:00,5.023512363433838,5.023512363433838,5.023512363433838,5.023512363433838,0,0.0,0.0
1986-08-18 00:00:00-04:00,0.0,5.1855611493510585,5.023512363433838,5.023512363433838,333,0.0,0.0
1986-08-19 00:00:00-04:00,0.0,5.1855611493510585,5.023512363433838,5.023512363433838,400,0.0,0.0
1986-08-20 00:00:00-04:00,5.023512363433838,5.023512363433838,5.023512363433838,5.023512363433838,0,0.0,0.0
1986-08-21 00:00:00-04:00,0.0,5.1855611493510585,5.023512363433838,5.023512363433838,67,0.0,0.0
1986-08-22 00:00:00-04:00,0.0,5.347609935268279,5.023512363433838,5.023512363433838,1100,0.0,0.0
1986-08-25 00:00:00-04:00,5.023512363433838,5.023512363433838,5.023512363433838,5.023512363433838,0,0.0,0.0
1986-08-26 00:00:00-04:00,0.0,5.3476094752550125,5.185560703277588,5.185560703277588,1833,0.0,0.0
1986-08-27 00:00:00-04:00,0.0,5.3476094752550125,5.185560703277588,5.185560703277588,467,0.0,0.0
1986-08-28 00:00:00-04:00,0.0,5.6717070666226475,5.347609519958496,5.347609519958496,3833,0.0,0.0
1986-08-29 00:00:00-04:00,0.0,5.8337563907398895,5.5096588134765625,5.5096588134765625,100,0.0,0.0
1986-09-02 00:00:00-04:00,0.0,6.157853523890178,5.833755970001221,5.833755970001221,2467,0.0,0.0
1986-09-03 00:00:00-04:00,0.0,6.157854544149862,5.995805740356445,5.995805740356445,6300,0.0,0.0
1986-09-04 00:00:00-04:00,0.0,5.8337563907398895,5.5096588134765625,5.5096588134765625,6900,0.0,0.0
1986-09-05 00:00:00-04:00,0.0,5.8337563907398895,5.5096588134765625,5.5096588134765625,2067,0.0,0.0
1986-09-08 00:00:00-04:00,0.0,5.833755929129464,5.6717071533203125,5.6717071533203125,300,0.0,0.0
1986-09-09 00:00:00-04:00,0.0,5.833755929129464,5.6717071533203125,5.6717071533203125,1400,0.0,0.0
1986-09-10 00:00:00-04:00,0.0,5.995804704938616,5.6717071533203125,5.6717071533203125,2333,0.0,0.0
1986-09-11 00:00:00-04:00,0.0,5.833755929129464,5.6717071533203125,5.6717071533203125,1667,0.0,0.0
1986-09-12 00:00:00-04:00,5.6717071533203125,5.6717071533203125,5.6717071533203125,5.6717071533203125,0,0.0,0.0
1986-09-15 00:00:00-04:00,0.0,5.8337563907398895,5.5096588134765625,5.5096588134765625,1600,0.0,0.0
1986-09-16 00:00:00-04:00,5.5096588134765625,5.5096588134765625,5.5096588134765625,5.5096588134765625,0,0.0,0.0
1986-09-17 00:00:00-04:00,0.0,5.8337563907398895,5.5096588134765625,5.5096588134765625,1167,0.0,0.0
1986-09-18 00:00:00-04:00,0.0,5.833755839954723,5.347609519958496,5.347609519958496,2400,0.0,0.0
1986-09-19 00:00:00-04:00,0.0,5.8337563907398895,5.5096588134765625,5.5096588134765625,1200,0.0,0.0
1986-09-22 00:00:00-04:00,0.0,5.6717070666226475,5.347609519958496,5.347609519958496,1600,0.0,0.0
1986-09-23 00:00:00-04:00,0.0,5.509658247232437,5.185560703277588,5.185560703277588,233,0.0,0.0
1986-09-24 00:00:00-04:00,5.185560703277588,5.185560703277588,5.185560703277588,5.185560703277588,0,0.0,0.0
1986-09-25 00:00:00-04:00,0.0,5.509658247232437,5.185560703277588,5.185560703277588,3800,0.0,0.0
1986-09-26 00:00:00-04:00,0.0,5.509658293290571,5.347609519958496,5.347609519958496,433,0.0,0.0
1986-09-29 00:00:00-04:00,0.0,5.8337563907398895,5.5096588134765625,5.5096588134765625,4367,0.0,0.0
1986-09-30 00:00:00-04:00,5.5096588134765625,5.5096588134765625,5.5096588134765625,5.5096588134765625,0,0.0,0.0
1986-10-01 00:00:00-04:00,0.0,5.8337563907398895,5.5096588134765625,5.5096588134765625,67,0.0,0.0
1986-10-02 00:00:00-04:00,0.0,5.8337563907398895,5.5096588134765625,5.5096588134765625,333,0.0,0.0
1986-10-03 00:00:00-04:00,0.0,6.31990334794328,5.995805740356445,5.995805740356445,4400,0.0,0.0
1986-10-06 00:00:00-04:00,0.0,6.481952667236328,6.157855033874512,6.157855033874512,667,0.0,0.0
1986-10-07 00:00:00-04:00,0.0,6.481952667236328,6.157855033874512,6.157855033874512,2900,0.0,0.0
1986-10-08 00:00:00-04:00,0.0,6.643999528884888,6.481950759887695,6.481950759887695,6033,0.0,0.0
1986-10-09 00:00:00-04:00,0.0,6.481952667236328,6.157855033874512,6.157855033874512,1367,0.0,0.0
1986-10-10 00:00:00-04:00,0.0,6.481952667236328,6.157855033874512,6.157855033874512,333,0.0,0.0
1986-10-13 00:00:00-04:00,0.0,6.481952667236328,6.157855033874512,6.157855033874512,2000,0.0,0.0
1986-10-14 00:00:00-04:00,0.0,6.31990385055542,6.157855033874512,6.157855033874512,1800,0.0,0.0
1986-10-15 00:00:00-04:00,0.0,6.31990385055542,6.157855033874512,6.157855033874512,1867,0.0,0.0
1986-10-16 00:00:00-04:00,0.0,6.31990334794328,5.995805740356445,5.995805740356445,1867,0.0,0.0
1986-10-17 00:00:00-04:00,0.0,6.157853480747768,5.6717071533203125,5.6717071533203125,500,0.0,0.0
1986-10-20 00:00:00-04:00,0.0,6.157853480747768,5.6717071533203125,5.6717071533203125,567,0.0,0.0
1986-10-21 00:00:00-04:00,0.0,5.995804704938616,5.6717071533203125,5.6717071533203125,500,0.0,0.0
1986-10-22 00:00:00-04:00,0.0,6.157853480747768,5.6717071533203125,5.6717071533203125,1167,0.0,0.0
1986-10-23 00:00:00-04:00,0.0,6.31990385055542,6.157855033874512,6.157855033874512,8333,0.0,0.0
1986-10-24 00:00:00-04:00,0.0,6.31990385055542,6.157855033874512,6.157855033874512,2000,0.0,0.0
1986-10-27 00:00:00-05:00,0.0,6.31990385055542,6.157855033874512,6.157855033874512,133,0.0,0.0
1986-10-28 00:00:00-05:00,6.157855033874512,6.157855033874512,6.157855033874512,6.157855033874512,0,0.0,0.0
1986-10-29 00:00:00-05:00,0.0,6.157853523890178,5.833755970001221,5.833755970001221,1867,0.0,0.0
1986-10-30 00:00:00-05:00,5.833755970001221,5.833755970001221,5.833755970001221,5.833755970001221,0,0.0,0.0
1986-10-31 00:00:00-05:00,5.833755970001221,5.833755970001221,5.833755970001221,5.833755970001221,0,0.0,0.0
1986-11-03 00:00:00-05:00,0.0,6.157853523890178,5.833755970001221,5.833755970001221,900,0.0,0.0
1986-11-04 00:00:00-05:00,5.833755970001221,5.833755970001221,5.833755970001221,5.833755970001221,0,0.0,0.0
1986-11-05 00:00:00-05:00,0.0,6.157854544149862,5.995805740356445,5.995805740356445,300,0.0,0.0
1986-11-06 00:00:00-05:00,5.995805740356445,5.995805740356445,5.995805740356445,5.995805740356445,0,0.0,0.0
1986-11-07 00:00:00-05:00,0.0,6.157853523890178,5.833755970001221,5.833755970001221,500,0.0,0.0
1986-11-10 00:00:00-05:00,0.0,6.157853523890178,5.833755970001221,5.833755970001221,267,0.0,0.0
1986-11-11 00:00:00-05:00,0.0,5.9958047469457,5.833755970001221,5.833755970001221,167,0.0,0.0
1986-11-12 00:00:00-05:00,0.0,5.9958047469457,5.833755970001221,5.833755970001221,200,0.0,0.0
1986-11-13 00:00:00-05:00,0.0,6.157853523890178,5.833755970001221,5.833755970001221,1267,0.0,0.0
1986-11-14 00:00:00-05:00,0.0,6.157853523890178,5.833755970001221,5.833755970001221,1000,0.0,0.0
1986-11-17 00:00:00-05:00,5.833755970001221,5.833755970001221,5.833755970001221,5.833755970001221,0,0.0,0.0
1986-11-18 00:00:00-05:00,0.0,5.9958047469457,5.833755970001221,5.833755970001221,1200,0.0,0.0
1986-11-19 00:00:00-05:00,0.0,5.995804704938616,5.6717071533203125,5.6717071533203125,2100,0.0,0.0
1986-11-20 00:00:00-05:00,0.0,5.995804704938616,5.6717071533203125,5.6717071533203125,1000,0.0,0.0
1986-11-21 00:00:00-05:00,0.0,5.995804704938616,5.6717071533203125,5.6717071533203125,333,0.0,0.0
1986-11-24 00:00:00-05:00,5.6717071533203125,5.6717071533203125,5.6717071533203125,5.6717071533203125,0,0.0,0.0
1986-11-25 00:00:00-05:00,0.0,5.8337563907398895,5.5096588134765625,5.5096588134765625,2733,0.0,0.0
1986-11-26 00:00:00-05:00,0.0,5.8337563907398895,5.5096588134765625,5.5096588134765625,333,0.0,0.0
1986-11-28 00:00:00-05:00,0.0,5.995804704938616,5.6717071533203125,5.6717071533203125,1333,0.0,0.0
1986-12-01 00:00:00-05:00,0.0,6.319902300834656,5.833755970001221,5.833755970001221,5467,0.0,0.0
1986-12-02 00:00:00-05:00,0.0,6.157853523890178,5.833755970001221,5.833755970001221,333,0.0,0.0
1986-12-03 00:00:00-05:00,0.0,6.157853523890178,5.833755970001221,5.833755970001221,300,0.0,0.0
1986-12-04 00:00:00-05:00,5.833755970001221,5.833755970001221,5.833755970001221,5.833755970001221,0,0.0,0.0
1986-12-05 00:00:00-05:00,0.0,6.157853523890178,5.833755970001221,5.833755970001221,1000,0.0,0.0
1986-12-08 00:00:00-05:00,0.0,6.157853523890178,5.833755970001221,5.833755970001221,667,0.0,0.0
1986-12-09 00:00:00-05:00,0.0,6.157853523890178,5.833755970001221,5.833755970001221,433,0.0,0.0
1986-12-10 00:00:00-05:00,0.0,6.157853523890178,5.833755970001221,5.833755970001221,367,0.0,0.0
1986-12-11 00:00:00-05:00,0.0,6.319902300834656,5.833755970001221,5.833755970001221,3067,0.0,0.0
1986-12-12 00:00:00-05:00,0.0,6.319902300834656,5.833755970001221,5.833755970001221,1667,0.0,0.0
1986-12-15 00:00:00-05:00,0.0,6.319902300834656,5.833755970001221,5.833755970001221,67,0.0,0.0
1986-12-16 00:00:00-05:00,0.0,6.157853523890178,5.833755970001221,5.833755970001221,2000,0.0,0.0
1986-12-17 00:00:00-05:00,0.0,6.157853523890178,5.833755970001221,5.833755970001221,133,0.0,0.0
1986-12-18 00:00:00-05:00,0.0,5.995804704938616,5.6717071533203125,5.6717071533203125,2500,0.0,0.0
1986-12-19 00:00:00-05:00,0.0,5.995804704938616,5.6717071533203125,5.6717071533203125,1333,0.0,0.0
1986-12-22 00:00:00-05:00,0.0,5.995804704938616,5.6717071533203125,5.6717071533203125,7667,0.0,0.0
1986-12-23 00:00:00-05:00,0.0,6.157853523890178,5.833755970001221,5.833755970001221,1367,0.0,0.0
1986-12-24 00:00:00-05:00,0.0,6.157853523890178,5.833755970001221,5.833755970001221,833,0.0,0.0
1986-12-26 00:00:00-05:00,5.833755970001221,5.833755970001221,5.833755970001221,5.833755970001221,0,0.0,0.0
1986-12-29 00:00:00-05:00,0.0,6.157853523890178,5.833755970001221,5.833755970001221,167,0.0,0.0
1986-12-30 00:00:00-05:00,0.0,6.157853523890178,5.833755970001221,5.833755970001221,2767,0.0,0.0
1986-12-31 00:00:00-05:00,0.0,6.157853523890178,5.833755970001221,5.833755970001221,200,0.0,0.0
1987-01-02 00:00:00-05:00,0.0,6.157853523890178,5.833755970001221,5.833755970001221,333,0.0,0.0
1987-01-05 00:00:00-05:00,0.0,6.31990385055542,6.157855033874512,6.157855033874512,3233,0.0,0.0
1987-01-06 00:00:00-05:00,0.0,6.31990334794328,5.995805740356445,5.995805740356445,1167,0.0,0.0
1987-01-07 00:00:00-05:00,0.0,5.833755929129464,5.6717071533203125,5.6717071533203125,9033,0.0,0.0
1987-01-08 00:00:00-05:00,0.0,5.995804704938616,5.6717071533203125,5.6717071533203125,533,0.0,0.0
1987-01-09 00:00:00-05:00,0.0,5.995804704938616,5.6717071533203125,5.6717071533203125,1000,0.0,0.0
1987-01-12 00:00:00-05:00,0.0,6.157853523890178,5.833755970001221,5.833755970001221,3667,0.0,0.0
1987-01-13 00:00:00-05:00,0.0,6.31990385055542,6.157855033874512,6.157855033874512,5733,0.0,0.0
1987-01-14 00:00:00-05:00,0.0,6.481952667236328,6.157855033874512,6.157855033874512,6867,0.0,0.0
1987-01-15 00:00:00-05:00,0.0,6.644001483917236,6.157855033874512,6.157855033874512,2667,0.0,0.0
1987-01-16 00:00:00-05:00,0.0,6.643999528884888,6.481950759887695,6.481950759887695,2667,0.0,0.0
1987-01-19 00:00:00-05:00,0.0,6.968097116889023,6.6439995765686035,6.6439995765686035,3567,0.0,0.0
1987-01-20 00:00:00-05:00,0.0,6.643999528884888,6.481950759887695,6.481950759887695,1833,0.0,0.0
1987-01-21 00:00:00-05:00,6.481950759887695,6.481950759887695,6.481950759887695,6.481950759887695,0,0.0,0.0
1987-01-22 00:00:00-05:00,0.0,6.80604829788208,6.481950759887695,6.481950759887695,2667,0.0,0.0
1987-01-23 00:00:00-05:00,0.0,6.481951200045072,6.319902420043945,6.319902420043945,1067,0.0,0.0
1987-01-26 00:00:00-05:00,0.0,6.80604829788208,6.481950759887695,6.481950759887695,1933,0.0,0.0
1987-01-27 00:00:00-05:00,0.0,6.968097116889023,6.6439995765686035,6.6439995765686035,500,0.0,0.0
1987-01-28 00:00:00-05:00,0.0,6.968097652707781,6.80604887008667,6.80604887008667,1333,0.0,0.0
1987-01-29 00:00:00-05:00,0.0,7.778342226718334,7.616293430328368,7.616293430328369,3600,0.0,0.0
1987-01-30 00:00:00-05:00,0.0,7.616291460783585,7.454242706298828,7.454242706298828,2900,0.0,0.0
1987-02-02 00:00:00-05:00,0.0,7.454245068810203,7.130147457122803,7.130147457122803,2000,0.0,0.0
1987-02-03 00:00:00-05:00,0.0,7.454244037007176,6.968097686767578,6.968097686767578,4067,0.0,0.0
1987-02-04 00:00:00-05:00,0.0,6.80604829788208,6.481950759887695,6.481950759887695,8833,0.0,0.0
1987-02-05 00:00:00-05:00,0.0,6.806048346728813,6.6439995765686035,6.6439995765686035,433,0.0,0.0
1987-02-06 00:00:00-05:00,0.0,6.806048346728813,6.6439995765686035,6.6439995765686035,100,0.0,0.0
1987-02-09 00:00:00-05:00,0.0,6.806048346728813,6.6439995765686035,6.6439995765686035,4200,0.0,0.0
1987-02-10 00:00:00-05:00,0.0,6.643999528884888,6.481950759887695,6.481950759887695,7000,0.0,0.0
1987-02-11 00:00:00-05:00,0.0,6.643999528884888,6.481950759887695,6.481950759887695,733,0.0,0.0
1987-02-12 00:00:00-05:00,6.481950759887695,6.481950759887695,6.481950759887695,6.481950759887695,0,0.0,0.0
1987-02-13 00:00:00-05:00,0.0,6.481952667236328,6.157855033874512,6.157855033874512,667,0.0,0.0
1987-02-17 00:00:00-05:00,0.0,6.644001483917236,6.157855033874512,6.157855033874512,1533,0.0,0.0
1987-02-18 00:00:00-05:00,0.0,6.644001483917236,6.157855033874512,6.157855033874512,667,0.0,0.0
1987-02-19 00:00:00-05:00,0.0,6.80604829788208,6.481950759887695,6.481950759887695,4967,0.0,0.0
1987-02-20 00:00:00-05:00,0.0,6.80604829788208,6.481950759887695,6.481950759887695,167,0.0,0.0
1987-02-23 00:00:00-05:00,0.0,6.806048760047325,6.319902420043945,6.319902420043945,2000,0.0,0.0
1987-02-24 00:00:00-05:00,0.0,6.643999980046199,6.319902420043945,6.319902420043945,833,0.0,0.0
1987-02-25 00:00:00-05:00,0.0,6.80604829788208,6.481950759887695,6.481950759887695,2000,0.0,0.0
1987-02-26 00:00:00-05:00,6.481950759887695,6.481950759887695,6.481950759887695,6.481950759887695,0,0.0,0.0
1987-02-27 00:00:00-05:00,0.0,6.80604829788208,6.481950759887695,6.481950759887695,333,0.0,0.0
1987-03-02 00:00:00-05:00,6.481950759887695,6.481950759887695,6.481950759887695,6.481950759887695,0,0.0,0.0
1987-03-03 00:00:00-05:00,0.0,6.80604829788208,6.481950759887695,6.481950759887695,333,0.0,0.0
1987-03-04 00:00:00-05:00,0.0,7.130146470180777,6.968097686767578,6.968097686767578,4767,0.0,0.0
1987-03-05 00:00:00-05:00,0.0,7.454245068810203,7.130147457122803,7.130147457122803,10400,0.0,0.0
1987-03-06 00:00:00-05:00,0.0,7.778341674804687,7.2921953201293945,7.2921953201293945,3800,0.0,0.0
1987-03-09 00:00:00-05:00,0.0,7.778341674804687,7.2921953201293945,7.2921953201293945,500,0.0,0.0
1987-03-10 00:00:00-05:00,0.0,8.264487169226822,7.94038963317871,7.940389633178711,7000,0.0,0.0
1987-03-11 00:00:00-05:00,0.0,8.750633010864258,8.102437973022461,8.102437973022461,12533,0.0,0.0
1987-03-12 00:00:00-05:00,0.0,8.42653549194336,8.102437973022461,8.102437973022461,8233,0.0,0.0
1987-03-13 00:00:00-05:00,0.0,8.42653549194336,8.102437973022461,8.102437973022461,3300,0.0,0.0
1987-03-16 00:00:00-05:00,0.0,8.42653549194336,8.102437973022461,8.102437973022461,1667,0.0,0.0
1987-03-17 00:00:00-05:00,0.0,8.26448673248291,8.102437973022461,8.102437973022461,4867,0.0,0.0
1987-03-18 00:00:00-05:00,8.102437973022461,8.102437973022461,8.102437973022461,8.102437973022461,0,0.0,0.0
1987-03-19 00:00:00-05:00,0.0,8.264487169226822,7.94038963317871,7.940389633178711,2767,0.0,0.0
1987-03-20 00:00:00-05:00,0.0,8.264487169226822,7.94038963317871,7.940389633178711,333,0.0,0.0
1987-03-23 00:00:00-05:00,0.0,8.264487169226822,7.94038963317871,7.940389633178711,1233,0.0,0.0
1987-03-24 00:00:00-05:00,0.0,8.264487169226822,7.94038963317871,7.940389633178711,1733,0.0,0.0
1987-03-25 00:00:00-05:00,0.0,8.264487169226822,7.94038963317871,7.940389633178711,200,0.0,0.0
1987-03-26 00:00:00-05:00,0.0,8.588584251403809,8.102437973022461,8.102437973022461,3933,0.0,0.0
1987-03-27 00:00:00-05:00,0.0,8.588585340059721,8.426536560058594,8.426536560058594,2367,0.0,0.0
1987-03-30 00:00:00-05:00,0.0,8.75063172826227,8.588582992553711,8.588582992553711,3200,0.0,0.0
1987-03-31 00:00:00-05:00,0.0,9.236784033341841,8.912686347961426,8.912686347961426,6867,0.0,0.0
1987-04-01 00:00:00-05:00,0.0,9.236784033341841,8.912686347961426,8.912686347961426,4133,0.0,0.0
1987-04-02 00:00:00-05:00,0.0,9.074735190651634,8.912686347961426,8.912686347961426,667,0.0,0.0
1987-04-03 00:00:00-05:00,0.0,9.236784033341841,8.912686347961426,8.912686347961426,3667,0.0,0.0
1987-04-06 00:00:00-04:00,0.0,9.236782550811768,9.07473373413086,9.07473373413086,12867,0.0,0.0
1987-04-07 00:00:00-04:00,0.0,8.912680463970831,8.588582992553711,8.588582992553711,8667,0.0,0.0
1987-04-08 00:00:00-04:00,0.0,9.884975811530802,9.398829460144043,9.398829460144043,20700,0.0,0.0
1987-04-09 00:00:00-04:00,0.0,10.209075450897217,9.722929000854492,9.722929000854492,6233,0.0,0.0
1987-04-10 00:00:00-04:00,0.0,10.5331701785326,10.371121406555176,10.371121406555176,12000,0.0,0.0
1987-04-13 00:00:00-04:00,0.0,11.019316494464874,10.371121406555176,10.371121406555176,13500,0.0,0.0
1987-04-14 00:00:00-04:00,0.0,10.85726772248745,10.371121406555176,10.371121406555176,15800,0.0,0.0
1987-04-15 00:00:00-04:00,0.0,10.047026634216309,9.722929000854492,9.722929000854492,4767,0.0,0.0
1987-04-16 00:00:00-04:00,0.0,9.56087771633215,9.236780166625977,9.236780166625977,1833,0.0,0.0
1987-04-20 00:00:00-04:00,0.0,10.047026634216309,9.722929000854492,9.722929000854492,4333,0.0,0.0
1987-04-21 00:00:00-04:00,0.0,9.722928515935347,9.560879707336426,9.560879707336426,3267,0.0,0.0
1987-04-22 00:00:00-04:00,0.0,10.047026634216309,9.722929000854492,9.722929000854492,2600,0.0,0.0
1987-04-23 00:00:00-04:00,0.0,10.047028088178791,9.884979248046875,9.884979248046875,1067,0.0,0.0
1987-04-24 00:00:00-04:00,0.0,10.695218950510025,10.371121406555176,10.371121406555176,15467,0.0,0.0
1987-04-27 00:00:00-04:00,0.0,10.371122298702117,10.047024726867676,10.047024726867676,4633,0.0,0.0
1987-04-28 00:00:00-04:00,0.0,10.371122298702117,10.047024726867676,10.047024726867676,1633,0.0,0.0
1987-04-29 00:00:00-04:00,0.0,10.371124267578125,9.722929000854492,9.722929000854492,4067,0.0,0.0
1987-04-30 00:00:00-04:00,0.0,10.371125768442623,9.884979248046875,9.884979248046875,1200,0.0,0.0
1987-05-01 00:00:00-04:00,0.0,10.209076928310706,9.884979248046875,9.884979248046875,567,0.0,0.0
1987-05-04 00:00:00-04:00,0.0,9.8849778175354,9.722929000854492,9.722929000854492,3600,0.0,0.0
1987-05-05 00:00:00-04:00,0.0,10.047026634216309,9.722929000854492,9.722929000854492,7867,0.0,0.0
1987-05-06 00:00:00-04:00,0.0,10.047026634216309,9.722929000854492,9.722929000854492,1167,0.0,0.0
1987-05-07 00:00:00-04:00,0.0,9.722927027735217,9.398829460144043,9.398829460144043,4667,0.0,0.0
1987-05-08 00:00:00-04:00,0.0,9.722927027735217,9.398829460144043,9.398829460144043,3033,0.0,0.0
1987-05-11 00:00:00-04:00,0.0,9.722927027735217,9.398829460144043,9.398829460144043,2033,0.0,0.0
1987-05-12 00:00:00-04:00,0.0,9.722929000854492,9.07473373413086,9.07473373413086,1567,0.0,0.0
1987-05-13 00:00:00-04:00,0.0,9.560880184173584,9.07473373413086,9.07473373413086,2000,0.0,0.0
1987-05-14 00:00:00-04:00,0.0,9.560880184173584,9.07473373413086,9.07473373413086,333,0.0,0.0
1987-05-15 00:00:00-04:00,0.0,9.398831367492676,9.07473373413086,9.07473373413086,1267,0.0,0.0
1987-05-18 00:00:00-04:00,0.0,9.398831367492676,9.07473373413086,9.07473373413086,3333,0.0,0.0
1987-05-19 00:00:00-04:00,0.0,9.398831367492676,9.07473373413086,9.07473373413086,1367,0.0,0.0
1987-05-20 00:00:00-04:00,0.0,9.56087771633215,9.236780166625977,9.236780166625977,4833,0.0,0.0
1987-05-21 00:00:00-04:00,0.0,9.56087771633215,9.236780166625977,9.236780166625977,1600,0.0,0.0
1987-05-22 00:00:00-04:00,0.0,9.236784033341841,8.912686347961426,8.912686347961426,3000,0.0,0.0
1987-05-26 00:00:00-04:00,0.0,9.07473373413086,8.750636100769043,8.750636100769043,3367,0.0,0.0
1987-05-27 00:00:00-04:00,0.0,9.074735190651634,8.912686347961426,8.912686347961426,67,0.0,0.0
1987-05-28 00:00:00-04:00,0.0,9.07473373413086,8.750636100769043,8.750636100769043,1100,0.0,0.0
1987-05-29 00:00:00-04:00,8.750636100769043,8.750636100769043,8.750636100769043,8.750636100769043,0,0.0,0.0
1987-06-01 00:00:00-04:00,8.750636100769043,8.750636100769043,8.750636100769043,8.750636100769043,0,0.0,0.0
1987-06-02 00:00:00-04:00,0.0,9.07473373413086,8.750636100769043,8.750636100769043,333,0.0,0.0
1987-06-03 00:00:00-04:00,0.0,8.912682900061974,8.426536560058594,8.426536560058594,6867,0.0,0.0
1987-06-04 00:00:00-04:00,0.0,8.750634120060846,8.426536560058594,8.426536560058594,2500,0.0,0.0
1987-06-05 00:00:00-04:00,0.0,8.750634120060846,8.426536560058594,8.426536560058594,1667,0.0,0.0
1987-06-08 00:00:00-04:00,0.0,8.750634120060846,8.426536560058594,8.426536560058594,2033,0.0,0.0
1987-06-09 00:00:00-04:00,0.0,8.750634120060846,8.426536560058594,8.426536560058594,67,0.0,0.0
1987-06-10 00:00:00-04:00,0.0,8.750634120060846,8.426536560058594,8.426536560058594,867,0.0,0.0
1987-06-11 00:00:00-04:00,0.0,9.07473373413086,8.750636100769043,8.750636100769043,3000,0.0,0.0
1987-06-12 00:00:00-04:00,0.0,9.074729199679393,8.588582992553711,8.588582992553711,333,0.0,0.0
1987-06-15 00:00:00-04:00,0.0,8.912680463970831,8.588582992553711,8.588582992553711,67,0.0,0.0
1987-06-16 00:00:00-04:00,8.588582992553711,8.588582992553711,8.588582992553711,8.588582992553711,0,0.0,0.0
1987-06-17 00:00:00-04:00,8.588582992553711,8.588582992553711,8.588582992553711,8.588582992553711,0,0.0,0.0
1987-06-18 00:00:00-04:00,0.0,9.07473373413086,8.750636100769043,8.750636100769043,1300,0.0,0.0
1987-06-19 00:00:00-04:00,0.0,9.07473373413086,8.750636100769043,8.750636100769043,6867,0.0,0.0
1987-06-22 00:00:00-04:00,0.0,8.912684917449951,8.750636100769043,8.750636100769043,167,0.0,0.0
1987-06-23 00:00:00-04:00,0.0,8.912682900061974,8.426536560058594,8.426536560058594,2167,0.0,0.0
1987-06-24 00:00:00-04:00,0.0,8.750633576337028,8.264487266540527,8.264487266540527,100,0.0,0.0
1987-06-25 00:00:00-04:00,8.264487266540527,8.264487266540527,8.264487266540527,8.264487266540527,0,0.0,0.0
1987-06-26 00:00:00-04:00,0.0,8.588584251403809,8.102437973022461,8.102437973022461,400,0.0,0.0
1987-06-29 00:00:00-04:00,0.0,8.264486610889435,7.7783403396606445,7.7783403396606445,3267,0.0,0.0
1987-06-30 00:00:00-04:00,0.0,8.102437853813171,7.7783403396606445,7.7783403396606445,1767,0.0,0.0
1987-07-01 00:00:00-04:00,0.0,8.264486610889435,7.7783403396606445,7.7783403396606445,3867,0.0,0.0
1987-07-02 00:00:00-04:00,0.0,7.778340215268343,7.454242706298828,7.454242706298828,3467,0.0,0.0
1987-07-06 00:00:00-04:00,0.0,7.6162928899129225,7.2921953201293945,7.2921953201293945,2167,0.0,0.0
1987-07-07 00:00:00-04:00,0.0,7.940389096736908,7.7783403396606445,7.7783403396606445,2467,0.0,0.0
1987-07-08 00:00:00-04:00,0.0,8.102439819498265,7.616293430328368,7.616293430328369,1467,0.0,0.0
1987-07-09 00:00:00-04:00,0.0,8.588584806404862,8.264487266540527,8.264487266540527,5367,0.0,0.0
1987-07-10 00:00:00-04:00,0.0,8.588584806404862,8.264487266540527,8.264487266540527,533,0.0,0.0
1987-07-13 00:00:00-04:00,0.0,9.39883287603205,8.912686347961426,8.912686347961426,6433,0.0,0.0
1987-07-14 00:00:00-04:00,0.0,9.88497732453427,9.560879707336426,9.560879707336426,12300,0.0,0.0
1987-07-15 00:00:00-04:00,0.0,9.88497732453427,9.560879707336426,9.560879707336426,667,0.0,0.0
1987-07-16 00:00:00-04:00,0.0,9.8849778175354,9.722929000854492,9.722929000854492,600,0.0,0.0
1987-07-17 00:00:00-04:00,0.0,9.722928515935347,9.560879707336426,9.560879707336426,4167,0.0,0.0
1987-07-20 00:00:00-04:00,0.0,10.047026634216309,9.722929000854492,9.722929000854492,1400,0.0,0.0
1987-07-21 00:00:00-04:00,0.0,10.533171084619337,10.047024726867676,10.047024726867676,4300,0.0,0.0
1987-07-22 00:00:00-04:00,0.0,10.533172592284187,10.209074974060059,10.209074974060059,2167,0.0,0.0
1987-07-23 00:00:00-04:00,0.0,10.371123783172123,10.209074974060059,10.209074974060059,1167,0.0,0.0
1987-07-24 00:00:00-04:00,0.0,9.88497732453427,9.560879707336426,9.560879707336426,4400,0.0,0.0
1987-07-27 00:00:00-04:00,0.0,9.722927027735217,9.398829460144043,9.398829460144043,1000,0.0,0.0
1987-07-28 00:00:00-04:00,0.0,9.722928515935347,9.560879707336426,9.560879707336426,433,0.0,0.0
1987-07-29 00:00:00-04:00,9.560879707336426,9.560879707336426,9.560879707336426,9.560879707336426,0,0.0,0.0
1987-07-30 00:00:00-04:00,0.0,9.722927027735217,9.398829460144043,9.398829460144043,333,0.0,0.0
1987-07-31 00:00:00-04:00,0.0,9.56087824393963,9.398829460144043,9.398829460144043,767,0.0,0.0
1987-08-03 00:00:00-04:00,0.0,10.209073512784897,10.047024726867676,10.047024726867676,3500,0.0,0.0
1987-08-04 00:00:00-04:00,0.0,9.884975811530802,9.398829460144043,9.398829460144043,8567,0.0,0.0
1987-08-05 00:00:00-04:00,0.0,9.560880184173584,9.07473373413086,9.07473373413086,3667,0.0,0.0
1987-08-06 00:00:00-04:00,0.0,9.560880184173584,9.07473373413086,9.07473373413086,67,0.0,0.0
1987-08-07 00:00:00-04:00,0.0,9.398831367492676,9.07473373413086,9.07473373413086,200,0.0,0.0
1987-08-10 00:00:00-04:00,0.0,9.560880184173584,9.07473373413086,9.07473373413086,2167,0.0,0.0
1987-08-11 00:00:00-04:00,0.0,9.56087771633215,9.236780166625977,9.236780166625977,700,0.0,0.0
1987-08-12 00:00:00-04:00,0.0,9.56087771633215,9.236780166625977,9.236780166625977,67,0.0,0.0
1987-08-13 00:00:00-04:00,0.0,9.56087771633215,9.236780166625977,9.236780166625977,133,0.0,0.0
1987-08-14 00:00:00-04:00,0.0,9.398831367492676,9.07473373413086,9.07473373413086,600,0.0,0.0
1987-08-17 00:00:00-04:00,9.07473373413086,9.07473373413086,9.07473373413086,9.07473373413086,0,0.0,0.0
1987-08-18 00:00:00-04:00,9.07473373413086,9.07473373413086,9.07473373413086,9.07473373413086,0,0.0,0.0
1987-08-19 00:00:00-04:00,0.0,9.236784033341841,8.912686347961426,8.912686347961426,67,0.0,0.0
1987-08-20 00:00:00-04:00,0.0,9.236782550811768,8.750636100769043,8.750636100769043,33,0.0,0.0
1987-08-21 00:00:00-04:00,0.0,9.07473373413086,8.750636100769043,8.750636100769043,1267,0.0,0.0
1987-08-24 00:00:00-04:00,0.0,9.07473373413086,8.750636100769043,8.750636100769043,200,0.0,0.0
1987-08-25 00:00:00-04:00,0.0,8.912680463970831,8.588582992553711,8.588582992553711,1000,0.0,0.0
1987-08-26 00:00:00-04:00,8.588582992553711,8.588582992553711,8.588582992553711,8.588582992553711,0,0.0,0.0
1987-08-27 00:00:00-04:00,0.0,9.074729199679393,8.588582992553711,8.588582992553711,3933,0.0,0.0
1987-08-28 00:00:00-04:00,8.588582992553711,8.588582992553711,8.588582992553711,8.588582992553711,0,0.0,0.0
1987-08-31 00:00:00-04:00,8.588582992553711,8.588582992553711,8.588582992553711,8.588582992553711,0,0.0,0.0
1987-09-01 00:00:00-04:00,0.0,8.588585340059721,8.426536560058594,8.426536560058594,1600,0.0,0.0
1987-09-02 00:00:00-04:00,0.0,8.750634120060846,8.426536560058594,8.426536560058594,6733,0.0,0.0
1987-09-03 00:00:00-04:00,0.0,8.912682900061974,8.426536560058594,8.426536560058594,1000,0.0,0.0
1987-09-04 00:00:00-04:00,0.0,8.912684917449951,8.750636100769043,8.750636100769043,433,0.0,0.0
1987-09-08 00:00:00-04:00,0.0,8.912680463970831,8.588582992553711,8.588582992553711,1133,0.0,0.0
1987-09-09 00:00:00-04:00,8.588582992553711,8.588582992553711,8.588582992553711,8.588582992553711,0,0.0,0.0
1987-09-10 00:00:00-04:00,0.0,9.07473373413086,8.750636100769043,8.750636100769043,1167,0.0,0.0
1987-09-11 00:00:00-04:00,0.0,9.236784033341841,8.912686347961426,8.912686347961426,1833,0.0,0.0
1987-09-14 00:00:00-04:00,8.912686347961426,8.912686347961426,8.912686347961426,8.912686347961426,0,0.0,0.0
1987-09-15 00:00:00-04:00,0.0,9.39883287603205,8.912686347961426,8.912686347961426,333,0.0,0.0
1987-09-16 00:00:00-04:00,0.0,9.39883287603205,8.912686347961426,8.912686347961426,1000,0.0,0.0
1987-09-17 00:00:00-04:00,0.0,9.236784033341841,8.912686347961426,8.912686347961426,500,0.0,0.0
1987-09-18 00:00:00-04:00,0.0,9.39883287603205,8.912686347961426,8.912686347961426,333,0.0,0.0
1987-09-21 00:00:00-04:00,0.0,9.39883287603205,8.912686347961426,8.912686347961426,367,0.0,0.0
1987-09-22 00:00:00-04:00,8.912686347961426,8.912686347961426,8.912686347961426,8.912686347961426,0,0.0,0.0
1987-09-23 00:00:00-04:00,0.0,9.07473373413086,8.750636100769043,8.750636100769043,2300,0.0,0.0
1987-09-24 00:00:00-04:00,0.0,8.912680463970831,8.588582992553711,8.588582992553711,1333,0.0,0.0
1987-09-25 00:00:00-04:00,8.588582992553711,8.588582992553711,8.588582992553711,8.588582992553711,0,0.0,0.0
1987-09-28 00:00:00-04:00,0.0,8.426536036472694,8.264487266540527,8.264487266540527,2667,0.0,0.0
1987-09-29 00:00:00-04:00,8.264487266540527,8.264487266540527,8.264487266540527,8.264487266540527,0,0.0,0.0
1987-09-30 00:00:00-04:00,8.264487266540527,8.264487266540527,8.264487266540527,8.264487266540527,0,0.0,0.0
1987-10-01 00:00:00-04:00,0.0,8.588584806404862,8.264487266540527,8.264487266540527,2867,0.0,0.0
1987-10-02 00:00:00-04:00,8.264487266540527,8.264487266540527,8.264487266540527,8.264487266540527,0,0.0,0.0
1987-10-05 00:00:00-04:00,0.0,8.588585340059721,8.426536560058594,8.426536560058594,33,0.0,0.0
1987-10-06 00:00:00-04:00,0.0,8.588585340059721,8.426536560058594,8.426536560058594,500,0.0,0.0
1987-10-07 00:00:00-04:00,0.0,8.588584806404862,8.264487266540527,8.264487266540527,1267,0.0,0.0
1987-10-08 00:00:00-04:00,0.0,8.426536036472694,8.264487266540527,8.264487266540527,1167,0.0,0.0
1987-10-09 00:00:00-04:00,8.264487266540527,8.264487266540527,8.264487266540527,8.264487266540527,0,0.0,0.0
1987-10-12 00:00:00-04:00,8.264487266540527,8.264487266540527,8.264487266540527,8.264487266540527,0,0.0,0.0
1987-10-13 00:00:00-04:00,0.0,8.426536036472694,8.264487266540527,8.264487266540527,3933,0.0,0.0
1987-10-14 00:00:00-04:00,0.0,8.426536036472694,8.264487266540527,8.264487266540527,367,0.0,0.0
1987-10-15 00:00:00-04:00,0.0,8.588585340059721,8.426536560058594,8.426536560058594,5667,0.0,0.0
1987-10-16 00:00:00-04:00,0.0,8.588584806404862,8.264487266540527,8.264487266540527,833,0.0,0.0
1987-10-19 00:00:00-04:00,0.0,8.42653549194336,8.102437973022461,8.102437973022461,667,0.0,0.0
1987-10-20 00:00:00-04:00,0.0,8.426535233207371,7.454242706298828,7.454242706298828,11767,0.0,0.0
1987-10-21 00:00:00-04:00,0.0,6.481952151736698,5.995805740356445,5.995805740356445,14500,0.0,0.0
1987-10-22 00:00:00-04:00,0.0,6.31990334794328,5.995805740356445,5.995805740356445,1833,0.0,0.0
1987-10-23 00:00:00-04:00,0.0,6.481952667236328,6.157855033874512,6.157855033874512,7500,0.0,0.0
1987-10-26 00:00:00-05:00,0.0,5.8337563907398895,5.5096588134765625,5.5096588134765625,3133,0.0,0.0
1987-10-27 00:00:00-05:00,0.0,6.157853480747768,5.6717071533203125,5.6717071533203125,667,0.0,0.0
1987-10-28 00:00:00-05:00,0.0,5.671707019209862,5.185560703277588,5.185560703277588,367,0.0,0.0
1987-10-29 00:00:00-05:00,0.0,5.8337563907398895,5.5096588134765625,5.5096588134765625,867,0.0,0.0
1987-10-30 00:00:00-05:00,0.0,5.8337563907398895,5.5096588134765625,5.5096588134765625,1667,0.0,0.0
1987-11-02 00:00:00-05:00,5.5096588134765625,5.5096588134765625,5.5096588134765625,5.5096588134765625,0,0.0,0.0
1987-11-03 00:00:00-05:00,0.0,5.833755791187286,5.185560703277588,5.185560703277588,500,0.0,0.0
1987-11-04 00:00:00-05:00,0.0,5.509658247232437,5.185560703277588,5.185560703277588,333,0.0,0.0
1987-11-05 00:00:00-05:00,0.0,5.1855621337890625,4.53736686706543,4.53736686706543,700,0.0,0.0
1987-11-06 00:00:00-05:00,0.0,5.1855621337890625,4.861464500427246,4.861464500427246,700,0.0,0.0
1987-11-09 00:00:00-05:00,0.0,5.023513317108154,4.53736686706543,4.53736686706543,333,0.0,0.0
1987-11-10 00:00:00-05:00,0.0,4.699415683746338,4.3753180503845215,4.3753180503845215,1500,0.0,0.0
1987-11-11 00:00:00-05:00,0.0,4.699414620032677,4.213268280029297,4.213268280029297,33,0.0,0.0
1987-11-12 00:00:00-05:00,0.0,4.861464500427246,4.53736686706543,4.53736686706543,1167,0.0,0.0
1987-11-13 00:00:00-05:00,0.0,5.8337563907398895,5.5096588134765625,5.5096588134765625,6833,0.0,0.0
1987-11-16 00:00:00-05:00,0.0,5.833755791187286,5.185560703277588,5.185560703277588,833,0.0,0.0
1987-11-17 00:00:00-05:00,0.0,5.833755791187286,5.185560703277588,5.185560703277588,100,0.0,0.0
1987-11-18 00:00:00-05:00,0.0,5.1855621337890625,4.861464500427246,4.861464500427246,200,0.0,0.0
1987-11-19 00:00:00-05:00,0.0,5.509659767150879,4.861464500427246,4.861464500427246,67,0.0,0.0
1987-11-20 00:00:00-05:00,0.0,5.509659767150879,4.861464500427246,4.861464500427246,500,0.0,0.0
1987-11-23 00:00:00-05:00,4.861464500427246,4.861464500427246,4.861464500427246,4.861464500427246,0,0.0,0.0
1987-11-24 00:00:00-05:00,4.861464500427246,4.861464500427246,4.861464500427246,4.861464500427246,0,0.0,0.0
1987-11-25 00:00:00-05:00,4.861464500427246,4.861464500427246,4.861464500427246,4.861464500427246,0,0.0,0.0
1987-11-27 00:00:00-05:00,0.0,6.157854544149862,5.995805740356445,5.995805740356445,3900,0.0,0.0
1987-11-30 00:00:00-05:00,0.0,6.481952667236328,6.157855033874512,6.157855033874512,3967,0.0,0.0
1987-12-01 00:00:00-05:00,0.0,6.481952667236328,6.157855033874512,6.157855033874512,467,0.0,0.0
1987-12-02 00:00:00-05:00,0.0,6.481952667236328,6.157855033874512,6.157855033874512,133,0.0,0.0
1987-12-03 00:00:00-05:00,0.0,6.481952667236328,6.157855033874512,6.157855033874512,200,0.0,0.0
1987-12-04 00:00:00-05:00,0.0,6.157853523890178,5.833755970001221,5.833755970001221,1467,0.0,0.0
1987-12-07 00:00:00-05:00,0.0,6.157853523890178,5.833755970001221,5.833755970001221,33,0.0,0.0
1987-12-08 00:00:00-05:00,5.833755970001221,5.833755970001221,5.833755970001221,5.833755970001221,0,0.0,0.0
1987-12-09 00:00:00-05:00,0.0,6.481951077779135,5.833755970001221,5.833755970001221,333,0.0,0.0
1987-12-10 00:00:00-05:00,5.833755970001221,5.833755970001221,5.833755970001221,5.833755970001221,0,0.0,0.0
1987-12-11 00:00:00-05:00,5.833755970001221,5.833755970001221,5.833755970001221,5.833755970001221,0,0.0,0.0
1987-12-14 00:00:00-05:00,0.0,6.31990334794328,5.995805740356445,5.995805740356445,667,0.0,0.0
1987-12-15 00:00:00-05:00,0.0,5.995804704938616,5.6717071533203125,5.6717071533203125,3167,0.0,0.0
1987-12-16 00:00:00-05:00,0.0,6.157853480747768,5.6717071533203125,5.6717071533203125,333,0.0,0.0
1987-12-17 00:00:00-05:00,0.0,5.995804704938616,5.6717071533203125,5.6717071533203125,333,0.0,0.0
1987-12-18 00:00:00-05:00,0.0,6.481952151736698,5.995805740356445,5.995805740356445,667,0.0,0.0
1987-12-21 00:00:00-05:00,0.0,6.806048760047325,6.319902420043945,6.319902420043945,1200,0.0,0.0
1987-12-22 00:00:00-05:00,0.0,6.80604829788208,6.481950759887695,6.481950759887695,133,0.0,0.0
1987-12-23 00:00:00-05:00,6.481950759887695,6.481950759887695,6.481950759887695,6.481950759887695,0,0.0,0.0
1987-12-24 00:00:00-05:00,6.481950759887695,6.481950759887695,6.481950759887695,6.481950759887695,0,0.0,0.0
1987-12-28 00:00:00-05:00,6.481950759887695,6.481950759887695,6.481950759887695,6.481950759887695,0,0.0,0.0
1987-12-29 00:00:00-05:00,0.0,6.968097066879273,6.481950759887695,6.481950759887695,433,0.0,0.0
1987-12-30 00:00:00-05:00,0.0,6.968097066879273,6.481950759887695,6.481950759887695,700,0.0,0.0
1987-12-31 00:00:00-05:00,0.0,8.102437853813171,7.7783403396606445,7.7783403396606445,2333,0.0,0.0
1988-01-04 00:00:00-05:00,0.0,8.102437853813171,7.7783403396606445,7.7783403396606445,1367,0.0,0.0
1988-01-05 00:00:00-05:00,7.7783403396606445,7.7783403396606445,7.7783403396606445,7.7783403396606445,0,0.0,0.0
1988-01-06 00:00:00-05:00,0.0,8.102437853813171,7.7783403396606445,7.7783403396606445,1000,0.0,0.0
1988-01-07 00:00:00-05:00,0.0,8.750633010864258,8.102437973022461,8.102437973022461,2067,0.0,0.0
1988-01-08 00:00:00-05:00,0.0,8.750633010864258,8.102437973022461,8.102437973022461,67,0.0,0.0
1988-01-11 00:00:00-05:00,0.0,8.42653549194336,8.102437973022461,8.102437973022461,333,0.0,0.0
1988-01-12 00:00:00-05:00,0.0,8.426535367965698,7.7783403396606445,7.7783403396606445,2033,0.0,0.0
1988-01-13 00:00:00-05:00,0.0,8.102437853813171,7.7783403396606445,7.7783403396606445,333,0.0,0.0
1988-01-14 00:00:00-05:00,0.0,8.42653549194336,8.102437973022461,8.102437973022461,1000,0.0,0.0
1988-01-15 00:00:00-05:00,0.0,8.588584125041962,7.7783403396606445,7.7783403396606445,100,0.0,0.0
1988-01-18 00:00:00-05:00,0.0,8.588584705274931,7.94038963317871,7.940389633178711,1000,0.0,0.0
1988-01-19 00:00:00-05:00,7.94038963317871,7.94038963317871,7.94038963317871,7.940389633178711,0,0.0,0.0
1988-01-20 00:00:00-05:00,0.0,9.398831367492676,8.750636100769043,8.750636100769043,3333,0.0,0.0
1988-01-21 00:00:00-05:00,0.0,9.398831367492676,8.750636100769043,8.750636100769043,2000,0.0,0.0
1988-01-22 00:00:00-05:00,0.0,9.236782550811768,8.750636100769043,8.750636100769043,333,0.0,0.0
1988-01-25 00:00:00-05:00,0.0,9.236782550811768,8.750636100769043,8.750636100769043,333,0.0,0.0
1988-01-26 00:00:00-05:00,8.750636100769043,8.750636100769043,8.750636100769043,8.750636100769043,0,0.0,0.0
1988-01-27 00:00:00-05:00,0.0,8.912682900061974,8.426536560058594,8.426536560058594,3333,0.0,0.0
1988-01-28 00:00:00-05:00,0.0,8.912682900061974,8.426536560058594,8.426536560058594,100,0.0,0.0
1988-01-29 00:00:00-05:00,0.0,8.102437724237857,7.454242706298828,7.454242706298828,1667,0.0,0.0
1988-02-01 00:00:00-05:00,0.0,7.616293874653903,7.130147457122803,7.130147457122803,1600,0.0,0.0
1988-02-02 00:00:00-05:00,0.0,7.292194657209443,6.6439995765686035,6.6439995765686035,2467,0.0,0.0
1988-02-03 00:00:00-05:00,0.0,6.806048760047325,6.319902420043945,6.319902420043945,1900,0.0,0.0
1988-02-04 00:00:00-05:00,0.0,6.644001483917236,6.157855033874512,6.157855033874512,1000,0.0,0.0
1988-02-05 00:00:00-05:00,0.0,6.319902300834656,5.833755970001221,5.833755970001221,2667,0.0,0.0
1988-02-08 00:00:00-05:00,0.0,6.157853523890178,5.833755970001221,5.833755970001221,467,0.0,0.0
1988-02-09 00:00:00-05:00,0.0,5.995804613286798,5.347609519958496,5.347609519958496,1000,0.0,0.0
1988-02-10 00:00:00-05:00,0.0,6.80604829788208,6.481950759887695,6.481950759887695,3000,0.0,0.0
1988-02-11 00:00:00-05:00,0.0,6.8060503005981445,6.157855033874512,6.157855033874512,667,0.0,0.0
1988-02-12 00:00:00-05:00,6.157855033874512,6.157855033874512,6.157855033874512,6.157855033874512,0,0.0,0.0
1988-02-16 00:00:00-05:00,0.0,6.80604829788208,6.481950759887695,6.481950759887695,833,0.0,0.0
1988-02-17 00:00:00-05:00,0.0,6.806048760047325,6.319902420043945,6.319902420043945,933,0.0,0.0
1988-02-18 00:00:00-05:00,0.0,6.481952667236328,6.157855033874512,6.157855033874512,67,0.0,0.0
1988-02-19 00:00:00-05:00,6.157855033874512,6.157855033874512,6.157855033874512,6.157855033874512,0,0.0,0.0
1988-02-22 00:00:00-05:00,0.0,6.644000955530115,5.995805740356445,5.995805740356445,100,0.0,0.0
1988-02-23 00:00:00-05:00,0.0,6.644000955530115,5.995805740356445,5.995805740356445,400,0.0,0.0
1988-02-24 00:00:00-05:00,0.0,6.481951077779135,5.833755970001221,5.833755970001221,667,0.0,0.0
1988-02-25 00:00:00-05:00,0.0,6.481951077779135,5.833755970001221,5.833755970001221,500,0.0,0.0
1988-02-26 00:00:00-05:00,0.0,6.8060503005981445,6.157855033874512,6.157855033874512,1467,0.0,0.0
1988-02-29 00:00:00-05:00,6.157855033874512,6.157855033874512,6.157855033874512,6.157855033874512,0,0.0,0.0
1988-03-01 00:00:00-05:00,0.0,6.481951077779135,5.833755970001221,5.833755970001221,833,0.0,0.0
1988-03-02 00:00:00-05:00,0.0,6.157853523890178,5.833755970001221,5.833755970001221,3000,0.0,0.0
1988-03-03 00:00:00-05:00,5.833755970001221,5.833755970001221,5.833755970001221,5.833755970001221,0,0.0,0.0
1988-03-04 00:00:00-05:00,0.0,6.481951077779135,5.833755970001221,5.833755970001221,1000,0.0,0.0
1988-03-07 00:00:00-05:00,0.0,6.481951077779135,5.833755970001221,5.833755970001221,367,0.0,0.0
1988-03-08 00:00:00-05:00,5.833755970001221,5.833755970001221,5.833755970001221,5.833755970001221,0,0.0,0.0
1988-03-09 00:00:00-05:00,5.833755970001221,5.833755970001221,5.833755970001221,5.833755970001221,0,0.0,0.0
1988-03-10 00:00:00-05:00,0.0,6.31990334794328,5.995805740356445,5.995805740356445,667,0.0,0.0
1988-03-11 00:00:00-05:00,5.995805740356445,5.995805740356445,5.995805740356445,5.995805740356445,0,0.0,0.0
1988-03-14 00:00:00-05:00,0.0,6.157854544149862,5.995805740356445,5.995805740356445,667,0.0,0.0
1988-03-15 00:00:00-05:00,5.995805740356445,5.995805740356445,5.995805740356445,5.995805740356445,0,0.0,0.0
1988-03-16 00:00:00-05:00,5.995805740356445,5.995805740356445,5.995805740356445,5.995805740356445,0,0.0,0.0
1988-03-17 00:00:00-05:00,5.995805740356445,5.995805740356445,5.995805740356445,5.995805740356445,0,0.0,0.0
1988-03-18 00:00:00-05:00,5.995805740356445,5.995805740356445,5.995805740356445,5.995805740356445,0,0.0,0.0
1988-03-21 00:00:00-05:00,5.995805740356445,5.995805740356445,5.995805740356445,5.995805740356445,0,0.0,0.0
1988-03-22 00:00:00-05:00,5.995805740356445,5.995805740356445,5.995805740356445,5.995805740356445,0,0.0,0.0
1988-03-23 00:00:00-05:00,0.0,6.157853523890178,5.833755970001221,5.833755970001221,333,0.0,0.0
1988-03-24 00:00:00-05:00,0.0,6.157853523890178,5.833755970001221,5.833755970001221,133,0.0,0.0
1988-03-25 00:00:00-05:00,5.833755970001221,5.833755970001221,5.833755970001221,5.833755970001221,0,0.0,0.0
1988-03-28 00:00:00-05:00,5.833755970001221,5.833755970001221,5.833755970001221,5.833755970001221,0,0.0,0.0
1988-03-29 00:00:00-05:00,0.0,6.481951200045072,6.319902420043945,6.319902420043945,800,0.0,0.0
1988-03-30 00:00:00-05:00,0.0,7.454245068810203,7.130147457122803,7.130147457122803,5300,0.0,0.0
1988-03-31 00:00:00-05:00,0.0,7.454244037007176,6.968097686767578,6.968097686767578,3500,0.0,0.0
1988-04-04 00:00:00-04:00,0.0,7.454245068810203,7.130147457122803,7.130147457122803,67,0.0,0.0
1988-04-05 00:00:00-04:00,0.0,7.454244000571115,6.80604887008667,6.80604887008667,667,0.0,0.0
1988-04-06 00:00:00-04:00,0.0,7.292194657209443,6.6439995765686035,6.6439995765686035,1000,0.0,0.0
1988-04-07 00:00:00-04:00,0.0,6.968097066879273,6.481950759887695,6.481950759887695,567,0.0,0.0
1988-04-08 00:00:00-04:00,0.0,6.644001483917236,6.157855033874512,6.157855033874512,5633,0.0,0.0
1988-04-11 00:00:00-04:00,0.0,6.80604829788208,6.481950759887695,6.481950759887695,1667,0.0,0.0
1988-04-12 00:00:00-04:00,0.0,6.968097116889023,6.6439995765686035,6.6439995765686035,2400,0.0,0.0
1988-04-13 00:00:00-04:00,0.0,6.80604829788208,6.481950759887695,6.481950759887695,833,0.0,0.0
1988-04-14 00:00:00-04:00,0.0,7.130146435328893,6.80604887008667,6.80604887008667,1133,0.0,0.0
1988-04-15 00:00:00-04:00,0.0,7.130146435328893,6.80604887008667,6.80604887008667,533,0.0,0.0
1988-04-18 00:00:00-04:00,6.80604887008667,6.80604887008667,6.80604887008667,6.80604887008667,0,0.0,0.0
1988-04-19 00:00:00-04:00,6.80604887008667,6.80604887008667,6.80604887008667,6.80604887008667,0,0.0,0.0
1988-04-20 00:00:00-04:00,6.80604887008667,6.80604887008667,6.80604887008667,6.80604887008667,0,0.0,0.0
1988-04-21 00:00:00-04:00,0.0,7.130146435328893,6.80604887008667,6.80604887008667,2067,0.0,0.0
1988-04-22 00:00:00-04:00,0.0,7.130145835876465,6.481950759887695,6.481950759887695,67,0.0,0.0
1988-04-25 00:00:00-04:00,6.481950759887695,6.481950759887695,6.481950759887695,6.481950759887695,0,0.0,0.0
1988-04-26 00:00:00-04:00,0.0,7.130145835876465,6.481950759887695,6.481950759887695,1467,0.0,0.0
1988-04-27 00:00:00-04:00,6.481950759887695,6.481950759887695,6.481950759887695,6.481950759887695,0,0.0,0.0
1988-04-28 00:00:00-04:00,0.0,7.130145835876465,6.481950759887695,6.481950759887695,100,0.0,0.0
1988-04-29 00:00:00-04:00,6.481950759887695,6.481950759887695,6.481950759887695,6.481950759887695,0,0.0,0.0
1988-05-02 00:00:00-04:00,0.0,7.130145835876465,6.481950759887695,6.481950759887695,667,0.0,0.0
1988-05-03 00:00:00-04:00,0.0,6.968097066879273,6.481950759887695,6.481950759887695,1067,0.0,0.0
1988-05-04 00:00:00-04:00,0.0,6.968097066879273,6.481950759887695,6.481950759887695,2800,0.0,0.0
1988-05-05 00:00:00-04:00,6.481950759887695,6.481950759887695,6.481950759887695,6.481950759887695,0,0.0,0.0
1988-05-06 00:00:00-04:00,6.481950759887695,6.481950759887695,6.481950759887695,6.481950759887695,0,0.0,0.0
1988-05-09 00:00:00-04:00,0.0,7.940390459696451,7.2921953201293945,7.2921953201293945,3633,0.0,0.0
1988-05-10 00:00:00-04:00,0.0,7.778341674804687,7.2921953201293945,7.2921953201293945,267,0.0,0.0
1988-05-11 00:00:00-04:00,7.2921953201293945,7.2921953201293945,7.2921953201293945,7.2921953201293945,0,0.0,0.0
1988-05-12 00:00:00-04:00,7.2921953201293945,7.2921953201293945,7.2921953201293945,7.2921953201293945,0,0.0,0.0
1988-05-13 00:00:00-04:00,0.0,7.778341674804687,7.2921953201293945,7.2921953201293945,667,0.0,0.0
1988-05-16 00:00:00-04:00,0.0,8.426535367965698,7.7783403396606445,7.7783403396606445,2333,0.0,0.0
1988-05-17 00:00:00-04:00,0.0,8.426535937250877,7.94038963317871,7.940389633178711,100,0.0,0.0
1988-05-18 00:00:00-04:00,0.0,8.102437724237857,7.454242706298828,7.454242706298828,1333,0.0,0.0
1988-05-19 00:00:00-04:00,0.0,7.778340215268343,7.454242706298828,7.454242706298828,167,0.0,0.0
1988-05-20 00:00:00-04:00,7.454242706298828,7.454242706298828,7.454242706298828,7.454242706298828,0,0.0,0.0
1988-05-23 00:00:00-04:00,7.454242706298828,7.454242706298828,7.454242706298828,7.454242706298828,0,0.0,0.0
1988-05-24 00:00:00-04:00,7.454242706298828,7.454242706298828,7.454242706298828,7.454242706298828,0,0.0,0.0
1988-05-25 00:00:00-04:00,0.0,7.454245068810203,7.130147457122803,7.130147457122803,333,0.0,0.0
1988-05-26 00:00:00-04:00,0.0,7.454245068810203,7.130147457122803,7.130147457122803,133,0.0,0.0
1988-05-27 00:00:00-04:00,0.0,7.454244000571115,6.80604887008667,6.80604887008667,500,0.0,0.0
1988-05-31 00:00:00-04:00,6.80604887008667,6.80604887008667,6.80604887008667,6.80604887008667,0,0.0,0.0
1988-06-01 00:00:00-04:00,6.80604887008667,6.80604887008667,6.80604887008667,6.80604887008667,0,0.0,0.0
1988-06-02 00:00:00-04:00,6.80604887008667,6.80604887008667,6.80604887008667,6.80604887008667,0,0.0,0.0
1988-06-03 00:00:00-04:00,0.0,7.454244000571115,6.80604887008667,6.80604887008667,5067,0.0,0.0
1988-06-06 00:00:00-04:00,0.0,7.454244000571115,6.80604887008667,6.80604887008667,1633,0.0,0.0
1988-06-07 00:00:00-04:00,0.0,7.454244000571115,6.80604887008667,6.80604887008667,333,0.0,0.0
1988-06-08 00:00:00-04:00,0.0,7.454244037007176,6.968097686767578,6.968097686767578,433,0.0,0.0
1988-06-09 00:00:00-04:00,0.0,7.454244037007176,6.968097686767578,6.968097686767578,1167,0.0,0.0
1988-06-10 00:00:00-04:00,0.0,7.454244037007176,6.968097686767578,6.968097686767578,333,0.0,0.0
1988-06-13 00:00:00-04:00,0.0,7.454244037007176,6.968097686767578,6.968097686767578,1333,0.0,0.0
1988-06-14 00:00:00-04:00,6.968097686767578,6.968097686767578,6.968097686767578,6.968097686767578,0,0.0,0.0
1988-06-15 00:00:00-04:00,0.0,7.2921952535939765,6.968097686767578,6.968097686767578,1933,0.0,0.0
1988-06-16 00:00:00-04:00,0.0,7.454244037007176,6.968097686767578,6.968097686767578,967,0.0,0.0
1988-06-17 00:00:00-04:00,0.0,7.454245068810203,7.130147457122803,7.130147457122803,33,0.0,0.0
1988-06-20 00:00:00-04:00,0.0,7.454244037007176,6.968097686767578,6.968097686767578,333,0.0,0.0
1988-06-21 00:00:00-04:00,0.0,7.7783426804976035,7.130147457122803,7.130147457122803,1100,0.0,0.0
1988-06-22 00:00:00-04:00,7.130147457122803,7.130147457122803,7.130147457122803,7.130147457122803,0,0.0,0.0
1988-06-23 00:00:00-04:00,0.0,7.7783426804976035,7.130147457122803,7.130147457122803,333,0.0,0.0
1988-06-24 00:00:00-04:00,7.130147457122803,7.130147457122803,7.130147457122803,7.130147457122803,0,0.0,0.0
1988-06-27 00:00:00-04:00,0.0,7.616292783192226,6.80604887008667,6.80604887008667,1600,0.0,0.0
1988-06-28 00:00:00-04:00,0.0,7.616292783192226,6.80604887008667,6.80604887008667,33,0.0,0.0
1988-06-29 00:00:00-04:00,6.80604887008667,6.80604887008667,6.80604887008667,6.80604887008667,0,0.0,0.0
1988-06-30 00:00:00-04:00,0.0,7.4542434273696525,6.6439995765686035,6.6439995765686035,100,0.0,0.0
1988-07-01 00:00:00-04:00,0.0,7.4542434273696525,6.6439995765686035,6.6439995765686035,667,0.0,0.0
1988-07-05 00:00:00-04:00,0.0,7.130145835876465,6.481950759887695,6.481950759887695,833,0.0,0.0
1988-07-06 00:00:00-04:00,0.0,6.80604829788208,6.481950759887695,6.481950759887695,667,0.0,0.0
1988-07-07 00:00:00-04:00,6.481950759887695,6.481950759887695,6.481950759887695,6.481950759887695,0,0.0,0.0
1988-07-08 00:00:00-04:00,0.0,7.130145835876465,6.481950759887695,6.481950759887695,667,0.0,0.0
1988-07-11 00:00:00-04:00,6.481950759887695,6.481950759887695,6.481950759887695,6.481950759887695,0,0.0,0.0
1988-07-12 00:00:00-04:00,0.0,6.644001483917236,6.157855033874512,6.157855033874512,1033,0.0,0.0
1988-07-13 00:00:00-04:00,0.0,6.644001483917236,6.157855033874512,6.157855033874512,167,0.0,0.0
1988-07-14 00:00:00-04:00,0.0,6.644001483917236,6.157855033874512,6.157855033874512,33,0.0,0.0
1988-07-15 00:00:00-04:00,6.157855033874512,6.157855033874512,6.157855033874512,6.157855033874512,0,0.0,0.0
1988-07-18 00:00:00-04:00,0.0,6.481952667236328,6.157855033874512,6.157855033874512,1100,0.0,0.0
1988-07-19 00:00:00-04:00,0.0,6.481952151736698,5.995805740356445,5.995805740356445,1100,0.0,0.0
1988-07-20 00:00:00-04:00,0.0,6.806048760047325,6.319902420043945,6.319902420043945,1000,0.0,0.0
1988-07-21 00:00:00-04:00,6.319902420043945,6.319902420043945,6.319902420043945,6.319902420043945,0,0.0,0.0
1988-07-22 00:00:00-04:00,6.319902420043945,6.319902420043945,6.319902420043945,6.319902420043945,0,0.0,0.0
1988-07-25 00:00:00-04:00,0.0,6.968097540048452,6.319902420043945,6.319902420043945,667,0.0,0.0
1988-07-26 00:00:00-04:00,0.0,6.968097540048452,6.319902420043945,6.319902420043945,67,0.0,0.0
1988-07-27 00:00:00-04:00,0.0,6.968097540048452,6.319902420043945,6.319902420043945,333,0.0,0.0
1988-07-28 00:00:00-04:00,0.0,6.968097540048452,6.319902420043945,6.319902420043945,333,0.0,0.0
1988-07-29 00:00:00-04:00,0.0,6.968097540048452,6.319902420043945,6.319902420043945,200,0.0,0.0
1988-08-01 00:00:00-04:00,0.0,6.968097540048452,6.319902420043945,6.319902420043945,367,0.0,0.0
1988-08-02 00:00:00-04:00,0.0,6.968097540048452,6.319902420043945,6.319902420043945,33,0.0,0.0
1988-08-03 00:00:00-04:00,0.0,6.806048760047325,6.319902420043945,6.319902420043945,1700,0.0,0.0
1988-08-04 00:00:00-04:00,0.0,6.806048760047325,6.319902420043945,6.319902420043945,333,0.0,0.0
1988-08-05 00:00:00-04:00,6.319902420043945,6.319902420043945,6.319902420043945,6.319902420043945,0,0.0,0.0
1988-08-08 00:00:00-04:00,0.0,6.8060503005981445,6.157855033874512,6.157855033874512,1700,0.0,0.0
1988-08-09 00:00:00-04:00,6.157855033874512,6.157855033874512,6.157855033874512,6.157855033874512,0,0.0,0.0
1988-08-10 00:00:00-04:00,0.0,6.8060503005981445,6.157855033874512,6.157855033874512,2500,0.0,0.0
1988-08-11 00:00:00-04:00,0.0,6.481952667236328,6.157855033874512,6.157855033874512,1000,0.0,0.0
1988-08-12 00:00:00-04:00,0.0,6.481951077779135,5.833755970001221,5.833755970001221,2800,0.0,0.0
1988-08-15 00:00:00-04:00,0.0,6.157853523890178,5.833755970001221,5.833755970001221,1333,0.0,0.0
1988-08-16 00:00:00-04:00,5.833755970001221,5.833755970001221,5.833755970001221,5.833755970001221,0,0.0,0.0
1988-08-17 00:00:00-04:00,0.0,6.157853523890178,5.833755970001221,5.833755970001221,1033,0.0,0.0
1988-08-18 00:00:00-04:00,0.0,6.1578539680032165,5.5096588134765625,5.5096588134765625,333,0.0,0.0
1988-08-19 00:00:00-04:00,0.0,6.1578539680032165,5.5096588134765625,5.5096588134765625,133,0.0,0.0
1988-08-22 00:00:00-04:00,0.0,6.1578539680032165,5.5096588134765625,5.5096588134765625,667,0.0,0.0
1988-08-23 00:00:00-04:00,0.0,5.833755791187286,5.185560703277588,5.185560703277588,367,0.0,0.0
1988-08-24 00:00:00-04:00,5.185560703277588,5.185560703277588,5.185560703277588,5.185560703277588,0,0.0,0.0
1988-08-25 00:00:00-04:00,5.185560703277588,5.185560703277588,5.185560703277588,5.185560703277588,0,0.0,0.0
1988-08-26 00:00:00-04:00,5.185560703277588,5.185560703277588,5.185560703277588,5.185560703277588,0,0.0,0.0
1988-08-29 00:00:00-04:00,5.185560703277588,5.185560703277588,5.185560703277588,5.185560703277588,0,0.0,0.0
1988-08-30 00:00:00-04:00,0.0,5.833755791187286,5.185560703277588,5.185560703277588,33,0.0,0.0
1988-08-31 00:00:00-04:00,5.185560703277588,5.185560703277588,5.185560703277588,5.185560703277588,0,0.0,0.0
1988-09-01 00:00:00-04:00,5.185560703277588,5.185560703277588,5.185560703277588,5.185560703277588,0,0.0,0.0
1988-09-02 00:00:00-04:00,5.185560703277588,5.185560703277588,5.185560703277588,5.185560703277588,0,0.0,0.0
1988-09-06 00:00:00-04:00,0.0,5.833755791187286,5.185560703277588,5.185560703277588,833,0.0,0.0
1988-09-07 00:00:00-04:00,0.0,5.833755791187286,5.185560703277588,5.185560703277588,333,0.0,0.0
1988-09-08 00:00:00-04:00,0.0,5.833755791187286,5.185560703277588,5.185560703277588,133,0.0,0.0
1988-09-09 00:00:00-04:00,0.0,5.509659767150879,4.861464500427246,4.861464500427246,700,0.0,0.0
1988-09-12 00:00:00-04:00,0.0,5.509659767150879,4.861464500427246,4.861464500427246,433,0.0,0.0
1988-09-13 00:00:00-04:00,0.0,5.185561081458782,4.6994147300720215,4.6994147300720215,700,0.0,0.0
1988-09-14 00:00:00-04:00,0.0,5.185561081458782,4.6994147300720215,4.6994147300720215,167,0.0,0.0
1988-09-15 00:00:00-04:00,0.0,4.861463400033804,4.213268280029297,4.213268280029297,167,0.0,0.0
1988-09-16 00:00:00-04:00,0.0,4.537365264892578,4.0512189865112305,4.0512189865112305,700,0.0,0.0
1988-09-19 00:00:00-04:00,0.0,4.537365198135376,3.8891701698303223,3.8891701698303223,167,0.0,0.0
1988-09-20 00:00:00-04:00,0.0,4.2132676166036855,3.727121353149414,3.727121353149414,1667,0.0,0.0
1988-09-21 00:00:00-04:00,0.0,4.2132676166036855,3.727121353149414,3.727121353149414,333,0.0,0.0
1988-09-22 00:00:00-04:00,0.0,3.8891704559326175,3.2409753799438477,3.2409753799438477,1700,0.0,0.0
1988-09-23 00:00:00-04:00,0.0,3.8891704559326175,3.2409753799438477,3.2409753799438477,167,0.0,0.0
1988-09-26 00:00:00-04:00,3.2409753799438477,3.2409753799438477,3.2409753799438477,3.2409753799438477,0,0.0,0.0
1988-09-27 00:00:00-04:00,0.0,3.565073092778524,2.9168779850006104,2.9168779850006104,167,0.0,0.0
1988-09-28 00:00:00-04:00,0.0,3.565073092778524,2.9168779850006104,2.9168779850006104,333,0.0,0.0
1988-09-29 00:00:00-04:00,0.0,3.403024211525917,2.592780351638794,2.592780351638794,867,0.0,0.0
1988-09-30 00:00:00-04:00,0.0,3.4030243158340454,2.9168779850006104,2.9168779850006104,1000,0.0,0.0
1988-10-03 00:00:00-04:00,2.9168779850006104,2.9168779850006104,2.9168779850006104,2.9168779850006104,0,0.0,0.0
1988-10-04 00:00:00-04:00,2.9168779850006104,2.9168779850006104,2.9168779850006104,2.9168779850006104,0,0.0,0.0
1988-10-05 00:00:00-04:00,0.0,3.565073092778524,2.9168779850006104,2.9168779850006104,333,0.0,0.0
1988-10-06 00:00:00-04:00,2.9168779850006104,2.9168779850006104,2.9168779850006104,2.9168779850006104,0,0.0,0.0
1988-10-07 00:00:00-04:00,2.9168779850006104,2.9168779850006104,2.9168779850006104,2.9168779850006104,0,0.0,0.0
1988-10-10 00:00:00-04:00,0.0,3.5650729179382323,3.2409753799438477,3.2409753799438477,667,0.0,0.0
1988-10-11 00:00:00-04:00,0.0,3.8891707829066684,3.403024435043335,3.403024435043335,667,0.0,0.0
1988-10-12 00:00:00-04:00,0.0,3.7271220002855574,3.403024435043335,3.403024435043335,333,0.0,0.0
1988-10-13 00:00:00-04:00,3.403024435043335,3.403024435043335,3.403024435043335,3.403024435043335,0,0.0,0.0
1988-10-14 00:00:00-04:00,0.0,4.537365264892578,4.0512189865112305,4.0512189865112305,3067,0.0,0.0
1988-10-17 00:00:00-04:00,0.0,4.699414620032677,4.213268280029297,4.213268280029297,167,0.0,0.0
1988-10-18 00:00:00-04:00,0.0,4.537365264892578,4.0512189865112305,4.0512189865112305,333,0.0,0.0
1988-10-19 00:00:00-04:00,0.0,5.347610950469971,4.861464500427246,4.861464500427246,3500,0.0,0.0
1988-10-20 00:00:00-04:00,0.0,5.1855621337890625,4.861464500427246,4.861464500427246,1333,0.0,0.0
1988-10-21 00:00:00-04:00,0.0,5.023512297663195,4.6994147300720215,4.6994147300720215,1833,0.0,0.0
1988-10-24 00:00:00-04:00,0.0,4.861464500427246,4.53736686706543,4.53736686706543,500,0.0,0.0
1988-10-25 00:00:00-04:00,4.53736686706543,4.53736686706543,4.53736686706543,4.53736686706543,0,0.0,0.0
1988-10-26 00:00:00-04:00,0.0,4.861464500427246,4.53736686706543,4.53736686706543,333,0.0,0.0
1988-10-27 00:00:00-04:00,0.0,4.861463400033804,4.213268280029297,4.213268280029297,2333,0.0,0.0
1988-10-28 00:00:00-04:00,4.213268280029297,4.213268280029297,4.213268280029297,4.213268280029297,0,0.0,0.0
1988-10-31 00:00:00-05:00,0.0,4.861463400033804,4.213268280029297,4.213268280029297,3500,0.0,0.0
1988-11-01 00:00:00-05:00,0.0,4.861464500427246,4.3753180503845215,4.3753180503845215,533,0.0,0.0
1988-11-02 00:00:00-05:00,0.0,4.699414620032677,4.213268280029297,4.213268280029297,13100,0.0,0.0
1988-11-03 00:00:00-05:00,0.0,4.699414620032677,4.213268280029297,4.213268280029297,1267,0.0,0.0
1988-11-04 00:00:00-05:00,4.213268280029297,4.213268280029297,4.213268280029297,4.213268280029297,0,0.0,0.0
1988-11-07 00:00:00-05:00,4.213268280029297,4.213268280029297,4.213268280029297,4.213268280029297,0,0.0,0.0
1988-11-08 00:00:00-05:00,4.213268280029297,4.213268280029297,4.213268280029297,4.213268280029297,0,0.0,0.0
1988-11-09 00:00:00-05:00,4.213268280029297,4.213268280029297,4.213268280029297,4.213268280029297,0,0.0,0.0
1988-11-10 00:00:00-05:00,0.0,4.537366563623602,3.5650737285614014,3.5650737285614014,367,0.0,0.0
1988-11-11 00:00:00-05:00,0.0,4.537366563623602,3.5650737285614014,3.5650737285614014,33,0.0,0.0
1988-11-14 00:00:00-05:00,0.0,4.537366563623602,3.5650737285614014,3.5650737285614014,33,0.0,0.0
1988-11-15 00:00:00-05:00,0.0,4.0512201460925015,3.5650737285614014,3.5650737285614014,1200,0.0,0.0
1988-11-16 00:00:00-05:00,3.5650737285614014,3.5650737285614014,3.5650737285614014,3.5650737285614014,0,0.0,0.0
1988-11-17 00:00:00-05:00,3.5650737285614014,3.5650737285614014,3.5650737285614014,3.5650737285614014,0,0.0,0.0
1988-11-18 00:00:00-05:00,3.5650737285614014,3.5650737285614014,3.5650737285614014,3.5650737285614014,0,0.0,0.0
1988-11-21 00:00:00-05:00,0.0,3.8891704559326175,3.2409753799438477,3.2409753799438477,500,0.0,0.0
1988-11-22 00:00:00-05:00,0.0,3.8891704559326175,3.2409753799438477,3.2409753799438477,33,0.0,0.0
1988-11-23 00:00:00-05:00,3.2409753799438477,3.2409753799438477,3.2409753799438477,3.2409753799438477,0,0.0,0.0
1988-11-25 00:00:00-05:00,3.2409753799438477,3.2409753799438477,3.2409753799438477,3.2409753799438477,0,0.0,0.0
1988-11-28 00:00:00-05:00,3.2409753799438477,3.2409753799438477,3.2409753799438477,3.2409753799438477,0,0.0,0.0
1988-11-29 00:00:00-05:00,3.2409753799438477,3.2409753799438477,3.2409753799438477,3.2409753799438477,0,0.0,0.0
1988-11-30 00:00:00-05:00,3.2409753799438477,3.2409753799438477,3.2409753799438477,3.2409753799438477,0,0.0,0.0
1988-12-01 00:00:00-05:00,3.2409753799438477,3.2409753799438477,3.2409753799438477,3.2409753799438477,0,0.0,0.0
1988-12-02 00:00:00-05:00,0.0,4.05121956552778,3.403024435043335,3.403024435043335,300,0.0,0.0
1988-12-05 00:00:00-05:00,3.403024435043335,3.403024435043335,3.403024435043335,3.403024435043335,0,0.0,0.0
1988-12-06 00:00:00-05:00,3.403024435043335,3.403024435043335,3.403024435043335,3.403024435043335,0,0.0,0.0
1988-12-07 00:00:00-05:00,3.403024435043335,3.403024435043335,3.403024435043335,3.403024435043335,0,0.0,0.0
1988-12-08 00:00:00-05:00,3.403024435043335,3.403024435043335,3.403024435043335,3.403024435043335,0,0.0,0.0
1988-12-09 00:00:00-05:00,3.403024435043335,3.403024435043335,3.403024435043335,3.403024435043335,0,0.0,0.0
1988-12-12 00:00:00-05:00,0.0,3.8891713402488017,3.5650737285614014,3.5650737285614014,67,0.0,0.0
1988-12-13 00:00:00-05:00,3.5650737285614014,3.5650737285614014,3.5650737285614014,3.5650737285614014,0,0.0,0.0
1988-12-14 00:00:00-05:00,0.0,3.8891704559326175,3.2409753799438477,3.2409753799438477,67,0.0,0.0
1988-12-15 00:00:00-05:00,0.0,3.8891707829066684,3.403024435043335,3.403024435043335,400,0.0,0.0
1988-12-16 00:00:00-05:00,0.0,3.8891713402488017,3.5650737285614014,3.5650737285614014,10467,0.0,0.0
1988-12-19 00:00:00-05:00,0.0,3.8891713402488017,3.5650737285614014,3.5650737285614014,67,0.0,0.0
1988-12-20 00:00:00-05:00,3.5650737285614014,3.5650737285614014,3.5650737285614014,3.5650737285614014,0,0.0,0.0
1988-12-21 00:00:00-05:00,3.5650737285614014,3.5650737285614014,3.5650737285614014,3.5650737285614014,0,0.0,0.0
1988-12-22 00:00:00-05:00,0.0,3.8891713402488017,3.5650737285614014,3.5650737285614014,1333,0.0,0.0
1988-12-23 00:00:00-05:00,0.0,3.8891713402488017,3.5650737285614014,3.5650737285614014,667,0.0,0.0
1988-12-27 00:00:00-05:00,3.5650737285614014,3.5650737285614014,3.5650737285614014,3.5650737285614014,0,0.0,0.0
1988-12-28 00:00:00-05:00,3.5650737285614014,3.5650737285614014,3.5650737285614014,3.5650737285614014,0,0.0,0.0
1988-12-29 00:00:00-05:00,0.0,3.7271225344051016,3.5650737285614014,3.5650737285614014,33,0.0,0.0
1988-12-30 00:00:00-05:00,0.0,3.8891701076341714,3.727121353149414,3.727121353149414,1400,0.0,0.0
1989-01-03 00:00:00-05:00,0.0,3.8891701076341714,3.727121353149414,3.727121353149414,333,0.0,0.0
1989-01-04 00:00:00-05:00,3.727121353149414,3.727121353149414,3.727121353149414,3.727121353149414,0,0.0,0.0
1989-01-05 00:00:00-05:00,0.0,4.051218862118929,3.727121353149414,3.727121353149414,33,0.0,0.0
1989-01-06 00:00:00-05:00,0.0,4.53736584003155,4.213268280029297,4.213268280029297,1833,0.0,0.0
1989-01-09 00:00:00-05:00,4.213268280029297,4.213268280029297,4.213268280029297,4.213268280029297,0,0.0,0.0
1989-01-10 00:00:00-05:00,4.213268280029297,4.213268280029297,4.213268280029297,4.213268280029297,0,0.0,0.0
1989-01-11 00:00:00-05:00,0.0,4.699415683746338,4.3753180503845215,4.3753180503845215,33,0.0,0.0
1989-01-12 00:00:00-05:00,0.0,4.861464500427246,4.53736686706543,4.53736686706543,667,0.0,0.0
1989-01-13 00:00:00-05:00,0.0,5.023512297663195,4.6994147300720215,4.6994147300720215,133,0.0,0.0
1989-01-16 00:00:00-05:00,4.6994147300720215,4.6994147300720215,4.6994147300720215,4.6994147300720215,0,0.0,0.0
1989-01-17 00:00:00-05:00,0.0,5.1855621337890625,4.861464500427246,4.861464500427246,133,0.0,0.0
1989-01-18 00:00:00-05:00,4.861464500427246,4.861464500427246,4.861464500427246,4.861464500427246,0,0.0,0.0
1989-01-19 00:00:00-05:00,0.0,5.671707019209862,5.185560703277588,5.185560703277588,1000,0.0,0.0
1989-01-20 00:00:00-05:00,5.185560703277588,5.185560703277588,5.185560703277588,5.185560703277588,0,0.0,0.0
1989-01-23 00:00:00-05:00,0.0,5.833755839954723,5.347609519958496,5.347609519958496,167,0.0,0.0
1989-01-24 00:00:00-05:00,5.347609519958496,5.347609519958496,5.347609519958496,5.347609519958496,0,0.0,0.0
1989-01-25 00:00:00-05:00,5.347609519958496,5.347609519958496,5.347609519958496,5.347609519958496,0,0.0,0.0
1989-01-26 00:00:00-05:00,5.347609519958496,5.347609519958496,5.347609519958496,5.347609519958496,0,0.0,0.0
1989-01-27 00:00:00-05:00,0.0,5.1855621337890625,4.53736686706543,4.53736686706543,1333,0.0,0.0
1989-01-30 00:00:00-05:00,0.0,5.1855621337890625,4.3753180503845215,4.3753180503845215,333,0.0,0.0
1989-01-31 00:00:00-05:00,4.3753180503845215,4.3753180503845215,4.3753180503845215,4.3753180503845215,0,0.0,0.0
1989-02-01 00:00:00-05:00,4.3753180503845215,4.3753180503845215,4.3753180503845215,4.3753180503845215,0,0.0,0.0
1989-02-02 00:00:00-05:00,0.0,5.1855621337890625,4.53736686706543,4.53736686706543,667,0.0,0.0
1989-02-03 00:00:00-05:00,4.53736686706543,4.53736686706543,4.53736686706543,4.53736686706543,0,0.0,0.0
1989-02-06 00:00:00-05:00,4.53736686706543,4.53736686706543,4.53736686706543,4.53736686706543,0,0.0,0.0
1989-02-07 00:00:00-05:00,0.0,5.833755839954723,5.347609519958496,5.347609519958496,4000,0.0,0.0
1989-02-08 00:00:00-05:00,0.0,5.995804613286798,5.347609519958496,5.347609519958496,667,0.0,0.0
1989-02-09 00:00:00-05:00,0.0,6.157853386618874,5.347609519958496,5.347609519958496,667,0.0,0.0
1989-02-10 00:00:00-05:00,0.0,5.995804613286798,5.347609519958496,5.347609519958496,400,0.0,0.0
1989-02-13 00:00:00-05:00,0.0,5.67170750710272,5.023512363433838,5.023512363433838,1567,0.0,0.0
1989-02-14 00:00:00-05:00,5.023512363433838,5.023512363433838,5.023512363433838,5.023512363433838,0,0.0,0.0
1989-02-15 00:00:00-05:00,5.023512363433838,5.023512363433838,5.023512363433838,5.023512363433838,0,0.0,0.0
1989-02-16 00:00:00-05:00,5.023512363433838,5.023512363433838,5.023512363433838,5.023512363433838,0,0.0,0.0
1989-02-17 00:00:00-05:00,0.0,5.509658247232437,5.185560703277588,5.185560703277588,500,0.0,0.0
1989-02-21 00:00:00-05:00,5.185560703277588,5.185560703277588,5.185560703277588,5.185560703277588,0,0.0,0.0
1989-02-22 00:00:00-05:00,0.0,5.6717070666226475,5.347609519958496,5.347609519958496,67,0.0,0.0
1989-02-23 00:00:00-05:00,5.347609519958496,5.347609519958496,5.347609519958496,5.347609519958496,0,0.0,0.0
1989-02-24 00:00:00-05:00,5.347609519958496,5.347609519958496,5.347609519958496,5.347609519958496,0,0.0,0.0
1989-02-27 00:00:00-05:00,0.0,5.671707019209862,5.185560703277588,5.185560703277588,1367,0.0,0.0
1989-02-28 00:00:00-05:00,5.185560703277588,5.185560703277588,5.185560703277588,5.185560703277588,0,0.0,0.0
1989-03-01 00:00:00-05:00,5.185560703277588,5.185560703277588,5.185560703277588,5.185560703277588,0,0.0,0.0
1989-03-02 00:00:00-05:00,5.185560703277588,5.185560703277588,5.185560703277588,5.185560703277588,0,0.0,0.0
1989-03-03 00:00:00-05:00,5.185560703277588,5.185560703277588,5.185560703277588,5.185560703277588,0,0.0,0.0
1989-03-06 00:00:00-05:00,5.185560703277588,5.185560703277588,5.185560703277588,5.185560703277588,0,0.0,0.0
1989-03-07 00:00:00-05:00,0.0,5.671707019209862,5.185560703277588,5.185560703277588,100,0.0,0.0
1989-03-08 00:00:00-05:00,5.185560703277588,5.185560703277588,5.185560703277588,5.185560703277588,0,0.0,0.0
1989-03-09 00:00:00-05:00,0.0,5.833755839954723,5.347609519958496,5.347609519958496,1667,0.0,0.0
1989-03-10 00:00:00-05:00,5.347609519958496,5.347609519958496,5.347609519958496,5.347609519958496,0,0.0,0.0
1989-03-13 00:00:00-05:00,5.347609519958496,5.347609519958496,5.347609519958496,5.347609519958496,0,0.0,0.0
1989-03-14 00:00:00-05:00,0.0,5.833755839954723,5.347609519958496,5.347609519958496,100,0.0,0.0
1989-03-15 00:00:00-05:00,5.347609519958496,5.347609519958496,5.347609519958496,5.347609519958496,0,0.0,0.0
1989-03-16 00:00:00-05:00,5.347609519958496,5.347609519958496,5.347609519958496,5.347609519958496,0,0.0,0.0
1989-03-17 00:00:00-05:00,5.347609519958496,5.347609519958496,5.347609519958496,5.347609519958496,0,0.0,0.0
1989-03-20 00:00:00-05:00,5.347609519958496,5.347609519958496,5.347609519958496,5.347609519958496,0,0.0,0.0
1989-03-21 00:00:00-05:00,5.347609519958496,5.347609519958496,5.347609519958496,5.347609519958496,0,0.0,0.0
1989-03-22 00:00:00-05:00,5.347609519958496,5.347609519958496,5.347609519958496,5.347609519958496,0,0.0,0.0
1989-03-23 00:00:00-05:00,0.0,6.481951077779135,5.833755970001221,5.833755970001221,833,0.0,0.0
1989-03-27 00:00:00-05:00,0.0,6.481951077779135,5.833755970001221,5.833755970001221,333,0.0,0.0
1989-03-28 00:00:00-05:00,0.0,6.644000955530115,5.995805740356445,5.995805740356445,333,0.0,0.0
1989-03-29 00:00:00-05:00,0.0,6.8060503005981445,6.157855033874512,6.157855033874512,1667,0.0,0.0
1989-03-30 00:00:00-05:00,0.0,6.8060503005981445,6.157855033874512,6.157855033874512,500,0.0,0.0
1989-03-31 00:00:00-05:00,0.0,6.8060503005981445,6.157855033874512,6.157855033874512,833,0.0,0.0
1989-04-03 00:00:00-04:00,0.0,6.8060503005981445,6.157855033874512,6.157855033874512,833,0.0,0.0
1989-04-04 00:00:00-04:00,0.0,6.481952151736698,5.995805740356445,5.995805740356445,667,0.0,0.0
1989-04-05 00:00:00-04:00,5.995805740356445,5.995805740356445,5.995805740356445,5.995805740356445,0,0.0,0.0
1989-04-06 00:00:00-04:00,0.0,6.157853523890178,5.833755970001221,5.833755970001221,1633,0.0,0.0
1989-04-07 00:00:00-04:00,5.833755970001221,5.833755970001221,5.833755970001221,5.833755970001221,0,0.0,0.0
1989-04-10 00:00:00-04:00,5.833755970001221,5.833755970001221,5.833755970001221,5.833755970001221,0,0.0,0.0
1989-04-11 00:00:00-04:00,0.0,6.1578539680032165,5.5096588134765625,5.5096588134765625,1333,0.0,0.0
1989-04-12 00:00:00-04:00,5.5096588134765625,5.5096588134765625,5.5096588134765625,5.5096588134765625,0,0.0,0.0
1989-04-13 00:00:00-04:00,0.0,6.1578539680032165,5.5096588134765625,5.5096588134765625,667,0.0,0.0
1989-04-14 00:00:00-04:00,5.5096588134765625,5.5096588134765625,5.5096588134765625,5.5096588134765625,0,0.0,0.0
1989-04-17 00:00:00-04:00,0.0,6.1578539680032165,5.5096588134765625,5.5096588134765625,667,0.0,0.0
1989-04-18 00:00:00-04:00,0.0,6.1578539680032165,5.5096588134765625,5.5096588134765625,333,0.0,0.0
1989-04-19 00:00:00-04:00,0.0,6.157853480747768,5.6717071533203125,5.6717071533203125,167,0.0,0.0
1989-04-20 00:00:00-04:00,5.6717071533203125,5.6717071533203125,5.6717071533203125,5.6717071533203125,0,0.0,0.0
1989-04-21 00:00:00-04:00,0.0,5.995804704938616,5.6717071533203125,5.6717071533203125,133,0.0,0.0
1989-04-24 00:00:00-04:00,5.6717071533203125,5.6717071533203125,5.6717071533203125,5.6717071533203125,0,0.0,0.0
1989-04-25 00:00:00-04:00,0.0,5.995804704938616,5.6717071533203125,5.6717071533203125,300,0.0,0.0
1989-04-26 00:00:00-04:00,0.0,5.833755791187286,5.185560703277588,5.185560703277588,1000,0.0,0.0
1989-04-27 00:00:00-04:00,5.185560703277588,5.185560703277588,5.185560703277588,5.185560703277588,0,0.0,0.0
1989-04-28 00:00:00-04:00,5.185560703277588,5.185560703277588,5.185560703277588,5.185560703277588,0,0.0,0.0
1989-05-01 00:00:00-04:00,5.185560703277588,5.185560703277588,5.185560703277588,5.185560703277588,0,0.0,0.0
1989-05-02 00:00:00-04:00,0.0,5.509658247232437,5.185560703277588,5.185560703277588,700,0.0,0.0
1989-05-03 00:00:00-04:00,0.0,5.509658247232437,5.185560703277588,5.185560703277588,833,0.0,0.0
1989-05-04 00:00:00-04:00,5.185560703277588,5.185560703277588,5.185560703277588,5.185560703277588,0,0.0,0.0
1989-05-05 00:00:00-04:00,0.0,5.833755791187286,5.185560703277588,5.185560703277588,1067,0.0,0.0
1989-05-08 00:00:00-04:00,0.0,5.833755839954723,5.347609519958496,5.347609519958496,433,0.0,0.0
1989-05-09 00:00:00-04:00,5.347609519958496,5.347609519958496,5.347609519958496,5.347609519958496,0,0.0,0.0
1989-05-10 00:00:00-04:00,5.347609519958496,5.347609519958496,5.347609519958496,5.347609519958496,0,0.0,0.0
1989-05-11 00:00:00-04:00,5.347609519958496,5.347609519958496,5.347609519958496,5.347609519958496,0,0.0,0.0
1989-05-12 00:00:00-04:00,5.347609519958496,5.347609519958496,5.347609519958496,5.347609519958496,0,0.0,0.0
1989-05-15 00:00:00-04:00,5.347609519958496,5.347609519958496,5.347609519958496,5.347609519958496,0,0.0,0.0
1989-05-16 00:00:00-04:00,5.347609519958496,5.347609519958496,5.347609519958496,5.347609519958496,0,0.0,0.0
1989-05-17 00:00:00-04:00,0.0,5.1855611493510585,5.023512363433838,5.023512363433838,500,0.0,0.0
1989-05-18 00:00:00-04:00,5.023512363433838,5.023512363433838,5.023512363433838,5.023512363433838,0,0.0,0.0
1989-05-19 00:00:00-04:00,0.0,5.1855621337890625,4.861464500427246,4.861464500427246,267,0.0,0.0
1989-05-22 00:00:00-04:00,4.861464500427246,4.861464500427246,4.861464500427246,4.861464500427246,0,0.0,0.0
1989-05-23 00:00:00-04:00,0.0,5.1855621337890625,4.53736686706543,4.53736686706543,667,0.0,0.0
1989-05-24 00:00:00-04:00,4.53736686706543,4.53736686706543,4.53736686706543,4.53736686706543,0,0.0,0.0
1989-05-25 00:00:00-04:00,4.53736686706543,4.53736686706543,4.53736686706543,4.53736686706543,0,0.0,0.0
1989-05-26 00:00:00-04:00,4.53736686706543,4.53736686706543,4.53736686706543,4.53736686706543,0,0.0,0.0
1989-05-30 00:00:00-04:00,0.0,5.1855621337890625,4.861464500427246,4.861464500427246,167,0.0,0.0
1989-05-31 00:00:00-04:00,0.0,5.509659767150879,4.861464500427246,4.861464500427246,867,0.0,0.0
1989-06-01 00:00:00-04:00,0.0,5.833755791187286,5.185560703277588,5.185560703277588,2833,0.0,0.0
1989-06-02 00:00:00-04:00,0.0,5.833755791187286,5.185560703277588,5.185560703277588,1667,0.0,0.0
1989-06-05 00:00:00-04:00,5.185560703277588,5.185560703277588,5.185560703277588,5.185560703277588,0,0.0,0.0
1989-06-06 00:00:00-04:00,0.0,6.157853480747768,5.6717071533203125,5.6717071533203125,1667,0.0,0.0
1989-06-07 00:00:00-04:00,0.0,6.157853523890178,5.833755970001221,5.833755970001221,500,0.0,0.0
1989-06-08 00:00:00-04:00,5.833755970001221,5.833755970001221,5.833755970001221,5.833755970001221,0,0.0,0.0
1989-06-09 00:00:00-04:00,5.833755970001221,5.833755970001221,5.833755970001221,5.833755970001221,0,0.0,0.0
1989-06-12 00:00:00-04:00,0.0,5.995804563164711,5.185560703277588,5.185560703277588,1467,0.0,0.0
1989-06-13 00:00:00-04:00,0.0,5.995804563164711,5.185560703277588,5.185560703277588,167,0.0,0.0
1989-06-14 00:00:00-04:00,0.0,6.157853523890178,5.833755970001221,5.833755970001221,5667,0.0,0.0
1989-06-15 00:00:00-04:00,0.0,6.8060503005981445,6.157855033874512,6.157855033874512,2667,0.0,0.0
1989-06-16 00:00:00-04:00,0.0,6.8060503005981445,6.157855033874512,6.157855033874512,667,0.0,0.0
1989-06-19 00:00:00-04:00,0.0,6.968099117279053,6.157855033874512,6.157855033874512,667,0.0,0.0
1989-06-20 00:00:00-04:00,0.0,6.968097540048452,6.319902420043945,6.319902420043945,167,0.0,0.0
1989-06-21 00:00:00-04:00,6.319902420043945,6.319902420043945,6.319902420043945,6.319902420043945,0,0.0,0.0
1989-06-22 00:00:00-04:00,6.319902420043945,6.319902420043945,6.319902420043945,6.319902420043945,0,0.0,0.0
1989-06-23 00:00:00-04:00,0.0,6.968097116889023,6.6439995765686035,6.6439995765686035,2333,0.0,0.0
1989-06-26 00:00:00-04:00,0.0,7.292195217950003,6.80604887008667,6.80604887008667,4900,0.0,0.0
1989-06-27 00:00:00-04:00,0.0,7.2921952535939765,6.968097686767578,6.968097686767578,8133,0.0,0.0
1989-06-28 00:00:00-04:00,0.0,7.130146435328893,6.80604887008667,6.80604887008667,1333,0.0,0.0
1989-06-29 00:00:00-04:00,0.0,6.806048760047325,6.319902420043945,6.319902420043945,667,0.0,0.0
1989-06-30 00:00:00-04:00,0.0,6.806048760047325,6.319902420043945,6.319902420043945,200,0.0,0.0
1989-07-03 00:00:00-04:00,6.319902420043945,6.319902420043945,6.319902420043945,6.319902420043945,0,0.0,0.0
1989-07-05 00:00:00-04:00,0.0,6.806048760047325,6.319902420043945,6.319902420043945,133,0.0,0.0
1989-07-06 00:00:00-04:00,0.0,6.806048760047325,6.319902420043945,6.319902420043945,67,0.0,0.0
1989-07-07 00:00:00-04:00,0.0,6.806048760047325,6.319902420043945,6.319902420043945,333,0.0,0.0
1989-07-10 00:00:00-04:00,6.319902420043945,6.319902420043945,6.319902420043945,6.319902420043945,0,0.0,0.0
1989-07-11 00:00:00-04:00,0.0,6.319902300834656,5.833755970001221,5.833755970001221,4133,0.0,0.0
1989-07-12 00:00:00-04:00,0.0,6.319902300834656,5.833755970001221,5.833755970001221,100,0.0,0.0
1989-07-13 00:00:00-04:00,0.0,6.319902300834656,5.833755970001221,5.833755970001221,1500,0.0,0.0
1989-07-14 00:00:00-04:00,0.0,6.481951077779135,5.833755970001221,5.833755970001221,833,0.0,0.0
1989-07-17 00:00:00-04:00,5.833755970001221,5.833755970001221,5.833755970001221,5.833755970001221,0,0.0,0.0
1989-07-18 00:00:00-04:00,5.833755970001221,5.833755970001221,5.833755970001221,5.833755970001221,0,0.0,0.0
1989-07-19 00:00:00-04:00,0.0,6.481951077779135,5.833755970001221,5.833755970001221,67,0.0,0.0
1989-07-20 00:00:00-04:00,5.833755970001221,5.833755970001221,5.833755970001221,5.833755970001221,0,0.0,0.0
1989-07-21 00:00:00-04:00,5.833755970001221,5.833755970001221,5.833755970001221,5.833755970001221,0,0.0,0.0
1989-07-24 00:00:00-04:00,0.0,6.481951077779135,5.833755970001221,5.833755970001221,1600,0.0,0.0
1989-07-25 00:00:00-04:00,0.0,6.481951077779135,5.833755970001221,5.833755970001221,133,0.0,0.0
1989-07-26 00:00:00-04:00,5.833755970001221,5.833755970001221,5.833755970001221,5.833755970001221,0,0.0,0.0
1989-07-27 00:00:00-04:00,5.833755970001221,5.833755970001221,5.833755970001221,5.833755970001221,0,0.0,0.0
1989-07-28 00:00:00-04:00,0.0,6.481951032366071,5.6717071533203125,5.6717071533203125,333,0.0,0.0
1989-07-31 00:00:00-04:00,0.0,6.31990225655692,5.6717071533203125,5.6717071533203125,133,0.0,0.0
1989-08-01 00:00:00-04:00,5.6717071533203125,5.6717071533203125,5.6717071533203125,5.6717071533203125,0,0.0,0.0
1989-08-02 00:00:00-04:00,5.6717071533203125,5.6717071533203125,5.6717071533203125,5.6717071533203125,0,0.0,0.0
1989-08-03 00:00:00-04:00,5.6717071533203125,5.6717071533203125,5.6717071533203125,5.6717071533203125,0,0.0,0.0
1989-08-04 00:00:00-04:00,0.0,6.481951077779135,5.833755970001221,5.833755970001221,267,0.0,0.0
1989-08-07 00:00:00-04:00,5.833755970001221,5.833755970001221,5.833755970001221,5.833755970001221,0,0.0,0.0
1989-08-08 00:00:00-04:00,5.833755970001221,5.833755970001221,5.833755970001221,5.833755970001221,0,0.0,0.0
1989-08-09 00:00:00-04:00,5.833755970001221,5.833755970001221,5.833755970001221,5.833755970001221,0,0.0,0.0
1989-08-10 00:00:00-04:00,5.833755970001221,5.833755970001221,5.833755970001221,5.833755970001221,0,0.0,0.0
1989-08-11 00:00:00-04:00,5.833755970001221,5.833755970001221,5.833755970001221,5.833755970001221,0,0.0,0.0
1989-08-14 00:00:00-04:00,5.833755970001221,5.833755970001221,5.833755970001221,5.833755970001221,0,0.0,0.0
1989-08-15 00:00:00-04:00,0.0,6.481951077779135,5.833755970001221,5.833755970001221,33,0.0,0.0
1989-08-16 00:00:00-04:00,0.0,6.31990334794328,5.995805740356445,5.995805740356445,633,0.0,0.0
1989-08-17 00:00:00-04:00,0.0,6.968097066879273,6.481950759887695,6.481950759887695,1667,0.0,0.0
1989-08-18 00:00:00-04:00,6.481950759887695,6.481950759887695,6.481950759887695,6.481950759887695,0,0.0,0.0
1989-08-21 00:00:00-04:00,0.0,6.968097066879273,6.481950759887695,6.481950759887695,33,0.0,0.0
1989-08-22 00:00:00-04:00,6.481950759887695,6.481950759887695,6.481950759887695,6.481950759887695,0,0.0,0.0
1989-08-23 00:00:00-04:00,6.481950759887695,6.481950759887695,6.481950759887695,6.481950759887695,0,0.0,0.0
1989-08-24 00:00:00-04:00,0.0,7.130145835876465,6.481950759887695,6.481950759887695,0,0.0,0.0
1989-08-25 00:00:00-04:00,0.0,7.130145835876465,6.481950759887695,6.481950759887695,267,0.0,0.0
1989-08-28 00:00:00-04:00,0.0,7.130145835876465,6.481950759887695,6.481950759887695,800,0.0,0.0
1989-08-29 00:00:00-04:00,0.0,8.750632882118225,7.7783403396606445,7.7783403396606445,4600,0.0,0.0
1989-08-30 00:00:00-04:00,0.0,8.750633010864258,8.102437973022461,8.102437973022461,4000,0.0,0.0
1989-08-31 00:00:00-04:00,0.0,8.750633010864258,8.102437973022461,8.102437973022461,1333,0.0,0.0
1989-09-01 00:00:00-04:00,0.0,8.750633010864258,8.102437973022461,8.102437973022461,1833,0.0,0.0
1989-09-05 00:00:00-04:00,0.0,9.0747316800631,8.426536560058594,8.426536560058594,3167,0.0,0.0
1989-09-06 00:00:00-04:00,0.0,8.750633010864258,8.102437973022461,8.102437973022461,2000,0.0,0.0
1989-09-07 00:00:00-04:00,0.0,10.047026634216309,9.07473373413086,9.07473373413086,5067,0.0,0.0
1989-09-08 00:00:00-04:00,0.0,11.019316494464874,10.371121406555176,10.371121406555176,4833,0.0,0.0
1989-09-11 00:00:00-04:00,0.0,9.722929000854492,9.07473373413086,9.07473373413086,2233,0.0,0.0
1989-09-12 00:00:00-04:00,0.0,9.722929000854492,9.07473373413086,9.07473373413086,1500,0.0,0.0
1989-09-13 00:00:00-04:00,0.0,9.722929000854492,9.07473373413086,9.07473373413086,500,0.0,0.0
1989-09-14 00:00:00-04:00,9.07473373413086,9.07473373413086,9.07473373413086,9.07473373413086,0,0.0,0.0
1989-09-15 00:00:00-04:00,0.0,10.047026634216309,9.07473373413086,9.07473373413086,1733,0.0,0.0
1989-09-18 00:00:00-04:00,0.0,9.722929000854492,9.07473373413086,9.07473373413086,667,0.0,0.0
1989-09-19 00:00:00-04:00,0.0,10.047026634216309,9.722929000854492,9.722929000854492,767,0.0,0.0
1989-09-20 00:00:00-04:00,0.0,10.371124267578125,9.722929000854492,9.722929000854492,1333,0.0,0.0
1989-09-21 00:00:00-04:00,0.0,10.371124267578125,9.722929000854492,9.722929000854492,1433,0.0,0.0
1989-09-22 00:00:00-04:00,0.0,11.019317442371,10.047024726867676,10.047024726867676,4867,0.0,0.0
1989-09-25 00:00:00-04:00,0.0,10.04702459532639,9.398829460144043,9.398829460144043,1300,0.0,0.0
1989-09-26 00:00:00-04:00,0.0,9.722929000854492,8.750636100769043,8.750636100769043,1967,0.0,0.0
1989-09-27 00:00:00-04:00,0.0,9.722929000854492,9.07473373413086,9.07473373413086,167,0.0,0.0
1989-09-28 00:00:00-04:00,0.0,10.04702459532639,9.398829460144043,9.398829460144043,1833,0.0,0.0
1989-09-29 00:00:00-04:00,0.0,10.371124267578125,9.722929000854492,9.722929000854492,2400,0.0,0.0
1989-10-02 00:00:00-04:00,0.0,10.371124267578125,9.722929000854492,9.722929000854492,1400,0.0,0.0
1989-10-03 00:00:00-04:00,0.0,10.04702459532639,9.398829460144043,9.398829460144043,2033,0.0,0.0
1989-10-04 00:00:00-04:00,0.0,10.047026634216309,9.07473373413086,9.07473373413086,333,0.0,0.0
1989-10-05 00:00:00-04:00,9.07473373413086,9.07473373413086,9.07473373413086,9.07473373413086,0,0.0,0.0
1989-10-06 00:00:00-04:00,0.0,9.0747316800631,8.426536560058594,8.426536560058594,1633,0.0,0.0
1989-10-09 00:00:00-04:00,8.426536560058594,8.426536560058594,8.426536560058594,8.426536560058594,0,0.0,0.0
1989-10-10 00:00:00-04:00,0.0,8.750633010864258,8.102437973022461,8.102437973022461,1400,0.0,0.0
1989-10-11 00:00:00-04:00,0.0,8.426535233207371,7.454242706298828,7.454242706298828,1400,0.0,0.0
1989-10-12 00:00:00-04:00,0.0,8.426535233207371,7.454242706298828,7.454242706298828,67,0.0,0.0
1989-10-13 00:00:00-04:00,0.0,7.7783426804976035,7.130147457122803,7.130147457122803,1333,0.0,0.0
1989-10-16 00:00:00-04:00,0.0,7.130145835876465,6.481950759887695,6.481950759887695,600,0.0,0.0
1989-10-17 00:00:00-04:00,0.0,7.454244000571115,6.80604887008667,6.80604887008667,1267,0.0,0.0
1989-10-18 00:00:00-04:00,0.0,7.130145835876465,6.481950759887695,6.481950759887695,1500,0.0,0.0
1989-10-19 00:00:00-04:00,6.481950759887695,6.481950759887695,6.481950759887695,6.481950759887695,0,0.0,0.0
1989-10-20 00:00:00-04:00,0.0,7.130145835876465,6.481950759887695,6.481950759887695,1067,0.0,0.0
1989-10-23 00:00:00-04:00,6.481950759887695,6.481950759887695,6.481950759887695,6.481950759887695,0,0.0,0.0
1989-10-24 00:00:00-04:00,6.481950759887695,6.481950759887695,6.481950759887695,6.481950759887695,0,0.0,0.0
1989-10-25 00:00:00-04:00,0.0,7.130145835876465,6.481950759887695,6.481950759887695,833,0.0,0.0
1989-10-26 00:00:00-04:00,0.0,7.130146435328893,6.80604887008667,6.80604887008667,333,0.0,0.0
1989-10-27 00:00:00-04:00,0.0,7.454244000571115,6.80604887008667,6.80604887008667,4500,0.0,0.0
1989-10-30 00:00:00-05:00,0.0,7.130145835876465,6.481950759887695,6.481950759887695,33,0.0,0.0
1989-10-31 00:00:00-05:00,6.481950759887695,6.481950759887695,6.481950759887695,6.481950759887695,0,0.0,0.0
1989-11-01 00:00:00-05:00,6.481950759887695,6.481950759887695,6.481950759887695,6.481950759887695,0,0.0,0.0
1989-11-02 00:00:00-05:00,0.0,7.130145835876465,6.481950759887695,6.481950759887695,700,0.0,0.0
1989-11-03 00:00:00-05:00,0.0,7.130145835876465,6.481950759887695,6.481950759887695,2700,0.0,0.0
1989-11-06 00:00:00-05:00,0.0,7.130145835876465,6.481950759887695,6.481950759887695,1667,0.0,0.0
1989-11-07 00:00:00-05:00,6.481950759887695,6.481950759887695,6.481950759887695,6.481950759887695,0,0.0,0.0
1989-11-08 00:00:00-05:00,6.481950759887695,6.481950759887695,6.481950759887695,6.481950759887695,0,0.0,0.0
1989-11-09 00:00:00-05:00,6.481950759887695,6.481950759887695,6.481950759887695,6.481950759887695,0,0.0,0.0
1989-11-10 00:00:00-05:00,6.481950759887695,6.481950759887695,6.481950759887695,6.481950759887695,0,0.0,0.0
1989-11-13 00:00:00-05:00,0.0,7.454244000571115,6.80604887008667,6.80604887008667,2800,0.0,0.0
1989-11-14 00:00:00-05:00,0.0,7.130146435328893,6.80604887008667,6.80604887008667,667,0.0,0.0
1989-11-15 00:00:00-05:00,0.0,7.130146435328893,6.80604887008667,6.80604887008667,667,0.0,0.0
1989-11-16 00:00:00-05:00,0.0,7.130146435328893,6.80604887008667,6.80604887008667,1667,0.0,0.0
1989-11-17 00:00:00-05:00,0.0,7.130146435328893,6.80604887008667,6.80604887008667,1667,0.0,0.0
1989-11-20 00:00:00-05:00,6.80604887008667,6.80604887008667,6.80604887008667,6.80604887008667,0,0.0,0.0
1989-11-21 00:00:00-05:00,0.0,7.454244000571115,6.80604887008667,6.80604887008667,67,0.0,0.0
1989-11-22 00:00:00-05:00,0.0,7.454244000571115,6.80604887008667,6.80604887008667,0,0.0,0.0
1989-11-24 00:00:00-05:00,0.0,7.454245068810203,7.130147457122803,7.130147457122803,1067,0.0,0.0
1989-11-27 00:00:00-05:00,0.0,7.454245068810203,7.130147457122803,7.130147457122803,200,0.0,0.0
1989-11-28 00:00:00-05:00,0.0,7.454245068810203,7.130147457122803,7.130147457122803,800,0.0,0.0
1989-11-29 00:00:00-05:00,0.0,7.454245068810203,7.130147457122803,7.130147457122803,1333,0.0,0.0
1989-11-30 00:00:00-05:00,0.0,7.454245068810203,7.130147457122803,7.130147457122803,4167,0.0,0.0
1989-12-01 00:00:00-05:00,0.0,7.454244037007176,6.968097686767578,6.968097686767578,1500,0.0,0.0
1989-12-04 00:00:00-05:00,0.0,7.454245068810203,7.130147457122803,7.130147457122803,2000,0.0,0.0
1989-12-05 00:00:00-05:00,0.0,7.454244037007176,6.968097686767578,6.968097686767578,2000,0.0,0.0
1989-12-06 00:00:00-05:00,0.0,7.2921952535939765,6.968097686767578,6.968097686767578,267,0.0,0.0
1989-12-07 00:00:00-05:00,0.0,7.292195217950003,6.80604887008667,6.80604887008667,1667,0.0,0.0
1989-12-08 00:00:00-05:00,6.80604887008667,6.80604887008667,6.80604887008667,6.80604887008667,0,0.0,0.0
1989-12-11 00:00:00-05:00,6.80604887008667,6.80604887008667,6.80604887008667,6.80604887008667,0,0.0,0.0
1989-12-12 00:00:00-05:00,0.0,7.130146435328893,6.80604887008667,6.80604887008667,1667,0.0,0.0
1989-12-13 00:00:00-05:00,6.80604887008667,6.80604887008667,6.80604887008667,6.80604887008667,0,0.0,0.0
1989-12-14 00:00:00-05:00,0.0,7.130146435328893,6.80604887008667,6.80604887008667,67,0.0,0.0
1989-12-15 00:00:00-05:00,6.80604887008667,6.80604887008667,6.80604887008667,6.80604887008667,0,0.0,0.0
1989-12-18 00:00:00-05:00,6.80604887008667,6.80604887008667,6.80604887008667,6.80604887008667,0,0.0,0.0
1989-12-19 00:00:00-05:00,0.0,7.130146435328893,6.80604887008667,6.80604887008667,2000,0.0,0.0
1989-12-20 00:00:00-05:00,0.0,7.130146435328893,6.80604887008667,6.80604887008667,767,0.0,0.0
1989-12-21 00:00:00-05:00,6.80604887008667,6.80604887008667,6.80604887008667,6.80604887008667,0,0.0,0.0
1989-12-22 00:00:00-05:00,0.0,7.130146435328893,6.80604887008667,6.80604887008667,100,0.0,0.0
1989-12-26 00:00:00-05:00,6.80604887008667,6.80604887008667,6.80604887008667,6.80604887008667,0,0.0,0.0
1989-12-27 00:00:00-05:00,6.80604887008667,6.80604887008667,6.80604887008667,6.80604887008667,0,0.0,0.0
1989-12-28 00:00:00-05:00,0.0,7.130146435328893,6.80604887008667,6.80604887008667,333,0.0,0.0
1989-12-29 00:00:00-05:00,0.0,7.130146435328893,6.80604887008667,6.80604887008667,100,0.0,0.0
1990-01-02 00:00:00-05:00,6.80604887008667,6.80604887008667,6.80604887008667,6.80604887008667,0,0.0,0.0
1990-01-03 00:00:00-05:00,6.80604887008667,6.80604887008667,6.80604887008667,6.80604887008667,0,0.0,0.0
1990-01-04 00:00:00-05:00,6.80604887008667,6.80604887008667,6.80604887008667,6.80604887008667,0,0.0,0.0
1990-01-05 00:00:00-05:00,6.80604887008667,6.80604887008667,6.80604887008667,6.80604887008667,0,0.0,0.0
1990-01-08 00:00:00-05:00,0.0,7.130146470180777,6.968097686767578,6.968097686767578,333,0.0,0.0
1990-01-09 00:00:00-05:00,0.0,7.130146470180777,6.968097686767578,6.968097686767578,667,0.0,0.0
1990-01-10 00:00:00-05:00,0.0,7.130146435328893,6.80604887008667,6.80604887008667,1333,0.0,0.0
1990-01-11 00:00:00-05:00,0.0,7.130146470180777,6.968097686767578,6.968097686767578,1167,0.0,0.0
1990-01-12 00:00:00-05:00,0.0,7.130146435328893,6.80604887008667,6.80604887008667,667,0.0,0.0
1990-01-15 00:00:00-05:00,6.80604887008667,6.80604887008667,6.80604887008667,6.80604887008667,0,0.0,0.0
1990-01-16 00:00:00-05:00,0.0,6.968097066879273,6.481950759887695,6.481950759887695,1000,0.0,0.0
1990-01-17 00:00:00-05:00,0.0,6.968097066879273,6.481950759887695,6.481950759887695,500,0.0,0.0
1990-01-18 00:00:00-05:00,0.0,6.968097066879273,6.481950759887695,6.481950759887695,1333,0.0,0.0
1990-01-19 00:00:00-05:00,6.481950759887695,6.481950759887695,6.481950759887695,6.481950759887695,0,0.0,0.0
1990-01-22 00:00:00-05:00,0.0,6.643999980046199,6.319902420043945,6.319902420043945,533,0.0,0.0
1990-01-23 00:00:00-05:00,0.0,6.8060503005981445,6.157855033874512,6.157855033874512,1333,0.0,0.0
1990-01-24 00:00:00-05:00,0.0,6.8060503005981445,6.157855033874512,6.157855033874512,1067,0.0,0.0
1990-01-25 00:00:00-05:00,0.0,6.8060503005981445,6.157855033874512,6.157855033874512,333,0.0,0.0
1990-01-26 00:00:00-05:00,0.0,6.481952151736698,5.995805740356445,5.995805740356445,1167,0.0,0.0
1990-01-29 00:00:00-05:00,0.0,6.481951077779135,5.833755970001221,5.833755970001221,667,0.0,0.0
1990-01-30 00:00:00-05:00,0.0,6.481951077779135,5.833755970001221,5.833755970001221,1667,0.0,0.0
1990-01-31 00:00:00-05:00,5.833755970001221,5.833755970001221,5.833755970001221,5.833755970001221,0,0.0,0.0
1990-02-01 00:00:00-05:00,0.0,6.8060503005981445,6.157855033874512,6.157855033874512,1400,0.0,0.0
1990-02-02 00:00:00-05:00,0.0,6.8060503005981445,6.157855033874512,6.157855033874512,267,0.0,0.0
1990-02-05 00:00:00-05:00,6.157855033874512,6.157855033874512,6.157855033874512,6.157855033874512,0,0.0,0.0
1990-02-06 00:00:00-05:00,6.157855033874512,6.157855033874512,6.157855033874512,6.157855033874512,0,0.0,0.0
1990-02-07 00:00:00-05:00,6.157855033874512,6.157855033874512,6.157855033874512,6.157855033874512,0,0.0,0.0
1990-02-08 00:00:00-05:00,0.0,6.8060503005981445,6.157855033874512,6.157855033874512,333,0.0,0.0
1990-02-09 00:00:00-05:00,0.0,6.8060503005981445,6.157855033874512,6.157855033874512,333,0.0,0.0
1990-02-12 00:00:00-05:00,6.157855033874512,6.157855033874512,6.157855033874512,6.157855033874512,0,0.0,0.0
1990-02-13 00:00:00-05:00,0.0,6.80604829788208,6.481950759887695,6.481950759887695,1000,0.0,0.0
1990-02-14 00:00:00-05:00,0.0,6.80604829788208,6.481950759887695,6.481950759887695,267,0.0,0.0
1990-02-15 00:00:00-05:00,6.481950759887695,6.481950759887695,6.481950759887695,6.481950759887695,0,0.0,0.0
1990-02-16 00:00:00-05:00,0.0,7.130145835876465,6.481950759887695,6.481950759887695,267,0.0,0.0
1990-02-20 00:00:00-05:00,0.0,6.8060503005981445,6.157855033874512,6.157855033874512,900,0.0,0.0
1990-02-21 00:00:00-05:00,6.157855033874512,6.157855033874512,6.157855033874512,6.157855033874512,0,0.0,0.0
1990-02-22 00:00:00-05:00,0.0,6.80604829788208,6.481950759887695,6.481950759887695,367,0.0,0.0
1990-02-23 00:00:00-05:00,6.481950759887695,6.481950759887695,6.481950759887695,6.481950759887695,0,0.0,0.0
1990-02-26 00:00:00-05:00,0.0,7.130147933959961,6.157855033874512,6.157855033874512,1000,0.0,0.0
1990-02-27 00:00:00-05:00,0.0,6.8060503005981445,6.157855033874512,6.157855033874512,1533,0.0,0.0
1990-02-28 00:00:00-05:00,6.157855033874512,6.157855033874512,6.157855033874512,6.157855033874512,0,0.0,0.0
1990-03-01 00:00:00-05:00,6.157855033874512,6.157855033874512,6.157855033874512,6.157855033874512,0,0.0,0.0
1990-03-02 00:00:00-05:00,6.157855033874512,6.157855033874512,6.157855033874512,6.157855033874512,0,0.0,0.0
1990-03-05 00:00:00-05:00,6.157855033874512,6.157855033874512,6.157855033874512,6.157855033874512,0,0.0,0.0
1990-03-06 00:00:00-05:00,6.157855033874512,6.157855033874512,6.157855033874512,6.157855033874512,0,0.0,0.0
1990-03-07 00:00:00-05:00,0.0,6.481951077779135,5.833755970001221,5.833755970001221,833,0.0,0.0
1990-03-08 00:00:00-05:00,0.0,6.481951077779135,5.833755970001221,5.833755970001221,400,0.0,0.0
1990-03-09 00:00:00-05:00,0.0,6.481951077779135,5.833755970001221,5.833755970001221,133,0.0,0.0
1990-03-12 00:00:00-05:00,0.0,6.481951077779135,5.833755970001221,5.833755970001221,133,0.0,0.0
1990-03-13 00:00:00-05:00,0.0,6.481952151736698,5.995805740356445,5.995805740356445,800,0.0,0.0
1990-03-14 00:00:00-05:00,0.0,6.481952667236328,6.157855033874512,6.157855033874512,567,0.0,0.0
1990-03-15 00:00:00-05:00,6.157855033874512,6.157855033874512,6.157855033874512,6.157855033874512,0,0.0,0.0
1990-03-16 00:00:00-05:00,0.0,6.481952667236328,6.157855033874512,6.157855033874512,133,0.0,0.0
1990-03-19 00:00:00-05:00,0.0,6.8060503005981445,6.157855033874512,6.157855033874512,2000,0.0,0.0
1990-03-20 00:00:00-05:00,6.157855033874512,6.157855033874512,6.157855033874512,6.157855033874512,0,0.0,0.0
1990-03-21 00:00:00-05:00,6.157855033874512,6.157855033874512,6.157855033874512,6.157855033874512,0,0.0,0.0
1990-03-22 00:00:00-05:00,0.0,6.481952667236328,6.157855033874512,6.157855033874512,167,0.0,0.0
1990-03-23 00:00:00-05:00,6.157855033874512,6.157855033874512,6.157855033874512,6.157855033874512,0,0.0,0.0
1990-03-26 00:00:00-05:00,0.0,6.1578539680032165,5.5096588134765625,5.5096588134765625,500,0.0,0.0
1990-03-27 00:00:00-05:00,5.5096588134765625,5.5096588134765625,5.5096588134765625,5.5096588134765625,0,0.0,0.0
1990-03-28 00:00:00-05:00,5.5096588134765625,5.5096588134765625,5.5096588134765625,5.5096588134765625,0,0.0,0.0
1990-03-29 00:00:00-05:00,0.0,6.481951032366071,5.6717071533203125,5.6717071533203125,1167,0.0,0.0
1990-03-30 00:00:00-05:00,5.6717071533203125,5.6717071533203125,5.6717071533203125,5.6717071533203125,0,0.0,0.0
1990-04-02 00:00:00-04:00,0.0,5.509659767150879,4.861464500427246,4.861464500427246,8433,0.0,0.0
1990-04-03 00:00:00-04:00,0.0,5.1855621337890625,4.861464500427246,4.861464500427246,13400,0.0,0.0
1990-04-04 00:00:00-04:00,0.0,5.833757400512695,4.861464500427246,4.861464500427246,667,0.0,0.0
1990-04-05 00:00:00-04:00,4.861464500427246,4.861464500427246,4.861464500427246,4.861464500427246,0,0.0,0.0
1990-04-06 00:00:00-04:00,0.0,5.833755791187286,5.185560703277588,5.185560703277588,333,0.0,0.0
1990-04-09 00:00:00-04:00,0.0,5.833755791187286,5.185560703277588,5.185560703277588,267,0.0,0.0
1990-04-10 00:00:00-04:00,0.0,5.8337563907398895,5.5096588134765625,5.5096588134765625,667,0.0,0.0
1990-04-11 00:00:00-04:00,0.0,6.481951077779135,5.833755970001221,5.833755970001221,400,0.0,0.0
1990-04-12 00:00:00-04:00,5.833755970001221,5.833755970001221,5.833755970001221,5.833755970001221,0,0.0,0.0
1990-04-16 00:00:00-04:00,5.833755970001221,5.833755970001221,5.833755970001221,5.833755970001221,0,0.0,0.0
1990-04-17 00:00:00-04:00,5.833755970001221,5.833755970001221,5.833755970001221,5.833755970001221,0,0.0,0.0
1990-04-18 00:00:00-04:00,5.833755970001221,5.833755970001221,5.833755970001221,5.833755970001221,0,0.0,0.0
1990-04-19 00:00:00-04:00,5.833755970001221,5.833755970001221,5.833755970001221,5.833755970001221,0,0.0,0.0
1990-04-20 00:00:00-04:00,0.0,6.157853523890178,5.833755970001221,5.833755970001221,1067,0.0,0.0
1990-04-23 00:00:00-04:00,5.833755970001221,5.833755970001221,5.833755970001221,5.833755970001221,0,0.0,0.0
1990-04-24 00:00:00-04:00,5.833755970001221,5.833755970001221,5.833755970001221,5.833755970001221,0,0.0,0.0
1990-04-25 00:00:00-04:00,0.0,5.833755791187286,5.185560703277588,5.185560703277588,833,0.0,0.0
1990-04-26 00:00:00-04:00,5.185560703277588,5.185560703277588,5.185560703277588,5.185560703277588,0,0.0,0.0
1990-04-27 00:00:00-04:00,5.185560703277588,5.185560703277588,5.185560703277588,5.185560703277588,0,0.0,0.0
1990-04-30 00:00:00-04:00,5.185560703277588,5.185560703277588,5.185560703277588,5.185560703277588,0,0.0,0.0
1990-05-01 00:00:00-04:00,5.185560703277588,5.185560703277588,5.185560703277588,5.185560703277588,0,0.0,0.0
1990-05-02 00:00:00-04:00,0.0,5.833755791187286,5.185560703277588,5.185560703277588,333,0.0,0.0
1990-05-03 00:00:00-04:00,5.185560703277588,5.185560703277588,5.185560703277588,5.185560703277588,0,0.0,0.0
1990-05-04 00:00:00-04:00,0.0,5.833755791187286,5.185560703277588,5.185560703277588,667,0.0,0.0
1990-05-07 00:00:00-04:00,5.185560703277588,5.185560703277588,5.185560703277588,5.185560703277588,0,0.0,0.0
1990-05-08 00:00:00-04:00,5.185560703277588,5.185560703277588,5.185560703277588,5.185560703277588,0,0.0,0.0
1990-05-09 00:00:00-04:00,5.185560703277588,5.185560703277588,5.185560703277588,5.185560703277588,0,0.0,0.0
1990-05-10 00:00:00-04:00,5.185560703277588,5.185560703277588,5.185560703277588,5.185560703277588,0,0.0,0.0
1990-05-11 00:00:00-04:00,0.0,6.157853335142136,5.185560703277588,5.185560703277588,167,0.0,0.0
1990-05-14 00:00:00-04:00,0.0,6.157853335142136,5.185560703277588,5.185560703277588,233,0.0,0.0
1990-05-15 00:00:00-04:00,5.185560703277588,5.185560703277588,5.185560703277588,5.185560703277588,0,0.0,0.0
1990-05-16 00:00:00-04:00,5.185560703277588,5.185560703277588,5.185560703277588,5.185560703277588,0,0.0,0.0
1990-05-17 00:00:00-04:00,5.185560703277588,5.185560703277588,5.185560703277588,5.185560703277588,0,0.0,0.0
1990-05-18 00:00:00-04:00,0.0,5.833755791187286,5.185560703277588,5.185560703277588,333,0.0,0.0
1990-05-21 00:00:00-04:00,0.0,5.833755791187286,5.185560703277588,5.185560703277588,667,0.0,0.0
1990-05-22 00:00:00-04:00,5.185560703277588,5.185560703277588,5.185560703277588,5.185560703277588,0,0.0,0.0
1990-05-23 00:00:00-04:00,0.0,5.509659767150879,4.861464500427246,4.861464500427246,1700,0.0,0.0
1990-05-24 00:00:00-04:00,0.0,5.509659767150879,4.861464500427246,4.861464500427246,733,0.0,0.0
1990-05-25 00:00:00-04:00,4.861464500427246,4.861464500427246,4.861464500427246,4.861464500427246,0,0.0,0.0
1990-05-29 00:00:00-04:00,0.0,5.509659767150879,4.53736686706543,4.53736686706543,733,0.0,0.0
1990-05-30 00:00:00-04:00,0.0,5.509659767150879,4.53736686706543,4.53736686706543,400,0.0,0.0
1990-05-31 00:00:00-04:00,0.0,5.509659767150879,4.53736686706543,4.53736686706543,333,0.0,0.0
1990-06-01 00:00:00-04:00,4.53736686706543,4.53736686706543,4.53736686706543,4.53736686706543,0,0.0,0.0
1990-06-04 00:00:00-04:00,0.0,5.1855621337890625,4.53736686706543,4.53736686706543,2667,0.0,0.0
1990-06-05 00:00:00-04:00,4.53736686706543,4.53736686706543,4.53736686706543,4.53736686706543,0,0.0,0.0
1990-06-06 00:00:00-04:00,0.0,5.1855621337890625,4.53736686706543,4.53736686706543,2333,0.0,0.0
1990-06-07 00:00:00-04:00,4.53736686706543,4.53736686706543,4.53736686706543,4.53736686706543,0,0.0,0.0
1990-06-08 00:00:00-04:00,4.53736686706543,4.53736686706543,4.53736686706543,4.53736686706543,0,0.0,0.0
1990-06-11 00:00:00-04:00,4.53736686706543,4.53736686706543,4.53736686706543,4.53736686706543,0,0.0,0.0
1990-06-12 00:00:00-04:00,4.53736686706543,4.53736686706543,4.53736686706543,4.53736686706543,0,0.0,0.0
1990-06-13 00:00:00-04:00,4.53736686706543,4.53736686706543,4.53736686706543,4.53736686706543,0,0.0,0.0
1990-06-14 00:00:00-04:00,4.53736686706543,4.53736686706543,4.53736686706543,4.53736686706543,0,0.0,0.0
1990-06-15 00:00:00-04:00,4.53736686706543,4.53736686706543,4.53736686706543,4.53736686706543,0,0.0,0.0
1990-06-18 00:00:00-04:00,0.0,5.1855621337890625,4.53736686706543,4.53736686706543,333,0.0,0.0
1990-06-19 00:00:00-04:00,4.53736686706543,4.53736686706543,4.53736686706543,4.53736686706543,0,0.0,0.0
1990-06-20 00:00:00-04:00,4.53736686706543,4.53736686706543,4.53736686706543,4.53736686706543,0,0.0,0.0
1990-06-21 00:00:00-04:00,4.53736686706543,4.53736686706543,4.53736686706543,4.53736686706543,0,0.0,0.0
1990-06-22 00:00:00-04:00,4.53736686706543,4.53736686706543,4.53736686706543,4.53736686706543,0,0.0,0.0
1990-06-25 00:00:00-04:00,4.53736686706543,4.53736686706543,4.53736686706543,4.53736686706543,0,0.0,0.0
1990-06-26 00:00:00-04:00,4.53736686706543,4.53736686706543,4.53736686706543,4.53736686706543,0,0.0,0.0
1990-06-27 00:00:00-04:00,4.53736686706543,4.53736686706543,4.53736686706543,4.53736686706543,0,0.0,0.0
1990-06-28 00:00:00-04:00,4.53736686706543,4.53736686706543,4.53736686706543,4.53736686706543,0,0.0,0.0
1990-06-29 00:00:00-04:00,4.53736686706543,4.53736686706543,4.53736686706543,4.53736686706543,0,0.0,0.0
1990-07-02 00:00:00-04:00,4.53736686706543,4.53736686706543,4.53736686706543,4.53736686706543,0,0.0,0.0
1990-07-03 00:00:00-04:00,4.53736686706543,4.53736686706543,4.53736686706543,4.53736686706543,0,0.0,0.0
1990-07-05 00:00:00-04:00,4.53736686706543,4.53736686706543,4.53736686706543,4.53736686706543,0,0.0,0.0
1990-07-06 00:00:00-04:00,0.0,5.509659767150879,4.53736686706543,4.53736686706543,333,0.0,0.0
1990-07-09 00:00:00-04:00,4.53736686706543,4.53736686706543,4.53736686706543,4.53736686706543,0,0.0,0.0
1990-07-10 00:00:00-04:00,4.53736686706543,4.53736686706543,4.53736686706543,4.53736686706543,0,0.0,0.0
1990-07-11 00:00:00-04:00,4.53736686706543,4.53736686706543,4.53736686706543,4.53736686706543,0,0.0,0.0
1990-07-12 00:00:00-04:00,0.0,5.023513317108154,4.53736686706543,4.53736686706543,1000,0.0,0.0
1990-07-13 00:00:00-04:00,0.0,5.023513317108154,4.53736686706543,4.53736686706543,1033,0.0,0.0
1990-07-16 00:00:00-04:00,4.53736686706543,4.53736686706543,4.53736686706543,4.53736686706543,0,0.0,0.0
1990-07-17 00:00:00-04:00,0.0,4.699414620032677,4.213268280029297,4.213268280029297,433,0.0,0.0
1990-07-18 00:00:00-04:00,0.0,4.699414620032677,4.213268280029297,4.213268280029297,333,0.0,0.0
1990-07-19 00:00:00-04:00,0.0,4.861463400033804,4.213268280029297,4.213268280029297,333,0.0,0.0
1990-07-20 00:00:00-04:00,4.213268280029297,4.213268280029297,4.213268280029297,4.213268280029297,0,0.0,0.0
1990-07-23 00:00:00-04:00,0.0,4.861464500427246,4.3753180503845215,4.3753180503845215,1100,0.0,0.0
1990-07-24 00:00:00-04:00,4.3753180503845215,4.3753180503845215,4.3753180503845215,4.3753180503845215,0,0.0,0.0
1990-07-25 00:00:00-04:00,4.3753180503845215,4.3753180503845215,4.3753180503845215,4.3753180503845215,0,0.0,0.0
1990-07-26 00:00:00-04:00,0.0,4.861463400033804,4.213268280029297,4.213268280029297,3167,0.0,0.0
1990-07-27 00:00:00-04:00,0.0,4.861463400033804,4.213268280029297,4.213268280029297,367,0.0,0.0
1990-07-30 00:00:00-04:00,0.0,4.861463400033804,4.213268280029297,4.213268280029297,767,0.0,0.0
1990-07-31 00:00:00-04:00,0.0,5.509659767150879,4.861464500427246,4.861464500427246,3167,0.0,0.0
1990-08-01 00:00:00-04:00,0.0,6.1578539680032165,5.5096588134765625,5.5096588134765625,2933,0.0,0.0
1990-08-02 00:00:00-04:00,0.0,6.157853335142136,5.185560703277588,5.185560703277588,1667,0.0,0.0
1990-08-03 00:00:00-04:00,0.0,5.833755791187286,5.185560703277588,5.185560703277588,233,0.0,0.0
1990-08-06 00:00:00-04:00,0.0,5.833755791187286,5.185560703277588,5.185560703277588,667,0.0,0.0
1990-08-07 00:00:00-04:00,5.185560703277588,5.185560703277588,5.185560703277588,5.185560703277588,0,0.0,0.0
1990-08-08 00:00:00-04:00,0.0,5.833755791187286,5.185560703277588,5.185560703277588,2833,0.0,0.0
1990-08-09 00:00:00-04:00,0.0,5.833755791187286,5.185560703277588,5.185560703277588,333,0.0,0.0
1990-08-10 00:00:00-04:00,0.0,5.833755791187286,5.185560703277588,5.185560703277588,1500,0.0,0.0
1990-08-13 00:00:00-04:00,0.0,5.833755791187286,5.185560703277588,5.185560703277588,267,0.0,0.0
1990-08-14 00:00:00-04:00,0.0,5.833755791187286,5.185560703277588,5.185560703277588,500,0.0,0.0
1990-08-15 00:00:00-04:00,0.0,5.833755791187286,5.185560703277588,5.185560703277588,667,0.0,0.0
1990-08-16 00:00:00-04:00,0.0,5.833755791187286,5.185560703277588,5.185560703277588,667,0.0,0.0
1990-08-17 00:00:00-04:00,5.185560703277588,5.185560703277588,5.185560703277588,5.185560703277588,0,0.0,0.0
1990-08-20 00:00:00-04:00,0.0,5.833755791187286,5.185560703277588,5.185560703277588,200,0.0,0.0
1990-08-21 00:00:00-04:00,5.185560703277588,5.185560703277588,5.185560703277588,5.185560703277588,0,0.0,0.0
1990-08-22 00:00:00-04:00,0.0,5.1855621337890625,4.53736686706543,4.53736686706543,8667,0.0,0.0
1990-08-23 00:00:00-04:00,0.0,4.861463400033804,4.213268280029297,4.213268280029297,2333,0.0,0.0
1990-08-24 00:00:00-04:00,0.0,4.537365198135376,3.8891701698303223,3.8891701698303223,2333,0.0,0.0
1990-08-27 00:00:00-04:00,3.8891701698303223,3.8891701698303223,3.8891701698303223,3.8891701698303223,0,0.0,0.0
1990-08-28 00:00:00-04:00,3.8891701698303223,3.8891701698303223,3.8891701698303223,3.8891701698303223,0,0.0,0.0
1990-08-29 00:00:00-04:00,0.0,4.699414024353027,4.0512189865112305,4.0512189865112305,1533,0.0,0.0
1990-08-30 00:00:00-04:00,4.0512189865112305,4.0512189865112305,4.0512189865112305,4.0512189865112305,0,0.0,0.0
1990-08-31 00:00:00-04:00,4.0512189865112305,4.0512189865112305,4.0512189865112305,4.0512189865112305,0,0.0,0.0
1990-09-04 00:00:00-04:00,0.0,4.861462783813477,4.0512189865112305,4.0512189865112305,700,0.0,0.0
1990-09-05 00:00:00-04:00,0.0,4.537365264892578,4.0512189865112305,4.0512189865112305,1167,0.0,0.0
1990-09-06 00:00:00-04:00,4.0512189865112305,4.0512189865112305,4.0512189865112305,4.0512189865112305,0,0.0,0.0
1990-09-07 00:00:00-04:00,0.0,4.537365264892578,4.0512189865112305,4.0512189865112305,567,0.0,0.0
1990-09-10 00:00:00-04:00,0.0,4.537365264892578,4.0512189865112305,4.0512189865112305,667,0.0,0.0
1990-09-11 00:00:00-04:00,4.0512189865112305,4.0512189865112305,4.0512189865112305,4.0512189865112305,0,0.0,0.0
1990-09-12 00:00:00-04:00,0.0,4.537365264892578,4.0512189865112305,4.0512189865112305,333,0.0,0.0
1990-09-13 00:00:00-04:00,0.0,4.537365264892578,4.0512189865112305,4.0512189865112305,233,0.0,0.0
1990-09-14 00:00:00-04:00,0.0,4.699414024353027,4.0512189865112305,4.0512189865112305,333,0.0,0.0
1990-09-17 00:00:00-04:00,4.0512189865112305,4.0512189865112305,4.0512189865112305,4.0512189865112305,0,0.0,0.0
1990-09-18 00:00:00-04:00,4.0512189865112305,4.0512189865112305,4.0512189865112305,4.0512189865112305,0,0.0,0.0
1990-09-19 00:00:00-04:00,0.0,4.537365198135376,3.8891701698303223,3.8891701698303223,1733,0.0,0.0
1990-09-20 00:00:00-04:00,3.8891701698303223,3.8891701698303223,3.8891701698303223,3.8891701698303223,0,0.0,0.0
1990-09-21 00:00:00-04:00,3.8891701698303223,3.8891701698303223,3.8891701698303223,3.8891701698303223,0,0.0,0.0
1990-09-24 00:00:00-04:00,0.0,4.537365198135376,3.8891701698303223,3.8891701698303223,533,0.0,0.0
1990-09-25 00:00:00-04:00,3.8891701698303223,3.8891701698303223,3.8891701698303223,3.8891701698303223,0,0.0,0.0
1990-09-26 00:00:00-04:00,0.0,4.213268348148891,3.403024435043335,3.403024435043335,2600,0.0,0.0
1990-09-27 00:00:00-04:00,3.403024435043335,3.403024435043335,3.403024435043335,3.403024435043335,0,0.0,0.0
1990-09-28 00:00:00-04:00,3.403024435043335,3.403024435043335,3.403024435043335,3.403024435043335,0,0.0,0.0
1990-10-01 00:00:00-04:00,3.403024435043335,3.403024435043335,3.403024435043335,3.403024435043335,0,0.0,0.0
1990-10-02 00:00:00-04:00,3.403024435043335,3.403024435043335,3.403024435043335,3.403024435043335,0,0.0,0.0
1990-10-03 00:00:00-04:00,0.0,3.4030243158340454,2.9168779850006104,2.9168779850006104,767,0.0,0.0
1990-10-04 00:00:00-04:00,2.9168779850006104,2.9168779850006104,2.9168779850006104,2.9168779850006104,0,0.0,0.0
1990-10-05 00:00:00-04:00,2.9168779850006104,2.9168779850006104,2.9168779850006104,2.9168779850006104,0,0.0,0.0
1990-10-08 00:00:00-04:00,2.9168779850006104,2.9168779850006104,2.9168779850006104,2.9168779850006104,0,0.0,0.0
1990-10-09 00:00:00-04:00,2.9168779850006104,2.9168779850006104,2.9168779850006104,2.9168779850006104,0,0.0,0.0
1990-10-10 00:00:00-04:00,0.0,3.565073092778524,2.9168779850006104,2.9168779850006104,333,0.0,0.0
1990-10-11 00:00:00-04:00,0.0,3.565073092778524,2.9168779850006104,2.9168779850006104,333,0.0,0.0
1990-10-12 00:00:00-04:00,2.9168779850006104,2.9168779850006104,2.9168779850006104,2.9168779850006104,0,0.0,0.0
1990-10-15 00:00:00-04:00,0.0,3.2409754395484924,2.592780351638794,2.592780351638794,2000,0.0,0.0
1990-10-16 00:00:00-04:00,0.0,3.240976333618164,2.268683433532715,2.268683433532715,833,0.0,0.0
1990-10-17 00:00:00-04:00,0.0,2.9168787002563477,2.268683433532715,2.268683433532715,2500,0.0,0.0
1990-10-18 00:00:00-04:00,2.268683433532715,2.268683433532715,2.268683433532715,2.268683433532715,0,0.0,0.0
1990-10-19 00:00:00-04:00,0.0,2.916877895593643,2.592780351638794,2.592780351638794,1000,0.0,0.0
1990-10-22 00:00:00-04:00,0.0,2.916877895593643,2.592780351638794,2.592780351638794,67,0.0,0.0
1990-10-23 00:00:00-04:00,2.592780351638794,2.592780351638794,2.592780351638794,2.592780351638794,0,0.0,0.0
1990-10-24 00:00:00-04:00,0.0,3.5650729179382323,3.2409753799438477,3.2409753799438477,2333,0.0,0.0
1990-10-25 00:00:00-04:00,0.0,3.727121686935425,3.2409753799438477,3.2409753799438477,667,0.0,0.0
1990-10-26 00:00:00-04:00,3.2409753799438477,3.2409753799438477,3.2409753799438477,3.2409753799438477,0,0.0,0.0
1990-10-29 00:00:00-05:00,0.0,3.727121686935425,3.2409753799438477,3.2409753799438477,433,0.0,0.0
1990-10-30 00:00:00-05:00,0.0,3.7271218697230024,2.9168779850006104,2.9168779850006104,233,0.0,0.0
1990-10-31 00:00:00-05:00,2.9168779850006104,2.9168779850006104,2.9168779850006104,2.9168779850006104,0,0.0,0.0
1990-11-01 00:00:00-05:00,0.0,3.7271218697230024,2.9168779850006104,2.9168779850006104,267,0.0,0.0
1990-11-02 00:00:00-05:00,0.0,3.7271218697230024,2.9168779850006104,2.9168779850006104,100,0.0,0.0
1990-11-05 00:00:00-05:00,2.9168779850006104,2.9168779850006104,2.9168779850006104,2.9168779850006104,0,0.0,0.0
1990-11-06 00:00:00-05:00,2.9168779850006104,2.9168779850006104,2.9168779850006104,2.9168779850006104,0,0.0,0.0
1990-11-07 00:00:00-05:00,2.9168779850006104,2.9168779850006104,2.9168779850006104,2.9168779850006104,0,0.0,0.0
1990-11-08 00:00:00-05:00,0.0,3.565073092778524,2.9168779850006104,2.9168779850006104,300,0.0,0.0
1990-11-09 00:00:00-05:00,2.9168779850006104,2.9168779850006104,2.9168779850006104,2.9168779850006104,0,0.0,0.0
1990-11-12 00:00:00-05:00,2.9168779850006104,2.9168779850006104,2.9168779850006104,2.9168779850006104,0,0.0,0.0
1990-11-13 00:00:00-05:00,0.0,3.565073092778524,2.9168779850006104,2.9168779850006104,1500,0.0,0.0
1990-11-14 00:00:00-05:00,0.0,3.7271218697230024,2.9168779850006104,2.9168779850006104,500,0.0,0.0
1990-11-15 00:00:00-05:00,0.0,3.565073092778524,2.9168779850006104,2.9168779850006104,433,0.0,0.0
1990-11-16 00:00:00-05:00,0.0,3.2409755388895674,2.9168779850006104,2.9168779850006104,333,0.0,0.0
1990-11-19 00:00:00-05:00,0.0,3.240975772633272,2.7548294067382812,2.7548294067382812,333,0.0,0.0
1990-11-20 00:00:00-05:00,0.0,3.240975772633272,2.7548294067382812,2.7548294067382812,333,0.0,0.0
1990-11-21 00:00:00-05:00,0.0,3.240975772633272,2.7548294067382812,2.7548294067382812,667,0.0,0.0
1990-11-23 00:00:00-05:00,0.0,3.240975772633272,2.7548294067382812,2.7548294067382812,333,0.0,0.0
1990-11-26 00:00:00-05:00,2.7548294067382812,2.7548294067382812,2.7548294067382812,2.7548294067382812,0,0.0,0.0
1990-11-27 00:00:00-05:00,0.0,3.078926667571068,2.592780351638794,2.592780351638794,400,0.0,0.0
1990-11-28 00:00:00-05:00,2.592780351638794,2.592780351638794,2.592780351638794,2.592780351638794,0,0.0,0.0
1990-11-29 00:00:00-05:00,0.0,3.2409754395484924,2.592780351638794,2.592780351638794,1000,0.0,0.0
1990-11-30 00:00:00-05:00,0.0,2.9168787002563477,2.430732250213623,2.430732250213623,4667,0.0,0.0
1990-12-03 00:00:00-05:00,2.430732250213623,2.430732250213623,2.430732250213623,2.430732250213623,0,0.0,0.0
1990-12-04 00:00:00-05:00,2.430732250213623,2.430732250213623,2.430732250213623,2.430732250213623,0,0.0,0.0
1990-12-05 00:00:00-05:00,2.430732250213623,2.430732250213623,2.430732250213623,2.430732250213623,0,0.0,0.0
1990-12-06 00:00:00-05:00,0.0,2.9168787002563477,2.268683433532715,2.268683433532715,1900,0.0,0.0
1990-12-07 00:00:00-05:00,0.0,2.9168787002563477,2.268683433532715,2.268683433532715,233,0.0,0.0
1990-12-10 00:00:00-05:00,2.268683433532715,2.268683433532715,2.268683433532715,2.268683433532715,0,0.0,0.0
1990-12-11 00:00:00-05:00,0.0,2.7548291236162186,2.592780351638794,2.592780351638794,1833,0.0,0.0
1990-12-12 00:00:00-05:00,0.0,3.078926667571068,2.592780351638794,2.592780351638794,4333,0.0,0.0
1990-12-13 00:00:00-05:00,0.0,3.2409754395484924,2.592780351638794,2.592780351638794,2667,0.0,0.0
1990-12-14 00:00:00-05:00,2.592780351638794,2.592780351638794,2.592780351638794,2.592780351638794,0,0.0,0.0
1990-12-17 00:00:00-05:00,2.592780351638794,2.592780351638794,2.592780351638794,2.592780351638794,0,0.0,0.0
1990-12-18 00:00:00-05:00,0.0,3.2409754395484924,2.592780351638794,2.592780351638794,1500,0.0,0.0
1990-12-19 00:00:00-05:00,2.592780351638794,2.592780351638794,2.592780351638794,2.592780351638794,0,0.0,0.0
1990-12-20 00:00:00-05:00,2.592780351638794,2.592780351638794,2.592780351638794,2.592780351638794,0,0.0,0.0
1990-12-21 00:00:00-05:00,0.0,3.240975772633272,2.7548294067382812,2.7548294067382812,333,0.0,0.0
1990-12-24 00:00:00-05:00,0.0,3.0789269840016082,2.7548294067382812,2.7548294067382812,1667,0.0,0.0
1990-12-26 00:00:00-05:00,2.7548294067382812,2.7548294067382812,2.7548294067382812,2.7548294067382812,0,0.0,0.0
1990-12-27 00:00:00-05:00,0.0,3.0789269840016082,2.7548294067382812,2.7548294067382812,433,0.0,0.0
1990-12-28 00:00:00-05:00,0.0,3.0789269840016082,2.7548294067382812,2.7548294067382812,300,0.0,0.0
1990-12-31 00:00:00-05:00,2.7548294067382812,2.7548294067382812,2.7548294067382812,2.7548294067382812,0,0.0,0.0
1991-01-02 00:00:00-05:00,2.7548294067382812,2.7548294067382812,2.7548294067382812,2.7548294067382812,0,0.0,0.0
1991-01-03 00:00:00-05:00,0.0,3.240975772633272,2.7548294067382812,2.7548294067382812,2000,0.0,0.0
1991-01-04 00:00:00-05:00,2.7548294067382812,2.7548294067382812,2.7548294067382812,2.7548294067382812,0,0.0,0.0
1991-01-07 00:00:00-05:00,0.0,3.565073092778524,2.9168779850006104,2.9168779850006104,667,0.0,0.0
1991-01-08 00:00:00-05:00,0.0,3.565073092778524,2.9168779850006104,2.9168779850006104,1167,0.0,0.0
1991-01-09 00:00:00-05:00,0.0,3.565073092778524,2.9168779850006104,2.9168779850006104,33,0.0,0.0
1991-01-10 00:00:00-05:00,2.9168779850006104,2.9168779850006104,2.9168779850006104,2.9168779850006104,0,0.0,0.0
1991-01-11 00:00:00-05:00,2.9168779850006104,2.9168779850006104,2.9168779850006104,2.9168779850006104,0,0.0,0.0
1991-01-14 00:00:00-05:00,0.0,3.565073092778524,2.9168779850006104,2.9168779850006104,167,0.0,0.0
1991-01-15 00:00:00-05:00,0.0,3.565073092778524,2.9168779850006104,2.9168779850006104,667,0.0,0.0
1991-01-16 00:00:00-05:00,2.9168779850006104,2.9168779850006104,2.9168779850006104,2.9168779850006104,0,0.0,0.0
1991-01-17 00:00:00-05:00,2.9168779850006104,2.9168779850006104,2.9168779850006104,2.9168779850006104,0,0.0,0.0
1991-01-18 00:00:00-05:00,2.9168779850006104,2.9168779850006104,2.9168779850006104,2.9168779850006104,0,0.0,0.0
1991-01-21 00:00:00-05:00,2.9168779850006104,2.9168779850006104,2.9168779850006104,2.9168779850006104,0,0.0,0.0
1991-01-22 00:00:00-05:00,2.9168779850006104,2.9168779850006104,2.9168779850006104,2.9168779850006104,0,0.0,0.0
1991-01-23 00:00:00-05:00,2.9168779850006104,2.9168779850006104,2.9168779850006104,2.9168779850006104,0,0.0,0.0
1991-01-24 00:00:00-05:00,0.0,3.5650739669799805,3.078927516937256,3.078927516937256,4133,0.0,0.0
1991-01-25 00:00:00-05:00,3.078927516937256,3.078927516937256,3.078927516937256,3.078927516937256,0,0.0,0.0
1991-01-28 00:00:00-05:00,3.078927516937256,3.078927516937256,3.078927516937256,3.078927516937256,0,0.0,0.0
1991-01-29 00:00:00-05:00,0.0,3.4030245612649357,2.7548294067382812,2.7548294067382812,700,0.0,0.0
1991-01-30 00:00:00-05:00,2.7548294067382812,2.7548294067382812,2.7548294067382812,2.7548294067382812,0,0.0,0.0
1991-01-31 00:00:00-05:00,2.7548294067382812,2.7548294067382812,2.7548294067382812,2.7548294067382812,0,0.0,0.0
1991-02-01 00:00:00-05:00,2.7548294067382812,2.7548294067382812,2.7548294067382812,2.7548294067382812,0,0.0,0.0
1991-02-04 00:00:00-05:00,2.7548294067382812,2.7548294067382812,2.7548294067382812,2.7548294067382812,0,0.0,0.0
1991-02-05 00:00:00-05:00,2.7548294067382812,2.7548294067382812,2.7548294067382812,2.7548294067382812,0,0.0,0.0
1991-02-06 00:00:00-05:00,2.7548294067382812,2.7548294067382812,2.7548294067382812,2.7548294067382812,0,0.0,0.0
1991-02-07 00:00:00-05:00,2.7548294067382812,2.7548294067382812,2.7548294067382812,2.7548294067382812,0,0.0,0.0
1991-02-08 00:00:00-05:00,2.7548294067382812,2.7548294067382812,2.7548294067382812,2.7548294067382812,0,0.0,0.0
1991-02-11 00:00:00-05:00,0.0,3.2409754395484924,2.592780351638794,2.592780351638794,333,0.0,0.0
1991-02-12 00:00:00-05:00,2.592780351638794,2.592780351638794,2.592780351638794,2.592780351638794,0,0.0,0.0
1991-02-13 00:00:00-05:00,0.0,3.403024211525917,2.592780351638794,2.592780351638794,1000,0.0,0.0
1991-02-14 00:00:00-05:00,0.0,3.403024211525917,2.592780351638794,2.592780351638794,833,0.0,0.0
1991-02-15 00:00:00-05:00,2.592780351638794,2.592780351638794,2.592780351638794,2.592780351638794,0,0.0,0.0
1991-02-19 00:00:00-05:00,2.592780351638794,2.592780351638794,2.592780351638794,2.592780351638794,0,0.0,0.0
1991-02-20 00:00:00-05:00,2.592780351638794,2.592780351638794,2.592780351638794,2.592780351638794,0,0.0,0.0
1991-02-21 00:00:00-05:00,2.592780351638794,2.592780351638794,2.592780351638794,2.592780351638794,0,0.0,0.0
1991-02-22 00:00:00-05:00,0.0,3.2409754395484924,2.592780351638794,2.592780351638794,333,0.0,0.0
1991-02-25 00:00:00-05:00,2.592780351638794,2.592780351638794,2.592780351638794,2.592780351638794,0,0.0,0.0
1991-02-26 00:00:00-05:00,0.0,2.9168787002563477,2.268683433532715,2.268683433532715,1100,0.0,0.0
1991-02-27 00:00:00-05:00,2.268683433532715,2.268683433532715,2.268683433532715,2.268683433532715,0,0.0,0.0
1991-02-28 00:00:00-05:00,2.268683433532715,2.268683433532715,2.268683433532715,2.268683433532715,0,0.0,0.0
1991-03-01 00:00:00-05:00,2.268683433532715,2.268683433532715,2.268683433532715,2.268683433532715,0,0.0,0.0
1991-03-04 00:00:00-05:00,2.268683433532715,2.268683433532715,2.268683433532715,2.268683433532715,0,0.0,0.0
1991-03-05 00:00:00-05:00,2.268683433532715,2.268683433532715,2.268683433532715,2.268683433532715,0,0.0,0.0
1991-03-06 00:00:00-05:00,2.268683433532715,2.268683433532715,2.268683433532715,2.268683433532715,0,0.0,0.0
1991-03-07 00:00:00-05:00,2.268683433532715,2.268683433532715,2.268683433532715,2.268683433532715,0,0.0,0.0
1991-03-08 00:00:00-05:00,2.268683433532715,2.268683433532715,2.268683433532715,2.268683433532715,0,0.0,0.0
1991-03-11 00:00:00-05:00,0.0,2.9168787002563477,2.430732250213623,2.430732250213623,667,0.0,0.0
1991-03-12 00:00:00-05:00,2.430732250213623,2.430732250213623,2.430732250213623,2.430732250213623,0,0.0,0.0
1991-03-13 00:00:00-05:00,2.430732250213623,2.430732250213623,2.430732250213623,2.430732250213623,0,0.0,0.0
1991-03-14 00:00:00-05:00,2.430732250213623,2.430732250213623,2.430732250213623,2.430732250213623,0,0.0,0.0
1991-03-15 00:00:00-05:00,0.0,3.240976333618164,2.430732250213623,2.430732250213623,333,0.0,0.0
1991-03-18 00:00:00-05:00,0.0,3.2409754395484924,2.592780351638794,2.592780351638794,633,0.0,0.0
1991-03-19 00:00:00-05:00,2.592780351638794,2.592780351638794,2.592780351638794,2.592780351638794,0,0.0,0.0
1991-03-20 00:00:00-05:00,0.0,3.2409754395484924,2.592780351638794,2.592780351638794,667,0.0,0.0
1991-03-21 00:00:00-05:00,2.592780351638794,2.592780351638794,2.592780351638794,2.592780351638794,0,0.0,0.0
1991-03-22 00:00:00-05:00,2.592780351638794,2.592780351638794,2.592780351638794,2.592780351638794,0,0.0,0.0
1991-03-25 00:00:00-05:00,2.592780351638794,2.592780351638794,2.592780351638794,2.592780351638794,0,0.0,0.0
1991-03-26 00:00:00-05:00,2.592780351638794,2.592780351638794,2.592780351638794,2.592780351638794,0,0.0,0.0
1991-03-27 00:00:00-05:00,0.0,3.2409754395484924,2.592780351638794,2.592780351638794,1933,0.0,0.0
1991-03-28 00:00:00-05:00,2.592780351638794,2.592780351638794,2.592780351638794,2.592780351638794,0,0.0,0.0
1991-04-01 00:00:00-05:00,2.592780351638794,2.592780351638794,2.592780351638794,2.592780351638794,0,0.0,0.0
1991-04-02 00:00:00-05:00,0.0,3.2409754395484924,2.592780351638794,2.592780351638794,1667,0.0,0.0
1991-04-03 00:00:00-05:00,2.592780351638794,2.592780351638794,2.592780351638794,2.592780351638794,0,0.0,0.0
1991-04-04 00:00:00-05:00,0.0,3.2409754395484924,2.592780351638794,2.592780351638794,67,0.0,0.0
1991-04-05 00:00:00-05:00,0.0,3.2409754395484924,2.592780351638794,2.592780351638794,1300,0.0,0.0
1991-04-08 00:00:00-04:00,0.0,3.2409754395484924,2.592780351638794,2.592780351638794,133,0.0,0.0
1991-04-09 00:00:00-04:00,0.0,3.2409754395484924,2.592780351638794,2.592780351638794,100,0.0,0.0
1991-04-10 00:00:00-04:00,0.0,3.2409754395484924,2.592780351638794,2.592780351638794,67,0.0,0.0
1991-04-11 00:00:00-04:00,0.0,3.2409754395484924,2.592780351638794,2.592780351638794,2400,0.0,0.0
1991-04-12 00:00:00-04:00,0.0,3.2409754395484924,2.592780351638794,2.592780351638794,767,0.0,0.0
1991-04-15 00:00:00-04:00,0.0,3.2409754395484924,2.592780351638794,2.592780351638794,367,0.0,0.0
1991-04-16 00:00:00-04:00,2.592780351638794,2.592780351638794,2.592780351638794,2.592780351638794,0,0.0,0.0
1991-04-17 00:00:00-04:00,2.592780351638794,2.592780351638794,2.592780351638794,2.592780351638794,0,0.0,0.0
1991-04-18 00:00:00-04:00,0.0,3.2409754395484924,2.592780351638794,2.592780351638794,67,0.0,0.0
1991-04-19 00:00:00-04:00,2.592780351638794,2.592780351638794,2.592780351638794,2.592780351638794,0,0.0,0.0
1991-04-22 00:00:00-04:00,2.592780351638794,2.592780351638794,2.592780351638794,2.592780351638794,0,0.0,0.0
1991-04-23 00:00:00-04:00,2.592780351638794,2.592780351638794,2.592780351638794,2.592780351638794,0,0.0,0.0
1991-04-24 00:00:00-04:00,2.592780351638794,2.592780351638794,2.592780351638794,2.592780351638794,0,0.0,0.0
1991-04-25 00:00:00-04:00,2.592780351638794,2.592780351638794,2.592780351638794,2.592780351638794,0,0.0,0.0
1991-04-26 00:00:00-04:00,2.592780351638794,2.592780351638794,2.592780351638794,2.592780351638794,0,0.0,0.0
1991-04-29 00:00:00-04:00,2.592780351638794,2.592780351638794,2.592780351638794,2.592780351638794,0,0.0,0.0
1991-04-30 00:00:00-04:00,0.0,2.916877895593643,2.592780351638794,2.592780351638794,667,0.0,0.0
1991-05-01 00:00:00-04:00,0.0,2.9168787002563477,2.268683433532715,2.268683433532715,1667,0.0,0.0
1991-05-02 00:00:00-04:00,2.268683433532715,2.268683433532715,2.268683433532715,2.268683433532715,0,0.0,0.0
1991-05-03 00:00:00-04:00,0.0,2.9168787002563477,2.268683433532715,2.268683433532715,467,0.0,0.0
1991-05-06 00:00:00-04:00,0.0,2.9168787002563477,2.268683433532715,2.268683433532715,2000,0.0,0.0
1991-05-07 00:00:00-04:00,0.0,2.9168787002563477,2.268683433532715,2.268683433532715,2167,0.0,0.0
1991-05-08 00:00:00-04:00,2.268683433532715,2.268683433532715,2.268683433532715,2.268683433532715,0,0.0,0.0
1991-05-09 00:00:00-04:00,2.268683433532715,2.268683433532715,2.268683433532715,2.268683433532715,0,0.0,0.0
1991-05-10 00:00:00-04:00,0.0,2.9168787002563477,2.268683433532715,2.268683433532715,1000,0.0,0.0
1991-05-13 00:00:00-04:00,2.268683433532715,2.268683433532715,2.268683433532715,2.268683433532715,0,0.0,0.0
1991-05-14 00:00:00-04:00,2.268683433532715,2.268683433532715,2.268683433532715,2.268683433532715,0,0.0,0.0
1991-05-15 00:00:00-04:00,0.0,2.9168787002563477,2.268683433532715,2.268683433532715,133,0.0,0.0
1991-05-16 00:00:00-04:00,2.268683433532715,2.268683433532715,2.268683433532715,2.268683433532715,0,0.0,0.0
1991-05-17 00:00:00-04:00,2.268683433532715,2.268683433532715,2.268683433532715,2.268683433532715,0,0.0,0.0
1991-05-20 00:00:00-04:00,2.268683433532715,2.268683433532715,2.268683433532715,2.268683433532715,0,0.0,0.0
1991-05-21 00:00:00-04:00,2.268683433532715,2.268683433532715,2.268683433532715,2.268683433532715,0,0.0,0.0
1991-05-22 00:00:00-04:00,2.268683433532715,2.268683433532715,2.268683433532715,2.268683433532715,0,0.0,0.0
1991-05-23 00:00:00-04:00,2.268683433532715,2.268683433532715,2.268683433532715,2.268683433532715,0,0.0,0.0
1991-05-24 00:00:00-04:00,2.268683433532715,2.268683433532715,2.268683433532715,2.268683433532715,0,0.0,0.0
1991-05-28 00:00:00-04:00,2.268683433532715,2.268683433532715,2.268683433532715,2.268683433532715,0,0.0,0.0
1991-05-29 00:00:00-04:00,2.268683433532715,2.268683433532715,2.268683433532715,2.268683433532715,0,0.0,0.0
1991-05-30 00:00:00-04:00,2.268683433532715,2.268683433532715,2.268683433532715,2.268683433532715,0,0.0,0.0
1991-05-31 00:00:00-04:00,2.268683433532715,2.268683433532715,2.268683433532715,2.268683433532715,0,0.0,0.0
1991-06-03 00:00:00-04:00,2.268683433532715,2.268683433532715,2.268683433532715,2.268683433532715,0,0.0,0.0
1991-06-04 00:00:00-04:00,0.0,3.2409754395484924,2.592780351638794,2.592780351638794,1333,0.0,0.0
1991-06-05 00:00:00-04:00,2.592780351638794,2.592780351638794,2.592780351638794,2.592780351638794,0,0.0,0.0
1991-06-06 00:00:00-04:00,2.592780351638794,2.592780351638794,2.592780351638794,2.592780351638794,0,0.0,0.0
1991-06-07 00:00:00-04:00,0.0,3.5650739669799805,3.078927516937256,3.078927516937256,400,0.0,0.0
1991-06-10 00:00:00-04:00,3.078927516937256,3.078927516937256,3.078927516937256,3.078927516937256,0,0.0,0.0
1991-06-11 00:00:00-04:00,3.078927516937256,3.078927516937256,3.078927516937256,3.078927516937256,0,0.0,0.0
1991-06-12 00:00:00-04:00,0.0,3.8891704559326175,3.2409753799438477,3.2409753799438477,4767,0.0,0.0
1991-06-13 00:00:00-04:00,0.0,3.8891704559326175,3.2409753799438477,3.2409753799438477,233,0.0,0.0
1991-06-14 00:00:00-04:00,3.2409753799438477,3.2409753799438477,3.2409753799438477,3.2409753799438477,0,0.0,0.0
1991-06-17 00:00:00-04:00,0.0,3.727121686935425,3.2409753799438477,3.2409753799438477,1000,0.0,0.0
1991-06-18 00:00:00-04:00,3.2409753799438477,3.2409753799438477,3.2409753799438477,3.2409753799438477,0,0.0,0.0
1991-06-19 00:00:00-04:00,0.0,3.565073092778524,2.9168779850006104,2.9168779850006104,333,0.0,0.0
1991-06-20 00:00:00-04:00,2.9168779850006104,2.9168779850006104,2.9168779850006104,2.9168779850006104,0,0.0,0.0
1991-06-21 00:00:00-04:00,0.0,3.2409755388895674,2.9168779850006104,2.9168779850006104,433,0.0,0.0
1991-06-24 00:00:00-04:00,2.9168779850006104,2.9168779850006104,2.9168779850006104,2.9168779850006104,0,0.0,0.0
1991-06-25 00:00:00-04:00,0.0,3.240975772633272,2.7548294067382812,2.7548294067382812,533,0.0,0.0
1991-06-26 00:00:00-04:00,2.7548294067382812,2.7548294067382812,2.7548294067382812,2.7548294067382812,0,0.0,0.0
1991-06-27 00:00:00-04:00,2.7548294067382812,2.7548294067382812,2.7548294067382812,2.7548294067382812,0,0.0,0.0
1991-06-28 00:00:00-04:00,0.0,3.2409754395484924,2.592780351638794,2.592780351638794,67,0.0,0.0
1991-07-01 00:00:00-04:00,2.592780351638794,2.592780351638794,2.592780351638794,2.592780351638794,0,0.0,0.0
1991-07-02 00:00:00-04:00,2.592780351638794,2.592780351638794,2.592780351638794,2.592780351638794,0,0.0,0.0
1991-07-03 00:00:00-04:00,2.592780351638794,2.592780351638794,2.592780351638794,2.592780351638794,0,0.0,0.0
1991-07-05 00:00:00-04:00,2.592780351638794,2.592780351638794,2.592780351638794,2.592780351638794,0,0.0,0.0
1991-07-08 00:00:00-04:00,2.592780351638794,2.592780351638794,2.592780351638794,2.592780351638794,0,0.0,0.0
1991-07-09 00:00:00-04:00,2.592780351638794,2.592780351638794,2.592780351638794,2.592780351638794,0,0.0,0.0
1991-07-10 00:00:00-04:00,0.0,3.2409754395484924,2.592780351638794,2.592780351638794,333,0.0,0.0
1991-07-11 00:00:00-04:00,2.592780351638794,2.592780351638794,2.592780351638794,2.592780351638794,0,0.0,0.0
1991-07-12 00:00:00-04:00,2.592780351638794,2.592780351638794,2.592780351638794,2.592780351638794,0,0.0,0.0
1991-07-15 00:00:00-04:00,0.0,3.2409754395484924,2.592780351638794,2.592780351638794,333,0.0,0.0
1991-07-16 00:00:00-04:00,2.592780351638794,2.592780351638794,2.592780351638794,2.592780351638794,0,0.0,0.0
1991-07-17 00:00:00-04:00,2.592780351638794,2.592780351638794,2.592780351638794,2.592780351638794,0,0.0,0.0
1991-07-18 00:00:00-04:00,2.592780351638794,2.592780351638794,2.592780351638794,2.592780351638794,0,0.0,0.0
1991-07-19 00:00:00-04:00,2.592780351638794,2.592780351638794,2.592780351638794,2.592780351638794,0,0.0,0.0
1991-07-22 00:00:00-04:00,2.592780351638794,2.592780351638794,2.592780351638794,2.592780351638794,0,0.0,0.0
1991-07-23 00:00:00-04:00,2.592780351638794,2.592780351638794,2.592780351638794,2.592780351638794,0,0.0,0.0
1991-07-24 00:00:00-04:00,0.0,3.2409754395484924,2.592780351638794,2.592780351638794,133,0.0,0.0
1991-07-25 00:00:00-04:00,2.592780351638794,2.592780351638794,2.592780351638794,2.592780351638794,0,0.0,0.0
1991-07-26 00:00:00-04:00,0.0,3.2409754395484924,2.592780351638794,2.592780351638794,133,0.0,0.0
1991-07-29 00:00:00-04:00,2.592780351638794,2.592780351638794,2.592780351638794,2.592780351638794,0,0.0,0.0
1991-07-30 00:00:00-04:00,2.592780351638794,2.592780351638794,2.592780351638794,2.592780351638794,0,0.0,0.0
1991-07-31 00:00:00-04:00,2.592780351638794,2.592780351638794,2.592780351638794,2.592780351638794,0,0.0,0.0
1991-08-01 00:00:00-04:00,2.592780351638794,2.592780351638794,2.592780351638794,2.592780351638794,0,0.0,0.0
1991-08-02 00:00:00-04:00,0.0,3.2409754395484924,2.592780351638794,2.592780351638794,100,0.0,0.0
1991-08-05 00:00:00-04:00,2.592780351638794,2.592780351638794,2.592780351638794,2.592780351638794,0,0.0,0.0
1991-08-06 00:00:00-04:00,0.0,3.2409754395484924,2.592780351638794,2.592780351638794,167,0.0,0.0
1991-08-07 00:00:00-04:00,0.0,3.2409754395484924,2.592780351638794,2.592780351638794,533,0.0,0.0
1991-08-08 00:00:00-04:00,2.592780351638794,2.592780351638794,2.592780351638794,2.592780351638794,0,0.0,0.0
1991-08-09 00:00:00-04:00,2.592780351638794,2.592780351638794,2.592780351638794,2.592780351638794,0,0.0,0.0
1991-08-12 00:00:00-04:00,2.592780351638794,2.592780351638794,2.592780351638794,2.592780351638794,0,0.0,0.0
1991-08-13 00:00:00-04:00,2.592780351638794,2.592780351638794,2.592780351638794,2.592780351638794,0,0.0,0.0
1991-08-14 00:00:00-04:00,2.592780351638794,2.592780351638794,2.592780351638794,2.592780351638794,0,0.0,0.0
1991-08-15 00:00:00-04:00,2.592780351638794,2.592780351638794,2.592780351638794,2.592780351638794,0,0.0,0.0
1991-08-16 00:00:00-04:00,2.592780351638794,2.592780351638794,2.592780351638794,2.592780351638794,0,0.0,0.0
1991-08-19 00:00:00-04:00,0.0,3.2409754395484924,2.592780351638794,2.592780351638794,600,0.0,0.0
1991-08-20 00:00:00-04:00,0.0,3.240976333618164,2.268683433532715,2.268683433532715,1933,0.0,0.0
1991-08-21 00:00:00-04:00,2.268683433532715,2.268683433532715,2.268683433532715,2.268683433532715,0,0.0,0.0
1991-08-22 00:00:00-04:00,2.268683433532715,2.268683433532715,2.268683433532715,2.268683433532715,0,0.0,0.0
1991-08-23 00:00:00-04:00,2.268683433532715,2.268683433532715,2.268683433532715,2.268683433532715,0,0.0,0.0
1991-08-26 00:00:00-04:00,2.268683433532715,2.268683433532715,2.268683433532715,2.268683433532715,0,0.0,0.0
1991-08-27 00:00:00-04:00,0.0,3.240976333618164,2.268683433532715,2.268683433532715,833,0.0,0.0
1991-08-28 00:00:00-04:00,2.268683433532715,2.268683433532715,2.268683433532715,2.268683433532715,0,0.0,0.0
1991-08-29 00:00:00-04:00,0.0,3.240976333618164,2.268683433532715,2.268683433532715,500,0.0,0.0
1991-08-30 00:00:00-04:00,2.268683433532715,2.268683433532715,2.268683433532715,2.268683433532715,0,0.0,0.0
1991-09-03 00:00:00-04:00,2.268683433532715,2.268683433532715,2.268683433532715,2.268683433532715,0,0.0,0.0
1991-09-04 00:00:00-04:00,2.268683433532715,2.268683433532715,2.268683433532715,2.268683433532715,0,0.0,0.0
1991-09-05 00:00:00-04:00,2.268683433532715,2.268683433532715,2.268683433532715,2.268683433532715,0,0.0,0.0
1991-09-06 00:00:00-04:00,0.0,3.240976333618164,2.268683433532715,2.268683433532715,167,0.0,0.0
1991-09-09 00:00:00-04:00,2.268683433532715,2.268683433532715,2.268683433532715,2.268683433532715,0,0.0,0.0
1991-09-10 00:00:00-04:00,2.268683433532715,2.268683433532715,2.268683433532715,2.268683433532715,0,0.0,0.0
1991-09-11 00:00:00-04:00,2.268683433532715,2.268683433532715,2.268683433532715,2.268683433532715,0,0.0,0.0
1991-09-12 00:00:00-04:00,2.268683433532715,2.268683433532715,2.268683433532715,2.268683433532715,0,0.0,0.0
1991-09-13 00:00:00-04:00,2.268683433532715,2.268683433532715,2.268683433532715,2.268683433532715,0,0.0,0.0
1991-09-16 00:00:00-04:00,2.268683433532715,2.268683433532715,2.268683433532715,2.268683433532715,0,0.0,0.0
1991-09-17 00:00:00-04:00,2.268683433532715,2.268683433532715,2.268683433532715,2.268683433532715,0,0.0,0.0
1991-09-18 00:00:00-04:00,2.268683433532715,2.268683433532715,2.268683433532715,2.268683433532715,0,0.0,0.0
1991-09-19 00:00:00-04:00,2.268683433532715,2.268683433532715,2.268683433532715,2.268683433532715,0,0.0,0.0
1991-09-20 00:00:00-04:00,2.268683433532715,2.268683433532715,2.268683433532715,2.268683433532715,0,0.0,0.0
1991-09-23 00:00:00-04:00,2.268683433532715,2.268683433532715,2.268683433532715,2.268683433532715,0,0.0,0.0
1991-09-24 00:00:00-04:00,0.0,3.240976333618164,2.268683433532715,2.268683433532715,667,0.0,0.0
1991-09-25 00:00:00-04:00,2.268683433532715,2.268683433532715,2.268683433532715,2.268683433532715,0,0.0,0.0
1991-09-26 00:00:00-04:00,0.0,3.240976333618164,2.268683433532715,2.268683433532715,1733,0.0,0.0
1991-09-27 00:00:00-04:00,2.268683433532715,2.268683433532715,2.268683433532715,2.268683433532715,0,0.0,0.0
1991-09-30 00:00:00-04:00,2.268683433532715,2.268683433532715,2.268683433532715,2.268683433532715,0,0.0,0.0
1991-10-01 00:00:00-04:00,2.268683433532715,2.268683433532715,2.268683433532715,2.268683433532715,0,0.0,0.0
1991-10-02 00:00:00-04:00,2.268683433532715,2.268683433532715,2.268683433532715,2.268683433532715,0,0.0,0.0
1991-10-03 00:00:00-04:00,2.268683433532715,2.268683433532715,2.268683433532715,2.268683433532715,0,0.0,0.0
1991-10-04 00:00:00-04:00,2.268683433532715,2.268683433532715,2.268683433532715,2.268683433532715,0,0.0,0.0
1991-10-07 00:00:00-04:00,2.268683433532715,2.268683433532715,2.268683433532715,2.268683433532715,0,0.0,0.0
1991-10-08 00:00:00-04:00,2.268683433532715,2.268683433532715,2.268683433532715,2.268683433532715,0,0.0,0.0
1991-10-09 00:00:00-04:00,2.268683433532715,2.268683433532715,2.268683433532715,2.268683433532715,0,0.0,0.0
1991-10-10 00:00:00-04:00,2.268683433532715,2.268683433532715,2.268683433532715,2.268683433532715,0,0.0,0.0
1991-10-11 00:00:00-04:00,2.268683433532715,2.268683433532715,2.268683433532715,2.268683433532715,0,0.0,0.0
1991-10-14 00:00:00-04:00,2.268683433532715,2.268683433532715,2.268683433532715,2.268683433532715,0,0.0,0.0
1991-10-15 00:00:00-04:00,2.268683433532715,2.268683433532715,2.268683433532715,2.268683433532715,0,0.0,0.0
1991-10-16 00:00:00-04:00,2.268683433532715,2.268683433532715,2.268683433532715,2.268683433532715,0,0.0,0.0
1991-10-17 00:00:00-04:00,2.268683433532715,2.268683433532715,2.268683433532715,2.268683433532715,0,0.0,0.0
1991-10-18 00:00:00-04:00,2.268683433532715,2.268683433532715,2.268683433532715,2.268683433532715,0,0.0,0.0
1991-10-21 00:00:00-04:00,2.268683433532715,2.268683433532715,2.268683433532715,2.268683433532715,0,0.0,0.0
1991-10-22 00:00:00-04:00,2.268683433532715,2.268683433532715,2.268683433532715,2.268683433532715,0,0.0,0.0
1991-10-23 00:00:00-04:00,2.268683433532715,2.268683433532715,2.268683433532715,2.268683433532715,0,0.0,0.0
1991-10-24 00:00:00-04:00,2.268683433532715,2.268683433532715,2.268683433532715,2.268683433532715,0,0.0,0.0
1991-10-25 00:00:00-04:00,2.268683433532715,2.268683433532715,2.268683433532715,2.268683433532715,0,0.0,0.0
1991-10-28 00:00:00-05:00,2.268683433532715,2.268683433532715,2.268683433532715,2.268683433532715,0,0.0,0.0
1991-10-29 00:00:00-05:00,0.0,2.9168787002563477,2.268683433532715,2.268683433532715,100,0.0,0.0
1991-10-30 00:00:00-05:00,2.268683433532715,2.268683433532715,2.268683433532715,2.268683433532715,0,0.0,0.0
1991-10-31 00:00:00-05:00,2.268683433532715,2.268683433532715,2.268683433532715,2.268683433532715,0,0.0,0.0
1991-11-01 00:00:00-05:00,2.268683433532715,2.268683433532715,2.268683433532715,2.268683433532715,0,0.0,0.0
1991-11-04 00:00:00-05:00,2.268683433532715,2.268683433532715,2.268683433532715,2.268683433532715,0,0.0,0.0
1991-11-05 00:00:00-05:00,2.268683433532715,2.268683433532715,2.268683433532715,2.268683433532715,0,0.0,0.0
1991-11-06 00:00:00-05:00,2.268683433532715,2.268683433532715,2.268683433532715,2.268683433532715,0,0.0,0.0
1991-11-07 00:00:00-05:00,2.268683433532715,2.268683433532715,2.268683433532715,2.268683433532715,0,0.0,0.0
1991-11-08 00:00:00-05:00,2.268683433532715,2.268683433532715,2.268683433532715,2.268683433532715,0,0.0,0.0
1991-11-11 00:00:00-05:00,2.268683433532715,2.268683433532715,2.268683433532715,2.268683433532715,0,0.0,0.0
1991-11-12 00:00:00-05:00,0.0,2.9168776273727417,1.9445850849151611,1.9445850849151611,1667,0.0,0.0
1991-11-13 00:00:00-05:00,1.9445850849151611,1.9445850849151611,1.9445850849151611,1.9445850849151611,0,0.0,0.0
1991-11-14 00:00:00-05:00,1.9445850849151611,1.9445850849151611,1.9445850849151611,1.9445850849151611,0,0.0,0.0
1991-11-15 00:00:00-05:00,1.9445850849151611,1.9445850849151611,1.9445850849151611,1.9445850849151611,0,0.0,0.0
1991-11-18 00:00:00-05:00,1.9445850849151611,1.9445850849151611,1.9445850849151611,1.9445850849151611,0,0.0,0.0
1991-11-19 00:00:00-05:00,1.9445850849151611,1.9445850849151611,1.9445850849151611,1.9445850849151611,0,0.0,0.0
1991-11-20 00:00:00-05:00,1.9445850849151611,1.9445850849151611,1.9445850849151611,1.9445850849151611,0,0.0,0.0
1991-11-21 00:00:00-05:00,1.9445850849151611,1.9445850849151611,1.9445850849151611,1.9445850849151611,0,0.0,0.0
1991-11-22 00:00:00-05:00,1.9445850849151611,1.9445850849151611,1.9445850849151611,1.9445850849151611,0,0.0,0.0
1991-11-25 00:00:00-05:00,1.9445850849151611,1.9445850849151611,1.9445850849151611,1.9445850849151611,0,0.0,0.0
1991-11-26 00:00:00-05:00,1.9445850849151611,1.9445850849151611,1.9445850849151611,1.9445850849151611,0,0.0,0.0
1991-11-27 00:00:00-05:00,1.9445850849151611,1.9445850849151611,1.9445850849151611,1.9445850849151611,0,0.0,0.0
1991-11-29 00:00:00-05:00,1.9445850849151611,1.9445850849151611,1.9445850849151611,1.9445850849151611,0,0.0,0.0
1991-12-02 00:00:00-05:00,1.9445850849151611,1.9445850849151611,1.9445850849151611,1.9445850849151611,0,0.0,0.0
1991-12-03 00:00:00-05:00,1.9445850849151611,1.9445850849151611,1.9445850849151611,1.9445850849151611,0,0.0,0.0
1991-12-04 00:00:00-05:00,1.9445850849151611,1.9445850849151611,1.9445850849151611,1.9445850849151611,0,0.0,0.0
1991-12-05 00:00:00-05:00,1.9445850849151611,1.9445850849151611,1.9445850849151611,1.9445850849151611,0,0.0,0.0
1991-12-06 00:00:00-05:00,0.0,2.9168780400202823,2.1066341400146484,2.1066341400146484,100,0.0,0.0
1991-12-09 00:00:00-05:00,2.1066341400146484,2.1066341400146484,2.1066341400146484,2.1066341400146484,0,0.0,0.0
1991-12-10 00:00:00-05:00,2.1066341400146484,2.1066341400146484,2.1066341400146484,2.1066341400146484,0,0.0,0.0
1991-12-11 00:00:00-05:00,2.1066341400146484,2.1066341400146484,2.1066341400146484,2.1066341400146484,0,0.0,0.0
1991-12-12 00:00:00-05:00,0.0,2.9168780400202823,2.1066341400146484,2.1066341400146484,900,0.0,0.0
1991-12-13 00:00:00-05:00,0.0,2.7548292600191555,2.1066341400146484,2.1066341400146484,333,0.0,0.0
1991-12-16 00:00:00-05:00,0.0,2.7548292600191555,2.1066341400146484,2.1066341400146484,767,0.0,0.0
1991-12-17 00:00:00-05:00,0.0,2.7548292600191555,2.1066341400146484,2.1066341400146484,667,0.0,0.0
1991-12-18 00:00:00-05:00,0.0,2.7548292600191555,2.1066341400146484,2.1066341400146484,733,0.0,0.0
1991-12-19 00:00:00-05:00,2.1066341400146484,2.1066341400146484,2.1066341400146484,2.1066341400146484,0,0.0,0.0
1991-12-20 00:00:00-05:00,2.1066341400146484,2.1066341400146484,2.1066341400146484,2.1066341400146484,0,0.0,0.0
1991-12-23 00:00:00-05:00,2.1066341400146484,2.1066341400146484,2.1066341400146484,2.1066341400146484,0,0.0,0.0
1991-12-24 00:00:00-05:00,2.1066341400146484,2.1066341400146484,2.1066341400146484,2.1066341400146484,0,0.0,0.0
1991-12-26 00:00:00-05:00,2.1066341400146484,2.1066341400146484,2.1066341400146484,2.1066341400146484,0,0.0,0.0
1991-12-27 00:00:00-05:00,0.0,2.7548298835754395,2.268683433532715,2.268683433532715,3333,0.0,0.0
1991-12-30 00:00:00-05:00,0.0,2.7548298835754395,2.268683433532715,2.268683433532715,2567,0.0,0.0
1991-12-31 00:00:00-05:00,2.268683433532715,2.268683433532715,2.268683433532715,2.268683433532715,0,0.0,0.0
1992-01-02 00:00:00-05:00,0.0,2.7548298835754395,2.268683433532715,2.268683433532715,467,0.0,0.0
1992-01-03 00:00:00-05:00,0.0,2.7548298835754395,2.268683433532715,2.268683433532715,67,0.0,0.0
1992-01-06 00:00:00-05:00,2.268683433532715,2.268683433532715,2.268683433532715,2.268683433532715,0,0.0,0.0
1992-01-07 00:00:00-05:00,0.0,2.7548292600191555,2.1066341400146484,2.1066341400146484,2333,0.0,0.0
1992-01-08 00:00:00-05:00,2.1066341400146484,2.1066341400146484,2.1066341400146484,2.1066341400146484,0,0.0,0.0
1992-01-09 00:00:00-05:00,2.1066341400146484,2.1066341400146484,2.1066341400146484,2.1066341400146484,0,0.0,0.0
1992-01-10 00:00:00-05:00,2.1066341400146484,2.1066341400146484,2.1066341400146484,2.1066341400146484,0,0.0,0.0
1992-01-13 00:00:00-05:00,0.0,2.7548292600191555,2.1066341400146484,2.1066341400146484,167,0.0,0.0
1992-01-14 00:00:00-05:00,2.1066341400146484,2.1066341400146484,2.1066341400146484,2.1066341400146484,0,0.0,0.0
1992-01-15 00:00:00-05:00,2.1066341400146484,2.1066341400146484,2.1066341400146484,2.1066341400146484,0,0.0,0.0
1992-01-16 00:00:00-05:00,0.0,2.7548292600191555,2.1066341400146484,2.1066341400146484,133,0.0,0.0
1992-01-17 00:00:00-05:00,2.1066341400146484,2.1066341400146484,2.1066341400146484,2.1066341400146484,0,0.0,0.0
1992-01-20 00:00:00-05:00,2.1066341400146484,2.1066341400146484,2.1066341400146484,2.1066341400146484,0,0.0,0.0
1992-01-21 00:00:00-05:00,2.1066341400146484,2.1066341400146484,2.1066341400146484,2.1066341400146484,0,0.0,0.0
1992-01-22 00:00:00-05:00,2.1066341400146484,2.1066341400146484,2.1066341400146484,2.1066341400146484,0,0.0,0.0
1992-01-23 00:00:00-05:00,2.1066341400146484,2.1066341400146484,2.1066341400146484,2.1066341400146484,0,0.0,0.0
1992-01-24 00:00:00-05:00,2.1066341400146484,2.1066341400146484,2.1066341400146484,2.1066341400146484,0,0.0,0.0
1992-01-27 00:00:00-05:00,0.0,2.5927804800180287,2.1066341400146484,2.1066341400146484,833,0.0,0.0
1992-01-28 00:00:00-05:00,0.0,2.5927804800180287,2.1066341400146484,2.1066341400146484,200,0.0,0.0
1992-01-29 00:00:00-05:00,2.1066341400146484,2.1066341400146484,2.1066341400146484,2.1066341400146484,0,0.0,0.0
1992-01-30 00:00:00-05:00,2.1066341400146484,2.1066341400146484,2.1066341400146484,2.1066341400146484,0,0.0,0.0
1992-01-31 00:00:00-05:00,2.1066341400146484,2.1066341400146484,2.1066341400146484,2.1066341400146484,0,0.0,0.0
1992-02-03 00:00:00-05:00,0.0,2.5927804800180287,2.1066341400146484,2.1066341400146484,3333,0.0,0.0
1992-02-04 00:00:00-05:00,0.0,2.5927804800180287,2.1066341400146484,2.1066341400146484,67,0.0,0.0
1992-02-05 00:00:00-05:00,2.1066341400146484,2.1066341400146484,2.1066341400146484,2.1066341400146484,0,0.0,0.0
1992-02-06 00:00:00-05:00,2.1066341400146484,2.1066341400146484,2.1066341400146484,2.1066341400146484,0,0.0,0.0
1992-02-07 00:00:00-05:00,0.0,2.5927804800180287,2.1066341400146484,2.1066341400146484,500,0.0,0.0
1992-02-10 00:00:00-05:00,0.0,2.5927804800180287,2.1066341400146484,2.1066341400146484,167,0.0,0.0
1992-02-11 00:00:00-05:00,2.1066341400146484,2.1066341400146484,2.1066341400146484,2.1066341400146484,0,0.0,0.0
1992-02-12 00:00:00-05:00,2.1066341400146484,2.1066341400146484,2.1066341400146484,2.1066341400146484,0,0.0,0.0
1992-02-13 00:00:00-05:00,2.1066341400146484,2.1066341400146484,2.1066341400146484,2.1066341400146484,0,0.0,0.0
1992-02-14 00:00:00-05:00,2.1066341400146484,2.1066341400146484,2.1066341400146484,2.1066341400146484,0,0.0,0.0
1992-02-18 00:00:00-05:00,0.0,2.5927804800180287,2.1066341400146484,2.1066341400146484,1667,0.0,0.0
1992-02-19 00:00:00-05:00,0.0,2.5927804800180287,2.1066341400146484,2.1066341400146484,167,0.0,0.0
1992-02-20 00:00:00-05:00,2.1066341400146484,2.1066341400146484,2.1066341400146484,2.1066341400146484,0,0.0,0.0
1992-02-21 00:00:00-05:00,0.0,2.5927804800180287,2.1066341400146484,2.1066341400146484,67,0.0,0.0
1992-02-24 00:00:00-05:00,2.1066341400146484,2.1066341400146484,2.1066341400146484,2.1066341400146484,0,0.0,0.0
1992-02-25 00:00:00-05:00,2.1066341400146484,2.1066341400146484,2.1066341400146484,2.1066341400146484,0,0.0,0.0
1992-02-26 00:00:00-05:00,2.1066341400146484,2.1066341400146484,2.1066341400146484,2.1066341400146484,0,0.0,0.0
1992-02-27 00:00:00-05:00,2.1066341400146484,2.1066341400146484,2.1066341400146484,2.1066341400146484,0,0.0,0.0
1992-02-28 00:00:00-05:00,0.0,2.5927804800180287,2.1066341400146484,2.1066341400146484,333,0.0,0.0
1992-03-02 00:00:00-05:00,2.1066341400146484,2.1066341400146484,2.1066341400146484,2.1066341400146484,0,0.0,0.0
1992-03-03 00:00:00-05:00,2.1066341400146484,2.1066341400146484,2.1066341400146484,2.1066341400146484,0,0.0,0.0
1992-03-04 00:00:00-05:00,2.1066341400146484,2.1066341400146484,2.1066341400146484,2.1066341400146484,0,0.0,0.0
1992-03-05 00:00:00-05:00,2.1066341400146484,2.1066341400146484,2.1066341400146484,2.1066341400146484,0,0.0,0.0
1992-03-06 00:00:00-05:00,0.0,2.7548298835754395,2.268683433532715,2.268683433532715,2500,0.0,0.0
1992-03-09 00:00:00-05:00,0.0,2.7548298835754395,2.268683433532715,2.268683433532715,500,0.0,0.0
1992-03-10 00:00:00-05:00,0.0,2.9168787002563477,2.268683433532715,2.268683433532715,333,0.0,0.0
1992-03-11 00:00:00-05:00,2.268683433532715,2.268683433532715,2.268683433532715,2.268683433532715,0,0.0,0.0
1992-03-12 00:00:00-05:00,2.268683433532715,2.268683433532715,2.268683433532715,2.268683433532715,0,0.0,0.0
1992-03-13 00:00:00-05:00,2.268683433532715,2.268683433532715,2.268683433532715,2.268683433532715,0,0.0,0.0
1992-03-16 00:00:00-05:00,0.0,3.078927516937256,2.268683433532715,2.268683433532715,333,0.0,0.0
1992-03-17 00:00:00-05:00,2.268683433532715,2.268683433532715,2.268683433532715,2.268683433532715,0,0.0,0.0
1992-03-18 00:00:00-05:00,2.268683433532715,2.268683433532715,2.268683433532715,2.268683433532715,0,0.0,0.0
1992-03-19 00:00:00-05:00,0.0,3.078927516937256,2.268683433532715,2.268683433532715,67,0.0,0.0
1992-03-20 00:00:00-05:00,2.268683433532715,2.268683433532715,2.268683433532715,2.268683433532715,0,0.0,0.0
1992-03-23 00:00:00-05:00,2.268683433532715,2.268683433532715,2.268683433532715,2.268683433532715,0,0.0,0.0
1992-03-24 00:00:00-05:00,2.268683433532715,2.268683433532715,2.268683433532715,2.268683433532715,0,0.0,0.0
1992-03-25 00:00:00-05:00,2.268683433532715,2.268683433532715,2.268683433532715,2.268683433532715,0,0.0,0.0
1992-03-26 00:00:00-05:00,2.268683433532715,2.268683433532715,2.268683433532715,2.268683433532715,0,0.0,0.0
1992-03-27 00:00:00-05:00,2.268683433532715,2.268683433532715,2.268683433532715,2.268683433532715,0,0.0,0.0
1992-03-30 00:00:00-05:00,0.0,2.5927804800180287,2.1066341400146484,2.1066341400146484,1833,0.0,0.0
1992-03-31 00:00:00-05:00,2.1066341400146484,2.1066341400146484,2.1066341400146484,2.1066341400146484,0,0.0,0.0
1992-04-01 00:00:00-05:00,2.1066341400146484,2.1066341400146484,2.1066341400146484,2.1066341400146484,0,0.0,0.0
1992-04-02 00:00:00-05:00,2.1066341400146484,2.1066341400146484,2.1066341400146484,2.1066341400146484,0,0.0,0.0
1992-04-03 00:00:00-05:00,2.1066341400146484,2.1066341400146484,2.1066341400146484,2.1066341400146484,0,0.0,0.0
1992-04-06 00:00:00-04:00,2.1066341400146484,2.1066341400146484,2.1066341400146484,2.1066341400146484,0,0.0,0.0
1992-04-07 00:00:00-04:00,2.1066341400146484,2.1066341400146484,2.1066341400146484,2.1066341400146484,0,0.0,0.0
1992-04-08 00:00:00-04:00,2.1066341400146484,2.1066341400146484,2.1066341400146484,2.1066341400146484,0,0.0,0.0
1992-04-09 00:00:00-04:00,0.0,2.5927804800180287,2.1066341400146484,2.1066341400146484,1667,0.0,0.0
1992-04-10 00:00:00-04:00,2.1066341400146484,2.1066341400146484,2.1066341400146484,2.1066341400146484,0,0.0,0.0
1992-04-13 00:00:00-04:00,0.0,2.5927804800180287,2.1066341400146484,2.1066341400146484,167,0.0,0.0
1992-04-14 00:00:00-04:00,0.0,2.5927804800180287,2.1066341400146484,2.1066341400146484,1667,0.0,0.0
1992-04-15 00:00:00-04:00,0.0,2.5927804800180287,2.1066341400146484,2.1066341400146484,167,0.0,0.0
1992-04-16 00:00:00-04:00,2.1066341400146484,2.1066341400146484,2.1066341400146484,2.1066341400146484,0,0.0,0.0
1992-04-20 00:00:00-04:00,2.1066341400146484,2.1066341400146484,2.1066341400146484,2.1066341400146484,0,0.0,0.0
1992-04-21 00:00:00-04:00,0.0,2.5927803039550783,1.6204876899719238,1.6204876899719238,2900,0.0,0.0
1992-04-22 00:00:00-04:00,1.6204876899719238,1.6204876899719238,1.6204876899719238,1.6204876899719238,0,0.0,0.0
1992-04-23 00:00:00-04:00,1.6204876899719238,1.6204876899719238,1.6204876899719238,1.6204876899719238,0,0.0,0.0
1992-04-24 00:00:00-04:00,1.6204876899719238,1.6204876899719238,1.6204876899719238,1.6204876899719238,0,0.0,0.0
1992-04-27 00:00:00-04:00,0.0,2.4307315349578857,1.6204876899719238,1.6204876899719238,1667,0.0,0.0
1992-04-28 00:00:00-04:00,0.0,2.4307315349578857,1.6204876899719238,1.6204876899719238,333,0.0,0.0
1992-04-29 00:00:00-04:00,1.6204876899719238,1.6204876899719238,1.6204876899719238,1.6204876899719238,0,0.0,0.0
1992-04-30 00:00:00-04:00,0.0,2.4307315349578857,1.6204876899719238,1.6204876899719238,1333,0.0,0.0
1992-05-01 00:00:00-04:00,1.6204876899719238,1.6204876899719238,1.6204876899719238,1.6204876899719238,0,0.0,0.0
1992-05-04 00:00:00-04:00,0.0,2.4307315349578857,1.6204876899719238,1.6204876899719238,1500,0.0,0.0
1992-05-05 00:00:00-04:00,1.6204876899719238,1.6204876899719238,1.6204876899719238,1.6204876899719238,0,0.0,0.0
1992-05-06 00:00:00-04:00,1.6204876899719238,1.6204876899719238,1.6204876899719238,1.6204876899719238,0,0.0,0.0
1992-05-07 00:00:00-04:00,1.6204876899719238,1.6204876899719238,1.6204876899719238,1.6204876899719238,0,0.0,0.0
1992-05-08 00:00:00-04:00,1.6204876899719238,1.6204876899719238,1.6204876899719238,1.6204876899719238,0,0.0,0.0
1992-05-11 00:00:00-04:00,1.6204876899719238,1.6204876899719238,1.6204876899719238,1.6204876899719238,0,0.0,0.0
1992-05-12 00:00:00-04:00,1.6204876899719238,1.6204876899719238,1.6204876899719238,1.6204876899719238,0,0.0,0.0
1992-05-13 00:00:00-04:00,1.6204876899719238,1.6204876899719238,1.6204876899719238,1.6204876899719238,0,0.0,0.0
1992-05-14 00:00:00-04:00,1.6204876899719238,1.6204876899719238,1.6204876899719238,1.6204876899719238,0,0.0,0.0
1992-05-15 00:00:00-04:00,1.6204876899719238,1.6204876899719238,1.6204876899719238,1.6204876899719238,0,0.0,0.0
1992-05-18 00:00:00-04:00,1.6204876899719238,1.6204876899719238,1.6204876899719238,1.6204876899719238,0,0.0,0.0
1992-05-19 00:00:00-04:00,1.6204876899719238,1.6204876899719238,1.6204876899719238,1.6204876899719238,0,0.0,0.0
1992-05-20 00:00:00-04:00,1.6204876899719238,1.6204876899719238,1.6204876899719238,1.6204876899719238,0,0.0,0.0
1992-05-21 00:00:00-04:00,1.6204876899719238,1.6204876899719238,1.6204876899719238,1.6204876899719238,0,0.0,0.0
1992-05-22 00:00:00-04:00,0.0,2.592780113220215,1.9445850849151611,1.9445850849151611,1933,0.0,0.0
1992-05-26 00:00:00-04:00,1.9445850849151611,1.9445850849151611,1.9445850849151611,1.9445850849151611,0,0.0,0.0
1992-05-27 00:00:00-04:00,1.9445850849151611,1.9445850849151611,1.9445850849151611,1.9445850849151611,0,0.0,0.0
1992-05-28 00:00:00-04:00,1.9445850849151611,1.9445850849151611,1.9445850849151611,1.9445850849151611,0,0.0,0.0
1992-05-29 00:00:00-04:00,1.9445850849151611,1.9445850849151611,1.9445850849151611,1.9445850849151611,0,0.0,0.0
1992-06-01 00:00:00-04:00,1.9445850849151611,1.9445850849151611,1.9445850849151611,1.9445850849151611,0,0.0,0.0
1992-06-02 00:00:00-04:00,1.9445850849151611,1.9445850849151611,1.9445850849151611,1.9445850849151611,0,0.0,0.0
1992-06-03 00:00:00-04:00,1.9445850849151611,1.9445850849151611,1.9445850849151611,1.9445850849151611,0,0.0,0.0
1992-06-04 00:00:00-04:00,0.0,2.592780113220215,1.9445850849151611,1.9445850849151611,1000,0.0,0.0
1992-06-05 00:00:00-04:00,1.9445850849151611,1.9445850849151611,1.9445850849151611,1.9445850849151611,0,0.0,0.0
1992-06-08 00:00:00-04:00,1.9445850849151611,1.9445850849151611,1.9445850849151611,1.9445850849151611,0,0.0,0.0
1992-06-09 00:00:00-04:00,0.0,2.592780113220215,1.9445850849151611,1.9445850849151611,667,0.0,0.0
1992-06-10 00:00:00-04:00,1.9445850849151611,1.9445850849151611,1.9445850849151611,1.9445850849151611,0,0.0,0.0
1992-06-11 00:00:00-04:00,1.9445850849151611,1.9445850849151611,1.9445850849151611,1.9445850849151611,0,0.0,0.0
1992-06-12 00:00:00-04:00,0.0,2.592780113220215,1.9445850849151611,1.9445850849151611,33,0.0,0.0
1992-06-15 00:00:00-04:00,1.9445850849151611,1.9445850849151611,1.9445850849151611,1.9445850849151611,333,0.0,0.0
1992-06-16 00:00:00-04:00,2.268683433532715,2.268683433532715,2.268683433532715,2.268683433532715,333,0.0,0.0
1992-06-17 00:00:00-04:00,2.268683433532715,2.268683433532715,2.268683433532715,2.268683433532715,0,0.0,0.0
1992-06-18 00:00:00-04:00,2.268683433532715,2.268683433532715,2.268683433532715,2.268683433532715,0,0.0,0.0
1992-06-19 00:00:00-04:00,2.268683433532715,2.268683433532715,2.268683433532715,2.268683433532715,0,0.0,0.0
1992-06-22 00:00:00-04:00,2.268683433532715,2.268683433532715,2.268683433532715,2.268683433532715,0,0.0,0.0
1992-06-23 00:00:00-04:00,2.268683433532715,2.268683433532715,2.268683433532715,2.268683433532715,0,0.0,0.0
1992-06-24 00:00:00-04:00,2.268683433532715,2.268683433532715,2.268683433532715,2.268683433532715,0,0.0,0.0
1992-06-25 00:00:00-04:00,2.268683433532715,2.268683433532715,2.268683433532715,2.268683433532715,0,0.0,0.0
1992-06-26 00:00:00-04:00,2.268683433532715,2.268683433532715,2.268683433532715,2.268683433532715,0,0.0,0.0
1992-06-29 00:00:00-04:00,2.268683433532715,2.268683433532715,2.268683433532715,2.268683433532715,0,0.0,0.0
1992-06-30 00:00:00-04:00,2.268683433532715,2.268683433532715,2.268683433532715,2.268683433532715,0,0.0,0.0
1992-07-01 00:00:00-04:00,2.268683433532715,2.268683433532715,2.268683433532715,2.268683433532715,0,0.0,0.0
1992-07-02 00:00:00-04:00,2.268683433532715,2.268683433532715,2.268683433532715,2.268683433532715,0,0.0,0.0
1992-07-06 00:00:00-04:00,2.268683433532715,2.268683433532715,2.268683433532715,2.268683433532715,0,0.0,0.0
1992-07-07 00:00:00-04:00,2.268683433532715,2.268683433532715,2.268683433532715,2.268683433532715,0,0.0,0.0
1992-07-08 00:00:00-04:00,2.268683433532715,2.268683433532715,2.268683433532715,2.268683433532715,0,0.0,0.0
1992-07-09 00:00:00-04:00,2.268683433532715,2.268683433532715,2.268683433532715,2.268683433532715,0,0.0,0.0
1992-07-10 00:00:00-04:00,2.9168779850006104,2.9168779850006104,2.9168779850006104,2.9168779850006104,67,0.0,0.0
1992-07-13 00:00:00-04:00,2.9168779850006104,2.9168779850006104,2.9168779850006104,2.9168779850006104,0,0.0,0.0
1992-07-14 00:00:00-04:00,2.9168779850006104,2.9168779850006104,2.9168779850006104,2.9168779850006104,0,0.0,0.0
1992-07-15 00:00:00-04:00,2.9168779850006104,2.9168779850006104,2.9168779850006104,2.9168779850006104,0,0.0,0.0
1992-07-16 00:00:00-04:00,2.9168779850006104,2.9168779850006104,2.9168779850006104,2.9168779850006104,0,0.0,0.0
1992-07-17 00:00:00-04:00,2.9168779850006104,2.9168779850006104,2.9168779850006104,2.9168779850006104,0,0.0,0.0
1992-07-20 00:00:00-04:00,2.592780351638794,2.592780351638794,2.592780351638794,2.592780351638794,67,0.0,0.0
1992-07-21 00:00:00-04:00,2.592780351638794,2.592780351638794,2.592780351638794,2.592780351638794,200,0.0,0.0
1992-07-22 00:00:00-04:00,2.592780351638794,2.592780351638794,2.592780351638794,2.592780351638794,0,0.0,0.0
1992-07-23 00:00:00-04:00,2.592780351638794,2.592780351638794,2.592780351638794,2.592780351638794,0,0.0,0.0
1992-07-24 00:00:00-04:00,2.592780351638794,2.592780351638794,2.592780351638794,2.592780351638794,0,0.0,0.0
1992-07-27 00:00:00-04:00,2.592780351638794,2.592780351638794,2.592780351638794,2.592780351638794,0,0.0,0.0
1992-07-28 00:00:00-04:00,1.9445850849151611,2.511755734682083,1.9445850849151611,1.9445850849151611,133,0.0,0.0
1992-07-29 00:00:00-04:00,1.9445850849151611,1.9445850849151611,1.9445850849151611,1.9445850849151611,0,0.0,0.0
1992-07-30 00:00:00-04:00,1.9445850849151611,2.592780113220215,1.9445850849151611,1.9445850849151611,67,0.0,0.0
1992-07-31 00:00:00-04:00,1.9445850849151611,1.9445850849151611,1.9445850849151611,1.9445850849151611,0,0.0,0.0
1992-08-03 00:00:00-04:00,1.9445850849151611,1.9445850849151611,1.9445850849151611,1.9445850849151611,0,0.0,0.0
1992-08-04 00:00:00-04:00,2.592780351638794,2.592780351638794,2.592780351638794,2.592780351638794,333,0.0,0.0
1992-08-05 00:00:00-04:00,2.511755734682083,2.511755734682083,1.9445850849151611,1.9445850849151611,700,0.0,0.0
1992-08-06 00:00:00-04:00,1.9445850849151611,1.9445850849151611,1.9445850849151611,1.9445850849151611,0,0.0,0.0
1992-08-07 00:00:00-04:00,1.9445850849151611,1.9445850849151611,1.9445850849151611,1.9445850849151611,0,0.0,0.0
1992-08-10 00:00:00-04:00,1.9445850849151611,1.9445850849151611,1.9445850849151611,1.9445850849151611,0,0.0,0.0
1992-08-11 00:00:00-04:00,1.9445850849151611,1.9445850849151611,1.9445850849151611,1.9445850849151611,0,0.0,0.0
1992-08-12 00:00:00-04:00,1.9445850849151611,1.9445850849151611,1.9445850849151611,1.9445850849151611,0,0.0,0.0
1992-08-13 00:00:00-04:00,1.9445850849151611,1.9445850849151611,1.9445850849151611,1.9445850849151611,0,0.0,0.0
1992-08-14 00:00:00-04:00,1.9445850849151611,1.9445850849151611,1.9445850849151611,1.9445850849151611,0,0.0,0.0
1992-08-17 00:00:00-04:00,1.9445850849151611,1.9445850849151611,1.9445850849151611,1.9445850849151611,0,0.0,0.0
1992-08-18 00:00:00-04:00,2.2686828076839447,2.592780351638794,2.2686828076839447,2.592780351638794,333,0.0,0.0
1992-08-19 00:00:00-04:00,2.592780351638794,2.592780351638794,2.592780351638794,2.592780351638794,0,0.0,0.0
1992-08-20 00:00:00-04:00,2.592780351638794,2.592780351638794,2.592780351638794,2.592780351638794,0,0.0,0.0
1992-08-21 00:00:00-04:00,2.592780351638794,2.592780351638794,2.592780351638794,2.592780351638794,0,0.0,0.0
1992-08-24 00:00:00-04:00,2.592780351638794,2.592780351638794,2.592780351638794,2.592780351638794,0,0.0,0.0
1992-08-25 00:00:00-04:00,2.268683433532715,2.268683433532715,2.268683433532715,2.268683433532715,667,0.0,0.0
1992-08-26 00:00:00-04:00,2.592780351638794,2.592780351638794,2.592780351638794,2.592780351638794,167,0.0,0.0
1992-08-27 00:00:00-04:00,2.592780351638794,2.592780351638794,2.592780351638794,2.592780351638794,0,0.0,0.0
1992-08-28 00:00:00-04:00,2.592780351638794,2.592780351638794,2.592780351638794,2.592780351638794,0,0.0,0.0
1992-08-31 00:00:00-04:00,2.592780351638794,2.592780351638794,2.592780351638794,2.592780351638794,0,0.0,0.0
1992-09-01 00:00:00-04:00,2.7548294067382812,2.7548294067382812,2.7548294067382812,2.7548294067382812,400,0.0,0.0
1992-09-02 00:00:00-04:00,2.268683433532715,2.430732250213623,2.268683433532715,2.430732250213623,667,0.0,0.0
1992-09-03 00:00:00-04:00,2.268683433532715,2.268683433532715,2.268683433532715,2.268683433532715,100,0.0,0.0
1992-09-04 00:00:00-04:00,2.268683433532715,2.268683433532715,2.268683433532715,2.268683433532715,0,0.0,0.0
1992-09-08 00:00:00-04:00,2.268683433532715,2.268683433532715,2.268683433532715,2.268683433532715,0,0.0,0.0
1992-09-09 00:00:00-04:00,2.268683433532715,2.268683433532715,2.268683433532715,2.268683433532715,0,0.0,0.0
1992-09-10 00:00:00-04:00,2.2686828076839447,2.592780351638794,2.2686828076839447,2.592780351638794,1333,0.0,0.0
1992-09-11 00:00:00-04:00,2.268683433532715,2.268683433532715,2.268683433532715,2.268683433532715,667,0.0,0.0
1992-09-14 00:00:00-04:00,2.268683433532715,2.268683433532715,2.268683433532715,2.268683433532715,0,0.0,0.0
1992-09-15 00:00:00-04:00,2.268683433532715,2.268683433532715,2.268683433532715,2.268683433532715,0,0.0,0.0
1992-09-16 00:00:00-04:00,2.268683433532715,2.268683433532715,2.268683433532715,2.268683433532715,0,0.0,0.0
1992-09-17 00:00:00-04:00,2.9168779850006104,2.9168779850006104,2.7548292080561323,2.9168779850006104,667,0.0,0.0
1992-09-18 00:00:00-04:00,2.9168779850006104,2.9168779850006104,2.9168779850006104,2.9168779850006104,0,0.0,0.0
1992-09-21 00:00:00-04:00,2.9168779850006104,2.9168779850006104,2.9168779850006104,2.9168779850006104,0,0.0,0.0
1992-09-22 00:00:00-04:00,2.9168779850006104,2.9168779850006104,2.9168779850006104,2.9168779850006104,0,0.0,0.0
1992-09-23 00:00:00-04:00,2.9168779850006104,2.9168779850006104,2.9168779850006104,2.9168779850006104,0,0.0,0.0
1992-09-24 00:00:00-04:00,2.9168779850006104,2.9168779850006104,2.9168779850006104,2.9168779850006104,0,0.0,0.0
1992-09-25 00:00:00-04:00,2.9168779850006104,2.9168779850006104,2.9168779850006104,2.9168779850006104,0,0.0,0.0
1992-09-28 00:00:00-04:00,2.9168779850006104,2.9168779850006104,2.9168779850006104,2.9168779850006104,0,0.0,0.0
1992-09-29 00:00:00-04:00,1.9445854055470433,2.3497073650360107,1.9445854055470433,2.3497073650360107,1000,0.0,0.0
1992-09-30 00:00:00-04:00,2.3497073650360107,2.3497073650360107,2.3497073650360107,2.3497073650360107,0,0.0,0.0
1992-10-01 00:00:00-04:00,2.3497073650360107,2.3497073650360107,2.3497073650360107,2.3497073650360107,0,0.0,0.0
1992-10-02 00:00:00-04:00,2.3497073650360107,2.3497073650360107,2.3497073650360107,2.3497073650360107,0,0.0,0.0
1992-10-05 00:00:00-04:00,2.3497073650360107,2.3497073650360107,2.3497073650360107,2.3497073650360107,0,0.0,0.0
1992-10-06 00:00:00-04:00,2.3497073650360107,2.3497073650360107,2.3497073650360107,2.3497073650360107,0,0.0,0.0
1992-10-07 00:00:00-04:00,2.3497073650360107,2.3497073650360107,2.3497073650360107,2.3497073650360107,0,0.0,0.0
1992-10-08 00:00:00-04:00,2.7548294067382812,2.7548294067382812,2.7548294067382812,2.7548294067382812,1333,0.0,0.0
1992-10-09 00:00:00-04:00,2.9168787002563477,3.078927516937256,2.9168787002563477,3.078927516937256,3400,0.0,0.0
1992-10-12 00:00:00-04:00,3.2409755388895674,3.2409755388895674,2.7548292080561323,2.9168779850006104,2733,0.0,0.0
1992-10-13 00:00:00-04:00,2.9168779850006104,2.9168779850006104,2.9168779850006104,2.9168779850006104,3067,0.0,0.0
1992-10-14 00:00:00-04:00,2.7548294067382812,2.7548294067382812,2.7548294067382812,2.7548294067382812,667,0.0,0.0
1992-10-15 00:00:00-04:00,2.7548294067382812,2.7548294067382812,2.7548294067382812,2.7548294067382812,0,0.0,0.0
1992-10-16 00:00:00-04:00,2.7548294067382812,2.7548294067382812,2.7548294067382812,2.7548294067382812,0,0.0,0.0
1992-10-19 00:00:00-04:00,2.7548294067382812,2.7548294067382812,2.7548294067382812,2.7548294067382812,0,0.0,0.0
1992-10-20 00:00:00-04:00,2.7548294067382812,2.7548294067382812,2.7548294067382812,2.7548294067382812,0,0.0,0.0
1992-10-21 00:00:00-04:00,2.592780351638794,2.592780351638794,2.592780351638794,2.592780351638794,33,0.0,0.0
1992-10-22 00:00:00-04:00,2.592780351638794,2.592780351638794,2.592780351638794,2.592780351638794,0,0.0,0.0
1992-10-23 00:00:00-04:00,2.592780351638794,2.592780351638794,2.592780351638794,2.592780351638794,0,0.0,0.0
1992-10-26 00:00:00-05:00,3.2409753799438477,3.2409753799438477,2.916877841949463,3.2409753799438477,2000,0.0,0.0
1992-10-27 00:00:00-05:00,3.2409753799438477,3.2409753799438477,3.2409753799438477,3.2409753799438477,0,0.0,0.0
1992-10-28 00:00:00-05:00,3.2409753799438477,3.2409753799438477,3.2409753799438477,3.2409753799438477,0,0.0,0.0
1992-10-29 00:00:00-05:00,3.240976333618164,3.240976333618164,3.078927516937256,3.078927516937256,633,0.0,0.0
1992-10-30 00:00:00-05:00,3.2409753799438477,3.2409753799438477,3.0789266109466555,3.2409753799438477,7433,0.0,0.0
1992-11-02 00:00:00-05:00,3.2409753799438477,3.2409753799438477,3.0789266109466555,3.2409753799438477,6667,0.0,0.0
1992-11-03 00:00:00-05:00,3.2409753799438477,3.2409753799438477,3.2409753799438477,3.2409753799438477,0,0.0,0.0
1992-11-04 00:00:00-05:00,3.2409753799438477,3.2409753799438477,3.2409753799438477,3.2409753799438477,0,0.0,0.0
1992-11-05 00:00:00-05:00,3.2409753799438477,3.2409753799438477,3.2409753799438477,3.2409753799438477,0,0.0,0.0
1992-11-06 00:00:00-05:00,3.2409753799438477,3.2409753799438477,3.2409753799438477,3.2409753799438477,0,0.0,0.0
1992-11-09 00:00:00-05:00,3.240976333618164,3.240976333618164,3.078927516937256,3.078927516937256,5333,0.0,0.0
1992-11-10 00:00:00-05:00,3.078927516937256,3.078927516937256,3.078927516937256,3.078927516937256,0,0.0,0.0
1992-11-11 00:00:00-05:00,2.5927806181066178,2.7548294067382812,2.5927806181066178,2.7548294067382812,4000,0.0,0.0
1992-11-12 00:00:00-05:00,2.7548294067382812,2.7548294067382812,2.7548294067382812,2.7548294067382812,0,0.0,0.0
1992-11-13 00:00:00-05:00,2.7548294067382812,2.7548294067382812,2.7548294067382812,2.7548294067382812,0,0.0,0.0
1992-11-16 00:00:00-05:00,2.7548294067382812,2.7548294067382812,2.7548294067382812,2.7548294067382812,0,0.0,0.0
1992-11-17 00:00:00-05:00,2.7548294067382812,2.7548294067382812,2.7548294067382812,2.7548294067382812,0,0.0,0.0
1992-11-18 00:00:00-05:00,2.7548294067382812,2.7548294067382812,2.7548294067382812,2.7548294067382812,0,0.0,0.0
1992-11-19 00:00:00-05:00,2.7548294067382812,2.7548294067382812,2.7548294067382812,2.7548294067382812,0,0.0,0.0
1992-11-20 00:00:00-05:00,2.7548294067382812,2.7548294067382812,2.7548294067382812,2.7548294067382812,0,0.0,0.0
1992-11-23 00:00:00-05:00,3.240976075868349,3.240976075868349,2.9979028701782227,2.9979028701782227,667,0.0,0.0
1992-11-24 00:00:00-05:00,2.9979028701782227,2.9979028701782227,2.9979028701782227,2.9979028701782227,0,0.0,0.0
1992-11-25 00:00:00-05:00,2.9979028701782227,2.9979028701782227,2.9979028701782227,2.9979028701782227,0,0.0,0.0
1992-11-27 00:00:00-05:00,2.9979028701782227,2.9979028701782227,2.9979028701782227,2.9979028701782227,0,0.0,0.0
1992-11-30 00:00:00-05:00,2.9979028701782227,2.9979028701782227,2.9979028701782227,2.9979028701782227,0,0.0,0.0
1992-12-01 00:00:00-05:00,3.078927516937256,3.078927516937256,2.7548298835754395,3.078927516937256,9800,0.0,0.0
1992-12-02 00:00:00-05:00,3.078927516937256,3.078927516937256,3.078927516937256,3.078927516937256,0,0.0,0.0
1992-12-03 00:00:00-05:00,2.592780351638794,2.592780351638794,2.592780351638794,2.592780351638794,333,0.0,0.0
1992-12-04 00:00:00-05:00,2.592780351638794,2.592780351638794,2.592780351638794,2.592780351638794,0,0.0,0.0
1992-12-07 00:00:00-05:00,2.592780351638794,2.592780351638794,2.592780351638794,2.592780351638794,0,0.0,0.0
1992-12-08 00:00:00-05:00,2.592780351638794,2.592780351638794,2.592780351638794,2.592780351638794,0,0.0,0.0
1992-12-09 00:00:00-05:00,2.9168779199773613,2.9168779199773613,2.673804759979248,2.673804759979248,3000,0.0,0.0
1992-12-10 00:00:00-05:00,2.8358535766601562,2.8358535766601562,2.8358535766601562,2.8358535766601562,1000,0.0,0.0
1992-12-11 00:00:00-05:00,2.592780351638794,2.592780351638794,2.592780351638794,2.592780351638794,333,0.0,0.0
1992-12-14 00:00:00-05:00,2.9168779850006104,2.9168779850006104,2.9168779850006104,2.9168779850006104,667,0.0,0.0
1992-12-15 00:00:00-05:00,2.9168779850006104,2.9168779850006104,2.9168779850006104,2.9168779850006104,0,0.0,0.0
1992-12-16 00:00:00-05:00,2.9168779850006104,2.9168779850006104,2.9168779850006104,2.9168779850006104,333,0.0,0.0
1992-12-17 00:00:00-05:00,3.2409753799438477,3.2409753799438477,3.2409753799438477,3.2409753799438477,1333,0.0,0.0
1992-12-18 00:00:00-05:00,3.3220000437327792,3.403024435043335,3.3220000437327792,3.403024435043335,667,0.0,0.0
1992-12-21 00:00:00-05:00,3.3220005197958513,3.5650737285614014,3.2409761168740014,3.5650737285614014,11667,0.0,0.0
1992-12-22 00:00:00-05:00,3.4030243800236626,3.4030243800236626,2.9168780400202823,3.1599512100219727,6567,0.0,0.0
1992-12-23 00:00:00-05:00,3.1599512100219727,3.1599512100219727,3.1599512100219727,3.1599512100219727,0,0.0,0.0
1992-12-24 00:00:00-05:00,3.1599512100219727,3.1599512100219727,3.1599512100219727,3.1599512100219727,0,0.0,0.0
1992-12-28 00:00:00-05:00,3.1599512100219727,3.1599512100219727,3.1599512100219727,3.1599512100219727,0,0.0,0.0
1992-12-29 00:00:00-05:00,3.40302414894104,3.40302414894104,3.2409753799438477,3.2409753799438477,2000,0.0,0.0
1992-12-30 00:00:00-05:00,3.2409753799438477,3.2409753799438477,3.2409753799438477,3.2409753799438477,0,0.0,0.0
1992-12-31 00:00:00-05:00,2.9168779850006104,2.9168779850006104,2.9168779850006104,2.9168779850006104,1000,0.0,0.0
1993-01-04 00:00:00-05:00,2.9168779850006104,2.9168779850006104,2.9168779850006104,2.9168779850006104,0,0.0,0.0
1993-01-05 00:00:00-05:00,2.9168779850006104,2.9168779850006104,2.9168779850006104,2.9168779850006104,0,0.0,0.0
1993-01-06 00:00:00-05:00,2.9168779850006104,2.9168779850006104,2.9168779850006104,2.9168779850006104,0,0.0,0.0
1993-01-07 00:00:00-05:00,2.9168779850006104,2.9168779850006104,2.9168779850006104,2.9168779850006104,0,0.0,0.0
1993-01-08 00:00:00-05:00,2.7548294067382812,2.835853801054113,2.7548294067382812,2.7548294067382812,667,0.0,0.0
1993-01-11 00:00:00-05:00,2.7548294067382812,2.7548294067382812,2.7548294067382812,2.7548294067382812,0,0.0,0.0
1993-01-12 00:00:00-05:00,2.7548294067382812,2.7548294067382812,2.7548294067382812,2.7548294067382812,0,0.0,0.0
1993-01-13 00:00:00-05:00,2.7548294067382812,2.7548294067382812,2.7548294067382812,2.7548294067382812,100,0.0,0.0
1993-01-14 00:00:00-05:00,2.7548294067382812,2.7548294067382812,2.7548294067382812,2.7548294067382812,333,0.0,0.0
1993-01-15 00:00:00-05:00,2.7548294067382812,2.7548294067382812,2.7548294067382812,2.7548294067382812,1667,0.0,0.0
1993-01-18 00:00:00-05:00,2.7548294067382812,2.7548294067382812,2.7548294067382812,2.7548294067382812,0,0.0,0.0
1993-01-19 00:00:00-05:00,2.7548294067382812,2.7548294067382812,2.7548294067382812,2.7548294067382812,0,0.0,0.0
1993-01-20 00:00:00-05:00,2.592780351638794,2.6738047376275063,2.592780351638794,2.592780351638794,667,0.0,0.0
1993-01-21 00:00:00-05:00,2.592780351638794,2.592780351638794,2.592780351638794,2.592780351638794,0,0.0,0.0
1993-01-22 00:00:00-05:00,2.592780351638794,2.592780351638794,2.592780351638794,2.592780351638794,4333,0.0,0.0
1993-01-25 00:00:00-05:00,2.268683433532715,2.268683433532715,2.268683433532715,2.268683433532715,333,0.0,0.0
1993-01-26 00:00:00-05:00,2.268683433532715,2.268683433532715,2.268683433532715,2.268683433532715,0,0.0,0.0
1993-01-27 00:00:00-05:00,2.268683433532715,2.268683433532715,2.268683433532715,2.268683433532715,0,0.0,0.0
1993-01-28 00:00:00-05:00,2.268683433532715,2.268683433532715,2.268683433532715,2.268683433532715,0,0.0,0.0
1993-01-29 00:00:00-05:00,2.1066341400146484,2.1066341400146484,2.1066341400146484,2.1066341400146484,167,0.0,0.0
1993-02-01 00:00:00-05:00,2.7548294067382812,2.7548294067382812,2.5927806181066178,2.7548294067382812,3967,0.0,0.0
1993-02-02 00:00:00-05:00,2.2686828076839447,2.592780351638794,2.2686828076839447,2.592780351638794,667,0.0,0.0
1993-02-03 00:00:00-05:00,2.592780351638794,2.592780351638794,2.592780351638794,2.592780351638794,0,0.0,0.0
1993-02-04 00:00:00-05:00,2.592780351638794,2.592780351638794,2.592780351638794,2.592780351638794,700,0.0,0.0
1993-02-05 00:00:00-05:00,2.592780351638794,2.592780351638794,2.592780351638794,2.592780351638794,667,0.0,0.0
1993-02-08 00:00:00-05:00,2.9168779850006104,2.9168779850006104,2.9168779850006104,2.9168779850006104,333,0.0,0.0
1993-02-09 00:00:00-05:00,2.9168779850006104,2.9168779850006104,2.9168779850006104,2.9168779850006104,0,0.0,0.0
1993-02-10 00:00:00-05:00,2.592780351638794,2.7548291236162186,2.592780351638794,2.592780351638794,2667,0.0,0.0
1993-02-11 00:00:00-05:00,2.2686828772226972,2.9168779850006104,2.2686828772226972,2.9168779850006104,7700,0.0,0.0
1993-02-12 00:00:00-05:00,2.916877895593643,2.916877895593643,2.592780351638794,2.592780351638794,2433,0.0,0.0
1993-02-16 00:00:00-05:00,2.99790237347285,2.99790237347285,2.9168779850006104,2.9168779850006104,2367,0.0,0.0
1993-02-17 00:00:00-05:00,2.9168779850006104,2.9168779850006104,2.9168779850006104,2.9168779850006104,1233,0.0,0.0
1993-02-18 00:00:00-05:00,3.078927516937256,3.078927516937256,3.078927516937256,3.078927516937256,633,0.0,0.0
1993-02-19 00:00:00-05:00,2.592780351638794,2.592780351638794,2.592780351638794,2.592780351638794,167,0.0,0.0
1993-02-22 00:00:00-05:00,2.592780351638794,2.592780351638794,2.592780351638794,2.592780351638794,0,0.0,0.0
1993-02-23 00:00:00-05:00,3.078927516937256,3.078927516937256,3.078927516937256,3.078927516937256,333,0.0,0.0
1993-02-24 00:00:00-05:00,3.2409753799438477,3.2409753799438477,3.2409753799438477,3.2409753799438477,1000,0.0,0.0
1993-02-25 00:00:00-05:00,3.2409753799438477,3.2409753799438477,3.2409753799438477,3.2409753799438477,0,0.0,0.0
1993-02-26 00:00:00-05:00,3.078927516937256,3.078927516937256,3.078927516937256,3.078927516937256,1467,0.0,0.0
1993-03-01 00:00:00-05:00,3.078927516937256,3.078927516937256,3.078927516937256,3.078927516937256,0,0.0,0.0
1993-03-02 00:00:00-05:00,3.3219997882843018,3.3219997882843018,3.3219997882843018,3.3219997882843018,33,0.0,0.0
1993-03-03 00:00:00-05:00,3.2409761168740014,3.5650737285614014,3.2409761168740014,3.5650737285614014,1767,0.0,0.0
1993-03-04 00:00:00-05:00,3.4840495586395264,3.4840495586395264,3.078927516937256,3.078927516937256,767,0.0,0.0
1993-03-05 00:00:00-05:00,3.078927516937256,3.078927516937256,3.078927516937256,3.078927516937256,0,0.0,0.0
1993-03-08 00:00:00-05:00,3.403024435043335,3.403024435043335,3.403024435043335,3.403024435043335,2167,0.0,0.0
1993-03-09 00:00:00-05:00,3.078927516937256,3.078927516937256,3.078927516937256,3.078927516937256,500,0.0,0.0
1993-03-10 00:00:00-05:00,3.078927516937256,3.078927516937256,3.078927516937256,3.078927516937256,0,0.0,0.0
1993-03-11 00:00:00-05:00,3.403024435043335,3.403024435043335,3.403024435043335,3.403024435043335,333,0.0,0.0
1993-03-12 00:00:00-05:00,3.403024435043335,3.403024435043335,3.403024435043335,3.403024435043335,0,0.0,0.0
1993-03-15 00:00:00-05:00,3.403024435043335,3.403024435043335,3.403024435043335,3.403024435043335,0,0.0,0.0
1993-03-16 00:00:00-05:00,3.403024435043335,3.403024435043335,3.403024435043335,3.403024435043335,67,0.0,0.0
1993-03-17 00:00:00-05:00,3.403024435043335,3.403024435043335,3.403024435043335,3.403024435043335,0,0.0,0.0
1993-03-18 00:00:00-05:00,3.403024435043335,3.403024435043335,3.403024435043335,3.403024435043335,0,0.0,0.0
1993-03-19 00:00:00-05:00,3.403024435043335,3.403024435043335,3.403024435043335,3.403024435043335,0,0.0,0.0
1993-03-22 00:00:00-05:00,3.403024435043335,3.403024435043335,3.403024435043335,3.403024435043335,0,0.0,0.0
1993-03-23 00:00:00-05:00,3.403024435043335,3.403024435043335,3.403024435043335,3.403024435043335,0,0.0,0.0
1993-03-24 00:00:00-05:00,3.403024435043335,3.403024435043335,3.403024435043335,3.403024435043335,0,0.0,0.0
1993-03-25 00:00:00-05:00,3.403024435043335,3.403024435043335,3.403024435043335,3.403024435043335,0,0.0,0.0
1993-03-26 00:00:00-05:00,3.078927516937256,3.240976333618164,3.078927516937256,3.078927516937256,1333,0.0,0.0
1993-03-29 00:00:00-05:00,3.5650731600247894,3.5650731600247894,3.078926820021409,3.1599512100219727,3033,0.0,0.0
1993-03-30 00:00:00-05:00,3.1599512100219727,3.1599512100219727,3.1599512100219727,3.1599512100219727,0,0.0,0.0
1993-03-31 00:00:00-05:00,3.5650726556777954,3.8891701698303223,3.5650726556777954,3.8891701698303223,1000,0.0,0.0
1993-04-01 00:00:00-05:00,3.7271227836608887,4.3753180503845215,3.7271227836608887,4.3753180503845215,7333,0.0,0.0
1993-04-02 00:00:00-05:00,4.53736686706543,4.53736686706543,4.53736686706543,4.53736686706543,133,0.0,0.0
1993-04-05 00:00:00-04:00,4.53736686706543,4.53736686706543,4.53736686706543,4.53736686706543,0,0.0,0.0
1993-04-06 00:00:00-04:00,4.53736686706543,4.53736686706543,4.53736686706543,4.53736686706543,0,0.0,0.0
1993-04-07 00:00:00-04:00,4.53736686706543,4.53736686706543,4.53736686706543,4.53736686706543,0,0.0,0.0
1993-04-08 00:00:00-04:00,4.53736686706543,4.53736686706543,4.53736686706543,4.53736686706543,0,0.0,0.0
1993-04-12 00:00:00-04:00,4.0512189865112305,4.0512189865112305,4.0512189865112305,4.0512189865112305,333,0.0,0.0
1993-04-13 00:00:00-04:00,3.6460976600646973,3.6460976600646973,3.6460976600646973,3.6460976600646973,500,0.0,0.0
1993-04-14 00:00:00-04:00,3.6460976600646973,3.6460976600646973,3.6460976600646973,3.6460976600646973,0,0.0,0.0
1993-04-15 00:00:00-04:00,3.6460976600646973,3.6460976600646973,3.6460976600646973,3.6460976600646973,0,0.0,0.0
1993-04-16 00:00:00-04:00,3.6460976600646973,3.6460976600646973,3.6460976600646973,3.6460976600646973,0,0.0,0.0
1993-04-19 00:00:00-04:00,3.5650737285614014,3.5650737285614014,3.5650737285614014,3.5650737285614014,333,0.0,0.0
1993-04-20 00:00:00-04:00,3.5650737285614014,3.7271225344051016,3.5650737285614014,3.5650737285614014,1667,0.0,0.0
1993-04-21 00:00:00-04:00,3.5650737285614014,3.5650737285614014,3.5650737285614014,3.5650737285614014,0,0.0,0.0
1993-04-22 00:00:00-04:00,3.7271225344051016,3.7271225344051016,3.5650737285614014,3.5650737285614014,1500,0.0,0.0
1993-04-23 00:00:00-04:00,3.8891701698303223,3.8891701698303223,3.8891701698303223,3.8891701698303223,33,0.0,0.0
1993-04-26 00:00:00-04:00,3.8891701698303223,3.8891701698303223,3.8891701698303223,3.8891701698303223,1667,0.0,0.0
1993-04-27 00:00:00-04:00,4.051218862118929,4.051218862118929,3.727121353149414,3.727121353149414,6000,0.0,0.0
1993-04-28 00:00:00-04:00,3.646097034215927,3.8891701698303223,3.646097034215927,3.8891701698303223,6667,0.0,0.0
1993-04-29 00:00:00-04:00,4.0512189865112305,4.0512189865112305,3.727121467590332,4.0512189865112305,2600,0.0,0.0
1993-04-30 00:00:00-04:00,3.8891701698303223,3.8891701698303223,3.8891701698303223,3.8891701698303223,1667,0.0,0.0
1993-05-03 00:00:00-04:00,4.0512189865112305,4.0512189865112305,4.0512189865112305,4.0512189865112305,167,0.0,0.0
1993-05-04 00:00:00-04:00,4.3753180503845215,4.3753180503845215,3.889171600341797,4.3753180503845215,667,0.0,0.0
1993-05-05 00:00:00-04:00,4.3753180503845215,4.3753180503845215,4.3753180503845215,4.3753180503845215,0,0.0,0.0
1993-05-06 00:00:00-04:00,4.3753180503845215,4.3753180503845215,4.3753180503845215,4.3753180503845215,0,0.0,0.0
1993-05-07 00:00:00-04:00,4.3753180503845215,4.3753180503845215,4.3753180503845215,4.3753180503845215,0,0.0,0.0
1993-05-10 00:00:00-04:00,4.537367595325817,4.537367595325817,4.294294331290505,4.456343173980713,12333,0.0,0.0
1993-05-11 00:00:00-04:00,4.861463400033804,4.861463400033804,4.213268280029297,4.213268280029297,2267,0.0,0.0
1993-05-12 00:00:00-04:00,3.889171600341797,4.53736686706543,3.889171600341797,4.53736686706543,3967,0.0,0.0
1993-05-13 00:00:00-04:00,4.456343173980713,4.456343173980713,4.456343173980713,4.456343173980713,1000,0.0,0.0
1993-05-14 00:00:00-04:00,5.185560703277588,5.185560703277588,5.185560703277588,5.185560703277588,267,0.0,0.0
1993-05-17 00:00:00-04:00,5.185560703277588,5.185560703277588,5.185560703277588,5.185560703277588,0,0.0,0.0
1993-05-18 00:00:00-04:00,4.861465280706232,4.861465280706232,4.456343173980713,4.456343173980713,233,0.0,0.0
1993-05-19 00:00:00-04:00,4.861464500427246,4.861464500427246,4.861464500427246,4.861464500427246,167,0.0,0.0
1993-05-20 00:00:00-04:00,4.861464500427246,4.861464500427246,4.861464500427246,4.861464500427246,0,0.0,0.0
1993-05-21 00:00:00-04:00,4.861464500427246,4.861464500427246,4.699415683746338,4.861464500427246,2067,0.0,0.0
1993-05-24 00:00:00-04:00,4.861464500427246,4.861464500427246,4.861464500427246,4.861464500427246,0,0.0,0.0
1993-05-25 00:00:00-04:00,4.6994147300720215,4.6994147300720215,4.6994147300720215,4.6994147300720215,167,0.0,0.0
1993-05-26 00:00:00-04:00,4.861464500427246,4.861464500427246,4.861464500427246,4.861464500427246,267,0.0,0.0
1993-05-27 00:00:00-04:00,4.53736686706543,4.53736686706543,4.53736686706543,4.53736686706543,767,0.0,0.0
1993-05-28 00:00:00-04:00,4.53736686706543,4.53736686706543,4.53736686706543,4.53736686706543,3333,0.0,0.0
1993-06-01 00:00:00-04:00,4.861464500427246,4.861464500427246,4.861464500427246,4.861464500427246,667,0.0,0.0
1993-06-02 00:00:00-04:00,4.861464500427246,4.861464500427246,4.213269233703613,4.861464500427246,1167,0.0,0.0
1993-06-03 00:00:00-04:00,2.916877841949463,3.2409753799438477,2.916877841949463,3.2409753799438477,4567,0.0,0.0
1993-06-04 00:00:00-04:00,3.5650737285614014,4.861464175311002,3.2409761168740014,3.5650737285614014,40700,0.0,0.0
1993-06-07 00:00:00-04:00,3.8891701076341714,4.2132676166036855,3.5650725986646568,3.727121353149414,17367,0.0,0.0
1993-06-08 00:00:00-04:00,3.5650737285614014,3.5650737285614014,3.5650737285614014,3.5650737285614014,3333,0.0,0.0
1993-06-09 00:00:00-04:00,3.5650726556777954,3.8891701698303223,3.5650726556777954,3.8891701698303223,9267,0.0,0.0
1993-06-10 00:00:00-04:00,3.5650731600247894,4.213268280029297,3.5650731600247894,4.213268280029297,2167,0.0,0.0
1993-06-11 00:00:00-04:00,3.5650731600247894,4.213268280029297,3.5650731600247894,4.213268280029297,3667,0.0,0.0
1993-06-14 00:00:00-04:00,4.213268280029297,4.213268280029297,4.213268280029297,4.213268280029297,400,0.0,0.0
1993-06-15 00:00:00-04:00,3.889171113359167,3.889171113359167,3.808146715164184,3.8081467151641846,6000,0.0,0.0
1993-06-16 00:00:00-04:00,3.808146715164184,3.808146715164184,3.808146715164184,3.8081467151641846,0,0.0,0.0
1993-06-17 00:00:00-04:00,3.808146715164184,3.808146715164184,3.808146715164184,3.8081467151641846,0,0.0,0.0
1993-06-18 00:00:00-04:00,3.808146715164184,3.808146715164184,3.808146715164184,3.8081467151641846,0,0.0,0.0
1993-06-21 00:00:00-04:00,4.537364599839696,4.537364599839696,4.2942914962768555,4.2942914962768555,3000,0.0,0.0
1993-06-22 00:00:00-04:00,4.132243758753726,4.861463245592619,3.889170596474095,4.618390083312988,44167,0.0,0.0
1993-06-23 00:00:00-04:00,4.53736686706543,4.53736686706543,4.213269233703613,4.3753180503845215,27867,0.0,0.0
1993-06-24 00:00:00-04:00,4.53736686706543,4.53736686706543,4.456342458724976,4.53736686706543,46800,0.0,0.0
1993-06-25 00:00:00-04:00,4.618390039964155,5.347609519958496,4.618390039964155,5.347609519958496,80600,0.0,0.0
1993-06-28 00:00:00-04:00,5.3476094752550125,5.509658247232437,5.104536317288876,5.185560703277588,51200,0.0,0.0
1993-06-29 00:00:00-04:00,5.5096587211855,5.5096587211855,5.023512363433838,5.023512363433838,46200,0.0,0.0
1993-06-30 00:00:00-04:00,5.347609639167786,5.833755970001221,5.185560862223308,5.833755970001221,64100,0.0,0.0
1993-07-01 00:00:00-04:00,5.671707391738892,6.968097652707781,5.671707391738892,6.80604887008667,16767,0.0,0.0
1993-07-02 00:00:00-04:00,7.130146026611328,7.130146026611328,6.157853386618874,6.238877773284912,61100,0.0,0.0
1993-07-06 00:00:00-04:00,7.130145887049233,7.130145887049233,6.319902036248184,6.6439995765686035,32333,0.0,0.0
1993-07-07 00:00:00-04:00,6.319902300834656,6.806048631668091,5.833755970001221,5.833755970001221,37733,0.0,0.0
1993-07-08 00:00:00-04:00,5.91478035847346,5.9958047469457,5.509658416112265,5.833755970001221,39767,0.0,0.0
1993-07-09 00:00:00-04:00,5.752731541224888,5.833755929129464,5.50965837751116,5.6717071533203125,28467,0.0,0.0
1993-07-12 00:00:00-04:00,5.833757400512695,6.157855033874512,5.671708583831787,6.157855033874512,33000,0.0,0.0
1993-07-13 00:00:00-04:00,5.833756936563027,6.157854544149862,5.67170813276961,5.995805740356445,23933,0.0,0.0
1993-07-14 00:00:00-04:00,6.157855033874512,6.157855033874512,5.833757400512695,6.157855033874512,27767,0.0,0.0
1993-07-15 00:00:00-04:00,5.9958062171936035,6.157855033874512,5.671708583831787,6.157855033874512,33500,0.0,0.0
1993-07-16 00:00:00-04:00,6.319902159950949,6.319902159950949,6.238877773284912,6.238877773284912,17233,0.0,0.0
1993-07-19 00:00:00-04:00,6.238879442214966,6.31990385055542,6.076830625534058,6.157855033874512,15300,0.0,0.0
1993-07-20 00:00:00-04:00,6.076829869982222,6.319903064781511,5.671707878650074,5.752732276916504,19233,0.0,0.0
1993-07-21 00:00:00-04:00,5.752732276916504,5.833756675182934,5.5096590821172144,5.752732276916504,11600,0.0,0.0
1993-07-22 00:00:00-04:00,5.671707836549674,5.671707836549674,5.185561450559701,5.4286346435546875,12800,0.0,0.0
1993-07-23 00:00:00-04:00,5.509658122408218,5.671706890714342,5.347609354102094,5.590682506561279,26000,0.0,0.0
1993-07-26 00:00:00-04:00,5.590682804584503,5.9958047469457,5.590682804584503,5.833755970001221,56900,0.0,0.0
1993-07-27 00:00:00-04:00,5.833755929129464,5.995804704938616,5.6717071533203125,5.6717071533203125,67533,0.0,0.0
1993-07-28 00:00:00-04:00,5.671707193056743,5.9958047469457,5.671707193056743,5.833755970001221,74733,0.0,0.0
1993-07-29 00:00:00-04:00,5.995804860041692,6.319902420043945,5.671707300039438,6.319902420043945,70000,0.0,0.0
1993-07-30 00:00:00-04:00,6.481950759887695,6.481950759887695,6.319901990890503,6.481950759887695,100600,0.0,0.0
1993-08-02 00:00:00-04:00,6.80604887008667,6.968097652707781,6.481951304844448,6.80604887008667,37333,0.0,0.0
1993-08-03 00:00:00-04:00,6.481950806408394,6.806048346728813,6.319902036248184,6.6439995765686035,185367,0.0,0.0
1993-08-04 00:00:00-04:00,6.643999528884888,6.643999528884888,5.9958044528961185,6.481950759887695,52567,0.0,0.0
1993-08-05 00:00:00-04:00,6.157853480747768,6.157853480747768,5.6717071533203125,5.6717071533203125,29233,0.0,0.0
1993-08-06 00:00:00-04:00,5.9958047469457,5.9958047469457,5.671707193056743,5.833755970001221,36067,0.0,0.0
1993-08-09 00:00:00-04:00,5.995804570515951,6.157853342692057,5.833755798339844,6.076828956604004,28900,0.0,0.0
1993-08-10 00:00:00-04:00,6.157853296358291,6.157853296358291,5.833755754444697,5.914780139923096,60033,0.0,0.0
1993-08-11 00:00:00-04:00,5.914781808853149,6.157855033874512,5.671708583831787,6.157855033874512,49200,0.0,0.0
1993-08-12 00:00:00-04:00,6.157853296358291,6.157853296358291,5.833755754444697,5.914780139923096,22833,0.0,0.0
1993-08-13 00:00:00-04:00,5.914780139923096,5.9958045254014944,5.833755754444697,5.914780139923096,22267,0.0,0.0
1993-08-16 00:00:00-04:00,5.9958062171936035,6.157855033874512,5.833757400512695,6.157855033874512,22867,0.0,0.0
1993-08-17 00:00:00-04:00,5.9958045254014944,6.157853296358291,5.6717069834878995,5.914780139923096,20067,0.0,0.0
1993-08-18 00:00:00-04:00,5.833755970001221,5.9958047469457,5.671707193056743,5.833755970001221,23467,0.0,0.0
1993-08-19 00:00:00-04:00,5.9958054717157925,5.9958054717157925,5.590683480383644,5.752732276916504,16333,0.0,0.0
1993-08-20 00:00:00-04:00,5.9958047469457,5.9958047469457,5.509658416112265,5.833755970001221,27067,0.0,0.0
1993-08-23 00:00:00-04:00,5.833755970001221,5.833755970001221,5.752731581528982,5.833755970001221,18200,0.0,0.0
1993-08-24 00:00:00-04:00,5.833755970001221,5.9958047469457,5.833755970001221,5.833755970001221,12567,0.0,0.0
1993-08-25 00:00:00-04:00,5.9958045254014944,5.9958045254014944,5.6717069834878995,5.914780139923096,6033,0.0,0.0
1993-08-26 00:00:00-04:00,5.91478031703404,5.995804704938616,5.6717071533203125,5.6717071533203125,10867,0.0,0.0
1993-08-27 00:00:00-04:00,5.752732276916504,5.9958054717157925,5.5096590821172144,5.752732276916504,12700,0.0,0.0
1993-08-30 00:00:00-04:00,5.9958047469457,5.9958047469457,5.833755970001221,5.833755970001221,20867,0.0,0.0
1993-08-31 00:00:00-04:00,5.995804570515951,6.157853342692057,5.914780184427897,6.076828956604004,42633,0.0,0.0
1993-09-01 00:00:00-04:00,6.076828910879892,6.157853296358291,5.833755754444697,5.914780139923096,22300,0.0,0.0
1993-09-02 00:00:00-04:00,6.157853523890178,6.157853523890178,5.833755970001221,5.833755970001221,13200,0.0,0.0
1993-09-03 00:00:00-04:00,5.833755970001221,5.9958047469457,5.671707193056743,5.833755970001221,6167,0.0,0.0
1993-09-07 00:00:00-04:00,5.509658293290571,5.833755839954723,5.023511973294345,5.347609519958496,27733,0.0,0.0
1993-09-08 00:00:00-04:00,5.023512363433838,5.347609935268279,4.699414791599397,5.023512363433838,16100,0.0,0.0
1993-09-09 00:00:00-04:00,5.023511973294345,5.347609519958496,5.023511973294345,5.347609519958496,10833,0.0,0.0
1993-09-10 00:00:00-04:00,5.347609519958496,5.347609519958496,5.18556074662642,5.347609519958496,6933,0.0,0.0
1993-09-13 00:00:00-04:00,5.023513066566596,5.347610683764442,4.780439853668213,4.780439853668213,21867,0.0,0.0
1993-09-14 00:00:00-04:00,5.185561875165519,5.185561875165519,4.699415449368751,4.780439853668213,11067,0.0,0.0
1993-09-15 00:00:00-04:00,4.861465203957479,5.185562884221311,4.780440783891521,4.9424896240234375,4600,0.0,0.0
1993-09-16 00:00:00-04:00,5.185562884221311,5.185562884221311,4.699416363825564,4.9424896240234375,10467,0.0,0.0
1993-09-17 00:00:00-04:00,5.1855621337890625,5.1855621337890625,4.861464500427246,4.861464500427246,4333,0.0,0.0
1993-09-20 00:00:00-04:00,4.861464500427246,5.1855621337890625,4.53736686706543,4.861464500427246,9900,0.0,0.0
1993-09-21 00:00:00-04:00,4.537365615367889,5.185560703277588,4.537365615367889,5.185560703277588,12167,0.0,0.0
1993-09-22 00:00:00-04:00,4.861464257967674,4.861464257967674,4.537366640769829,4.780439853668213,5233,0.0,0.0
1993-09-23 00:00:00-04:00,4.780440092086792,5.1855621337890625,4.53736686706543,4.53736686706543,8333,0.0,0.0
1993-09-24 00:00:00-04:00,4.53736686706543,4.861464500427246,4.53736686706543,4.861464500427246,7333,0.0,0.0
1993-09-27 00:00:00-04:00,5.023512297663195,5.023512297663195,4.537365946276434,4.6994147300720215,6500,0.0,0.0
1993-09-28 00:00:00-04:00,4.8614635138676086,4.8614635138676086,4.537365946276434,4.6994147300720215,21567,0.0,0.0
1993-09-29 00:00:00-04:00,4.780439853668213,4.861464257967674,4.780439853668213,4.780439853668213,7533,0.0,0.0
1993-09-30 00:00:00-04:00,4.699415683746338,4.861464500427246,4.699415683746338,4.861464500427246,3067,0.0,0.0
1993-10-01 00:00:00-04:00,4.861463577516617,5.023512363433838,4.861463577516617,5.023512363433838,3067,0.0,0.0
1993-10-04 00:00:00-04:00,5.023512363433838,5.023512363433838,4.861463577516617,5.023512363433838,2433,0.0,0.0
1993-10-05 00:00:00-04:00,5.023513082473997,5.104537487030029,4.861464273361933,5.104537487030029,3667,0.0,0.0
1993-10-06 00:00:00-04:00,5.185560490534856,5.266584873199463,4.861462959876427,5.266584873199463,18333,0.0,0.0
1993-10-07 00:00:00-04:00,5.3476094752550125,5.3476094752550125,5.104536317288876,5.185560703277588,5200,0.0,0.0
1993-10-08 00:00:00-04:00,5.023513082473997,5.185561891586062,5.023513082473997,5.104537487030029,3200,0.0,0.0
1993-10-11 00:00:00-04:00,5.5096588134765625,5.671707602108226,5.5096588134765625,5.5096588134765625,1333,0.0,0.0
1993-10-12 00:00:00-04:00,5.185560490534856,5.509658021193284,5.185560490534856,5.266584873199463,3000,0.0,0.0
1993-10-13 00:00:00-04:00,5.428633906624533,5.509658293290571,5.347609519958496,5.347609519958496,3700,0.0,0.0
1993-10-14 00:00:00-04:00,5.34760925586407,5.34760925586407,5.185560490534856,5.266584873199463,4900,0.0,0.0
1993-10-15 00:00:00-04:00,5.509658247232437,5.509658247232437,5.104536317288876,5.185560703277588,8533,0.0,0.0
1993-10-18 00:00:00-04:00,5.266585133292458,5.347609519958496,5.104536359960383,5.347609519958496,7200,0.0,0.0
1993-10-19 00:00:00-04:00,5.2665850892663,5.3476094752550125,5.185560703277588,5.185560703277588,3833,0.0,0.0
1993-10-20 00:00:00-04:00,5.347609519958496,5.347609519958496,5.18556074662642,5.347609519958496,14600,0.0,0.0
1993-10-21 00:00:00-04:00,5.023511973294345,5.347609519958496,5.023511973294345,5.347609519958496,1867,0.0,0.0
1993-10-22 00:00:00-04:00,5.347609519958496,5.347609519958496,5.18556074662642,5.347609519958496,12933,0.0,0.0
1993-10-25 00:00:00-04:00,5.347610024844899,5.5096588134765625,5.347610024844899,5.5096588134765625,13433,0.0,0.0
1993-10-26 00:00:00-04:00,5.509659041219683,5.509659041219683,5.104537052894706,5.4286346435546875,9667,0.0,0.0
1993-10-27 00:00:00-04:00,5.5096588134765625,5.5096588134765625,5.266585630529067,5.5096588134765625,14367,0.0,0.0
1993-10-28 00:00:00-04:00,5.50965837751116,5.6717071533203125,5.50965837751116,5.6717071533203125,8000,0.0,0.0
1993-10-29 00:00:00-04:00,5.6717071533203125,5.6717071533203125,5.6717071533203125,5.6717071533203125,0,0.0,0.0
1993-11-01 00:00:00-05:00,5.833755929129464,5.833755929129464,5.590682765415736,5.6717071533203125,1833,0.0,0.0
1993-11-02 00:00:00-05:00,5.833755659020466,5.833755659020466,5.347609354102094,5.590682506561279,2167,0.0,0.0
1993-11-03 00:00:00-05:00,5.671707193056743,5.833755970001221,5.590682804584503,5.833755970001221,5833,0.0,0.0
1993-11-04 00:00:00-05:00,5.833755929129464,5.995804704938616,5.6717071533203125,5.6717071533203125,6600,0.0,0.0
1993-11-05 00:00:00-05:00,5.833757400512695,6.157855033874512,5.833757400512695,6.157855033874512,15033,0.0,0.0
1993-11-08 00:00:00-05:00,5.833755754444697,6.157853296358291,5.833755754444697,5.914780139923096,5067,0.0,0.0
1993-11-09 00:00:00-05:00,6.157854268248652,6.157854268248652,5.671707878650074,5.752732276916504,6000,0.0,0.0
1993-11-10 00:00:00-05:00,5.671706890714342,5.671706890714342,5.509658122408218,5.590682506561279,5733,0.0,0.0
1993-11-11 00:00:00-05:00,5.590682506561279,5.99580442732659,5.590682506561279,5.590682506561279,2733,0.0,0.0
1993-11-12 00:00:00-05:00,5.590682765415736,5.995804704938616,5.590682765415736,5.6717071533203125,2367,0.0,0.0
1993-11-15 00:00:00-05:00,5.590682765415736,5.6717071533203125,5.590682765415736,5.6717071533203125,8267,0.0,0.0
1993-11-16 00:00:00-05:00,5.6717071533203125,5.833755929129464,5.50965837751116,5.6717071533203125,16800,0.0,0.0
1993-11-17 00:00:00-05:00,5.590683207792394,5.671707602108226,5.5096588134765625,5.5096588134765625,15333,0.0,0.0
1993-11-18 00:00:00-05:00,5.671707602108226,5.671707602108226,5.347610024844899,5.5096588134765625,14600,0.0,0.0
1993-11-19 00:00:00-05:00,5.347609519958496,5.347609519958496,5.18556074662642,5.347609519958496,3367,0.0,0.0
1993-11-22 00:00:00-05:00,5.347609519958496,5.347609519958496,5.266585133292458,5.347609519958496,12533,0.0,0.0
1993-11-23 00:00:00-05:00,5.5096588134765625,5.5096588134765625,5.347610024844899,5.5096588134765625,8600,0.0,0.0
1993-11-24 00:00:00-05:00,5.266585630529067,5.5096588134765625,5.266585630529067,5.5096588134765625,1133,0.0,0.0
1993-11-26 00:00:00-05:00,5.5096588134765625,5.5096588134765625,5.5096588134765625,5.5096588134765625,100,0.0,0.0
1993-11-29 00:00:00-05:00,5.5096588134765625,5.5096588134765625,5.1855612362132355,5.5096588134765625,500,0.0,0.0
1993-11-30 00:00:00-05:00,5.185560490534856,5.509658021193284,5.185560490534856,5.266584873199463,7133,0.0,0.0
1993-12-01 00:00:00-05:00,5.5096588134765625,5.5096588134765625,5.5096588134765625,5.5096588134765625,1433,0.0,0.0
1993-12-02 00:00:00-05:00,5.50965837751116,5.6717071533203125,5.50965837751116,5.6717071533203125,19100,0.0,0.0
1993-12-03 00:00:00-05:00,5.833757400512695,6.157855033874512,5.752732992172241,6.157855033874512,4367,0.0,0.0
1993-12-06 00:00:00-05:00,6.157853523890178,6.319902300834656,5.833755970001221,5.833755970001221,14033,0.0,0.0
1993-12-07 00:00:00-05:00,5.9958044528961185,6.481950759887695,5.833755683898926,6.481950759887695,7167,0.0,0.0
1993-12-08 00:00:00-05:00,6.481951336527979,7.130146470180777,5.185561069222383,6.968097686767578,35800,0.0,0.0
1993-12-09 00:00:00-05:00,6.968097652707781,6.968097652707781,6.80604887008667,6.80604887008667,6667,0.0,0.0
1993-12-10 00:00:00-05:00,6.725025647952233,6.806050053349248,6.481952431761188,6.562976837158203,8000,0.0,0.0
1993-12-13 00:00:00-05:00,6.8060486115605,6.8060486115605,6.481951058629047,6.725024223327637,13067,0.0,0.0
1993-12-14 00:00:00-05:00,6.806050053349248,6.806050053349248,6.481952431761188,6.562976837158203,3933,0.0,0.0
1993-12-15 00:00:00-05:00,6.644000741499888,6.806049540073056,6.157854345780384,6.400927543640137,9667,0.0,0.0
1993-12-16 00:00:00-05:00,6.400928258895874,6.644001483917236,6.157855033874512,6.157855033874512,8367,0.0,0.0
1993-12-17 00:00:00-05:00,6.48195194292672,6.48195194292672,5.995805547207216,6.400927543640137,6600,0.0,0.0
1993-12-20 00:00:00-05:00,6.48195194292672,6.644000741499888,6.400927543640137,6.400927543640137,13333,0.0,0.0
1993-12-21 00:00:00-05:00,6.481950759887695,6.643999528884888,6.319901990890503,6.481950759887695,11267,0.0,0.0
1993-12-22 00:00:00-05:00,6.319901990890503,6.481950759887695,6.157853221893311,6.481950759887695,6100,0.0,0.0
1993-12-23 00:00:00-05:00,6.157854810173129,6.644001242555218,6.157854810173129,6.562976837158203,2767,0.0,0.0
1993-12-27 00:00:00-05:00,6.644001483917236,6.644001483917236,6.157855033874512,6.157855033874512,600,0.0,0.0
1993-12-28 00:00:00-05:00,6.643999835094773,6.725024223327637,6.157853505697595,6.725024223327637,3467,0.0,0.0
1993-12-29 00:00:00-05:00,6.806049845435402,7.292196262966503,6.806049845435402,7.130147457122803,9367,0.0,0.0
1993-12-30 00:00:00-05:00,7.292195169549239,7.697317123413086,6.968097606458162,7.697317123413086,5533,0.0,0.0
1993-12-31 00:00:00-05:00,7.778340956744025,8.264487266540527,7.292194646947523,8.264487266540527,9800,0.0,0.0
1994-01-03 00:00:00-05:00,7.778343200683594,9.07473373413086,7.778343200683594,9.07473373413086,14767,0.0,0.0
1994-01-04 00:00:00-05:00,8.426538467407227,9.07473373413086,8.426538467407227,8.750636100769043,21200,0.0,0.0
1994-01-05 00:00:00-05:00,9.0747334891503,9.398831113762812,7.778342990700258,8.831660270690918,31067,0.0,0.0
1994-01-06 00:00:00-05:00,8.426539819890802,8.912686347961426,8.102442134510387,8.912686347961426,40467,0.0,0.0
1994-01-07 00:00:00-05:00,8.912680463970831,8.912680463970831,8.42653425684515,8.588582992553711,27767,0.0,0.0
1994-01-10 00:00:00-05:00,8.42653870814055,8.588587529450944,8.10244106551976,8.345514297485352,26767,0.0,0.0
1994-01-11 00:00:00-05:00,8.588587284088135,8.750636100769043,8.10244083404541,8.750636100769043,36800,0.0,0.0
1994-01-12 00:00:00-05:00,8.10244083404541,8.750636100769043,7.940392017364502,8.750636100769043,25233,0.0,0.0
1994-01-13 00:00:00-05:00,8.750637505271218,8.912686347961426,8.426539819890802,8.912686347961426,10933,0.0,0.0
1994-01-14 00:00:00-05:00,9.236782550811768,9.236782550811768,9.07473373413086,9.07473373413086,8333,0.0,0.0
1994-01-17 00:00:00-05:00,9.236780166625977,9.236780166625977,8.9126826169198,9.236780166625977,13633,0.0,0.0
1994-01-18 00:00:00-05:00,9.236781389285357,9.56087898189186,8.912683796678852,9.479854583740234,24800,0.0,0.0
1994-01-19 00:00:00-05:00,9.56087771633215,9.56087771633215,9.07473139177289,9.236780166625977,30967,0.0,0.0
1994-01-20 00:00:00-05:00,9.236779857326198,9.236779857326198,8.588584779619095,8.993706703186035,37167,0.0,0.0
1994-01-21 00:00:00-05:00,8.831658510061411,9.0747316800631,8.426536560058594,8.426536560058594,33400,0.0,0.0
1994-01-24 00:00:00-05:00,8.912684917449951,8.912684917449951,8.264489650726318,8.750636100769043,21200,0.0,0.0
1994-01-25 00:00:00-05:00,8.264487780057467,8.912682900061974,8.264487780057467,8.426536560058594,34333,0.0,0.0
1994-01-26 00:00:00-05:00,8.750634120060846,8.750634120060846,8.426536560058594,8.426536560058594,7500,0.0,0.0
1994-01-27 00:00:00-05:00,8.66960950578962,8.750633893694197,8.426536342075892,8.507560729980469,12300,0.0,0.0
1994-01-28 00:00:00-05:00,8.750636100769043,8.750636100769043,8.426538467407227,8.750636100769043,16000,0.0,0.0
1994-01-31 00:00:00-05:00,8.750636100769043,8.912684917449951,8.426538467407227,8.750636100769043,20833,0.0,0.0
1994-02-01 00:00:00-05:00,8.750636100769043,9.07473373413086,8.426538467407227,8.750636100769043,26567,0.0,0.0
1994-02-02 00:00:00-05:00,9.07473373413086,9.07473373413086,8.750636100769043,8.750636100769043,11467,0.0,0.0
1994-02-03 00:00:00-05:00,9.07473373413086,9.07473373413086,8.750636100769043,8.750636100769043,14500,0.0,0.0
1994-02-04 00:00:00-05:00,9.074735190651634,9.074735190651634,8.507564241235906,8.912686347961426,14500,0.0,0.0
1994-02-07 00:00:00-05:00,8.750633473298986,8.750633473298986,7.94038963317871,7.940389633178711,14200,0.0,0.0
1994-02-08 00:00:00-05:00,8.588587284088135,8.750636100769043,8.345514059066772,8.750636100769043,10967,0.0,0.0
1994-02-09 00:00:00-05:00,8.750636100769043,8.750636100769043,8.588587284088135,8.750636100769043,18667,0.0,0.0
1994-02-10 00:00:00-05:00,8.750634416241512,8.912683201727466,8.26448805978365,8.669610023498535,16500,0.0,0.0
1994-02-11 00:00:00-05:00,8.912683201727466,8.912683201727466,8.507561238012581,8.669610023498535,9067,0.0,0.0
1994-02-14 00:00:00-05:00,8.750634416241512,8.912683201727466,8.507561238012581,8.669610023498535,6900,0.0,0.0
1994-02-15 00:00:00-05:00,8.10243678542803,8.75063172826227,8.10243678542803,8.588582992553711,5567,0.0,0.0
1994-02-16 00:00:00-05:00,8.75063172826227,8.75063172826227,8.42653425684515,8.588582992553711,8533,0.0,0.0
1994-02-17 00:00:00-05:00,8.588585340059721,8.750634120060846,8.34551217005803,8.426536560058594,6867,0.0,0.0
1994-02-18 00:00:00-05:00,8.588582992553711,8.75063172826227,8.264485521136589,8.588582992553711,8200,0.0,0.0
1994-02-22 00:00:00-05:00,8.507560421438777,8.588584806404862,8.10243849660836,8.264487266540527,5033,0.0,0.0
1994-02-23 00:00:00-05:00,8.42653549194336,8.42653549194336,7.940389213562012,8.102437973022461,7567,0.0,0.0
1994-02-24 00:00:00-05:00,8.42653549194336,8.42653549194336,7.940389213562012,8.102437973022461,17800,0.0,0.0
1994-02-25 00:00:00-05:00,8.42653571234809,8.42653571234809,8.021413803100586,8.021413803100586,9533,0.0,0.0
1994-02-28 00:00:00-05:00,8.426536036472694,8.426536036472694,7.778340956744025,8.264487266540527,16067,0.0,0.0
1994-03-01 00:00:00-05:00,8.264487169226822,8.426535937250877,7.94038963317871,7.940389633178711,4367,0.0,0.0
1994-03-02 00:00:00-05:00,8.10243849660836,8.264487266540527,7.940389726676193,8.264487266540527,4500,0.0,0.0
1994-03-03 00:00:00-05:00,8.264487266540527,8.264487266540527,7.940389726676193,8.264487266540527,4800,0.0,0.0
1994-03-04 00:00:00-05:00,8.264487169226822,8.426535937250877,7.94038963317871,7.940389633178711,3767,0.0,0.0
1994-03-07 00:00:00-05:00,8.264487566266741,8.588585117885044,8.264487566266741,8.507560729980469,7400,0.0,0.0
1994-03-08 00:00:00-05:00,8.750634324961695,9.56087824393963,8.750634324961695,9.398829460144043,26867,0.0,0.0
1994-03-09 00:00:00-05:00,9.56087715442364,10.69521851172814,9.56087715442364,10.533169746398926,29667,0.0,0.0
1994-03-10 00:00:00-05:00,10.695220491779384,10.857269287109375,10.047025310459421,10.857269287109375,23300,0.0,0.0
1994-03-11 00:00:00-05:00,10.857271460599677,10.857271460599677,10.371124977289243,10.452149391174316,13633,0.0,0.0
1994-03-14 00:00:00-05:00,10.695221401396251,10.695221401396251,10.209074974060059,10.209074974060059,12267,0.0,0.0
1994-03-15 00:00:00-05:00,10.209072719920766,10.695219039916992,10.04702394658869,10.695219039916992,21200,0.0,0.0
1994-03-16 00:00:00-05:00,10.695219039916992,10.857267813249067,10.37112149325284,10.695219039916992,23567,0.0,0.0
1994-03-17 00:00:00-05:00,10.857269367701571,11.586488952099437,10.533171774635852,11.505464553833008,11033,0.0,0.0
1994-03-18 00:00:00-05:00,11.667512609603557,12.153658968337039,11.019317464625582,11.424439430236816,13800,0.0,0.0
1994-03-21 00:00:00-05:00,11.343415204216452,11.829561570111442,10.695220049689798,11.019317626953125,25000,0.0,0.0
1994-03-22 00:00:00-05:00,11.343413781428684,11.343413781428684,10.695218708204187,11.181365013122559,11800,0.0,0.0
1994-03-23 00:00:00-05:00,11.181366415584788,11.343415204216452,10.857268838321462,11.019317626953125,11633,0.0,0.0
1994-03-24 00:00:00-05:00,11.343414386113485,11.667511940002441,11.01931683222453,11.667511940002441,6533,0.0,0.0
1994-03-25 00:00:00-05:00,11.667511858258928,11.82956063406808,11.181365530831473,11.343414306640625,6800,0.0,0.0
1994-03-28 00:00:00-05:00,11.343414386113485,11.82956071694692,11.343414386113485,11.667511940002441,10100,0.0,0.0
1994-03-29 00:00:00-05:00,11.667511679909445,11.667511679909445,10.695219039916992,10.695219039916992,13233,0.0,0.0
1994-03-30 00:00:00-05:00,11.019317626953125,11.019317626953125,10.533171261058135,11.019317626953125,3267,0.0,0.0
1994-03-31 00:00:00-05:00,11.181366960767289,11.667513350365867,11.019318164234429,11.505464553833008,17467,0.0,0.0
1994-04-04 00:00:00-04:00,11.019320288369821,11.181369116139965,10.371124977289243,10.452149391174316,21000,0.0,0.0
1994-04-05 00:00:00-04:00,10.371122472426471,11.019317626953125,10.047024895163144,11.019317626953125,9133,0.0,0.0
1994-04-06 00:00:00-04:00,11.019316042386569,11.50546233837421,10.533169746398926,10.533169746398926,4300,0.0,0.0
1994-04-07 00:00:00-04:00,11.181365609169006,11.9916094938914,11.181365609169006,11.667511940002441,5700,0.0,0.0
1994-04-08 00:00:00-04:00,11.343413966975799,12.96390167654377,11.343413966975799,11.829560279846191,42033,0.0,0.0
1994-04-11 00:00:00-04:00,12.315708536497304,12.315708536497304,11.019318164234429,11.505464553833008,21900,0.0,0.0
1994-04-12 00:00:00-04:00,11.019318657952386,11.99161148071289,11.019318657952386,11.99161148071289,9300,0.0,0.0
1994-04-13 00:00:00-04:00,11.991609409877231,11.991609409877231,11.01931675502232,11.343414306640625,7733,0.0,0.0
1994-04-14 00:00:00-04:00,11.667511858258928,11.667511858258928,11.181365530831473,11.343414306640625,12300,0.0,0.0
1994-04-15 00:00:00-04:00,11.343413781428684,11.343413781428684,10.85726747651031,11.181365013122559,10467,0.0,0.0
1994-04-18 00:00:00-04:00,11.343415673099347,11.667513263759327,10.695220491779384,10.857269287109375,48200,0.0,0.0
1994-04-19 00:00:00-04:00,11.181367828732444,11.181367828732444,9.5608797376118,10.209074974060059,30967,0.0,0.0
1994-04-20 00:00:00-04:00,10.047026164947994,10.371123783172123,9.884977355835929,10.209074974060059,22233,0.0,0.0
1994-04-21 00:00:00-04:00,10.047026164947994,10.695221401396251,10.047026164947994,10.209074974060059,6533,0.0,0.0
1994-04-22 00:00:00-04:00,10.695221900939941,10.695221900939941,9.722929000854492,9.722929000854492,7233,0.0,0.0
1994-04-25 00:00:00-04:00,9.722928546723866,10.371123783172123,9.722928546723866,10.209074974060059,7933,0.0,0.0
1994-04-26 00:00:00-04:00,10.533171261058135,11.019317626953125,10.371122472426471,11.019317626953125,11333,0.0,0.0
1994-04-28 00:00:00-04:00,10.695218708204187,11.181365013122559,10.695218708204187,11.181365013122559,7200,0.0,0.0
1994-04-29 00:00:00-04:00,11.181366415584788,11.181366415584788,10.695220049689798,11.019317626953125,12033,0.0,0.0
1994-05-02 00:00:00-04:00,10.695220049689798,11.019317626953125,10.695220049689798,11.019317626953125,2833,0.0,0.0
1994-05-03 00:00:00-04:00,11.019318082439366,11.019318082439366,10.533171696449394,10.857269287109375,5667,0.0,0.0
1994-05-04 00:00:00-04:00,10.533173084259033,12.315710067749023,10.533173084259033,12.315710067749023,26367,0.0,0.0
1994-05-05 00:00:00-04:00,12.315708536497304,12.315708536497304,11.505464553833008,11.505464553833008,6067,0.0,0.0
1994-05-06 00:00:00-04:00,11.991611998758199,13.288002485110436,11.991611998758199,13.125953674316406,24567,0.0,0.0
1994-05-09 00:00:00-04:00,13.12595268442661,13.12595268442661,12.315708691560769,12.801855087280273,12633,0.0,0.0
1994-05-10 00:00:00-04:00,12.963904087839563,12.963904087839563,12.315708883447584,12.396733283996582,6233,0.0,0.0
1994-05-11 00:00:00-04:00,12.234682299296061,12.801853001912434,12.153657913208008,12.153657913208008,2533,0.0,0.0
1994-05-12 00:00:00-04:00,11.9916094938914,12.315707047780355,11.667511940002441,11.667511940002441,9533,0.0,0.0
1994-05-13 00:00:00-04:00,12.153657999905672,12.477755546569824,11.991609226573596,12.477755546569824,9133,0.0,0.0
1994-05-16 00:00:00-04:00,12.477757490133937,12.801855087280273,12.153659892987601,12.801855087280273,20533,0.0,0.0
1994-05-17 00:00:00-04:00,12.9639023289536,13.7741462245132,12.9639023289536,13.369024276733398,42633,0.0,0.0
1994-05-18 00:00:00-04:00,13.61209774017334,13.61209774017334,12.639805044446673,13.61209774017334,9400,0.0,0.0
1994-05-19 00:00:00-04:00,13.61209659576416,13.61209659576416,12.96390151977539,12.96390151977539,5233,0.0,0.0
1994-05-20 00:00:00-04:00,13.36902405842241,13.612097223121,12.963902117258094,13.450048446655273,38633,0.0,0.0
1994-05-23 00:00:00-04:00,13.774146522794451,13.774146522794451,12.963902609688896,13.61209774017334,4667,0.0,0.0
1994-05-24 00:00:00-04:00,13.774145364761353,13.774145364761353,12.96390151977539,12.96390151977539,17533,0.0,0.0
1994-05-25 00:00:00-04:00,13.288001482999777,13.288001482999777,12.639806288707105,12.801855087280273,14100,0.0,0.0
1994-05-26 00:00:00-04:00,12.639803981781006,12.96390151977539,12.55877959728241,12.96390151977539,5200,0.0,0.0
1994-05-27 00:00:00-04:00,12.963901612816787,13.287999153137207,12.639804072496368,13.287999153137207,4367,0.0,0.0
1994-05-31 00:00:00-04:00,13.287999057769776,13.287999057769776,12.477755212783814,12.96390151977539,7900,0.0,0.0
1994-06-01 00:00:00-04:00,12.315707280085636,12.963902400090143,11.991609720083384,12.63980484008789,5067,0.0,0.0
1994-06-02 00:00:00-04:00,12.558783292770386,12.63980770111084,12.153661251068115,12.315710067749023,4533,0.0,0.0
1994-06-03 00:00:00-04:00,12.315707495904737,12.639805061586442,12.315707495904737,12.558780670166016,5667,0.0,0.0
1994-06-06 00:00:00-04:00,12.558780450087326,12.63980484008789,12.315707280085636,12.63980484008789,7267,0.0,0.0
1994-06-07 00:00:00-04:00,12.63980669588656,12.63980669588656,11.99161148071289,11.99161148071289,2467,0.0,0.0
1994-06-08 00:00:00-04:00,12.639807451491388,12.639807451491388,11.829563384088093,12.072636604309082,13800,0.0,0.0
1994-06-09 00:00:00-04:00,12.396731159903785,12.477755546569824,11.829560453241522,12.477755546569824,1700,0.0,0.0
1994-06-10 00:00:00-04:00,11.829560368855795,12.396731071472168,11.829560368855795,12.153657913208008,900,0.0,0.0
1994-06-13 00:00:00-04:00,12.315709088299725,12.315709088299725,11.667513873126055,11.99161148071289,3733,0.0,0.0
1994-06-14 00:00:00-04:00,11.667511940002441,12.315707047780355,11.343414386113485,11.667511940002441,13833,0.0,0.0
1994-06-15 00:00:00-04:00,11.42444066743593,11.99161148071289,11.34341626553922,11.99161148071289,17567,0.0,0.0
1994-06-16 00:00:00-04:00,11.505463082449776,11.505463082449776,11.343414306640625,11.343414306640625,2567,0.0,0.0
1994-06-17 00:00:00-04:00,11.343414386113485,11.9916094938914,11.343414386113485,11.667511940002441,23900,0.0,0.0
1994-06-20 00:00:00-04:00,11.74853945111895,11.74853945111895,11.343417401080366,11.586490631103516,2633,0.0,0.0
1994-06-21 00:00:00-04:00,11.829560279846191,11.829560279846191,11.019316425062206,11.829560279846191,2400,0.0,0.0
1994-06-22 00:00:00-04:00,11.829560086347055,11.829560086347055,11.181365013122559,11.181365013122559,9967,0.0,0.0
1994-06-23 00:00:00-04:00,11.181365609169006,11.667511940002441,11.01931683222453,11.667511940002441,4300,0.0,0.0
1994-06-24 00:00:00-04:00,11.667512609603557,11.667512609603557,11.34341503711457,11.424439430236816,9200,0.0,0.0
1994-06-27 00:00:00-04:00,11.667512781479779,11.667512781479779,10.371122472426471,11.019317626953125,12567,0.0,0.0
1994-06-28 00:00:00-04:00,11.019316586581143,11.019316586581143,10.37112149325284,10.695219039916992,7533,0.0,0.0
1994-06-29 00:00:00-04:00,11.019316494464874,11.019316494464874,10.047023862600327,10.371121406555176,10400,0.0,0.0
1994-06-30 00:00:00-04:00,10.047024895163144,11.019317626953125,10.047024895163144,11.019317626953125,8700,0.0,0.0
1994-07-01 00:00:00-04:00,10.371122901119403,11.019318082439366,10.371122901119403,10.857269287109375,1900,0.0,0.0
1994-07-05 00:00:00-04:00,11.01931901962038,11.01931901962038,10.047026164947994,10.209074974060059,7633,0.0,0.0
1994-07-06 00:00:00-04:00,10.371121406555176,10.695218950510025,10.371121406555176,10.371121406555176,3367,0.0,0.0
1994-07-07 00:00:00-04:00,10.614196094114389,11.019318082439366,10.371122901119403,10.857269287109375,7100,0.0,0.0
1994-07-08 00:00:00-04:00,11.019316494464874,11.019316494464874,10.047023862600327,10.371121406555176,16300,0.0,0.0
1994-07-11 00:00:00-04:00,10.047023450411283,10.69521851172814,10.047023450411283,10.533169746398926,6867,0.0,0.0
1994-07-12 00:00:00-04:00,10.04702394658869,10.695219039916992,10.04702394658869,10.695219039916992,31933,0.0,0.0
1994-07-13 00:00:00-04:00,10.695218950510025,10.695218950510025,10.371121406555176,10.371121406555176,27667,0.0,0.0
1994-07-14 00:00:00-04:00,10.695219870536558,10.695219870536558,10.047024726867676,10.047024726867676,15000,0.0,0.0
1994-07-15 00:00:00-04:00,10.209076149519099,10.695222632829532,10.047027321748955,10.452149391174316,7567,0.0,0.0
1994-07-18 00:00:00-04:00,10.695219039916992,10.695219039916992,10.209072719920766,10.695219039916992,3067,0.0,0.0
1994-07-19 00:00:00-04:00,10.69521851172814,10.69521851172814,10.371120981069712,10.533169746398926,12533,0.0,0.0
1994-07-20 00:00:00-04:00,10.695219039916992,11.019316586581143,10.37112149325284,10.695219039916992,3433,0.0,0.0
1994-07-21 00:00:00-04:00,10.93829368477437,11.343415673099347,10.371122901119403,10.857269287109375,9067,0.0,0.0
1994-07-22 00:00:00-04:00,11.019317626953125,11.019317626953125,10.695220049689798,11.019317626953125,1133,0.0,0.0
1994-07-25 00:00:00-04:00,10.37112087673611,10.938291549682617,10.37112087673611,10.938291549682617,3100,0.0,0.0
1994-07-26 00:00:00-04:00,10.37112087673611,11.019315931532118,10.37112087673611,10.938291549682617,3600,0.0,0.0
1994-07-27 00:00:00-04:00,11.019316586581143,11.019316586581143,10.533170266584916,10.695219039916992,13167,0.0,0.0
1994-07-28 00:00:00-04:00,11.019316494464874,11.019316494464874,10.371121406555176,10.371121406555176,22367,0.0,0.0
1994-07-29 00:00:00-04:00,10.533173805059388,10.533173805059388,10.047027321748955,10.452149391174316,8567,0.0,0.0
1994-08-01 00:00:00-04:00,11.019317442371,11.019317442371,10.047024726867676,10.047024726867676,1333,0.0,0.0
1994-08-02 00:00:00-04:00,10.209076928310706,10.695223448706454,9.722930407914959,9.884979248046875,25600,0.0,0.0
1994-08-03 00:00:00-04:00,9.722929000854492,10.209075450897217,9.07473373413086,9.722929000854492,10833,0.0,0.0
1994-08-04 00:00:00-04:00,9.884975128814954,10.047023901418477,9.398828811004382,9.641901969909668,6200,0.0,0.0
1994-08-05 00:00:00-04:00,9.966000333909065,10.047024726867676,9.398829583198793,10.047024726867676,3833,0.0,0.0
1994-08-08 00:00:00-04:00,10.04702459532639,10.04702459532639,9.398829460144043,9.398829460144043,2600,0.0,0.0
1994-08-09 00:00:00-04:00,9.398829583198793,10.047024726867676,9.398829583198793,10.047024726867676,3900,0.0,0.0
1994-08-10 00:00:00-04:00,9.722927778195112,10.37112296340812,9.398830185588608,9.479854583740234,8833,0.0,0.0
1994-08-11 00:00:00-04:00,10.371123523246952,10.371123523246952,9.722928303044018,9.966001510620117,19900,0.0,0.0
1994-08-12 00:00:00-04:00,10.371123783172123,10.371123783172123,9.722928546723866,10.209074974060059,1367,0.0,0.0
1994-08-15 00:00:00-04:00,10.371121406555176,10.371121406555176,9.722926318645477,10.371121406555176,3633,0.0,0.0
1994-08-16 00:00:00-04:00,10.3711220703125,10.3711220703125,9.884975723266601,10.12804889678955,7000,0.0,0.0
1994-08-17 00:00:00-04:00,9.884975090622902,10.5331701785326,9.884975090622902,10.371121406555176,11967,0.0,0.0
1994-08-18 00:00:00-04:00,10.695219039916992,10.695219039916992,9.884975173256613,10.695219039916992,7600,0.0,0.0
1994-08-19 00:00:00-04:00,10.695218950510025,10.695218950510025,10.371121406555176,10.371121406555176,5133,0.0,0.0
1994-08-22 00:00:00-04:00,10.857268555720049,10.857268555720049,10.371122202478853,10.776244163513184,8200,0.0,0.0
1994-08-23 00:00:00-04:00,10.371121406555176,10.776243336498737,10.371121406555176,10.371121406555176,3733,0.0,0.0
1994-08-24 00:00:00-04:00,11.01931675502232,11.343414306640625,10.533170427594866,11.343414306640625,2633,0.0,0.0
1994-08-25 00:00:00-04:00,10.695219039916992,11.343414133245295,10.695219039916992,10.695219039916992,7000,0.0,0.0
1994-08-26 00:00:00-04:00,11.262390809900621,11.262390809900621,10.695220049689798,11.019317626953125,5000,0.0,0.0
1994-08-29 00:00:00-04:00,10.695218708204187,11.505462549734807,10.695218708204187,11.181365013122559,9733,0.0,0.0
1994-08-30 00:00:00-04:00,11.181367461745802,11.99161148071289,11.181367461745802,11.99161148071289,8633,0.0,0.0
1994-08-31 00:00:00-04:00,11.991609226573596,12.477755546569824,11.667511679909445,12.477755546569824,17067,0.0,0.0
1994-09-01 00:00:00-04:00,12.47775490876216,12.72082805633545,12.153657378664443,12.72082805633545,5867,0.0,0.0
1994-09-02 00:00:00-04:00,12.801853001912434,12.801853001912434,12.153657913208008,12.153657913208008,16633,0.0,0.0
1994-09-06 00:00:00-04:00,12.801853051214861,13.287999369615425,12.639804278414672,13.206974983215332,16633,0.0,0.0
1994-09-07 00:00:00-04:00,12.963901612816787,13.69312107853773,12.963901612816787,13.287999153137207,14000,0.0,0.0
1994-09-08 00:00:00-04:00,13.125950288772584,13.61209659576416,12.801852750778199,12.96390151977539,10000,0.0,0.0
1994-09-09 00:00:00-04:00,12.963901295381435,13.936193892535043,12.963901295381435,13.774145126342773,16667,0.0,0.0
1994-09-12 00:00:00-04:00,13.288002485110436,13.936197728286555,13.125953674316406,13.125953674316406,9967,0.0,0.0
1994-09-13 00:00:00-04:00,13.125951392310007,13.774146522794451,13.125951392310007,13.61209774017334,9467,0.0,0.0
1994-09-14 00:00:00-04:00,13.612096360150506,14.260291424919577,13.28799882776597,13.774145126342773,21133,0.0,0.0
1994-09-15 00:00:00-04:00,13.774148496714506,14.260294914245605,13.450050885027105,14.260294914245605,17367,0.0,0.0
1994-09-16 00:00:00-04:00,14.260293456329697,14.908488613435592,13.936195877776749,14.098244667053223,23067,0.0,0.0
1994-09-19 00:00:00-04:00,14.422341723774753,14.422341723774753,13.936195373535156,13.936195373535156,16900,0.0,0.0
1994-09-20 00:00:00-04:00,14.908489922792212,15.232587529809434,14.260294708757769,14.665416717529297,28100,0.0,0.0
1994-09-21 00:00:00-04:00,14.908485412597656,14.908485412597656,14.260290394658627,14.908485412597656,22667,0.0,0.0
1994-09-22 00:00:00-04:00,14.260294914245605,14.746441331776706,14.260294914245605,14.260294914245605,16267,0.0,0.0
1994-09-23 00:00:00-04:00,14.746439425150554,14.908488210042318,14.341317462921142,14.584390640258789,17267,0.0,0.0
1994-09-26 00:00:00-04:00,14.422343720089305,15.070538943464106,14.260294914245605,14.260294914245605,6733,0.0,0.0
1994-09-27 00:00:00-04:00,14.584393029684549,14.908490652566426,14.260295406802669,14.746441841125488,13800,0.0,0.0
1994-09-28 00:00:00-04:00,14.746439425150554,15.07053699493408,14.584390640258789,14.584390640258789,8600,0.0,0.0
1994-09-29 00:00:00-04:00,14.584387903628143,14.908485412597656,14.584387903628143,14.908485412597656,8667,0.0,0.0
1994-09-30 00:00:00-04:00,14.908485412597656,14.908485412597656,14.422339149143385,14.908485412597656,6400,0.0,0.0
1994-10-03 00:00:00-04:00,14.908486154917124,15.55668120513091,14.58438862981023,14.989510536193848,7833,0.0,0.0
1994-10-04 00:00:00-04:00,14.584390507187953,14.908488074014352,13.936195373535156,13.936195373535156,30600,0.0,0.0
1994-10-05 00:00:00-04:00,14.260292940361554,14.260292940361554,13.288000239882358,13.936195373535156,7500,0.0,0.0
1994-10-06 00:00:00-04:00,13.288002079183405,14.260294914245605,13.288002079183405,14.260294914245605,2267,0.0,0.0
1994-10-07 00:00:00-04:00,14.260292187071682,14.260292187071682,13.612097087659333,13.855170249938965,5933,0.0,0.0
1994-10-10 00:00:00-04:00,13.61209774017334,13.61209774017334,13.61209774017334,13.61209774017334,500,0.0,0.0
1994-10-11 00:00:00-04:00,13.288000239882358,13.936195373535156,12.963902673055959,13.936195373535156,21633,0.0,0.0
1994-10-12 00:00:00-04:00,14.260297527420992,14.908492869576492,13.855175438573804,14.34132194519043,33900,0.0,0.0
1994-10-13 00:00:00-04:00,14.26029307047526,14.908488210042318,14.26029307047526,14.584390640258789,16933,0.0,0.0
1994-10-14 00:00:00-04:00,14.908485412597656,15.23258292156717,14.746436658112898,14.908485412597656,11900,0.0,0.0
1994-10-17 00:00:00-04:00,15.23258613137638,15.556683708639707,14.90848855411305,15.151561737060547,9600,0.0,0.0
1994-10-18 00:00:00-04:00,15.23258292156717,15.23258292156717,14.908485412597656,14.908485412597656,10033,0.0,0.0
1994-10-19 00:00:00-04:00,14.908493493192939,15.556688862462197,14.908493493192939,15.070542335510254,17300,0.0,0.0
1994-10-20 00:00:00-04:00,15.23258292156717,15.23258292156717,14.908485412597656,14.908485412597656,5200,0.0,0.0
1994-10-21 00:00:00-04:00,15.23258864653466,15.23258864653466,14.584393384979993,14.949003219604492,5033,0.0,0.0
1994-10-24 00:00:00-04:00,14.90848802777255,14.90848802777255,13.936195330309124,14.30080509185791,24967,0.0,0.0
1994-10-25 00:00:00-04:00,14.260292940361554,14.584390507187953,13.936195373535156,13.936195373535156,11000,0.0,0.0
1994-10-26 00:00:00-04:00,13.936194637365508,14.260292187071682,13.612097087659333,13.855170249938965,55467,0.0,0.0
1994-10-27 00:00:00-04:00,13.612097087659333,14.260292187071682,13.612097087659333,13.855170249938965,21200,0.0,0.0
1994-10-28 00:00:00-04:00,13.61209748457763,14.260292602890852,13.61209748457763,14.057731628417969,13500,0.0,0.0
1994-10-31 00:00:00-05:00,13.612097764487983,14.30080509185791,13.612097764487983,14.30080509185791,15900,0.0,0.0
1994-11-01 00:00:00-05:00,14.30080509185791,14.90848802777255,14.260292896130267,14.30080509185791,12600,0.0,0.0
1994-11-02 00:00:00-05:00,13.936195330309124,14.58439046195141,13.936195330309124,14.30080509185791,14800,0.0,0.0
1994-11-03 00:00:00-05:00,14.422340393066406,14.422340393066406,14.260291624604985,14.422340393066406,15067,0.0,0.0
1994-11-04 00:00:00-05:00,14.26029433990393,14.584391938538111,14.26029433990393,14.462855339050293,13633,0.0,0.0
1994-11-07 00:00:00-05:00,14.584388957304114,14.584388957304114,13.774145126342773,13.774145126342773,44800,0.0,0.0
1994-11-08 00:00:00-05:00,13.936197302558206,14.584392525933007,13.936197302558206,14.260294914245605,18433,0.0,0.0
1994-11-09 00:00:00-05:00,14.260294914245605,14.584392525933007,13.936197302558206,14.260294914245605,20200,0.0,0.0
1994-11-10 00:00:00-05:00,13.93619704935592,14.260294655154896,13.93619704935592,14.017221450805664,9933,0.0,0.0
1994-11-11 00:00:00-05:00,14.017221450805664,14.260294655154896,13.93619704935592,14.017221450805664,14000,0.0,0.0
1994-11-14 00:00:00-05:00,13.936195305415563,14.260292870657786,13.61209774017334,13.61209774017334,14033,0.0,0.0
1994-11-15 00:00:00-05:00,13.93619704935592,14.260294655154896,13.93619704935592,14.017221450805664,24367,0.0,0.0
1994-11-16 00:00:00-05:00,14.260296237084175,14.260296237084175,13.733637569237315,13.814661979675293,11500,0.0,0.0
1994-11-17 00:00:00-05:00,13.936197497887527,13.936197497887527,13.288002265427641,13.531075477600098,12133,0.0,0.0
1994-11-18 00:00:00-05:00,13.287999153137207,13.612096693457627,12.639804072496368,13.287999153137207,9567,0.0,0.0
1994-11-21 00:00:00-05:00,12.639803981781006,12.96390151977539,12.315706443786622,12.96390151977539,4800,0.0,0.0
1994-11-22 00:00:00-05:00,12.639804430038998,12.639804430038998,11.991609331062639,12.437243461608887,10867,0.0,0.0
1994-11-23 00:00:00-05:00,12.315708387766453,12.437244983698358,11.991610798614703,12.234683990478516,8767,0.0,0.0
1994-11-25 00:00:00-05:00,12.315707280085636,12.63980484008789,12.315707280085636,12.63980484008789,3100,0.0,0.0
1994-11-28 00:00:00-05:00,12.63980484008789,12.963902400090143,12.315707280085636,12.63980484008789,4767,0.0,0.0
1994-11-29 00:00:00-05:00,12.63980484008789,12.63980484008789,12.315707280085636,12.63980484008789,2867,0.0,0.0
1994-11-30 00:00:00-05:00,12.639804229736328,12.639804229736328,12.153657913208008,12.153657913208008,8500,0.0,0.0
1994-12-01 00:00:00-05:00,12.639805930001394,12.639805930001394,11.667513166155134,11.9105863571167,14633,0.0,0.0
1994-12-02 00:00:00-05:00,11.9916094938914,11.9916094938914,11.667511940002441,11.667511940002441,1733,0.0,0.0
1994-12-05 00:00:00-05:00,11.343414306640625,11.343414306640625,11.343414306640625,11.343414306640625,500,0.0,0.0
1994-12-06 00:00:00-05:00,11.667511858258928,11.667511858258928,11.01931675502232,11.343414306640625,6533,0.0,0.0
1994-12-07 00:00:00-05:00,11.343417167663574,12.315710067749023,11.343417167663574,12.315710067749023,11600,0.0,0.0
1994-12-08 00:00:00-05:00,11.99161148071289,12.315709088299725,11.667513873126055,11.99161148071289,13967,0.0,0.0
1994-12-09 00:00:00-05:00,12.315710067749023,12.315710067749023,11.66751480102539,12.315710067749023,23400,0.0,0.0
1994-12-12 00:00:00-05:00,12.315710067749023,12.315710067749023,11.829563617706299,12.315710067749023,26700,0.0,0.0
1994-12-13 00:00:00-05:00,12.63980484008789,12.963902400090143,12.315707280085636,12.63980484008789,12767,0.0,0.0
1994-12-14 00:00:00-05:00,12.963901612816787,13.287999153137207,12.963901612816787,13.287999153137207,5933,0.0,0.0
1994-12-15 00:00:00-05:00,13.287999960092398,13.287999960092398,12.63980484008789,12.63980484008789,2533,0.0,0.0
1994-12-16 00:00:00-05:00,12.96390151977539,12.96390151977539,12.639803981781006,12.96390151977539,12167,0.0,0.0
1994-12-19 00:00:00-05:00,13.287999057769776,13.287999057769776,12.639803981781006,12.96390151977539,4067,0.0,0.0
1994-12-20 00:00:00-05:00,12.963902609688896,13.61209774017334,12.963902609688896,13.61209774017334,15700,0.0,0.0
1994-12-21 00:00:00-05:00,13.61209659576416,13.61209659576416,12.96390151977539,12.96390151977539,8333,0.0,0.0
1994-12-22 00:00:00-05:00,12.96390151977539,12.96390151977539,12.680316174030304,12.96390151977539,3200,0.0,0.0
1994-12-23 00:00:00-05:00,12.963902609688896,13.61209774017334,12.963902609688896,13.61209774017334,1300,0.0,0.0
1994-12-27 00:00:00-05:00,13.612099690870805,14.260294914245605,13.288002079183405,14.260294914245605,4667,0.0,0.0
1994-12-28 00:00:00-05:00,13.936195373535156,13.936195373535156,12.963902673055959,13.936195373535156,25333,0.0,0.0
1994-12-29 00:00:00-05:00,13.61209774017334,13.61209774017334,13.288000174931117,13.61209774017334,15400,0.0,0.0
1994-12-30 00:00:00-05:00,13.612096693457627,13.612096693457627,13.287999153137207,13.287999153137207,6967,0.0,0.0
1995-01-03 00:00:00-05:00,13.287999960092398,13.287999960092398,12.63980484008789,12.63980484008789,8300,0.0,0.0
1995-01-04 00:00:00-05:00,12.396734476089478,12.63980770111084,12.315710067749023,12.315710067749023,42867,0.0,0.0
1995-01-05 00:00:00-05:00,12.315707280085636,12.63980484008789,12.315707280085636,12.63980484008789,20033,0.0,0.0
1995-01-06 00:00:00-05:00,12.437246680259705,12.63980770111084,11.991612434387207,12.315710067749023,12233,0.0,0.0
1995-01-09 00:00:00-05:00,12.396731071472168,12.639804229736328,11.991609141031901,12.153657913208008,9700,0.0,0.0
1995-01-10 00:00:00-05:00,11.991609720083384,12.63980484008789,11.991609720083384,12.63980484008789,7600,0.0,0.0
1995-01-11 00:00:00-05:00,12.315707280085636,12.63980484008789,12.315707280085636,12.63980484008789,13533,0.0,0.0
1995-01-12 00:00:00-05:00,12.96390151977539,13.287999057769776,12.639803981781006,12.96390151977539,15067,0.0,0.0
1995-01-13 00:00:00-05:00,12.315707280085636,12.63980484008789,11.991609720083384,12.63980484008789,8167,0.0,0.0
1995-01-16 00:00:00-05:00,12.963905334472656,12.963905334472656,12.315710067749023,12.315710067749023,9733,0.0,0.0
1995-01-17 00:00:00-05:00,12.315709088299725,12.63980669588656,11.99161148071289,11.99161148071289,8967,0.0,0.0
1995-01-18 00:00:00-05:00,12.63980669588656,12.63980669588656,11.99161148071289,11.99161148071289,14533,0.0,0.0
1995-01-19 00:00:00-05:00,11.99161148071289,11.99161148071289,11.667513873126055,11.99161148071289,5400,0.0,0.0
1995-01-20 00:00:00-05:00,12.315710067749023,12.315710067749023,11.748539209365845,12.315710067749023,45700,0.0,0.0
1995-01-23 00:00:00-05:00,11.991609409877231,11.991609409877231,11.343414306640625,11.343414306640625,16300,0.0,0.0
1995-01-24 00:00:00-05:00,11.667511858258928,11.667511858258928,11.01931675502232,11.343414306640625,6267,0.0,0.0
1995-01-25 00:00:00-05:00,11.383926500592912,11.667511858258928,11.343414306640625,11.343414306640625,3300,0.0,0.0
1995-01-26 00:00:00-05:00,11.383926500592912,11.383926500592912,11.181365530831473,11.343414306640625,2000,0.0,0.0
1995-01-27 00:00:00-05:00,11.019316586581143,11.019316586581143,10.695219039916992,10.695219039916992,9600,0.0,0.0
1995-01-30 00:00:00-05:00,10.695219039916992,11.424438519911332,10.695219039916992,10.695219039916992,17367,0.0,0.0
1995-01-31 00:00:00-05:00,10.695218950510025,10.695218950510025,10.047023862600327,10.371121406555176,14467,0.0,0.0
1995-02-01 00:00:00-05:00,11.019317626953125,11.019317626953125,10.695220049689798,11.019317626953125,11467,0.0,0.0
1995-02-02 00:00:00-05:00,11.019317626953125,11.343415204216452,10.776244444005629,11.019317626953125,10233,0.0,0.0
1995-02-03 00:00:00-05:00,11.019316494464874,11.019316494464874,10.371121406555176,10.371121406555176,10900,0.0,0.0
1995-02-06 00:00:00-05:00,10.371121406555176,11.019316494464874,10.371121406555176,10.371121406555176,10700,0.0,0.0
1995-02-07 00:00:00-05:00,10.695218950510025,10.695218950510025,10.371121406555176,10.371121406555176,9933,0.0,0.0
1995-02-08 00:00:00-05:00,10.37112149325284,10.857267813249067,10.37112149325284,10.695219039916992,18100,0.0,0.0
1995-02-09 00:00:00-05:00,10.695220049689798,11.019317626953125,10.695220049689798,11.019317626953125,7033,0.0,0.0
1995-02-10 00:00:00-05:00,10.695219039916992,11.019316586581143,10.695219039916992,10.695219039916992,11067,0.0,0.0
1995-02-13 00:00:00-05:00,10.695220049689798,11.019317626953125,10.371122472426471,11.019317626953125,8267,0.0,0.0
1995-02-14 00:00:00-05:00,10.695220604371489,11.343415792515216,10.695220604371489,10.816757202148438,7533,0.0,0.0
1995-02-15 00:00:00-05:00,10.73573123325001,11.019316586581143,10.695219039916992,10.695219039916992,3200,0.0,0.0
1995-02-16 00:00:00-05:00,10.695218950510025,10.695218950510025,10.371121406555176,10.371121406555176,14267,0.0,0.0
1995-02-17 00:00:00-05:00,10.37112149325284,11.019316586581143,10.37112149325284,10.695219039916992,3900,0.0,0.0
1995-02-21 00:00:00-05:00,11.019316586581143,11.343414133245295,10.695219039916992,10.695219039916992,11367,0.0,0.0
1995-02-22 00:00:00-05:00,10.81675578526088,11.343414306640625,10.81675578526088,11.343414306640625,3133,0.0,0.0
1995-02-23 00:00:00-05:00,11.343414133245295,11.343414133245295,10.695219039916992,10.695219039916992,5000,0.0,0.0
1995-02-24 00:00:00-05:00,10.857268838321462,11.019317626953125,10.695220049689798,11.019317626953125,1767,0.0,0.0
1995-02-27 00:00:00-05:00,10.695219039916992,10.816755619916048,10.695219039916992,10.695219039916992,6533,0.0,0.0
1995-02-28 00:00:00-05:00,10.695220049689798,11.019317626953125,10.695220049689798,11.019317626953125,1867,0.0,0.0
1995-03-01 00:00:00-05:00,11.019316586581143,11.019316586581143,10.695219039916992,10.695219039916992,20567,0.0,0.0
1995-03-02 00:00:00-05:00,10.57368345821605,11.019317626953125,10.57368345821605,11.019317626953125,6000,0.0,0.0
1995-03-03 00:00:00-05:00,11.019316494464874,11.019316494464874,10.371121406555176,10.371121406555176,5500,0.0,0.0
1995-03-06 00:00:00-05:00,11.019317626953125,11.019317626953125,10.371122472426471,11.019317626953125,4733,0.0,0.0
1995-03-07 00:00:00-05:00,11.01931683222453,11.9916094938914,11.01931683222453,11.667511940002441,30067,0.0,0.0
1995-03-08 00:00:00-05:00,11.9916094938914,11.9916094938914,11.343414386113485,11.667511940002441,16033,0.0,0.0
1995-03-09 00:00:00-05:00,11.66751480102539,12.315710067749023,11.66751480102539,12.315710067749023,8567,0.0,0.0
1995-03-10 00:00:00-05:00,12.315709088299725,12.315709088299725,11.667513873126055,11.99161148071289,11133,0.0,0.0
1995-03-13 00:00:00-05:00,11.991612434387207,12.63980770111084,11.991612434387207,12.315710067749023,6433,0.0,0.0
1995-03-14 00:00:00-05:00,12.315710067749023,12.315710067749023,11.991612434387207,12.315710067749023,11133,0.0,0.0
1995-03-15 00:00:00-05:00,11.991609720083384,12.63980484008789,11.991609720083384,12.63980484008789,6533,0.0,0.0
1995-03-16 00:00:00-05:00,12.315710067749023,12.63980770111084,11.991612434387207,12.315710067749023,3067,0.0,0.0
1995-03-17 00:00:00-05:00,11.991612434387207,12.315710067749023,11.991612434387207,12.315710067749023,7233,0.0,0.0
1995-03-20 00:00:00-05:00,12.63980484008789,12.63980484008789,12.113146305084229,12.63980484008789,2433,0.0,0.0
1995-03-21 00:00:00-05:00,12.315710067749023,12.63980770111084,12.315710067749023,12.315710067749023,30167,0.0,0.0
1995-03-22 00:00:00-05:00,12.639803981781006,13.287999057769776,12.639803981781006,12.96390151977539,12433,0.0,0.0
1995-03-23 00:00:00-05:00,13.288000239882358,13.936195373535156,13.288000239882358,13.936195373535156,15467,0.0,0.0
1995-03-24 00:00:00-05:00,13.612096693457627,13.612096693457627,13.287999153137207,13.287999153137207,15633,0.0,0.0
1995-03-27 00:00:00-05:00,13.612096693457627,13.612096693457627,13.287999153137207,13.287999153137207,5467,0.0,0.0
1995-03-28 00:00:00-05:00,13.612097806708757,13.936195373535156,13.288000239882358,13.936195373535156,13767,0.0,0.0
1995-03-29 00:00:00-05:00,13.936193892535043,14.260291424919577,13.612096360150506,13.774145126342773,16867,0.0,0.0
1995-03-30 00:00:00-05:00,13.936195500691731,14.908488210042318,13.612097930908202,14.584390640258789,24067,0.0,0.0
1995-03-31 00:00:00-05:00,15.556683349609374,15.556683349609374,14.503366247812906,14.584390640258789,31533,0.0,0.0
1995-04-03 00:00:00-04:00,14.584390640258789,15.192073583602905,14.26029307047526,14.584390640258789,16133,0.0,0.0
1995-04-04 00:00:00-04:00,14.260294914245605,14.584392525933007,13.936197302558206,14.260294914245605,10200,0.0,0.0
1995-04-05 00:00:00-04:00,14.908485412597656,14.908485412597656,14.260290394658627,14.908485412597656,23100,0.0,0.0
1995-04-06 00:00:00-04:00,14.908485412597656,15.23258292156717,14.908485412597656,14.908485412597656,18167,0.0,0.0
1995-04-07 00:00:00-04:00,14.908488210042318,14.908488210042318,14.584390640258789,14.584390640258789,9067,0.0,0.0
1995-04-10 00:00:00-04:00,14.26029307047526,14.66541503270467,14.26029307047526,14.584390640258789,11800,0.0,0.0
1995-04-11 00:00:00-04:00,14.260290622711182,15.556680679321289,14.260290622711182,15.556680679321289,12433,0.0,0.0
1995-04-12 00:00:00-04:00,15.556681730309311,15.88077926635742,15.2325841942612,15.880779266357422,20067,0.0,0.0
1995-04-13 00:00:00-04:00,15.556680679321289,15.880778193473816,15.232583165168762,15.556680679321289,30500,0.0,0.0
1995-04-17 00:00:00-04:00,15.880779453352385,16.528974533081055,15.55668191348805,16.528974533081055,28133,0.0,0.0
1995-04-18 00:00:00-04:00,16.528974533081055,16.528974533081055,15.55668191348805,16.528974533081055,22100,0.0,0.0
1995-04-19 00:00:00-04:00,16.204876802405533,16.528974338453644,15.88077926635742,15.880779266357422,18433,0.0,0.0
1995-04-20 00:00:00-04:00,15.88077926635742,16.204876802405533,15.88077926635742,15.880779266357422,15267,0.0,0.0
1995-04-21 00:00:00-04:00,16.204875946044922,16.204875946044922,15.880778427124024,16.204875946044922,19833,0.0,0.0
1995-04-24 00:00:00-04:00,16.204876802405533,16.204876802405533,15.88077926635742,15.880779266357422,5467,0.0,0.0
1995-04-25 00:00:00-04:00,15.88077926635742,16.204876802405533,15.88077926635742,15.880779266357422,26400,0.0,0.0
1995-04-26 00:00:00-04:00,15.880778193473816,16.204875707626343,15.556680679321289,15.556680679321289,19967,0.0,0.0
1995-04-27 00:00:00-04:00,15.597193922315324,15.88077926635742,15.556681730309311,15.880779266357422,17833,0.0,0.0
1995-04-28 00:00:00-04:00,15.597192868590355,15.880778193473816,15.556680679321289,15.556680679321289,8033,0.0,0.0
1995-05-01 00:00:00-04:00,15.88078174048924,16.204879327029836,15.556684153948643,15.678220748901367,19800,0.0,0.0
1995-05-02 00:00:00-04:00,16.204875946044922,16.204875946044922,15.880778427124024,16.204875946044922,9467,0.0,0.0
1995-05-03 00:00:00-04:00,16.20487699321672,16.853072072945388,16.20487699321672,16.528974533081055,55833,0.0,0.0
1995-05-04 00:00:00-04:00,16.20487800011268,16.853073120117188,16.20487800011268,16.853073120117188,9333,0.0,0.0
1995-05-05 00:00:00-04:00,16.853073120117188,17.177170680119442,16.528975560114933,16.853073120117188,28800,0.0,0.0
1995-05-08 00:00:00-04:00,16.85307098388672,16.85307098388672,16.204875946044922,16.204875946044922,24167,0.0,0.0
1995-05-09 00:00:00-04:00,16.204876802405533,16.528974338453644,15.88077926635742,15.880779266357422,16667,0.0,0.0
1995-05-10 00:00:00-04:00,15.880779159584725,15.92129135131836,15.55668162571565,15.92129135131836,6600,0.0,0.0
1995-05-11 00:00:00-04:00,15.880779453352385,16.528974533081055,15.880779453352385,16.528974533081055,15767,0.0,0.0
1995-05-12 00:00:00-04:00,16.20487699321672,17.177169612809724,16.20487699321672,16.528974533081055,14900,0.0,0.0
1995-05-15 00:00:00-04:00,16.528971042273177,17.177165985107422,16.528971042273177,17.177165985107422,4667,0.0,0.0
1995-05-16 00:00:00-04:00,16.8530685136903,17.177165985107422,16.6505075940546,17.177165985107422,5267,0.0,0.0
1995-05-17 00:00:00-04:00,17.177165985107422,17.177165985107422,16.60999541012746,17.177165985107422,8667,0.0,0.0
1995-05-18 00:00:00-04:00,16.853077281605113,17.825370201697716,16.65051625658582,17.379735946655273,16667,0.0,0.0
1995-05-19 00:00:00-04:00,17.17717456817627,17.501272201538086,17.17717456817627,17.501272201538086,9733,0.0,0.0
1995-05-22 00:00:00-04:00,17.501272201538086,18.14946746826172,17.501272201538086,17.501272201538086,8833,0.0,0.0
1995-05-23 00:00:00-04:00,17.501275010542436,17.82537269592285,17.17717732516202,17.82537269592285,9467,0.0,0.0
1995-05-24 00:00:00-04:00,17.177173711485782,19.12175941467285,17.177173711485782,19.12175941467285,23967,0.0,0.0
1995-05-25 00:00:00-04:00,19.1217554326643,19.1217554326643,18.473560333251953,18.473560333251953,14933,0.0,0.0
1995-05-26 00:00:00-04:00,18.797658920288086,19.12175648787926,18.797658920288086,18.797658920288086,18000,0.0,0.0
1995-05-30 00:00:00-04:00,19.12175648787926,19.12175648787926,18.473561352696912,18.797658920288086,5333,0.0,0.0
1995-05-31 00:00:00-04:00,18.797658920288086,18.797658920288086,17.825366217514564,18.797658920288086,32767,0.0,0.0
1995-06-01 00:00:00-04:00,18.797658920288086,18.797658920288086,18.108951589156842,18.797658920288086,6400,0.0,0.0
1995-06-02 00:00:00-04:00,18.79766273498535,18.79766273498535,18.14946746826172,18.14946746826172,8700,0.0,0.0
1995-06-05 00:00:00-04:00,17.825369834899902,18.14946746826172,17.825369834899902,18.14946746826172,17867,0.0,0.0
1995-06-06 00:00:00-04:00,18.14946746826172,18.14946746826172,17.501272201538086,17.501272201538086,17700,0.0,0.0
1995-06-07 00:00:00-04:00,17.825369834899902,18.14946746826172,17.825369834899902,18.14946746826172,5900,0.0,0.0
1995-06-08 00:00:00-04:00,17.8253652338396,18.473560333251953,17.8253652338396,18.473560333251953,7633,0.0,0.0
1995-06-09 00:00:00-04:00,18.473567775038422,19.76995849609375,18.473567775038422,19.76995849609375,15033,0.0,0.0
1995-06-12 00:00:00-04:00,19.7699556350708,19.7699556350708,19.121760368347168,19.445858001708984,12433,0.0,0.0
1995-06-13 00:00:00-04:00,19.445858001708984,19.7699556350708,19.121760368347168,19.445858001708984,24033,0.0,0.0
1995-06-14 00:00:00-04:00,19.769951881900912,20.09404945373535,19.44585431006647,20.09404945373535,17767,0.0,0.0
1995-06-15 00:00:00-04:00,20.41814543984153,21.390438079833984,20.09404789317738,21.390438079833984,31100,0.0,0.0
1995-06-16 00:00:00-04:00,21.39043702345628,21.714534554114707,20.742241962139424,21.06633949279785,34733,0.0,0.0
1995-06-19 00:00:00-04:00,20.742244944852942,22.03863525390625,20.742244944852942,22.03863525390625,19233,0.0,0.0
1995-06-20 00:00:00-04:00,22.038632084773138,22.038632084773138,21.06633949279785,21.06633949279785,20600,0.0,0.0
1995-06-21 00:00:00-04:00,21.39043790102005,21.39043790102005,20.74224281311035,20.74224281311035,26367,0.0,0.0
1995-06-22 00:00:00-04:00,20.742244597404234,20.742244597404234,20.09404945373535,20.09404945373535,12433,0.0,0.0
1995-06-23 00:00:00-04:00,20.094052329895987,20.418149948120117,20.094052329895987,20.418149948120117,4533,0.0,0.0
1995-06-26 00:00:00-04:00,20.418146575927736,20.418146575927736,20.09404901123047,20.2560977935791,10000,0.0,0.0
1995-06-27 00:00:00-04:00,20.418147025569795,20.418147025569795,19.769951881900912,20.09404945373535,13467,0.0,0.0
1995-06-28 00:00:00-04:00,20.09404919065278,20.09404919065278,18.797658920288086,18.797658920288086,17333,0.0,0.0
1995-06-29 00:00:00-04:00,19.12175941467285,19.76995464906854,19.12175941467285,19.12175941467285,10967,0.0,0.0
1995-06-30 00:00:00-04:00,19.445858001708984,19.48637020587921,18.79766273498535,19.445858001708984,26533,0.0,0.0
1995-07-03 00:00:00-04:00,19.121763135566084,19.76995849609375,19.121763135566084,19.76995849609375,2767,0.0,0.0
1995-07-05 00:00:00-04:00,19.7699556350708,20.094053268432617,19.121760368347168,19.445858001708984,15800,0.0,0.0
1995-07-06 00:00:00-04:00,19.44585431006647,20.09404945373535,19.283805524149248,20.09404945373535,75067,0.0,0.0
1995-07-07 00:00:00-04:00,21.06633949279785,21.06633949279785,20.418144431480993,21.06633949279785,86233,0.0,0.0
1995-07-10 00:00:00-04:00,21.0663403570652,21.39043790102005,20.74224281311035,20.74224281311035,28300,0.0,0.0
1995-07-11 00:00:00-04:00,20.418144431480993,21.06633949279785,20.25609566615178,21.06633949279785,12500,0.0,0.0
1995-07-12 00:00:00-04:00,21.39043702345628,22.038632084773138,20.742241962139424,21.06633949279785,34233,0.0,0.0
1995-07-13 00:00:00-04:00,21.390442802792503,21.714540421016633,20.418149948120117,20.418149948120117,9800,0.0,0.0
1995-07-14 00:00:00-04:00,20.4181450572923,21.066340138476182,20.4181450572923,20.823266983032227,22633,0.0,0.0
1995-07-17 00:00:00-04:00,20.944803953170776,21.390438079833984,20.74224298650568,21.390438079833984,7200,0.0,0.0
1995-07-18 00:00:00-04:00,21.0663403570652,21.0663403570652,20.418145269155502,20.74224281311035,18633,0.0,0.0
1995-07-19 00:00:00-04:00,20.742244597404234,21.066342169238673,20.09404945373535,20.09404945373535,17833,0.0,0.0
1995-07-20 00:00:00-04:00,20.094052329895987,20.418149948120117,20.094052329895987,20.418149948120117,13867,0.0,0.0
1995-07-21 00:00:00-04:00,20.418147025569795,20.418147025569795,20.09404945373535,20.09404945373535,9733,0.0,0.0
1995-07-24 00:00:00-04:00,20.742241962139424,21.06633949279785,20.458656622813297,21.06633949279785,8633,0.0,0.0
1995-07-25 00:00:00-04:00,20.458662150398133,21.066345184568373,20.418149948120117,20.418149948120117,2567,0.0,0.0
1995-07-26 00:00:00-04:00,20.458654403686523,20.742239712252477,20.41814221674853,20.458654403686523,5433,0.0,0.0
1995-07-27 00:00:00-04:00,20.418150901794434,20.418150901794434,19.445858001708984,19.445858001708984,5433,0.0,0.0
1995-07-28 00:00:00-04:00,19.445860815829917,20.094056176357583,19.445860815829917,19.76995849609375,17767,0.0,0.0
1995-07-31 00:00:00-04:00,19.76995849609375,20.094056176357583,19.121763135566084,19.76995849609375,10567,0.0,0.0
1995-08-01 00:00:00-04:00,19.769954711671858,20.418149948120117,19.769954711671858,20.418149948120117,9933,0.0,0.0
1995-08-02 00:00:00-04:00,20.418147025569795,20.418147025569795,20.09404945373535,20.09404945373535,7600,0.0,0.0
1995-08-03 00:00:00-04:00,20.418149948120117,20.742247566344247,20.418149948120117,20.418149948120117,9000,0.0,0.0
1995-08-04 00:00:00-04:00,20.742244597404234,21.066342169238673,20.09404945373535,20.09404945373535,5000,0.0,0.0
1995-08-07 00:00:00-04:00,20.094052329895987,20.418149948120117,20.094052329895987,20.418149948120117,2400,0.0,0.0
1995-08-08 00:00:00-04:00,20.418145914793957,21.066341023200113,20.418145914793957,20.499170303344727,24133,0.0,0.0
1995-08-09 00:00:00-04:00,21.066345184568373,21.066345184568373,20.418149948120117,20.418149948120117,13267,0.0,0.0
1995-08-10 00:00:00-04:00,20.74224281311035,21.0663403570652,20.74224281311035,20.74224281311035,17667,0.0,0.0
1995-08-11 00:00:00-04:00,20.742241962139424,21.06633949279785,20.418144431480993,21.06633949279785,17767,0.0,0.0
1995-08-14 00:00:00-04:00,21.390438079833984,21.714535626498133,21.066340533169832,21.390438079833984,14100,0.0,0.0
1995-08-15 00:00:00-04:00,21.714537676642923,22.362732831169577,20.742244944852942,22.03863525390625,21833,0.0,0.0
1995-08-16 00:00:00-04:00,22.038633173162285,22.038633173162285,21.066340533169832,21.390438079833984,12733,0.0,0.0
1995-08-17 00:00:00-04:00,22.03863248963287,22.362730026245117,21.71453495302062,22.362730026245117,15667,0.0,0.0
1995-08-18 00:00:00-04:00,23.01092616489955,23.01092616489955,22.362731061662945,22.68682861328125,12933,0.0,0.0
1995-08-21 00:00:00-04:00,22.686827562857367,23.010925099469613,22.03863248963287,22.362730026245117,4333,0.0,0.0
1995-08-22 00:00:00-04:00,22.362733755538713,22.362733755538713,21.430953182391264,21.71453857421875,7633,0.0,0.0
1995-08-23 00:00:00-04:00,22.03863110028503,22.03863110028503,21.390436067923705,21.43094825744629,5500,0.0,0.0
1995-08-24 00:00:00-04:00,21.714537676642923,22.03863525390625,21.430952296537512,22.03863525390625,4833,0.0,0.0
1995-08-25 00:00:00-04:00,21.836074268116672,22.03863525390625,21.714537676642923,22.03863525390625,4933,0.0,0.0
1995-08-28 00:00:00-04:00,22.03863616487873,22.03863616487873,21.39044098355877,21.71453857421875,6700,0.0,0.0
1995-08-29 00:00:00-04:00,21.71453857421875,22.03863616487873,21.71453857421875,21.71453857421875,4167,0.0,0.0
1995-08-30 00:00:00-04:00,21.714534554114707,21.714534554114707,21.06633949279785,21.06633949279785,18000,0.0,0.0
1995-08-31 00:00:00-04:00,21.06633949279785,21.06633949279785,20.742241962139424,21.06633949279785,3333,0.0,0.0
1995-09-01 00:00:00-04:00,20.742246859681373,20.904295663272634,20.661222457885742,20.661222457885742,5633,0.0,0.0
1995-09-05 00:00:00-04:00,20.094052329895987,20.418149948120117,18.797661856999472,20.418149948120117,31133,0.0,0.0
1995-09-06 00:00:00-04:00,20.74224281311035,21.0663403570652,20.74224281311035,20.74224281311035,17867,0.0,0.0
1995-09-07 00:00:00-04:00,20.742241962139424,21.39043702345628,20.742241962139424,21.06633949279785,8333,0.0,0.0
1995-09-08 00:00:00-04:00,21.390438079833984,21.714535626498133,21.066340533169832,21.390438079833984,5433,0.0,0.0
1995-09-11 00:00:00-04:00,21.066340533169832,21.390438079833984,21.066340533169832,21.390438079833984,4967,0.0,0.0
1995-09-12 00:00:00-04:00,21.066339879796125,22.362730026245117,21.066339879796125,22.362730026245117,11833,0.0,0.0
1995-09-13 00:00:00-04:00,22.686831346198694,22.686831346198694,21.51197758005626,21.71453857421875,11000,0.0,0.0
1995-09-14 00:00:00-04:00,21.390438079833984,21.390438079833984,21.268901499834925,21.390438079833984,38500,0.0,0.0
1995-09-15 00:00:00-04:00,21.39044098355877,21.71453857421875,21.30941658589377,21.71453857421875,3233,0.0,0.0
1995-09-18 00:00:00-04:00,21.390439653127206,21.714537223629137,21.390439653127206,21.51197624206543,5233,0.0,0.0
1995-09-19 00:00:00-04:00,21.55248685316606,21.714535626498133,21.390438079833984,21.390438079833984,10800,0.0,0.0
1995-09-20 00:00:00-04:00,21.390440099379596,22.03863525390625,21.390440099379596,22.03863525390625,7167,0.0,0.0
1995-09-21 00:00:00-04:00,22.038637510289107,22.362735120734534,21.91710090637207,21.91710090637207,3967,0.0,0.0
1995-09-22 00:00:00-04:00,21.71453857421875,22.03863616487873,21.55248977888876,21.71453857421875,11300,0.0,0.0
1995-09-25 00:00:00-04:00,22.038635141915137,22.362732717531536,22.038635141915137,22.079147338867188,2200,0.0,0.0
1995-09-26 00:00:00-04:00,21.836075170716242,22.03863616487873,21.71453857421875,21.71453857421875,51300,0.0,0.0
1995-09-27 00:00:00-04:00,21.714535626498133,21.795560013164174,21.390438079833984,21.390438079833984,733,0.0,0.0
1995-09-28 00:00:00-04:00,21.390440099379596,22.03863525390625,21.390440099379596,22.03863525390625,7367,0.0,0.0
1995-09-29 00:00:00-04:00,22.038639791836083,22.038639791836083,21.79556655883789,21.79556655883789,500,0.0,0.0
1995-10-02 00:00:00-04:00,21.71453857421875,22.03863616487873,21.39044098355877,21.71453857421875,7233,0.0,0.0
1995-10-03 00:00:00-04:00,21.714534554114707,21.714534554114707,21.06633949279785,21.06633949279785,1833,0.0,0.0
1995-10-04 00:00:00-04:00,21.06633949279785,21.106851684130156,21.06633949279785,21.06633949279785,2433,0.0,0.0
1995-10-05 00:00:00-04:00,21.06633949279785,21.06633949279785,20.742241962139424,21.06633949279785,3733,0.0,0.0
1995-10-06 00:00:00-04:00,21.390438079833984,21.714535626498133,21.390438079833984,21.390438079833984,10333,0.0,0.0
1995-10-09 00:00:00-04:00,21.39043790102005,21.39043790102005,20.74224281311035,20.74224281311035,2533,0.0,0.0
1995-10-10 00:00:00-04:00,21.39043702345628,21.39043702345628,20.742241962139424,21.06633949279785,3600,0.0,0.0
1995-10-11 00:00:00-04:00,20.742246512548732,21.066344114307306,20.742246512548732,20.782758712768555,6167,0.0,0.0
1995-10-12 00:00:00-04:00,20.742241962139424,21.06633949279785,20.742241962139424,21.06633949279785,11867,0.0,0.0
1995-10-13 00:00:00-04:00,20.74224281311035,20.782755006104708,20.418145269155502,20.74224281311035,16800,0.0,0.0
1995-10-16 00:00:00-04:00,20.74224281311035,20.74224281311035,20.74224281311035,20.74224281311035,36767,0.0,0.0
1995-10-17 00:00:00-04:00,20.74224281311035,20.74224281311035,20.418145269155502,20.74224281311035,44367,0.0,0.0
1995-10-18 00:00:00-04:00,20.742247566344247,20.742247566344247,20.418149948120117,20.418149948120117,18767,0.0,0.0
1995-10-19 00:00:00-04:00,19.76995849609375,20.094056176357583,19.445860815829917,19.76995849609375,17800,0.0,0.0
1995-10-20 00:00:00-04:00,19.76995849609375,19.76995849609375,19.445860815829917,19.76995849609375,6967,0.0,0.0
1995-10-23 00:00:00-04:00,18.797658920288086,19.12175648787926,18.473561352696912,18.797658920288086,26933,0.0,0.0
1995-10-24 00:00:00-04:00,18.797658920288086,19.12175648787926,18.473561352696912,18.797658920288086,23533,0.0,0.0
1995-10-25 00:00:00-04:00,18.797658920288086,19.12175648787926,18.473561352696912,18.797658920288086,21967,0.0,0.0
1995-10-26 00:00:00-04:00,19.445854055470434,19.445854055470434,18.797658920288086,18.797658920288086,5333,0.0,0.0
1995-10-27 00:00:00-04:00,18.797657882958127,18.797657882958127,17.177170134427254,18.473560333251953,34100,0.0,0.0
1995-10-30 00:00:00-05:00,18.14946278354578,18.473560333251953,17.8253652338396,18.473560333251953,15000,0.0,0.0
1995-10-31 00:00:00-05:00,19.445854055470434,20.418146758243953,18.797658920288086,18.797658920288086,7267,0.0,0.0
1995-11-01 00:00:00-05:00,18.797658920288086,18.797658920288086,18.473561352696912,18.797658920288086,933,0.0,0.0
1995-11-02 00:00:00-05:00,19.12175673823203,20.09404945373535,18.797659166397587,20.09404945373535,13567,0.0,0.0
1995-11-03 00:00:00-05:00,20.418145269155502,21.39043790102005,20.418145269155502,20.74224281311035,27467,0.0,0.0
1995-11-06 00:00:00-05:00,21.06633949279785,21.06633949279785,20.742241962139424,21.06633949279785,13100,0.0,0.0
1995-11-07 00:00:00-05:00,21.390436701291378,21.390436701291378,21.066339175514237,21.187875747680664,19767,0.0,0.0
1995-11-08 00:00:00-05:00,21.066339175514237,21.187875747680664,21.066339175514237,21.187875747680664,4500,0.0,0.0
1995-11-09 00:00:00-05:00,21.39044098355877,22.03863616487873,21.39044098355877,21.71453857421875,22700,0.0,0.0
1995-11-10 00:00:00-05:00,22.362733755538713,22.686831346198694,21.71453857421875,21.71453857421875,68767,0.0,0.0
1995-11-13 00:00:00-05:00,22.038634794131063,22.038634794131063,21.390439653127206,21.51197624206543,35033,0.0,0.0
1995-11-14 00:00:00-05:00,21.39043790102005,21.39043790102005,20.74224281311035,20.74224281311035,6033,0.0,0.0
1995-11-15 00:00:00-05:00,20.74224281311035,20.74224281311035,20.74224281311035,20.74224281311035,4867,0.0,0.0
1995-11-16 00:00:00-05:00,20.742247566344247,20.742247566344247,20.418149948120117,20.418149948120117,1300,0.0,0.0
1995-11-17 00:00:00-05:00,20.418144431480993,21.06633949279785,20.418144431480993,21.06633949279785,18233,0.0,0.0
1995-11-20 00:00:00-05:00,20.74224298650568,22.362730719826438,20.74224298650568,21.390438079833984,51233,0.0,0.0
1995-11-21 00:00:00-05:00,21.71453857421875,21.71453857421875,21.39044098355877,21.71453857421875,10867,0.0,0.0
1995-11-22 00:00:00-05:00,21.714535626498133,21.714535626498133,21.390438079833984,21.390438079833984,2200,0.0,0.0
1995-11-24 00:00:00-05:00,21.390438079833984,21.390438079833984,21.390438079833984,21.390438079833984,0,0.0,0.0
1995-11-27 00:00:00-05:00,21.71453857421875,21.71453857421875,21.39044098355877,21.71453857421875,7800,0.0,0.0
1995-11-28 00:00:00-05:00,22.03863525390625,22.686830408432904,22.03863525390625,22.03863525390625,17233,0.0,0.0
1995-11-29 00:00:00-05:00,21.71453857421875,22.03863616487873,21.39044098355877,21.71453857421875,3133,0.0,0.0
1995-11-30 00:00:00-05:00,21.714535626498133,21.714535626498133,21.066340533169832,21.390438079833984,3900,0.0,0.0
1995-12-01 00:00:00-05:00,21.0663403570652,21.0663403570652,20.74224281311035,20.74224281311035,7133,0.0,0.0
1995-12-04 00:00:00-05:00,20.74224281311035,20.74224281311035,20.74224281311035,20.74224281311035,2267,0.0,0.0
1995-12-05 00:00:00-05:00,21.06633949279785,21.06633949279785,20.742241962139424,21.06633949279785,5467,0.0,0.0
1995-12-06 00:00:00-05:00,21.39043702345628,21.39043702345628,21.06633949279785,21.06633949279785,5800,0.0,0.0
1995-12-07 00:00:00-05:00,21.39043702345628,21.39043702345628,21.06633949279785,21.06633949279785,2800,0.0,0.0
1995-12-08 00:00:00-05:00,21.06633949279785,21.39043702345628,20.742241962139424,21.06633949279785,1300,0.0,0.0
1995-12-11 00:00:00-05:00,21.06633949279785,21.39043702345628,21.06633949279785,21.06633949279785,4700,0.0,0.0
1995-12-12 00:00:00-05:00,21.06633949279785,21.06633949279785,20.742241962139424,21.06633949279785,1067,0.0,0.0
1995-12-13 00:00:00-05:00,20.742247566344247,20.742247566344247,20.418149948120117,20.418149948120117,72667,0.0,0.0
1995-12-14 00:00:00-05:00,20.742244597404234,20.742244597404234,20.09404945373535,20.09404945373535,8367,0.0,0.0
1995-12-15 00:00:00-05:00,20.418147025569795,20.418147025569795,20.09404945373535,20.09404945373535,8133,0.0,0.0
1995-12-18 00:00:00-05:00,20.094052329895987,20.418149948120117,20.094052329895987,20.418149948120117,5433,0.0,0.0
1995-12-19 00:00:00-05:00,20.09404945373535,20.742244597404234,20.09404945373535,20.09404945373535,2733,0.0,0.0
1995-12-20 00:00:00-05:00,20.094052329895987,20.418149948120117,20.094052329895987,20.418149948120117,1167,0.0,0.0
1995-12-21 00:00:00-05:00,20.09404945373535,20.09404945373535,20.09404945373535,20.09404945373535,1533,0.0,0.0
1995-12-22 00:00:00-05:00,20.09404945373535,20.09404945373535,20.09404945373535,20.09404945373535,567,0.0,0.0
1995-12-26 00:00:00-05:00,20.094052329895987,20.418149948120117,20.094052329895987,20.418149948120117,2100,0.0,0.0
1995-12-27 00:00:00-05:00,20.094052329895987,20.418149948120117,20.094052329895987,20.418149948120117,3767,0.0,0.0
1995-12-28 00:00:00-05:00,20.09404945373535,20.09404945373535,20.09404945373535,20.09404945373535,5667,0.0,0.0
1995-12-29 00:00:00-05:00,19.76995849609375,19.76995849609375,19.76995849609375,19.76995849609375,1067,0.0,0.0
1996-01-02 00:00:00-05:00,20.094047725200653,21.0663403570652,20.094047725200653,20.74224281311035,16767,0.0,0.0
1996-01-03 00:00:00-05:00,21.39044098355877,22.03863616487873,21.39044098355877,21.71453857421875,92233,0.0,0.0
1996-01-04 00:00:00-05:00,21.714537676642923,22.362732831169577,21.714537676642923,22.03863525390625,6667,0.0,0.0
1996-01-05 00:00:00-05:00,22.362734923491605,24.307320569012614,22.362734923491605,23.98322296142578,25967,0.0,0.0
1996-01-08 00:00:00-05:00,24.63141817659945,24.63141817659945,23.98322296142578,23.98322296142578,12433,0.0,0.0
1996-01-09 00:00:00-05:00,23.98322296142578,23.98322296142578,23.010930138665277,23.98322296142578,14133,0.0,0.0
1996-01-10 00:00:00-05:00,23.335026700731735,24.63141707299461,23.010929107666016,23.010929107666016,10700,0.0,0.0
1996-01-11 00:00:00-05:00,22.686831514600296,23.335026700731735,22.686831514600296,23.010929107666016,15533,0.0,0.0
1996-01-12 00:00:00-05:00,23.01092632611593,23.335023880004883,23.01092632611593,23.335023880004883,28600,0.0,0.0
1996-01-15 00:00:00-05:00,23.010925099469613,23.335022636081863,22.362730026245117,22.362730026245117,5000,0.0,0.0
1996-01-16 00:00:00-05:00,22.68682877222697,23.335023880004883,22.68682877222697,23.335023880004883,2933,0.0,0.0
1996-01-17 00:00:00-05:00,23.01092632611593,23.335023880004883,23.01092632611593,23.335023880004883,2133,0.0,0.0
1996-01-18 00:00:00-05:00,23.010929107666016,23.335026700731735,23.010929107666016,23.010929107666016,1000,0.0,0.0
1996-01-19 00:00:00-05:00,23.01092632611593,23.335023880004883,23.01092632611593,23.335023880004883,2867,0.0,0.0
1996-01-22 00:00:00-05:00,23.33502774625211,23.98322296142578,23.33502774625211,23.98322296142578,20933,0.0,0.0
1996-01-23 00:00:00-05:00,23.98322188686317,23.98322188686317,23.010929107666016,23.010929107666016,11133,0.0,0.0
1996-01-24 00:00:00-05:00,23.01092632611593,23.335023880004883,23.01092632611593,23.335023880004883,9233,0.0,0.0
1996-01-25 00:00:00-05:00,23.65912073771159,24.307315826416016,23.65912073771159,24.307315826416016,8900,0.0,0.0
1996-01-26 00:00:00-05:00,23.98322296142578,23.98322296142578,23.659125353838945,23.98322296142578,3433,0.0,0.0
1996-01-29 00:00:00-05:00,23.659120559692383,23.659120559692383,23.335023017778788,23.659120559692383,4400,0.0,0.0
1996-01-30 00:00:00-05:00,23.65912143389384,23.65912143389384,23.01092632611593,23.335023880004883,5567,0.0,0.0
1996-01-31 00:00:00-05:00,23.659125353838945,23.98322296142578,23.213491143407047,23.98322296142578,26567,0.0,0.0
1996-02-01 00:00:00-05:00,23.98321845314719,24.95551109313965,23.98321845314719,24.95551109313965,54033,0.0,0.0
1996-02-02 00:00:00-05:00,25.927803225633575,27.548290927235673,25.927803225633575,26.575998306274414,64533,0.0,0.0
1996-02-05 00:00:00-05:00,25.927809727044753,26.251907348632812,25.279614483868635,26.251907348632812,16667,0.0,0.0
1996-02-06 00:00:00-05:00,26.25190596147017,26.25190596147017,25.279613148082387,25.40114974975586,30433,0.0,0.0
1996-02-07 00:00:00-05:00,26.25190830230713,26.576005935668945,24.30732250213623,24.631420135498047,28933,0.0,0.0
1996-02-08 00:00:00-05:00,23.65912073771159,24.307315826416016,23.01092564900716,24.307315826416016,35333,0.0,0.0
1996-02-09 00:00:00-05:00,23.9832189877828,23.9832189877828,23.01092632611593,23.335023880004883,29200,0.0,0.0
1996-02-12 00:00:00-05:00,23.659125353838945,23.98322296142578,23.659125353838945,23.98322296142578,11000,0.0,0.0
1996-02-13 00:00:00-05:00,23.983218282063802,24.307315826416016,23.65912073771159,24.307315826416016,4767,0.0,0.0
1996-02-14 00:00:00-05:00,24.30732250213623,24.631420135498047,23.659127235412598,24.631420135498047,11733,0.0,0.0
1996-02-15 00:00:00-05:00,24.631420135498047,24.631420135498047,24.30732250213623,24.631420135498047,8300,0.0,0.0
1996-02-16 00:00:00-05:00,24.63141337076823,24.63141337076823,23.983218282063802,24.307315826416016,5600,0.0,0.0
1996-02-20 00:00:00-05:00,23.98322296142578,24.955515784186286,23.98322296142578,23.98322296142578,12133,0.0,0.0
1996-02-21 00:00:00-05:00,23.659127235412598,24.955517768859863,23.659127235412598,24.631420135498047,21967,0.0,0.0
1996-02-22 00:00:00-05:00,24.955510915120442,24.955510915120442,24.307315826416016,24.307315826416016,3400,0.0,0.0
1996-02-23 00:00:00-05:00,24.307320569012614,24.307320569012614,23.659125353838945,23.98322296142578,11567,0.0,0.0
1996-02-26 00:00:00-05:00,23.983218282063802,24.307315826416016,23.983218282063802,24.307315826416016,4333,0.0,0.0
1996-02-27 00:00:00-05:00,24.30732250213623,24.631420135498047,24.30732250213623,24.631420135498047,5633,0.0,0.0
1996-02-28 00:00:00-05:00,24.307315826416016,24.307315826416016,23.983218282063802,24.307315826416016,17467,0.0,0.0
1996-02-29 00:00:00-05:00,24.307320569012614,24.307320569012614,23.98322296142578,23.98322296142578,19267,0.0,0.0
1996-03-01 00:00:00-05:00,23.983218101605978,23.983218101605978,23.091949861343593,23.659120559692383,5733,0.0,0.0
1996-03-04 00:00:00-05:00,23.335023716517856,23.335023716517856,22.362731061662945,22.68682861328125,20433,0.0,0.0
1996-03-05 00:00:00-05:00,22.362731061662945,22.68682861328125,22.03863351004464,22.68682861328125,16633,0.0,0.0
1996-03-06 00:00:00-05:00,22.68682861328125,22.68682861328125,22.362731061662945,22.68682861328125,1233,0.0,0.0
1996-03-07 00:00:00-05:00,22.362733921534577,23.010929107666016,22.362733921534577,23.010929107666016,5267,0.0,0.0
1996-03-08 00:00:00-05:00,23.01092798569623,23.01092798569623,22.03863525390625,22.03863525390625,10567,0.0,0.0
1996-03-11 00:00:00-05:00,22.03863616487873,22.03863616487873,21.71453857421875,21.71453857421875,12400,0.0,0.0
1996-03-12 00:00:00-05:00,21.714535626498133,21.714535626498133,21.390438079833984,21.390438079833984,6467,0.0,0.0
1996-03-13 00:00:00-05:00,21.1473669164321,22.03863525390625,21.06634252211627,22.03863525390625,14633,0.0,0.0
1996-03-14 00:00:00-05:00,21.714537676642923,22.362732831169577,21.714537676642923,22.03863525390625,12600,0.0,0.0
1996-03-15 00:00:00-05:00,22.03863525390625,22.03863525390625,22.03863525390625,22.03863525390625,767,0.0,0.0
1996-03-18 00:00:00-05:00,21.71453857421875,22.03863616487873,21.39044098355877,21.71453857421875,17767,0.0,0.0
1996-03-19 00:00:00-05:00,21.714534554114707,21.714534554114707,21.06633949279785,21.06633949279785,4600,0.0,0.0
1996-03-20 00:00:00-05:00,21.0663403570652,21.0663403570652,20.74224281311035,20.74224281311035,11067,0.0,0.0
1996-03-21 00:00:00-05:00,20.418145269155502,21.0663403570652,20.418145269155502,20.74224281311035,12867,0.0,0.0
1996-03-22 00:00:00-05:00,21.066340533169832,21.714535626498133,21.066340533169832,21.390438079833984,5367,0.0,0.0
1996-03-25 00:00:00-05:00,21.39044098355877,22.03863616487873,21.39044098355877,21.71453857421875,3900,0.0,0.0
1996-03-26 00:00:00-05:00,22.686827562857367,23.010925099469613,22.03863248963287,22.362730026245117,24300,0.0,0.0
1996-03-27 00:00:00-05:00,22.686831346198694,22.686831346198694,21.71453857421875,21.71453857421875,13733,0.0,0.0
1996-03-28 00:00:00-05:00,21.714535626498133,21.714535626498133,21.066340533169832,21.390438079833984,5400,0.0,0.0
1996-03-29 00:00:00-05:00,21.714534554114707,21.714534554114707,21.06633949279785,21.06633949279785,7533,0.0,0.0
1996-04-01 00:00:00-05:00,21.39044098355877,21.71453857421875,21.39044098355877,21.71453857421875,3733,0.0,0.0
1996-04-02 00:00:00-05:00,21.714534554114707,21.714534554114707,21.06633949279785,21.06633949279785,2367,0.0,0.0
1996-04-03 00:00:00-05:00,21.066339175514237,21.71453422706852,21.066339175514237,21.187875747680664,8233,0.0,0.0
1996-04-04 00:00:00-05:00,21.39043702345628,21.39043702345628,20.742241962139424,21.06633949279785,6567,0.0,0.0
1996-04-08 00:00:00-04:00,20.74224298650568,21.714535626498133,20.74224298650568,21.390438079833984,27900,0.0,0.0
1996-04-09 00:00:00-04:00,21.390438079833984,21.390438079833984,21.066340533169832,21.390438079833984,13467,0.0,0.0
1996-04-10 00:00:00-04:00,21.39044098355877,21.71453857421875,21.39044098355877,21.71453857421875,15500,0.0,0.0
1996-04-11 00:00:00-04:00,21.714537676642923,22.362732831169577,21.714537676642923,22.03863525390625,11333,0.0,0.0
1996-04-12 00:00:00-04:00,22.03863616487873,22.03863616487873,21.39044098355877,21.71453857421875,8333,0.0,0.0
1996-04-15 00:00:00-04:00,21.714537676642923,22.03863525390625,21.714537676642923,22.03863525390625,9700,0.0,0.0
1996-04-16 00:00:00-04:00,22.079147451064166,22.079147451064166,22.03863525390625,22.03863525390625,4033,0.0,0.0
1996-04-17 00:00:00-04:00,21.71453857421875,21.71453857421875,21.71453857421875,21.71453857421875,2500,0.0,0.0
1996-04-18 00:00:00-04:00,21.714534554114707,21.714534554114707,21.06633949279785,21.06633949279785,2967,0.0,0.0
1996-04-19 00:00:00-04:00,21.39043702345628,21.39043702345628,21.06633949279785,21.06633949279785,1967,0.0,0.0
1996-04-22 00:00:00-04:00,21.39043702345628,21.39043702345628,21.06633949279785,21.06633949279785,1867,0.0,0.0
1996-04-23 00:00:00-04:00,21.066343392898787,21.71453857421875,21.066343392898787,21.71453857421875,2600,0.0,0.0
1996-04-24 00:00:00-04:00,21.39044098355877,21.71453857421875,21.39044098355877,21.71453857421875,600,0.0,0.0
1996-04-25 00:00:00-04:00,21.71453495302062,22.686827562857367,21.71453495302062,22.362730026245117,13700,0.0,0.0
1996-04-26 00:00:00-04:00,22.362730026245117,22.362730026245117,22.03863248963287,22.362730026245117,18533,0.0,0.0
1996-04-29 00:00:00-04:00,22.362730026245117,22.362730026245117,22.03863248963287,22.362730026245117,2933,0.0,0.0
1996-04-30 00:00:00-04:00,22.362731061662945,22.68682861328125,22.362731061662945,22.68682861328125,2300,0.0,0.0
1996-05-01 00:00:00-04:00,22.68682861328125,23.01092616489955,22.68682861328125,22.68682861328125,20300,0.0,0.0
1996-05-02 00:00:00-04:00,23.010929107666016,23.010929107666016,22.686831514600296,23.010929107666016,20500,0.0,0.0
1996-05-03 00:00:00-04:00,23.01092616489955,23.01092616489955,22.68682861328125,22.68682861328125,4067,0.0,0.0
1996-05-06 00:00:00-04:00,22.686831514600296,23.335026700731735,22.686831514600296,23.010929107666016,13300,0.0,0.0
1996-05-07 00:00:00-04:00,23.010925475865193,23.659120559692383,23.010925475865193,23.659120559692383,12200,0.0,0.0
1996-05-08 00:00:00-04:00,23.983218101605978,23.983218101605978,23.335023017778788,23.659120559692383,9067,0.0,0.0
1996-05-09 00:00:00-04:00,23.9832189877828,23.9832189877828,23.01092632611593,23.335023880004883,12233,0.0,0.0
1996-05-10 00:00:00-04:00,23.010929107666016,23.010929107666016,23.010929107666016,23.010929107666016,200,0.0,0.0
1996-05-13 00:00:00-04:00,23.01092616489955,23.01092616489955,22.68682861328125,22.68682861328125,7667,0.0,0.0
1996-05-14 00:00:00-04:00,22.686831514600296,23.010929107666016,22.362733921534577,23.010929107666016,6833,0.0,0.0
1996-05-15 00:00:00-04:00,23.335023880004883,23.335023880004883,23.01092632611593,23.335023880004883,3833,0.0,0.0
1996-05-16 00:00:00-04:00,23.010925099469613,23.010925099469613,22.362730026245117,22.362730026245117,6233,0.0,0.0
1996-05-17 00:00:00-04:00,22.68682861328125,22.68682861328125,22.362731061662945,22.68682861328125,1700,0.0,0.0
1996-05-20 00:00:00-04:00,22.362730026245117,22.362730026245117,22.03863248963287,22.362730026245117,4700,0.0,0.0
1996-05-21 00:00:00-04:00,22.362730026245117,22.362730026245117,21.71453495302062,22.362730026245117,5433,0.0,0.0
1996-05-22 00:00:00-04:00,22.362730026245117,22.686827562857367,22.362730026245117,22.362730026245117,2633,0.0,0.0
1996-05-23 00:00:00-04:00,22.68682861328125,22.68682861328125,22.362731061662945,22.68682861328125,1500,0.0,0.0
1996-05-24 00:00:00-04:00,22.68682861328125,22.68682861328125,22.362731061662945,22.68682861328125,3900,0.0,0.0
1996-05-28 00:00:00-04:00,22.686831514600296,23.010929107666016,22.686831514600296,23.010929107666016,10833,0.0,0.0
1996-05-29 00:00:00-04:00,22.68682861328125,23.01092616489955,22.68682861328125,22.68682861328125,5333,0.0,0.0
1996-05-30 00:00:00-04:00,23.010929107666016,23.010929107666016,22.686831514600296,23.010929107666016,3533,0.0,0.0
1996-05-31 00:00:00-04:00,23.01092632611593,23.335023880004883,22.68682877222697,23.335023880004883,14700,0.0,0.0
1996-06-03 00:00:00-04:00,23.335023880004883,23.335023880004883,23.01092632611593,23.335023880004883,4800,0.0,0.0
1996-06-04 00:00:00-04:00,23.01093123002486,23.01093123002486,22.28171157836914,22.28171157836914,2833,0.0,0.0
1996-06-05 00:00:00-04:00,22.686831346198694,22.686831346198694,21.71453857421875,21.71453857421875,12500,0.0,0.0
1996-06-06 00:00:00-04:00,22.03863298892975,22.03863298892975,20.74224281311035,20.74224281311035,72000,0.0,0.0
1996-06-07 00:00:00-04:00,21.066340533169832,21.390438079833984,20.74224298650568,21.390438079833984,6933,0.0,0.0
1996-06-10 00:00:00-04:00,21.06633949279785,21.06633949279785,20.742241962139424,21.06633949279785,7067,0.0,0.0
1996-06-11 00:00:00-04:00,20.74224281311035,20.74224281311035,20.094047725200653,20.74224281311035,7433,0.0,0.0
1996-06-12 00:00:00-04:00,20.742247566344247,20.742247566344247,20.418149948120117,20.418149948120117,14967,0.0,0.0
1996-06-13 00:00:00-04:00,20.418147025569795,20.418147025569795,19.769951881900912,20.09404945373535,7900,0.0,0.0
1996-06-14 00:00:00-04:00,20.09404945373535,20.09404945373535,19.769951881900912,20.09404945373535,10067,0.0,0.0
1996-06-17 00:00:00-04:00,19.769951881900912,20.09404945373535,19.769951881900912,20.09404945373535,3767,0.0,0.0
1996-06-18 00:00:00-04:00,20.09404945373535,20.09404945373535,20.09404945373535,20.09404945373535,867,0.0,0.0
1996-06-19 00:00:00-04:00,19.76995849609375,20.094056176357583,19.76995849609375,19.76995849609375,4267,0.0,0.0
1996-06-20 00:00:00-04:00,19.85097627485952,20.09404945373535,19.85097627485952,20.09404945373535,2967,0.0,0.0
1996-06-21 00:00:00-04:00,19.76995849609375,20.094056176357583,19.76995849609375,19.76995849609375,400,0.0,0.0
1996-06-24 00:00:00-04:00,19.76995849609375,20.094056176357583,19.445860815829917,19.76995849609375,37133,0.0,0.0
1996-06-25 00:00:00-04:00,20.094056176357583,20.094056176357583,19.445860815829917,19.76995849609375,14733,0.0,0.0
1996-06-26 00:00:00-04:00,19.7699556350708,19.7699556350708,19.445858001708984,19.445858001708984,233,0.0,0.0
1996-06-27 00:00:00-04:00,19.445857031870695,19.445857031870695,19.12175941467285,19.12175941467285,9100,0.0,0.0
1996-06-28 00:00:00-04:00,19.121760368347168,19.445858001708984,19.121760368347168,19.445858001708984,3933,0.0,0.0
1996-07-01 00:00:00-04:00,19.445860815829917,19.76995849609375,19.445860815829917,19.76995849609375,9833,0.0,0.0
1996-07-02 00:00:00-04:00,19.76995849609375,19.76995849609375,19.445860815829917,19.76995849609375,4867,0.0,0.0
1996-07-03 00:00:00-04:00,19.76995464906854,19.76995464906854,19.12175941467285,19.12175941467285,15400,0.0,0.0
1996-07-05 00:00:00-04:00,19.445858001708984,19.445858001708984,19.121760368347168,19.445858001708984,2467,0.0,0.0
1996-07-08 00:00:00-04:00,19.7699556350708,19.7699556350708,19.121760368347168,19.445858001708984,7367,0.0,0.0
1996-07-09 00:00:00-04:00,19.7699556350708,19.7699556350708,18.79766273498535,19.445858001708984,3533,0.0,0.0
1996-07-10 00:00:00-04:00,19.76995849609375,20.094056176357583,19.445860815829917,19.76995849609375,4333,0.0,0.0
1996-07-11 00:00:00-04:00,19.445858001708984,19.7699556350708,19.445858001708984,19.445858001708984,6933,0.0,0.0
1996-07-12 00:00:00-04:00,19.7699556350708,19.7699556350708,19.121760368347168,19.445858001708984,5533,0.0,0.0
1996-07-15 00:00:00-04:00,19.12175648787926,19.445854055470434,18.797658920288086,18.797658920288086,3667,0.0,0.0
1996-07-16 00:00:00-04:00,18.79766273498535,18.79766273498535,18.14946746826172,18.14946746826172,1833,0.0,0.0
1996-07-17 00:00:00-04:00,18.473565101623535,18.473565101623535,18.14946746826172,18.14946746826172,1167,0.0,0.0
1996-07-18 00:00:00-04:00,18.473561352696912,18.797658920288086,18.473561352696912,18.797658920288086,4867,0.0,0.0
1996-07-19 00:00:00-04:00,18.797661797475005,19.12175941467285,18.797661797475005,19.12175941467285,567,0.0,0.0
1996-07-22 00:00:00-04:00,19.12175648787926,19.12175648787926,18.797658920288086,18.797658920288086,1633,0.0,0.0
1996-07-23 00:00:00-04:00,18.797657882958127,18.797657882958127,18.473560333251953,18.473560333251953,1200,0.0,0.0
1996-07-24 00:00:00-04:00,18.14946278354578,18.473560333251953,18.14946278354578,18.473560333251953,5300,0.0,0.0
1996-07-25 00:00:00-04:00,18.149470381303267,18.149470381303267,17.82537269592285,17.82537269592285,3400,0.0,0.0
1996-07-26 00:00:00-04:00,18.14946278354578,18.473560333251953,17.8253652338396,18.473560333251953,4733,0.0,0.0
1996-07-29 00:00:00-04:00,18.473565101623535,18.473565101623535,18.14946746826172,18.14946746826172,1233,0.0,0.0
1996-07-30 00:00:00-04:00,18.473565101623535,18.473565101623535,18.14946746826172,18.14946746826172,2833,0.0,0.0
1996-07-31 00:00:00-04:00,18.473561352696912,18.797658920288086,18.149463785105738,18.797658920288086,1767,0.0,0.0
1996-08-01 00:00:00-04:00,18.797658920288086,18.797658920288086,18.473561352696912,18.797658920288086,5900,0.0,0.0
1996-08-02 00:00:00-04:00,18.797661797475005,19.12175941467285,18.797661797475005,19.12175941467285,5600,0.0,0.0
1996-08-05 00:00:00-04:00,19.76995849609375,20.094056176357583,19.445860815829917,19.76995849609375,10933,0.0,0.0
1996-08-06 00:00:00-04:00,19.76995849609375,19.76995849609375,19.445860815829917,19.76995849609375,5567,0.0,0.0
1996-08-07 00:00:00-04:00,19.76995849609375,19.76995849609375,19.76995849609375,19.76995849609375,1467,0.0,0.0
1996-08-08 00:00:00-04:00,19.76995849609375,19.76995849609375,19.445860815829917,19.76995849609375,1533,0.0,0.0
1996-08-09 00:00:00-04:00,19.7699556350708,19.7699556350708,19.445858001708984,19.445858001708984,2867,0.0,0.0
1996-08-12 00:00:00-04:00,19.121760368347168,19.445858001708984,19.121760368347168,19.445858001708984,4267,0.0,0.0
1996-08-13 00:00:00-04:00,19.12175941467285,19.12175941467285,19.12175941467285,19.12175941467285,6733,0.0,0.0
1996-08-14 00:00:00-04:00,18.797661797475005,19.12175941467285,18.797661797475005,19.12175941467285,967,0.0,0.0
1996-08-15 00:00:00-04:00,18.838172912597656,18.838172912597656,18.838172912597656,18.838172912597656,133,0.0,0.0
1996-08-16 00:00:00-04:00,19.12175648787926,19.12175648787926,18.797658920288086,18.797658920288086,3467,0.0,0.0
1996-08-19 00:00:00-04:00,18.797661797475005,19.12175941467285,18.797661797475005,19.12175941467285,2167,0.0,0.0
1996-08-20 00:00:00-04:00,19.445860815829917,19.76995849609375,19.445860815829917,19.76995849609375,3100,0.0,0.0
1996-08-21 00:00:00-04:00,19.769953346647338,19.769953346647338,19.567392349243164,19.567392349243164,4033,0.0,0.0
1996-08-22 00:00:00-04:00,19.769951881900912,20.09404945373535,19.769951881900912,20.09404945373535,2567,0.0,0.0
1996-08-23 00:00:00-04:00,20.418144431480993,21.06633949279785,20.418144431480993,21.06633949279785,6533,0.0,0.0
1996-08-26 00:00:00-04:00,20.74224298650568,21.390438079833984,20.74224298650568,21.390438079833984,1667,0.0,0.0
1996-08-27 00:00:00-04:00,21.390438079833984,21.714535626498133,21.390438079833984,21.390438079833984,3833,0.0,0.0
1996-08-28 00:00:00-04:00,21.390438079833984,21.390438079833984,21.390438079833984,21.390438079833984,867,0.0,0.0
1996-08-29 00:00:00-04:00,21.39043790102005,21.39043790102005,20.701730620115995,20.74224281311035,4400,0.0,0.0
1996-08-30 00:00:00-04:00,20.418149948120117,20.418149948120117,20.094052329895987,20.418149948120117,3533,0.0,0.0
1996-09-03 00:00:00-04:00,20.418149948120117,20.742247566344247,20.094052329895987,20.418149948120117,2167,0.0,0.0
1996-09-04 00:00:00-04:00,20.09404945373535,20.09404945373535,20.09404945373535,20.09404945373535,200,0.0,0.0
1996-09-05 00:00:00-04:00,20.09404945373535,20.09404945373535,20.09404945373535,20.09404945373535,1467,0.0,0.0
1996-09-06 00:00:00-04:00,20.09404945373535,20.09404945373535,20.09404945373535,20.09404945373535,333,0.0,0.0
1996-09-09 00:00:00-04:00,19.76995464906854,19.76995464906854,18.797661797475005,19.12175941467285,17133,0.0,0.0
1996-09-10 00:00:00-04:00,18.797661797475005,19.12175941467285,18.797661797475005,19.12175941467285,1600,0.0,0.0
1996-09-11 00:00:00-04:00,19.445857031870695,19.445857031870695,19.12175941467285,19.12175941467285,2133,0.0,0.0
1996-09-12 00:00:00-04:00,18.797661797475005,19.12175941467285,18.757149595325277,19.12175941467285,44933,0.0,0.0
1996-09-13 00:00:00-04:00,19.12175941467285,19.76995464906854,19.12175941467285,19.12175941467285,1733,0.0,0.0
1996-09-16 00:00:00-04:00,19.12175941467285,19.12175941467285,19.12175941467285,19.12175941467285,433,0.0,0.0
1996-09-17 00:00:00-04:00,19.121760368347168,19.445858001708984,19.121760368347168,19.445858001708984,1167,0.0,0.0
1996-09-18 00:00:00-04:00,19.12175941467285,19.12175941467285,19.12175941467285,19.12175941467285,1600,0.0,0.0
1996-09-19 00:00:00-04:00,19.12175648787926,19.12175648787926,18.797658920288086,18.797658920288086,13067,0.0,0.0
1996-09-20 00:00:00-04:00,19.12175648787926,19.12175648787926,18.797658920288086,18.797658920288086,7767,0.0,0.0
1996-09-23 00:00:00-04:00,18.473561352696912,18.797658920288086,18.473561352696912,18.797658920288086,1900,0.0,0.0
1996-09-24 00:00:00-04:00,19.12175941467285,19.12175941467285,18.797661797475005,19.12175941467285,4600,0.0,0.0
1996-09-25 00:00:00-04:00,19.12175941467285,19.12175941467285,19.12175941467285,19.12175941467285,33,0.0,0.0
1996-09-26 00:00:00-04:00,18.797658920288086,18.797658920288086,18.473561352696912,18.797658920288086,3900,0.0,0.0
1996-09-27 00:00:00-04:00,18.797658920288086,18.797658920288086,18.797658920288086,18.797658920288086,600,0.0,0.0
1996-09-30 00:00:00-04:00,18.473565101623535,18.473565101623535,17.501272201538086,17.501272201538086,5533,0.0,0.0
1996-10-01 00:00:00-04:00,17.825369834899902,18.14946746826172,17.825369834899902,18.14946746826172,3633,0.0,0.0
1996-10-02 00:00:00-04:00,18.149463785105738,18.797658920288086,18.149463785105738,18.797658920288086,8300,0.0,0.0
1996-10-03 00:00:00-04:00,18.473560333251953,18.797657882958127,18.473560333251953,18.473560333251953,3000,0.0,0.0
1996-10-04 00:00:00-04:00,18.79766273498535,19.445858001708984,18.473565101623535,19.445858001708984,6633,0.0,0.0
1996-10-07 00:00:00-04:00,19.445858001708984,19.445858001708984,19.121760368347168,19.445858001708984,6200,0.0,0.0
1996-10-08 00:00:00-04:00,19.445858001708984,19.7699556350708,19.445858001708984,19.445858001708984,3867,0.0,0.0
1996-10-09 00:00:00-04:00,19.445860815829917,19.76995849609375,19.121763135566084,19.76995849609375,2567,0.0,0.0
1996-10-10 00:00:00-04:00,19.44585431006647,20.09404945373535,19.44585431006647,20.09404945373535,700,0.0,0.0
1996-10-11 00:00:00-04:00,20.094053268432617,20.094053268432617,19.445858001708984,19.445858001708984,2367,0.0,0.0
1996-10-14 00:00:00-04:00,19.445857031870695,19.445857031870695,18.797661797475005,19.12175941467285,6733,0.0,0.0
1996-10-15 00:00:00-04:00,19.445860815829917,19.76995849609375,19.445860815829917,19.76995849609375,1867,0.0,0.0
1996-10-16 00:00:00-04:00,19.445860815829917,19.76995849609375,19.445860815829917,19.76995849609375,167,0.0,0.0
1996-10-17 00:00:00-04:00,19.445857031870695,19.445857031870695,18.797661797475005,19.12175941467285,3733,0.0,0.0
1996-10-18 00:00:00-04:00,19.12175941467285,19.12175941467285,19.12175941467285,19.12175941467285,2467,0.0,0.0
1996-10-21 00:00:00-04:00,19.121763135566084,19.76995849609375,19.121763135566084,19.76995849609375,1100,0.0,0.0
1996-10-22 00:00:00-04:00,19.769951881900912,20.09404945373535,19.769951881900912,20.09404945373535,833,0.0,0.0
1996-10-23 00:00:00-04:00,20.09404945373535,20.09404945373535,20.09404945373535,20.09404945373535,67,0.0,0.0
1996-10-24 00:00:00-04:00,19.445858001708984,19.7699556350708,19.445858001708984,19.445858001708984,10033,0.0,0.0
1996-10-25 00:00:00-04:00,19.445858001708984,19.445858001708984,19.445858001708984,19.445858001708984,233,0.0,0.0
1996-10-28 00:00:00-05:00,19.445857031870695,19.445857031870695,19.12175941467285,19.12175941467285,1500,0.0,0.0
1996-10-29 00:00:00-05:00,19.1217554326643,19.1217554326643,18.473560333251953,18.473560333251953,6300,0.0,0.0
1996-10-30 00:00:00-05:00,18.473561352696912,18.797658920288086,18.473561352696912,18.797658920288086,9767,0.0,0.0
1996-10-31 00:00:00-05:00,19.12175648787926,19.12175648787926,18.797658920288086,18.797658920288086,5833,0.0,0.0
1996-11-01 00:00:00-05:00,18.797657882958127,18.797657882958127,18.473560333251953,18.473560333251953,1933,0.0,0.0
1996-11-04 00:00:00-05:00,18.797661797475005,19.12175941467285,18.797661797475005,19.12175941467285,6467,0.0,0.0
1996-11-05 00:00:00-05:00,18.797661797475005,19.12175941467285,18.797661797475005,19.12175941467285,1267,0.0,0.0
1996-11-06 00:00:00-05:00,18.797658920288086,18.797658920288086,18.797658920288086,18.797658920288086,800,0.0,0.0
1996-11-07 00:00:00-05:00,19.12175648787926,19.12175648787926,18.797658920288086,18.797658920288086,13467,0.0,0.0
1996-11-08 00:00:00-05:00,18.797661797475005,19.12175941467285,18.797661797475005,19.12175941467285,4700,0.0,0.0
1996-11-11 00:00:00-05:00,19.121763135566084,19.76995849609375,19.121763135566084,19.76995849609375,12633,0.0,0.0
1996-11-12 00:00:00-05:00,19.769951881900912,20.418147025569795,19.769951881900912,20.09404945373535,24367,0.0,0.0
1996-11-13 00:00:00-05:00,20.418144431480993,21.39043702345628,20.418144431480993,21.06633949279785,20200,0.0,0.0
1996-11-14 00:00:00-05:00,20.094056176357583,20.094056176357583,19.445860815829917,19.76995849609375,21667,0.0,0.0
1996-11-15 00:00:00-05:00,19.76995849609375,19.76995849609375,19.445860815829917,19.76995849609375,4267,0.0,0.0
1996-11-18 00:00:00-05:00,19.7699556350708,19.7699556350708,19.445858001708984,19.445858001708984,3033,0.0,0.0
1996-11-19 00:00:00-05:00,19.445858001708984,19.445858001708984,19.121760368347168,19.445858001708984,2500,0.0,0.0
1996-11-20 00:00:00-05:00,19.445860815829917,19.76995849609375,19.445860815829917,19.76995849609375,8533,0.0,0.0
1996-11-21 00:00:00-05:00,19.445860815829917,19.76995849609375,19.445860815829917,19.76995849609375,4100,0.0,0.0
1996-11-22 00:00:00-05:00,19.445858001708984,19.7699556350708,19.121760368347168,19.445858001708984,2967,0.0,0.0
1996-11-25 00:00:00-05:00,19.12175941467285,19.445857031870695,19.12175941467285,19.12175941467285,5467,0.0,0.0
1996-11-26 00:00:00-05:00,19.12175648787926,19.12175648787926,18.149463785105738,18.797658920288086,11767,0.0,0.0
1996-11-27 00:00:00-05:00,18.797657882958127,18.797657882958127,18.14946278354578,18.473560333251953,2333,0.0,0.0
1996-11-29 00:00:00-05:00,18.14946746826172,18.473565101623535,17.825369834899902,18.14946746826172,1967,0.0,0.0
1996-12-02 00:00:00-05:00,18.149470381303267,18.149470381303267,17.501275010542436,17.82537269592285,2933,0.0,0.0
1996-12-03 00:00:00-05:00,17.825369834899902,17.825369834899902,17.17717456817627,17.501272201538086,9933,0.0,0.0
1996-12-04 00:00:00-05:00,17.825369834899902,18.14946746826172,17.501272201538086,18.14946746826172,9400,0.0,0.0
1996-12-05 00:00:00-05:00,17.825369834899902,18.473565101623535,17.825369834899902,18.14946746826172,15800,0.0,0.0
1996-12-06 00:00:00-05:00,17.501272201538086,18.14946746826172,17.501272201538086,18.14946746826172,3467,0.0,0.0
1996-12-09 00:00:00-05:00,18.473568066683683,18.473568066683683,17.82537269592285,17.82537269592285,4100,0.0,0.0
1996-12-10 00:00:00-05:00,18.149463785105738,19.12175648787926,18.149463785105738,18.797658920288086,5133,0.0,0.0
1996-12-11 00:00:00-05:00,18.797658920288086,18.797658920288086,18.473561352696912,18.797658920288086,6833,0.0,0.0
1996-12-12 00:00:00-05:00,18.473560333251953,18.473560333251953,18.14946278354578,18.473560333251953,1500,0.0,0.0
1996-12-13 00:00:00-05:00,18.473561352696912,18.797658920288086,18.473561352696912,18.797658920288086,3167,0.0,0.0
1996-12-16 00:00:00-05:00,18.473561352696912,18.797658920288086,18.473561352696912,18.797658920288086,2600,0.0,0.0
1996-12-17 00:00:00-05:00,18.473560333251953,18.473560333251953,17.8253652338396,18.473560333251953,8833,0.0,0.0
1996-12-18 00:00:00-05:00,18.14946746826172,18.14946746826172,18.14946746826172,18.14946746826172,3567,0.0,0.0
1996-12-19 00:00:00-05:00,18.473560333251953,18.473560333251953,18.14946278354578,18.473560333251953,7633,0.0,0.0
1996-12-20 00:00:00-05:00,18.14946278354578,18.473560333251953,18.14946278354578,18.473560333251953,2867,0.0,0.0
1996-12-23 00:00:00-05:00,18.14946278354578,18.473560333251953,18.14946278354578,18.473560333251953,400,0.0,0.0
1996-12-24 00:00:00-05:00,18.473560333251953,18.473560333251953,18.473560333251953,18.473560333251953,0,0.0,0.0
1996-12-26 00:00:00-05:00,18.14946278354578,18.473560333251953,18.14946278354578,18.473560333251953,1000,0.0,0.0
1996-12-27 00:00:00-05:00,18.14946746826172,18.14946746826172,18.14946746826172,18.14946746826172,1267,0.0,0.0
1996-12-30 00:00:00-05:00,18.14946746826172,18.14946746826172,17.825369834899902,18.14946746826172,20133,0.0,0.0
1996-12-31 00:00:00-05:00,18.473560333251953,18.473560333251953,18.14946278354578,18.473560333251953,15633,0.0,0.0
1997-01-02 00:00:00-05:00,18.473560333251953,18.473560333251953,18.14946278354578,18.473560333251953,2167,0.0,0.0
1997-01-03 00:00:00-05:00,17.82537269592285,17.82537269592285,17.501275010542436,17.82537269592285,2600,0.0,0.0
1997-01-06 00:00:00-05:00,18.1494633601262,18.1494633601262,16.853073120117188,16.853073120117188,6533,0.0,0.0
1997-01-07 00:00:00-05:00,17.177165985107422,17.177165985107422,17.177165985107422,17.177165985107422,1300,0.0,0.0
1997-01-08 00:00:00-05:00,17.177170680119442,17.177170680119442,16.528975560114933,16.853073120117188,2800,0.0,0.0
1997-01-09 00:00:00-05:00,17.177165985107422,17.177165985107422,16.8530685136903,17.177165985107422,16233,0.0,0.0
1997-01-10 00:00:00-05:00,17.501272201538086,17.501272201538086,17.17717456817627,17.501272201538086,4267,0.0,0.0
1997-01-13 00:00:00-05:00,17.17717732516202,17.82537269592285,17.17717732516202,17.82537269592285,3333,0.0,0.0
1997-01-14 00:00:00-05:00,17.825360927941663,17.825360927941663,17.177165985107422,17.177165985107422,8000,0.0,0.0
1997-01-15 00:00:00-05:00,17.501272201538086,17.501272201538086,17.17717456817627,17.501272201538086,5800,0.0,0.0
1997-01-16 00:00:00-05:00,17.825369834899902,18.14946746826172,17.825369834899902,18.14946746826172,2733,0.0,0.0
1997-01-17 00:00:00-05:00,18.14946746826172,18.14946746826172,18.14946746826172,18.14946746826172,0,0.0,0.0
1997-01-20 00:00:00-05:00,18.149470381303267,18.149470381303267,17.82537269592285,17.82537269592285,600,0.0,0.0
1997-01-21 00:00:00-05:00,18.14946278354578,18.473560333251953,17.8253652338396,18.473560333251953,3933,0.0,0.0
1997-01-22 00:00:00-05:00,18.149470381303267,18.149470381303267,17.82537269592285,17.82537269592285,967,0.0,0.0
1997-01-23 00:00:00-05:00,17.501275010542436,17.82537269592285,17.501275010542436,17.82537269592285,1333,0.0,0.0
1997-01-24 00:00:00-05:00,18.149470381303267,18.149470381303267,17.501275010542436,17.82537269592285,1133,0.0,0.0
1997-01-27 00:00:00-05:00,18.14946746826172,18.14946746826172,17.825369834899902,18.14946746826172,2933,0.0,0.0
1997-01-28 00:00:00-05:00,17.82537269592285,18.149470381303267,17.82537269592285,17.82537269592285,2500,0.0,0.0
1997-01-29 00:00:00-05:00,17.825369834899902,18.14946746826172,17.825369834899902,18.14946746826172,2633,0.0,0.0
1997-01-30 00:00:00-05:00,17.82537269592285,17.82537269592285,17.82537269592285,17.82537269592285,1033,0.0,0.0
1997-01-31 00:00:00-05:00,17.501272201538086,17.825369834899902,17.17717456817627,17.501272201538086,7600,0.0,0.0
1997-02-03 00:00:00-05:00,17.825369834899902,18.14946746826172,17.501272201538086,17.501272201538086,7467,0.0,0.0
1997-02-04 00:00:00-05:00,17.82537269592285,17.82537269592285,17.501275010542436,17.82537269592285,533,0.0,0.0
1997-02-05 00:00:00-05:00,17.501272201538086,17.501272201538086,17.501272201538086,17.501272201538086,1933,0.0,0.0
1997-02-06 00:00:00-05:00,17.177165985107422,17.177165985107422,16.8530685136903,17.177165985107422,3667,0.0,0.0
1997-02-07 00:00:00-05:00,16.853076934814453,17.501272201538086,16.853076934814453,17.501272201538086,12500,0.0,0.0
1997-02-10 00:00:00-05:00,17.501272201538086,17.501272201538086,17.17717456817627,17.501272201538086,7200,0.0,0.0
1997-02-11 00:00:00-05:00,17.177165985107422,17.177165985107422,16.8530685136903,17.177165985107422,2267,0.0,0.0
1997-02-12 00:00:00-05:00,17.17717456817627,17.501272201538086,16.853076934814453,17.501272201538086,8467,0.0,0.0
1997-02-13 00:00:00-05:00,17.177165985107422,17.177165985107422,17.177165985107422,17.177165985107422,6000,0.0,0.0
1997-02-14 00:00:00-05:00,17.17717456817627,17.501272201538086,17.17717456817627,17.501272201538086,2567,0.0,0.0
1997-02-18 00:00:00-05:00,17.501272201538086,17.501272201538086,17.17717456817627,17.501272201538086,9300,0.0,0.0
1997-02-19 00:00:00-05:00,17.501275010542436,18.149470381303267,17.501275010542436,17.82537269592285,6100,0.0,0.0
1997-02-20 00:00:00-05:00,18.14946278354578,18.473560333251953,17.8253652338396,18.473560333251953,23900,0.0,0.0
1997-02-21 00:00:00-05:00,18.473561352696912,18.797658920288086,18.473561352696912,18.797658920288086,10067,0.0,0.0
1997-02-24 00:00:00-05:00,18.797657882958127,18.797657882958127,18.473560333251953,18.473560333251953,4633,0.0,0.0
1997-02-25 00:00:00-05:00,18.14946278354578,18.473560333251953,18.14946278354578,18.473560333251953,5367,0.0,0.0
1997-02-26 00:00:00-05:00,18.14946278354578,18.473560333251953,18.14946278354578,18.473560333251953,1867,0.0,0.0
1997-02-27 00:00:00-05:00,19.1217554326643,19.1217554326643,18.14946278354578,18.473560333251953,20000,0.0,0.0
1997-02-28 00:00:00-05:00,18.149463785105738,18.797658920288086,18.149463785105738,18.797658920288086,25933,0.0,0.0
1997-03-03 00:00:00-05:00,18.473561352696912,18.797658920288086,18.149463785105738,18.797658920288086,1033,0.0,0.0
1997-03-04 00:00:00-05:00,18.473560333251953,18.473560333251953,18.14946278354578,18.473560333251953,1200,0.0,0.0
1997-03-05 00:00:00-05:00,18.14946746826172,18.14946746826172,17.501272201538086,18.14946746826172,6700,0.0,0.0
1997-03-06 00:00:00-05:00,18.473560333251953,18.473560333251953,18.14946278354578,18.473560333251953,10367,0.0,0.0
1997-03-07 00:00:00-05:00,18.473565101623535,18.473565101623535,18.14946746826172,18.14946746826172,1867,0.0,0.0
1997-03-10 00:00:00-05:00,18.473568066683683,18.473568066683683,17.82537269592285,17.82537269592285,2433,0.0,0.0
1997-03-11 00:00:00-05:00,18.14946746826172,18.14946746826172,17.825369834899902,18.14946746826172,4400,0.0,0.0
1997-03-12 00:00:00-05:00,18.14946746826172,18.14946746826172,17.825369834899902,18.14946746826172,4733,0.0,0.0
1997-03-13 00:00:00-05:00,17.825369834899902,18.14946746826172,17.825369834899902,18.14946746826172,2900,0.0,0.0
1997-03-14 00:00:00-05:00,18.14946746826172,18.14946746826172,17.825369834899902,18.14946746826172,1767,0.0,0.0
1997-03-17 00:00:00-05:00,18.14946746826172,18.14946746826172,17.825369834899902,18.14946746826172,633,0.0,0.0
1997-03-18 00:00:00-05:00,17.825360927941663,17.825360927941663,17.177165985107422,17.177165985107422,4233,0.0,0.0
1997-03-19 00:00:00-05:00,17.50126345652454,17.50126345652454,17.177165985107422,17.177165985107422,32033,0.0,0.0
1997-03-20 00:00:00-05:00,17.50126345652454,17.50126345652454,17.177165985107422,17.177165985107422,2600,0.0,0.0
1997-03-21 00:00:00-05:00,16.8530685136903,17.177165985107422,16.8530685136903,17.177165985107422,1233,0.0,0.0
1997-03-24 00:00:00-05:00,17.177165985107422,17.177165985107422,16.8530685136903,17.177165985107422,1000,0.0,0.0
1997-03-25 00:00:00-05:00,16.8530685136903,17.177165985107422,16.8530685136903,17.177165985107422,2400,0.0,0.0
1997-03-26 00:00:00-05:00,16.8530685136903,17.50126345652454,16.8530685136903,17.177165985107422,5033,0.0,0.0
1997-03-27 00:00:00-05:00,16.853073120117188,17.177170680119442,16.528975560114933,16.853073120117188,1633,0.0,0.0
1997-03-31 00:00:00-05:00,16.853076934814453,17.501272201538086,16.853076934814453,17.501272201538086,12200,0.0,0.0
1997-04-01 00:00:00-05:00,17.17717456817627,17.501272201538086,17.17717456817627,17.501272201538086,6000,0.0,0.0
1997-04-02 00:00:00-05:00,17.501272201538086,17.501272201538086,17.501272201538086,17.501272201538086,2000,0.0,0.0
1997-04-03 00:00:00-05:00,17.17717456817627,17.501272201538086,17.17717456817627,17.501272201538086,1500,0.0,0.0
1997-04-04 00:00:00-05:00,17.177165985107422,17.177165985107422,17.177165985107422,17.177165985107422,67,0.0,0.0
1997-04-07 00:00:00-04:00,17.177170680119442,17.177170680119442,16.528975560114933,16.853073120117188,1100,0.0,0.0
1997-04-08 00:00:00-04:00,16.853073120117188,17.177170680119442,16.528975560114933,16.853073120117188,3233,0.0,0.0
1997-04-09 00:00:00-04:00,16.528974533081055,16.853072072945388,16.528974533081055,16.528974533081055,1500,0.0,0.0
1997-04-10 00:00:00-04:00,16.528975560114933,16.853073120117188,16.528975560114933,16.853073120117188,933,0.0,0.0
1997-04-11 00:00:00-04:00,16.528975560114933,16.853073120117188,16.528975560114933,16.853073120117188,1167,0.0,0.0
1997-04-14 00:00:00-04:00,16.52897346496582,16.85307098388672,15.880778427124024,16.204875946044922,3867,0.0,0.0
1997-04-15 00:00:00-04:00,15.23258292156717,15.23258292156717,14.908485412597656,14.908485412597656,9200,0.0,0.0
1997-04-16 00:00:00-04:00,14.584391675096876,15.232586860656737,14.260294082316946,15.232586860656738,3267,0.0,0.0
1997-04-17 00:00:00-04:00,14.908485412597656,15.23258292156717,14.908485412597656,14.908485412597656,4033,0.0,0.0
1997-04-18 00:00:00-04:00,14.908489267876806,15.232586860656737,14.908489267876806,15.232586860656738,2733,0.0,0.0
1997-04-21 00:00:00-04:00,15.232586860656737,15.232586860656737,15.232586860656737,15.232586860656738,4333,0.0,0.0
1997-04-22 00:00:00-04:00,15.232586860656737,15.232586860656737,14.908489267876806,15.232586860656738,3267,0.0,0.0
1997-04-23 00:00:00-04:00,14.908485412597656,14.908485412597656,14.908485412597656,14.908485412597656,5733,0.0,0.0
1997-04-24 00:00:00-04:00,14.584387903628143,14.908485412597656,14.584387903628143,14.908485412597656,2000,0.0,0.0
1997-04-25 00:00:00-04:00,14.908488210042318,14.908488210042318,14.26029307047526,14.584390640258789,2867,0.0,0.0
1997-04-28 00:00:00-04:00,14.260294914245605,14.260294914245605,13.936197302558206,14.260294914245605,933,0.0,0.0
1997-04-29 00:00:00-04:00,13.936195373535156,14.260292940361554,13.612097806708757,13.936195373535156,1600,0.0,0.0
1997-04-30 00:00:00-04:00,13.612099690870805,14.260294914245605,13.612099690870805,14.260294914245605,11667,0.0,0.0
1997-05-01 00:00:00-04:00,14.260292940361554,14.260292940361554,13.612097806708757,13.936195373535156,1433,0.0,0.0
1997-05-02 00:00:00-04:00,13.936197302558206,14.260294914245605,13.936197302558206,14.260294914245605,3633,0.0,0.0
1997-05-05 00:00:00-04:00,13.936197302558206,14.260294914245605,13.936197302558206,14.260294914245605,3400,0.0,0.0
1997-05-06 00:00:00-04:00,14.584392525933007,14.584392525933007,13.936197302558206,14.260294914245605,4400,0.0,0.0
1997-05-07 00:00:00-04:00,14.584390640258789,14.584390640258789,14.26029307047526,14.584390640258789,4300,0.0,0.0
1997-05-08 00:00:00-04:00,15.23258292156717,15.23258292156717,14.908485412597656,14.908485412597656,4467,0.0,0.0
1997-05-09 00:00:00-04:00,14.908485651016235,15.556680679321289,14.908485651016235,15.556680679321289,2033,0.0,0.0
1997-05-12 00:00:00-04:00,15.556681730309311,16.204876802405533,15.556681730309311,15.880779266357422,20267,0.0,0.0
1997-05-13 00:00:00-04:00,15.880778193473816,16.204875707626343,15.556680679321289,15.556680679321289,9400,0.0,0.0
1997-05-14 00:00:00-04:00,15.556681730309311,16.204876802405533,15.556681730309311,15.880779266357422,9300,0.0,0.0
1997-05-15 00:00:00-04:00,15.88077926635742,15.88077926635742,15.88077926635742,15.880779266357422,500,0.0,0.0
1997-05-16 00:00:00-04:00,15.88077926635742,15.88077926635742,15.556681730309311,15.880779266357422,700,0.0,0.0
1997-05-19 00:00:00-04:00,15.556680679321289,15.556680679321289,15.232583165168762,15.556680679321289,833,0.0,0.0
1997-05-20 00:00:00-04:00,15.556680679321289,15.880778193473816,15.556680679321289,15.556680679321289,4667,0.0,0.0
1997-05-21 00:00:00-04:00,15.556680679321289,15.556680679321289,15.556680679321289,15.556680679321289,333,0.0,0.0
1997-05-22 00:00:00-04:00,15.880778193473816,15.880778193473816,15.556680679321289,15.556680679321289,2133,0.0,0.0
1997-05-23 00:00:00-04:00,15.232583165168762,15.556680679321289,15.232583165168762,15.556680679321289,1367,0.0,0.0
1997-05-27 00:00:00-04:00,15.556684453436668,15.556684453436668,15.232586860656737,15.232586860656738,3533,0.0,0.0
1997-05-28 00:00:00-04:00,15.232583165168762,15.556680679321289,15.232583165168762,15.556680679321289,700,0.0,0.0
1997-05-29 00:00:00-04:00,15.232586860656737,15.232586860656737,14.908489267876806,15.232586860656738,2133,0.0,0.0
1997-05-30 00:00:00-04:00,15.556680679321289,15.556680679321289,15.556680679321289,15.556680679321289,1367,0.0,0.0
1997-06-02 00:00:00-04:00,15.232586860656737,15.232586860656737,15.232586860656737,15.232586860656738,633,0.0,0.0
1997-06-03 00:00:00-04:00,15.232586860656737,15.232586860656737,14.908489267876806,15.232586860656738,1200,0.0,0.0
1997-06-04 00:00:00-04:00,14.908489267876806,15.232586860656737,14.908489267876806,15.232586860656738,900,0.0,0.0
1997-06-05 00:00:00-04:00,14.908489267876806,15.232586860656737,14.908489267876806,15.232586860656738,1833,0.0,0.0
1997-06-06 00:00:00-04:00,14.908485412597656,14.908485412597656,14.908485412597656,14.908485412597656,81133,0.0,0.0
1997-06-09 00:00:00-04:00,15.23258292156717,15.23258292156717,14.584387903628143,14.908485412597656,3767,0.0,0.0
1997-06-10 00:00:00-04:00,14.908488210042318,14.908488210042318,14.26029307047526,14.584390640258789,5433,0.0,0.0
1997-06-11 00:00:00-04:00,14.584390640258789,14.584390640258789,14.584390640258789,14.584390640258789,167,0.0,0.0
1997-06-12 00:00:00-04:00,14.260292940361554,14.584390507187953,13.936195373535156,13.936195373535156,7433,0.0,0.0
1997-06-13 00:00:00-04:00,13.936197302558206,14.584392525933007,13.936197302558206,14.260294914245605,3833,0.0,0.0
1997-06-16 00:00:00-04:00,14.26029307047526,14.584390640258789,14.26029307047526,14.584390640258789,400,0.0,0.0
1997-06-17 00:00:00-04:00,14.260294914245605,14.260294914245605,14.260294914245605,14.260294914245605,733,0.0,0.0
1997-06-18 00:00:00-04:00,14.260291774098466,14.260291774098466,13.287999153137207,13.287999153137207,1400,0.0,0.0
1997-06-19 00:00:00-04:00,13.61209659576416,13.61209659576416,12.96390151977539,12.96390151977539,5467,0.0,0.0
1997-06-20 00:00:00-04:00,12.963904303473395,12.963904303473395,11.99161148071289,11.99161148071289,4600,0.0,0.0
1997-06-23 00:00:00-04:00,11.9916094938914,11.9916094938914,11.667511940002441,11.667511940002441,12400,0.0,0.0
1997-06-24 00:00:00-04:00,11.991609409877231,11.991609409877231,11.343414306640625,11.343414306640625,64200,0.0,0.0
1997-06-25 00:00:00-04:00,11.343414306640625,11.667511858258928,11.181365530831473,11.343414306640625,15667,0.0,0.0
1997-06-26 00:00:00-04:00,11.34341626553922,12.153660284506307,11.34341626553922,11.99161148071289,11833,0.0,0.0
1997-06-27 00:00:00-04:00,11.667511940002441,11.667511940002441,11.505463163057964,11.667511940002441,1567,0.0,0.0
1997-06-30 00:00:00-04:00,11.667511940002441,11.667511940002441,11.181365609169006,11.667511940002441,5633,0.0,0.0
1997-07-01 00:00:00-04:00,11.667511858258928,11.667511858258928,11.343414306640625,11.343414306640625,1767,0.0,0.0
1997-07-02 00:00:00-04:00,11.181365013122559,11.181365013122559,11.181365013122559,11.181365013122559,267,0.0,0.0
1997-07-03 00:00:00-04:00,11.505464553833008,11.505464553833008,11.505464553833008,11.505464553833008,1267,0.0,0.0
1997-07-07 00:00:00-04:00,10.85727228883837,10.85727228883837,9.560881567783042,9.884979248046875,34200,0.0,0.0
1997-07-08 00:00:00-04:00,10.04702459532639,10.04702459532639,9.236780676348456,9.398829460144043,23633,0.0,0.0
1997-07-09 00:00:00-04:00,9.398832727651127,10.047028088178791,8.750637367123463,9.884979248046875,68533,0.0,0.0
1997-07-10 00:00:00-04:00,10.209072634577751,10.371121406555176,10.047023862600327,10.371121406555176,15533,0.0,0.0
1997-07-11 00:00:00-04:00,10.695220491779384,11.019318082439366,10.695220491779384,10.857269287109375,7367,0.0,0.0
1997-07-14 00:00:00-04:00,11.019316494464874,11.019316494464874,10.371121406555176,10.371121406555176,6733,0.0,0.0
1997-07-15 00:00:00-04:00,10.533169746398926,10.69521851172814,10.533169746398926,10.533169746398926,1933,0.0,0.0
1997-07-16 00:00:00-04:00,10.69521851172814,10.857267277057353,10.371120981069712,10.533169746398926,6167,0.0,0.0
1997-07-17 00:00:00-04:00,10.69521888314861,11.829560279846191,10.69521888314861,11.829560279846191,24033,0.0,0.0
1997-07-18 00:00:00-04:00,11.667513873126055,12.153660284506307,11.505465069332638,11.99161148071289,14833,0.0,0.0
1997-07-21 00:00:00-04:00,11.99161148071289,12.153660284506307,11.34341626553922,11.99161148071289,28733,0.0,0.0
1997-07-22 00:00:00-04:00,11.991609141031901,12.477755457560221,11.991609141031901,12.153657913208008,2633,0.0,0.0
1997-07-23 00:00:00-04:00,11.991609050802989,11.991609050802989,11.667511508889394,11.829560279846191,10867,0.0,0.0
1997-07-24 00:00:00-04:00,11.829562676919473,12.153660284506307,11.34341626553922,11.99161148071289,3967,0.0,0.0
1997-07-25 00:00:00-04:00,11.9916094938914,12.153658270835876,11.667511940002441,11.667511940002441,10233,0.0,0.0
1997-07-28 00:00:00-04:00,11.667511508889394,11.991609050802989,11.667511508889394,11.829560279846191,15533,0.0,0.0
1997-07-29 00:00:00-04:00,11.99161148071289,11.99161148071289,11.667513873126055,11.99161148071289,6333,0.0,0.0
1997-07-30 00:00:00-04:00,11.829560368855795,12.153657913208008,11.829560368855795,12.153657913208008,1033,0.0,0.0
1997-07-31 00:00:00-04:00,12.153657913208008,12.153657913208008,11.991609141031901,12.153657913208008,1567,0.0,0.0
1997-08-01 00:00:00-04:00,11.991609050802989,12.153657821759785,11.829560279846191,11.829560279846191,3333,0.0,0.0
1997-08-04 00:00:00-04:00,11.82956071694692,11.82956071694692,11.667511940002441,11.667511940002441,6833,0.0,0.0
1997-08-05 00:00:00-04:00,11.667511940002441,11.667511940002441,11.343414386113485,11.667511940002441,5867,0.0,0.0
1997-08-06 00:00:00-04:00,11.343413966975799,11.829560279846191,11.343413966975799,11.829560279846191,15467,0.0,0.0
1997-08-07 00:00:00-04:00,11.829560279846191,11.991609050802989,11.829560279846191,11.829560279846191,2433,0.0,0.0
1997-08-08 00:00:00-04:00,11.50546282450358,12.315706685384114,11.50546282450358,12.153657913208008,13533,0.0,0.0
1997-08-11 00:00:00-04:00,12.153660284506307,12.153660284506307,11.99161148071289,11.99161148071289,5800,0.0,0.0
1997-08-12 00:00:00-04:00,11.991609050802989,11.991609050802989,11.829560279846191,11.829560279846191,6500,0.0,0.0
1997-08-13 00:00:00-04:00,11.829560279846191,12.153657821759785,11.829560279846191,11.829560279846191,10733,0.0,0.0
1997-08-14 00:00:00-04:00,11.829562676919473,11.99161148071289,11.829562676919473,11.99161148071289,2400,0.0,0.0
1997-08-15 00:00:00-04:00,11.829560279846191,11.991609050802989,11.829560279846191,11.829560279846191,6733,0.0,0.0
1997-08-18 00:00:00-04:00,11.82956071694692,11.82956071694692,11.667511940002441,11.667511940002441,2167,0.0,0.0
1997-08-19 00:00:00-04:00,11.505464553833008,11.505464553833008,11.343415757300148,11.505464553833008,5133,0.0,0.0
1997-08-20 00:00:00-04:00,11.343415757300148,11.505464553833008,11.343415757300148,11.505464553833008,1233,0.0,0.0
1997-08-21 00:00:00-04:00,11.505463082449776,11.505463082449776,11.343414306640625,11.343414306640625,1167,0.0,0.0
1997-08-22 00:00:00-04:00,11.505464553833008,11.667513350365867,11.343415757300148,11.505464553833008,5900,0.0,0.0
1997-08-25 00:00:00-04:00,11.667511940002441,11.667511940002441,11.667511940002441,11.667511940002441,1000,0.0,0.0
1997-08-26 00:00:00-04:00,11.505463082449776,11.505463082449776,11.181365530831473,11.343414306640625,5867,0.0,0.0
1997-08-27 00:00:00-04:00,11.181365530831473,11.343414306640625,11.181365530831473,11.343414306640625,767,0.0,0.0
1997-08-28 00:00:00-04:00,11.181365013122559,11.181365013122559,11.181365013122559,11.181365013122559,1367,0.0,0.0
1997-08-29 00:00:00-04:00,11.181365013122559,11.181365013122559,11.181365013122559,11.181365013122559,67,0.0,0.0
1997-09-02 00:00:00-04:00,11.181365013122559,11.181365013122559,11.019316244816435,11.181365013122559,11333,0.0,0.0
1997-09-03 00:00:00-04:00,10.85726797921317,11.343414306640625,10.85726797921317,11.343414306640625,4000,0.0,0.0
1997-09-04 00:00:00-04:00,11.343414306640625,11.343414306640625,11.343414306640625,11.343414306640625,0,0.0,0.0
1997-09-05 00:00:00-04:00,11.343413781428684,11.343413781428684,11.181365013122559,11.181365013122559,1467,0.0,0.0
1997-09-08 00:00:00-04:00,11.343415673099347,11.343415673099347,10.857269287109375,10.857269287109375,3200,0.0,0.0
1997-09-09 00:00:00-04:00,11.019316244816435,11.181365013122559,11.019316244816435,11.181365013122559,3367,0.0,0.0
1997-09-10 00:00:00-04:00,11.181365013122559,11.181365013122559,11.181365013122559,11.181365013122559,0,0.0,0.0
1997-09-11 00:00:00-04:00,11.181366877769356,11.181366877769356,10.857269287109375,10.857269287109375,2367,0.0,0.0
1997-09-12 00:00:00-04:00,10.857267277057353,10.857267277057353,10.533169746398926,10.533169746398926,3967,0.0,0.0
1997-09-15 00:00:00-04:00,10.371121406555176,10.371121406555176,10.047023862600327,10.371121406555176,6967,0.0,0.0
1997-09-16 00:00:00-04:00,10.371123783172123,10.371123783172123,10.209074974060059,10.209074974060059,1767,0.0,0.0
1997-09-17 00:00:00-04:00,10.047023862600327,10.371121406555176,10.047023862600327,10.371121406555176,5933,0.0,0.0
1997-09-18 00:00:00-04:00,10.371121651785714,11.343414306640625,10.371121651785714,11.343414306640625,52200,0.0,0.0
1997-09-19 00:00:00-04:00,11.667511940002441,11.667511940002441,11.505463163057964,11.667511940002441,11633,0.0,0.0
1997-09-22 00:00:00-04:00,11.667511508889394,11.829560279846191,11.667511508889394,11.829560279846191,2833,0.0,0.0
1997-09-23 00:00:00-04:00,11.99161148071289,11.99161148071289,11.99161148071289,11.99161148071289,2733,0.0,0.0
1997-09-24 00:00:00-04:00,11.829560368855795,12.153657913208008,11.829560368855795,12.153657913208008,6067,0.0,0.0
1997-09-25 00:00:00-04:00,11.991609720083384,12.63980484008789,11.991609720083384,12.63980484008789,9967,0.0,0.0
1997-09-26 00:00:00-04:00,12.639804319901899,12.801853093233975,12.477755546569824,12.477755546569824,8367,0.0,0.0
1997-09-29 00:00:00-04:00,12.639804072496368,13.450047923297417,12.639804072496368,13.287999153137207,14000,0.0,0.0
1997-09-30 00:00:00-04:00,14.098244667053223,14.584391034882644,14.098244667053223,14.098244667053223,37967,0.0,0.0
1997-10-01 00:00:00-04:00,14.584392525933007,15.070538943464106,14.098246108401906,14.260294914245605,16933,0.0,0.0
1997-10-02 00:00:00-04:00,14.260291424919577,14.260291424919577,13.612096360150506,13.774145126342773,6800,0.0,0.0
1997-10-03 00:00:00-04:00,13.774148496714506,14.260294914245605,13.774148496714506,14.260294914245605,5400,0.0,0.0
1997-10-06 00:00:00-04:00,14.260292940361554,14.260292940361554,13.936195373535156,13.936195373535156,4600,0.0,0.0
1997-10-07 00:00:00-04:00,13.61209774017334,13.774146522794451,13.450048957552228,13.61209774017334,3133,0.0,0.0
1997-10-08 00:00:00-04:00,13.6120982992238,14.098244667053223,13.6120982992238,14.098244667053223,14800,0.0,0.0
1997-10-09 00:00:00-04:00,14.260292940361554,14.260292940361554,13.774146590121957,13.936195373535156,25367,0.0,0.0
1997-10-10 00:00:00-04:00,13.936193892535043,13.936193892535043,13.774145126342773,13.774145126342773,8533,0.0,0.0
1997-10-13 00:00:00-04:00,13.612100106698495,13.612100106698495,12.963904863522377,13.125953674316406,1500,0.0,0.0
1997-10-14 00:00:00-04:00,13.288000174931117,13.61209774017334,13.288000174931117,13.61209774017334,3333,0.0,0.0
1997-10-15 00:00:00-04:00,13.450047923297417,13.450047923297417,13.125950382976997,13.287999153137207,1933,0.0,0.0
1997-10-16 00:00:00-04:00,13.287999153137207,13.287999153137207,13.287999153137207,13.287999153137207,933,0.0,0.0
1997-10-17 00:00:00-04:00,13.12595268442661,13.288001482999777,12.639806288707105,12.801855087280273,3367,0.0,0.0
1997-10-20 00:00:00-04:00,12.63980484008789,12.63980484008789,12.63980484008789,12.63980484008789,133,0.0,0.0
1997-10-21 00:00:00-04:00,12.801852750778199,13.125950288772584,12.801852750778199,12.96390151977539,867,0.0,0.0
1997-10-22 00:00:00-04:00,13.125953674316406,13.288002485110436,13.125953674316406,13.125953674316406,1933,0.0,0.0
1997-10-23 00:00:00-04:00,13.450048957552228,13.61209774017334,13.450048957552228,13.61209774017334,18067,0.0,0.0
1997-10-24 00:00:00-04:00,12.801855499679977,12.801855499679977,11.99161148071289,11.99161148071289,4433,0.0,0.0
1997-10-27 00:00:00-05:00,11.019316586581143,11.829560453241522,10.695219039916992,10.695219039916992,14767,0.0,0.0
1997-10-28 00:00:00-05:00,10.047023450411283,10.533169746398926,9.722925919752853,10.533169746398926,22600,0.0,0.0
1997-10-29 00:00:00-05:00,10.857267277057353,10.857267277057353,10.533169746398926,10.533169746398926,12233,0.0,0.0
1997-10-30 00:00:00-05:00,10.533170427594866,11.343414306640625,10.533170427594866,11.343414306640625,8133,0.0,0.0
1997-10-31 00:00:00-05:00,11.019318082439366,11.019318082439366,10.695220491779384,10.857269287109375,733,0.0,0.0
1997-11-03 00:00:00-05:00,11.019316244816435,11.505462549734807,11.019316244816435,11.181365013122559,1300,0.0,0.0
1997-11-04 00:00:00-05:00,11.343414133245295,11.343414133245295,10.695219039916992,10.695219039916992,967,0.0,0.0
1997-11-05 00:00:00-05:00,10.857267277057353,10.857267277057353,10.533169746398926,10.533169746398926,6567,0.0,0.0
1997-11-06 00:00:00-05:00,10.533172592284187,10.533172592284187,10.209074974060059,10.209074974060059,3000,0.0,0.0
1997-11-07 00:00:00-05:00,10.047026634216309,10.047026634216309,9.560880184173584,9.722929000854492,10267,0.0,0.0
1997-11-10 00:00:00-05:00,9.722924739756483,9.722924739756483,9.236778502768658,9.520363807678223,3633,0.0,0.0
1997-11-11 00:00:00-05:00,9.56087824393963,9.722927027735217,9.398829460144043,9.398829460144043,3000,0.0,0.0
1997-11-12 00:00:00-05:00,9.236782550811768,9.236782550811768,8.750636100769043,8.750636100769043,11800,0.0,0.0
1997-11-13 00:00:00-05:00,8.912686347961426,9.074735190651634,8.750637505271218,8.912686347961426,3433,0.0,0.0
1997-11-14 00:00:00-05:00,8.912684917449951,8.912684917449951,8.588587284088135,8.750636100769043,3867,0.0,0.0
1997-11-17 00:00:00-05:00,8.912682900061974,8.912682900061974,7.940390220055213,8.426536560058594,12500,0.0,0.0
1997-11-18 00:00:00-05:00,8.588587284088135,8.750636100769043,8.426538467407227,8.750636100769043,4300,0.0,0.0
1997-11-19 00:00:00-05:00,8.42653549194336,8.750633010864258,8.102437973022461,8.102437973022461,7800,0.0,0.0
1997-11-20 00:00:00-05:00,8.26448673248291,8.26448673248291,7.940389213562012,8.102437973022461,4167,0.0,0.0
1997-11-21 00:00:00-05:00,8.10244083404541,8.750636100769043,7.940392017364502,8.750636100769043,22400,0.0,0.0
1997-11-24 00:00:00-05:00,8.75063172826227,8.75063172826227,8.264485521136589,8.588582992553711,16600,0.0,0.0
1997-11-25 00:00:00-05:00,8.42653425684515,8.75063172826227,8.42653425684515,8.588582992553711,3200,0.0,0.0
1997-11-26 00:00:00-05:00,8.426537412278195,8.426537412278195,7.130147041158473,7.616293430328369,17600,0.0,0.0
1997-11-28 00:00:00-05:00,7.292193951814071,7.616291460783585,7.292193951814071,7.454242706298828,2500,0.0,0.0
1997-12-01 00:00:00-05:00,7.454244633938403,7.616293430328368,6.968098244768507,7.616293430328369,3400,0.0,0.0
1997-12-02 00:00:00-05:00,7.616293430328368,7.778342226718334,7.454244633938403,7.616293430328369,1667,0.0,0.0
1997-12-03 00:00:00-05:00,7.454244105021159,7.454244105021159,7.13014653523763,7.2921953201293945,3100,0.0,0.0
1997-12-04 00:00:00-05:00,7.292195217950003,7.292195217950003,6.80604887008667,6.80604887008667,27267,0.0,0.0
1997-12-05 00:00:00-05:00,6.968096554279327,7.940389096736908,6.806047797203064,7.7783403396606445,13433,0.0,0.0
1997-12-08 00:00:00-05:00,7.778342226718334,8.102439819498265,7.292195837548438,7.616293430328369,9367,0.0,0.0
1997-12-09 00:00:00-05:00,7.292196262966503,7.292196262966503,6.968098651279103,7.130147457122803,7533,0.0,0.0
1997-12-10 00:00:00-05:00,7.778341674804687,7.778341674804687,7.13014653523763,7.2921953201293945,7367,0.0,0.0
1997-12-11 00:00:00-05:00,7.130147457122803,7.130147457122803,7.130147457122803,7.130147457122803,4067,0.0,0.0
1997-12-12 00:00:00-05:00,7.616291582584381,7.7783403396606445,7.454242825508118,7.7783403396606445,12233,0.0,0.0
1997-12-15 00:00:00-05:00,7.7783403396606445,7.940389096736908,7.616291582584381,7.7783403396606445,4233,0.0,0.0
1997-12-16 00:00:00-05:00,7.7783403396606445,7.940389096736908,7.616291582584381,7.7783403396606445,11067,0.0,0.0
1997-12-17 00:00:00-05:00,8.10244083404541,8.750636100769043,8.10244083404541,8.750636100769043,5367,0.0,0.0
1997-12-18 00:00:00-05:00,8.750633576337028,8.750633576337028,7.778340956744025,8.264487266540527,7033,0.0,0.0
1997-12-19 00:00:00-05:00,8.26448673248291,8.26448673248291,8.102437973022461,8.102437973022461,5633,0.0,0.0
1997-12-22 00:00:00-05:00,7.940389213562012,8.26448673248291,7.940389213562012,8.102437973022461,10400,0.0,0.0
1997-12-23 00:00:00-05:00,8.264487780057467,8.426536560058594,8.264487780057467,8.426536560058594,10833,0.0,0.0
1997-12-24 00:00:00-05:00,8.426536036472694,8.426536036472694,8.10243849660836,8.264487266540527,22367,0.0,0.0
1997-12-26 00:00:00-05:00,8.426536036472694,8.426536036472694,8.264487266540527,8.264487266540527,633,0.0,0.0
1997-12-29 00:00:00-05:00,8.426536036472694,8.588584806404862,8.10243849660836,8.264487266540527,22667,0.0,0.0
1997-12-30 00:00:00-05:00,8.10243900005634,8.426536560058594,8.10243900005634,8.426536560058594,11100,0.0,0.0
1997-12-31 00:00:00-05:00,8.264490977200595,8.912686347961426,8.264490977200595,8.912686347961426,10700,0.0,0.0
1998-01-02 00:00:00-05:00,8.75063172826227,8.75063172826227,8.588582992553711,8.588582992553711,933,0.0,0.0
1998-01-05 00:00:00-05:00,8.426536036472694,8.426536036472694,8.10243849660836,8.264487266540527,5833,0.0,0.0
1998-01-06 00:00:00-05:00,8.264487169226822,8.264487169226822,7.94038963317871,7.940389633178711,1200,0.0,0.0
1998-01-07 00:00:00-05:00,8.10243849660836,8.264487266540527,8.10243849660836,8.264487266540527,1000,0.0,0.0
1998-01-08 00:00:00-05:00,8.264487169226822,8.264487169226822,7.7783408651546555,7.940389633178711,13567,0.0,0.0
1998-01-09 00:00:00-05:00,7.778341674804687,7.778341674804687,7.2921953201293945,7.2921953201293945,21400,0.0,0.0
1998-01-12 00:00:00-05:00,7.13014653523763,7.2921953201293945,7.13014653523763,7.2921953201293945,17700,0.0,0.0
1998-01-13 00:00:00-05:00,7.292194068431854,7.7783403396606445,7.292194068431854,7.7783403396606445,8700,0.0,0.0
1998-01-14 00:00:00-05:00,7.7783403396606445,8.102437853813171,7.7783403396606445,7.7783403396606445,3833,0.0,0.0
1998-01-15 00:00:00-05:00,7.778340454101563,8.102437973022461,7.616291694641113,8.102437973022461,5933,0.0,0.0
1998-01-16 00:00:00-05:00,8.426536560058594,8.629097535060001,8.264487780057467,8.426536560058594,11700,0.0,0.0
1998-01-20 00:00:00-05:00,8.10243849660836,8.426536036472694,7.940389726676193,8.264487266540527,4533,0.0,0.0
1998-01-21 00:00:00-05:00,8.264487780057467,8.426536560058594,8.264487780057467,8.426536560058594,5533,0.0,0.0
1998-01-22 00:00:00-05:00,8.588582992553711,8.588582992553711,8.42653425684515,8.588582992553711,2667,0.0,0.0
1998-01-23 00:00:00-05:00,8.750636100769043,9.722929000854492,8.750636100769043,9.722929000854492,25600,0.0,0.0
1998-01-26 00:00:00-05:00,10.371125768442623,10.695223448706454,9.884979248046875,9.884979248046875,31267,0.0,0.0
1998-01-27 00:00:00-05:00,10.047028088178791,10.209076928310706,9.884979248046875,9.884979248046875,9100,0.0,0.0
1998-01-28 00:00:00-05:00,9.884975173256613,10.695219039916992,9.884975173256613,10.695219039916992,8233,0.0,0.0
1998-01-29 00:00:00-05:00,10.5331701785326,10.5331701785326,10.209072634577751,10.371121406555176,4267,0.0,0.0
1998-01-30 00:00:00-05:00,10.371122298702117,10.371122298702117,10.047024726867676,10.047024726867676,2333,0.0,0.0
1998-02-02 00:00:00-05:00,9.8849778175354,9.8849778175354,9.722929000854492,9.722929000854492,2033,0.0,0.0
1998-02-03 00:00:00-05:00,9.560881718722257,9.560881718722257,8.58858866258101,8.912686347961426,8433,0.0,0.0
1998-02-04 00:00:00-05:00,8.912683108757282,9.722927027735217,8.912683108757282,9.398829460144043,3133,0.0,0.0
1998-02-05 00:00:00-05:00,9.236780676348456,9.56087824393963,9.074731892552869,9.398829460144043,5067,0.0,0.0
1998-02-06 00:00:00-05:00,9.398829460144043,9.641902635837424,9.236780676348456,9.398829460144043,3967,0.0,0.0
1998-02-09 00:00:00-05:00,9.398829460144043,9.398829460144043,9.398829460144043,9.398829460144043,0,0.0,0.0
1998-02-10 00:00:00-05:00,9.56087824393963,9.56087824393963,9.398829460144043,9.398829460144043,13233,0.0,0.0
1998-02-11 00:00:00-05:00,10.371121590597587,10.371121590597587,9.236780166625977,9.236780166625977,60400,0.0,0.0
1998-02-12 00:00:00-05:00,9.398831367492676,9.722929000854492,9.236782550811768,9.722929000854492,7267,0.0,0.0
1998-02-13 00:00:00-05:00,9.722929000854492,9.8849778175354,9.560880184173584,9.722929000854492,12433,0.0,0.0
1998-02-17 00:00:00-05:00,9.884975266038325,9.884975266038325,9.236780166625977,9.236780166625977,16733,0.0,0.0
1998-02-18 00:00:00-05:00,9.236780676348456,9.398829460144043,9.074731892552869,9.398829460144043,21100,0.0,0.0
1998-02-19 00:00:00-05:00,9.398830898737502,9.560879707336426,9.398830898737502,9.560879707336426,4933,0.0,0.0
1998-02-20 00:00:00-05:00,9.236780166625977,9.398828941479064,9.236780166625977,9.236780166625977,3900,0.0,0.0
1998-02-23 00:00:00-05:00,9.074735190651634,9.074735190651634,8.912686347961426,8.912686347961426,2067,0.0,0.0
1998-02-24 00:00:00-05:00,8.912686347961426,9.074735190651634,8.912686347961426,8.912686347961426,533,0.0,0.0
1998-02-25 00:00:00-05:00,8.912686347961426,8.912686347961426,8.912686347961426,8.912686347961426,300,0.0,0.0
1998-02-26 00:00:00-05:00,8.9126826169198,9.236780166625977,8.9126826169198,9.236780166625977,9833,0.0,0.0
1998-02-27 00:00:00-05:00,9.074731892552869,9.398829460144043,9.074731892552869,9.398829460144043,3067,0.0,0.0
1998-03-02 00:00:00-05:00,9.398829460144043,9.398829460144043,9.236780676348456,9.398829460144043,3267,0.0,0.0
1998-03-03 00:00:00-05:00,8.912683108757282,9.398829460144043,8.912683108757282,9.398829460144043,12133,0.0,0.0
1998-03-04 00:00:00-05:00,9.236780676348456,9.398829460144043,9.236780676348456,9.398829460144043,500,0.0,0.0
1998-03-05 00:00:00-05:00,9.236780166625977,9.236780166625977,9.07473139177289,9.236780166625977,10433,0.0,0.0
1998-03-06 00:00:00-05:00,9.236780166625977,9.236780166625977,9.236780166625977,9.236780166625977,13967,0.0,0.0
1998-03-09 00:00:00-05:00,9.398829460144043,9.398829460144043,9.236780676348456,9.398829460144043,9000,0.0,0.0
1998-03-10 00:00:00-05:00,9.398829460144043,9.56087824393963,9.236780676348456,9.398829460144043,9333,0.0,0.0
1998-03-11 00:00:00-05:00,9.560880184173584,9.722929000854492,9.398831367492676,9.722929000854492,30800,0.0,0.0
1998-03-12 00:00:00-05:00,9.722929000854492,9.722929000854492,9.560880184173584,9.722929000854492,3067,0.0,0.0
1998-03-13 00:00:00-05:00,9.722930407914959,10.047028088178791,9.560881567783042,9.884979248046875,34800,0.0,0.0
1998-03-16 00:00:00-05:00,9.722930407914959,9.884979248046875,9.722930407914959,9.884979248046875,14100,0.0,0.0
1998-03-17 00:00:00-05:00,10.04702459532639,10.04702459532639,9.398829460144043,9.398829460144043,20433,0.0,0.0
1998-03-18 00:00:00-05:00,9.23678209013858,9.722928515935347,9.23678209013858,9.560879707336426,51167,0.0,0.0
1998-03-19 00:00:00-05:00,9.398829460144043,9.398829460144043,8.912683108757282,9.398829460144043,10967,0.0,0.0
1998-03-20 00:00:00-05:00,9.56087824393963,9.722927027735217,9.236780676348456,9.398829460144043,25800,0.0,0.0
1998-03-23 00:00:00-05:00,9.398831367492676,9.8849778175354,9.398831367492676,9.722929000854492,20367,0.0,0.0
1998-03-24 00:00:00-05:00,10.047028088178791,10.209076928310706,9.884979248046875,9.884979248046875,34733,0.0,0.0
1998-03-25 00:00:00-05:00,9.884979248046875,10.047028088178791,9.722930407914959,9.884979248046875,8933,0.0,0.0
1998-03-26 00:00:00-05:00,9.88497651512943,10.857269287109375,9.72292771979944,10.857269287109375,13300,0.0,0.0
1998-03-27 00:00:00-05:00,10.695218708204187,11.505462549734807,10.695218708204187,11.181365013122559,49533,0.0,0.0
1998-03-30 00:00:00-05:00,11.181365359913219,11.181365359913219,10.695219039916992,10.695219039916992,20833,0.0,0.0
1998-03-31 00:00:00-05:00,10.371120981069712,10.69521851172814,10.371120981069712,10.533169746398926,11367,0.0,0.0
1998-04-01 00:00:00-05:00,10.695218950510025,10.695218950510025,10.209072634577751,10.371121406555176,21067,0.0,0.0
1998-04-02 00:00:00-05:00,10.533170266584916,11.019316586581143,10.533170266584916,10.695219039916992,18200,0.0,0.0
1998-04-03 00:00:00-05:00,11.343414386113485,11.667511940002441,11.343414386113485,11.667511940002441,61567,0.0,0.0
1998-04-06 00:00:00-04:00,12.963904303473395,12.963904303473395,11.99161148071289,11.99161148071289,39000,0.0,0.0
1998-04-07 00:00:00-04:00,11.991609050802989,11.991609050802989,11.505462737932596,11.829560279846191,17000,0.0,0.0
1998-04-08 00:00:00-04:00,11.829562676919473,11.99161148071289,11.34341626553922,11.99161148071289,14500,0.0,0.0
1998-04-09 00:00:00-04:00,11.829560279846191,12.153657821759785,11.667511508889394,11.829560279846191,12100,0.0,0.0
1998-04-13 00:00:00-04:00,12.153657913208008,12.315706685384114,11.991609141031901,12.153657913208008,10000,0.0,0.0
1998-04-14 00:00:00-04:00,11.991609050802989,11.991609050802989,11.829560279846191,11.829560279846191,5667,0.0,0.0
1998-04-15 00:00:00-04:00,11.667511940002441,11.667511940002441,11.505463163057964,11.667511940002441,3067,0.0,0.0
1998-04-16 00:00:00-04:00,11.505464553833008,11.505464553833008,11.343415757300148,11.505464553833008,1700,0.0,0.0
1998-04-17 00:00:00-04:00,11.505462549734807,11.505462549734807,11.181365013122559,11.181365013122559,4100,0.0,0.0
1998-04-20 00:00:00-04:00,11.343415757300148,11.667513350365867,11.343415757300148,11.505464553833008,14067,0.0,0.0
1998-04-21 00:00:00-04:00,11.505465984344482,12.63980770111084,11.505465984344482,12.315710067749023,140000,0.0,0.0
1998-04-22 00:00:00-04:00,12.477756060086763,12.801853620089016,12.315707280085636,12.63980484008789,17233,0.0,0.0
1998-04-23 00:00:00-04:00,12.801855087280273,12.96390388585344,12.639806288707105,12.801855087280273,17033,0.0,0.0
1998-04-24 00:00:00-04:00,12.63980669588656,12.63980669588656,11.829562676919473,11.99161148071289,19833,0.0,0.0
1998-04-27 00:00:00-04:00,11.667511508889394,11.829560279846191,11.343413966975799,11.829560279846191,14000,0.0,0.0
1998-04-28 00:00:00-04:00,11.667511940002441,11.667511940002441,11.505463163057964,11.667511940002441,2567,0.0,0.0
1998-04-29 00:00:00-04:00,11.991609141031901,12.315706685384114,11.991609141031901,12.153657913208008,60633,0.0,0.0
1998-04-30 00:00:00-04:00,12.47775536367338,12.639804134630177,11.667511508889394,11.829560279846191,4667,0.0,0.0
1998-05-01 00:00:00-04:00,12.153657913208008,12.153657913208008,11.667511596679688,12.153657913208008,4533,0.0,0.0
1998-05-04 00:00:00-04:00,12.315710067749023,12.63980770111084,11.991612434387207,12.315710067749023,19967,0.0,0.0
1998-05-05 00:00:00-04:00,12.153661251068115,12.315710067749023,11.991612434387207,12.315710067749023,967,0.0,0.0
1998-05-06 00:00:00-04:00,11.829562676919473,12.153660284506307,11.667513873126055,11.99161148071289,2833,0.0,0.0
1998-05-07 00:00:00-04:00,11.82956071694692,11.82956071694692,11.505463163057964,11.667511940002441,3633,0.0,0.0
1998-05-08 00:00:00-04:00,11.505463163057964,11.9916094938914,11.505463163057964,11.667511940002441,9100,0.0,0.0
1998-05-11 00:00:00-04:00,11.991609141031901,12.153657913208008,11.829560368855795,12.153657913208008,13000,0.0,0.0
1998-05-12 00:00:00-04:00,12.153657821759785,12.153657821759785,11.829560279846191,11.829560279846191,2467,0.0,0.0
1998-05-13 00:00:00-04:00,11.505463163057964,11.82956071694692,11.505463163057964,11.667511940002441,4433,0.0,0.0
1998-05-14 00:00:00-04:00,11.667511940002441,11.667511940002441,11.505463163057964,11.667511940002441,14633,0.0,0.0
1998-05-15 00:00:00-04:00,11.829562676919473,11.99161148071289,11.667513873126055,11.99161148071289,5233,0.0,0.0
1998-05-18 00:00:00-04:00,11.829560279846191,11.991609050802989,11.829560279846191,11.829560279846191,4867,0.0,0.0
1998-05-19 00:00:00-04:00,11.667511508889394,11.829560279846191,11.505462737932596,11.829560279846191,7533,0.0,0.0
1998-05-20 00:00:00-04:00,11.667511940002441,11.667511940002441,11.667511940002441,11.667511940002441,333,0.0,0.0
1998-05-21 00:00:00-04:00,11.829560368855795,12.153657913208008,11.829560368855795,12.153657913208008,11400,0.0,0.0
1998-05-22 00:00:00-04:00,11.991609050802989,11.991609050802989,11.829560279846191,11.829560279846191,12600,0.0,0.0
1998-05-26 00:00:00-04:00,11.667511318040932,11.667511318040932,10.371121171591938,11.181365013122559,79533,0.0,0.0
1998-05-27 00:00:00-04:00,10.69521851172814,10.69521851172814,10.371120981069712,10.533169746398926,49967,0.0,0.0
1998-05-28 00:00:00-04:00,10.209074974060059,10.371123783172123,10.047026164947994,10.209074974060059,10733,0.0,0.0
1998-05-29 00:00:00-04:00,10.209073512784897,10.209073512784897,10.047024726867676,10.047024726867676,17533,0.0,0.0
1998-06-01 00:00:00-04:00,9.8849778175354,9.8849778175354,8.750636100769043,9.07473373413086,26533,0.0,0.0
1998-06-02 00:00:00-04:00,9.398829583198793,10.047024726867676,9.398829583198793,10.047024726867676,38167,0.0,0.0
1998-06-03 00:00:00-04:00,10.047026634216309,10.209075450897217,9.722929000854492,9.722929000854492,19600,0.0,0.0
1998-06-04 00:00:00-04:00,9.88497732453427,9.88497732453427,9.560879707336426,9.560879707336426,56300,0.0,0.0
1998-06-05 00:00:00-04:00,9.560880184173584,9.722929000854492,9.236782550811768,9.722929000854492,62833,0.0,0.0
1998-06-08 00:00:00-04:00,9.5608797376118,10.371123783172123,9.5608797376118,10.209074974060059,44133,0.0,0.0
1998-06-09 00:00:00-04:00,10.371122298702117,10.695219870536558,9.884975940950456,10.047024726867676,69367,0.0,0.0
1998-06-10 00:00:00-04:00,10.047026634216309,10.047026634216309,9.722929000854492,9.722929000854492,24633,0.0,0.0
1998-06-11 00:00:00-04:00,9.722926491185238,9.722926491185238,9.07473139177289,9.236780166625977,44033,0.0,0.0
1998-06-12 00:00:00-04:00,9.398831367492676,9.560880184173584,8.750636100769043,9.07473373413086,31667,0.0,0.0
1998-06-15 00:00:00-04:00,8.912684917449951,9.07473373413086,8.750636100769043,8.750636100769043,26300,0.0,0.0
1998-06-16 00:00:00-04:00,9.07473373413086,9.236782550811768,8.912684917449951,9.07473373413086,37433,0.0,0.0
1998-06-17 00:00:00-04:00,9.236782550811768,9.398831367492676,8.750636100769043,9.07473373413086,39500,0.0,0.0
1998-06-18 00:00:00-04:00,8.912684917449951,9.07473373413086,8.588587284088135,8.750636100769043,188833,0.0,0.0
1998-06-19 00:00:00-04:00,8.750636100769043,9.236782550811768,8.750636100769043,8.750636100769043,108167,0.0,0.0
1998-06-22 00:00:00-04:00,8.750636100769043,8.912684917449951,8.588587284088135,8.750636100769043,15800,0.0,0.0
1998-06-23 00:00:00-04:00,8.912686347961426,8.912686347961426,8.750637505271218,8.912686347961426,25500,0.0,0.0
1998-06-24 00:00:00-04:00,8.75063172826227,8.912680463970831,8.588582992553711,8.588582992553711,78133,0.0,0.0
1998-06-25 00:00:00-04:00,8.58858866258101,8.912686347961426,8.58858866258101,8.912686347961426,98700,0.0,0.0
1998-06-26 00:00:00-04:00,8.750637505271218,8.912686347961426,8.58858866258101,8.912686347961426,16600,0.0,0.0
1998-06-29 00:00:00-04:00,8.75063172826227,8.75063172826227,8.588582992553711,8.588582992553711,25433,0.0,0.0
1998-06-30 00:00:00-04:00,8.750634120060846,8.912682900061974,8.426536560058594,8.426536560058594,141300,0.0,0.0
1998-07-01 00:00:00-04:00,8.426536036472694,8.588584806404862,8.10243849660836,8.264487266540527,25600,0.0,0.0
1998-07-02 00:00:00-04:00,8.426536560058594,8.426536560058594,8.264487780057467,8.426536560058594,27700,0.0,0.0
1998-07-06 00:00:00-04:00,8.26448673248291,8.42653549194336,8.102437973022461,8.102437973022461,15933,0.0,0.0
1998-07-07 00:00:00-04:00,8.264485521136589,8.912680463970831,8.10243678542803,8.588582992553711,119467,0.0,0.0
1998-07-08 00:00:00-04:00,8.10243849660836,8.426536036472694,8.10243849660836,8.264487266540527,41400,0.0,0.0
1998-07-09 00:00:00-04:00,8.102437973022461,8.26448673248291,8.102437973022461,8.102437973022461,49833,0.0,0.0
1998-07-10 00:00:00-04:00,8.102437973022461,8.26448673248291,7.940389213562012,8.102437973022461,46467,0.0,0.0
1998-07-13 00:00:00-04:00,8.102437973022461,8.26448673248291,7.940389213562012,8.102437973022461,47900,0.0,0.0
1998-07-14 00:00:00-04:00,8.102437973022461,8.26448673248291,7.940389213562012,8.102437973022461,39067,0.0,0.0
1998-07-15 00:00:00-04:00,8.26448673248291,8.26448673248291,7.778340454101563,8.102437973022461,19267,0.0,0.0
1998-07-16 00:00:00-04:00,7.940389213562012,8.102437973022461,7.940389213562012,8.102437973022461,26233,0.0,0.0
1998-07-17 00:00:00-04:00,8.10243900005634,8.426536560058594,7.940390220055213,8.426536560058594,37267,0.0,0.0
1998-07-20 00:00:00-04:00,8.26448673248291,8.42653549194336,8.102437973022461,8.102437973022461,65500,0.0,0.0
1998-07-21 00:00:00-04:00,8.102437973022461,8.26448673248291,7.940389213562012,8.102437973022461,27967,0.0,0.0
1998-07-22 00:00:00-04:00,7.940391023108299,7.940391023108299,7.616293430328368,7.616293430328369,49267,0.0,0.0
1998-07-23 00:00:00-04:00,7.7783403396606445,7.7783403396606445,7.454242825508118,7.7783403396606445,31600,0.0,0.0
1998-07-24 00:00:00-04:00,7.6162928899129225,7.940390459696451,7.2921953201293945,7.2921953201293945,79833,0.0,0.0
1998-07-27 00:00:00-04:00,7.130146470180777,7.130146470180777,6.8060489033543785,6.968097686767578,31233,0.0,0.0
1998-07-28 00:00:00-04:00,7.130146470180777,7.130146470180777,6.8060489033543785,6.968097686767578,78267,0.0,0.0
1998-07-29 00:00:00-04:00,7.2921952535939765,7.2921952535939765,6.8060489033543785,6.968097686767578,50167,0.0,0.0
1998-07-30 00:00:00-04:00,6.80604887008667,7.130146435328893,6.80604887008667,6.80604887008667,30067,0.0,0.0
1998-07-31 00:00:00-04:00,6.968097066879273,6.968097066879273,6.481950759887695,6.481950759887695,45400,0.0,0.0
1998-08-03 00:00:00-04:00,6.644000955530115,6.644000955530115,5.509659328976193,5.995805740356445,58267,0.0,0.0
1998-08-04 00:00:00-04:00,6.319902036248184,6.968097116889023,6.319902036248184,6.6439995765686035,71033,0.0,0.0
1998-08-05 00:00:00-04:00,6.80604887008667,6.968097652707781,6.481951304844448,6.80604887008667,42467,0.0,0.0
1998-08-06 00:00:00-04:00,6.643999528884888,6.80604829788208,6.319901990890503,6.481950759887695,41433,0.0,0.0
1998-08-07 00:00:00-04:00,6.481950759887695,6.643999528884888,6.319901990890503,6.481950759887695,32233,0.0,0.0
1998-08-10 00:00:00-04:00,6.319901990890503,6.481950759887695,6.319901990890503,6.481950759887695,56467,0.0,0.0
1998-08-11 00:00:00-04:00,6.31990334794328,6.31990334794328,5.995805740356445,5.995805740356445,22367,0.0,0.0
1998-08-12 00:00:00-04:00,5.995804860041692,6.319902420043945,5.995804860041692,6.319902420043945,28033,0.0,0.0
1998-08-13 00:00:00-04:00,6.157855033874512,6.481952667236328,6.157855033874512,6.157855033874512,20400,0.0,0.0
1998-08-14 00:00:00-04:00,6.157853640042818,6.319902420043945,5.995804860041692,6.319902420043945,18467,0.0,0.0
1998-08-17 00:00:00-04:00,6.157853640042818,6.319902420043945,5.995804860041692,6.319902420043945,114333,0.0,0.0
1998-08-18 00:00:00-04:00,5.9958062171936035,6.157855033874512,5.9958062171936035,6.157855033874512,67533,0.0,0.0
1998-08-19 00:00:00-04:00,5.9958062171936035,6.157855033874512,5.9958062171936035,6.157855033874512,59133,0.0,0.0
1998-08-20 00:00:00-04:00,5.9958044528961185,6.481950759887695,5.9958044528961185,6.481950759887695,98800,0.0,0.0
1998-08-21 00:00:00-04:00,6.80604829788208,6.80604829788208,6.319901990890503,6.481950759887695,91267,0.0,0.0
1998-08-24 00:00:00-04:00,6.319901990890503,6.481950759887695,6.319901990890503,6.481950759887695,29700,0.0,0.0
1998-08-25 00:00:00-04:00,6.481950806408394,6.6439995765686035,6.319902036248184,6.6439995765686035,71733,0.0,0.0
1998-08-26 00:00:00-04:00,6.481950759887695,6.481950759887695,6.319901990890503,6.481950759887695,74200,0.0,0.0
1998-08-27 00:00:00-04:00,6.157853480747768,6.157853480747768,5.50965837751116,5.6717071533203125,101900,0.0,0.0
1998-08-28 00:00:00-04:00,5.509658293290571,5.833755839954723,5.023511973294345,5.347609519958496,108000,0.0,0.0
1998-08-31 00:00:00-04:00,5.347609865254369,5.347609865254369,4.537365946276434,4.6994147300720215,146500,0.0,0.0
1998-09-01 00:00:00-04:00,5.023513317108154,5.1855621337890625,4.699415683746338,4.861464500427246,417300,0.0,0.0
1998-09-02 00:00:00-04:00,5.023511973294345,5.833755839954723,5.023511973294345,5.347609519958496,64100,0.0,0.0
1998-09-03 00:00:00-04:00,5.185560862223308,6.481951077779135,5.185560862223308,5.833755970001221,235000,0.0,0.0
1998-09-04 00:00:00-04:00,6.157853221893311,6.643999528884888,5.833755683898926,6.481950759887695,130700,0.0,0.0
1998-09-08 00:00:00-04:00,6.643999528884888,6.643999528884888,6.157853221893311,6.481950759887695,42033,0.0,0.0
1998-09-09 00:00:00-04:00,6.481952667236328,6.481952667236328,5.833757400512695,6.157855033874512,28167,0.0,0.0
1998-09-10 00:00:00-04:00,6.6439995765686035,7.130145887049233,6.481950806408394,6.6439995765686035,122933,0.0,0.0
1998-09-11 00:00:00-04:00,7.454245068810203,8.102440292185003,6.806049845435402,7.130147457122803,167500,0.0,0.0
1998-09-14 00:00:00-04:00,6.481950759887695,6.80604829788208,6.319901990890503,6.481950759887695,57567,0.0,0.0
1998-09-15 00:00:00-04:00,6.481950759887695,6.643999528884888,6.157853221893311,6.481950759887695,43800,0.0,0.0
1998-09-16 00:00:00-04:00,6.319902420043945,6.481951200045072,6.157853640042818,6.319902420043945,19233,0.0,0.0
1998-09-17 00:00:00-04:00,6.643999980046199,6.806048760047325,6.319902420043945,6.319902420043945,172600,0.0,0.0
1998-09-18 00:00:00-04:00,6.481950806408394,6.6439995765686035,6.319902036248184,6.6439995765686035,151400,0.0,0.0
1998-09-21 00:00:00-04:00,6.80604829788208,7.130145835876465,6.481950759887695,6.481950759887695,33833,0.0,0.0
1998-09-22 00:00:00-04:00,6.481950806408394,6.6439995765686035,6.481950806408394,6.6439995765686035,19767,0.0,0.0
1998-09-23 00:00:00-04:00,6.481951304844448,6.968097652707781,6.481951304844448,6.80604887008667,36367,0.0,0.0
1998-09-24 00:00:00-04:00,7.1301451973293135,7.616291460783585,6.968096442844557,7.454242706298828,142067,0.0,0.0
1998-09-25 00:00:00-04:00,8.102437973022461,8.42653549194336,7.778340454101563,8.102437973022461,213433,0.0,0.0
1998-09-28 00:00:00-04:00,7.940392244209364,8.588587529450944,7.778343422898969,8.345514297485352,133500,0.0,0.0
1998-09-29 00:00:00-04:00,8.426536036472694,8.588584806404862,7.940389726676193,8.264487266540527,64533,0.0,0.0
1998-09-30 00:00:00-04:00,7.7783408651546555,8.264487169226822,7.454243329106545,7.940389633178711,91133,0.0,0.0
1998-10-01 00:00:00-04:00,8.426538467407227,8.750636100769043,8.264489650726318,8.750636100769043,199267,0.0,0.0
1998-10-02 00:00:00-04:00,8.75063172826227,9.074729199679393,8.264485521136589,8.588582992553711,160367,0.0,0.0
1998-10-05 00:00:00-04:00,8.42653549194336,8.42653549194336,7.940389213562012,8.102437973022461,44433,0.0,0.0
1998-10-06 00:00:00-04:00,7.940389213562012,8.102437973022461,7.454242935180664,8.102437973022461,49333,0.0,0.0
1998-10-07 00:00:00-04:00,8.426538467407227,9.236782550811768,8.264489650726318,9.07473373413086,134767,0.0,0.0
1998-10-08 00:00:00-04:00,8.912680463970831,9.236777935387954,8.42653425684515,8.588582992553711,114300,0.0,0.0
1998-10-09 00:00:00-04:00,8.26448673248291,8.26448673248291,7.940389213562012,8.102437973022461,53833,0.0,0.0
1998-10-12 00:00:00-04:00,7.778342226718334,8.26448861588823,6.806049448378542,7.616293430328369,52867,0.0,0.0
1998-10-13 00:00:00-04:00,8.102437853813171,8.102437853813171,7.7783403396606445,7.7783403396606445,31433,0.0,0.0
1998-10-14 00:00:00-04:00,7.7783426804976035,7.7783426804976035,6.806049845435402,7.130147457122803,49767,0.0,0.0
1998-10-15 00:00:00-04:00,7.2921953201293945,7.6162928899129225,7.13014653523763,7.2921953201293945,42133,0.0,0.0
1998-10-16 00:00:00-04:00,7.454244000571115,7.454244000571115,6.80604887008667,6.80604887008667,66167,0.0,0.0
1998-10-19 00:00:00-04:00,6.643999528884888,6.643999528884888,6.319901990890503,6.481950759887695,66633,0.0,0.0
1998-10-20 00:00:00-04:00,6.319901990890503,6.643999528884888,6.319901990890503,6.481950759887695,31333,0.0,0.0
1998-10-21 00:00:00-04:00,6.319902420043945,6.481951200045072,6.319902420043945,6.319902420043945,67933,0.0,0.0
1998-10-22 00:00:00-04:00,6.157853640042818,6.481951200045072,6.157853640042818,6.319902420043945,45900,0.0,0.0
1998-10-23 00:00:00-04:00,6.481951200045072,6.481951200045072,6.157853640042818,6.319902420043945,15567,0.0,0.0
1998-10-26 00:00:00-05:00,6.157853221893311,6.481950759887695,6.157853221893311,6.481950759887695,53067,0.0,0.0
1998-10-27 00:00:00-05:00,6.481950759887695,6.643999528884888,6.319901990890503,6.481950759887695,63433,0.0,0.0
1998-10-28 00:00:00-05:00,6.481950806408394,6.806048346728813,6.481950806408394,6.6439995765686035,13667,0.0,0.0
1998-10-29 00:00:00-05:00,6.6440000874655585,6.968097652707781,6.6440000874655585,6.80604887008667,45567,0.0,0.0
1998-10-30 00:00:00-05:00,6.806048346728813,6.806048346728813,6.481950806408394,6.6439995765686035,25233,0.0,0.0
1998-11-02 00:00:00-05:00,6.643999528884888,6.80604829788208,6.481950759887695,6.481950759887695,34067,0.0,0.0
1998-11-03 00:00:00-05:00,6.481950806408394,6.806048346728813,6.481950806408394,6.6439995765686035,40833,0.0,0.0
1998-11-04 00:00:00-05:00,6.6440000874655585,6.968097652707781,6.6440000874655585,6.80604887008667,65133,0.0,0.0
1998-11-05 00:00:00-05:00,6.8060476883598,7.616291460783585,6.8060476883598,7.454242706298828,132133,0.0,0.0
1998-11-06 00:00:00-05:00,7.454245068810203,7.616293874653903,7.130147457122803,7.130147457122803,36767,0.0,0.0
1998-11-09 00:00:00-05:00,7.292196262966503,7.292196262966503,6.968098651279103,7.130147457122803,34833,0.0,0.0
1998-11-10 00:00:00-05:00,7.13014653523763,7.454244105021159,7.13014653523763,7.2921953201293945,25633,0.0,0.0
1998-11-11 00:00:00-05:00,7.2921953201293945,7.6162928899129225,7.13014653523763,7.2921953201293945,24667,0.0,0.0
1998-11-12 00:00:00-05:00,7.292193951814071,7.9403889697531,7.292193951814071,7.454242706298828,67100,0.0,0.0
1998-11-13 00:00:00-05:00,7.616293430328368,7.940391023108299,7.454244633938403,7.616293430328369,28700,0.0,0.0
1998-11-16 00:00:00-05:00,7.2921953201293945,7.454244105021159,6.968097750345866,7.2921953201293945,20300,0.0,0.0
1998-11-17 00:00:00-05:00,7.13014653523763,7.454244105021159,6.968097750345866,7.2921953201293945,24867,0.0,0.0
1998-11-18 00:00:00-05:00,7.616293430328368,7.778342226718334,7.616293430328368,7.616293430328369,29800,0.0,0.0
1998-11-19 00:00:00-05:00,7.454242706298828,7.454242706298828,7.1301451973293135,7.454242706298828,72067,0.0,0.0
1998-11-20 00:00:00-05:00,7.454245068810203,7.454245068810203,7.130147457122803,7.130147457122803,18633,0.0,0.0
1998-11-23 00:00:00-05:00,7.130146470180777,7.130146470180777,6.968097686767578,6.968097686767578,21100,0.0,0.0
1998-11-24 00:00:00-05:00,6.968097686767578,7.2921952535939765,6.968097686767578,6.968097686767578,10167,0.0,0.0
1998-11-25 00:00:00-05:00,7.130146470180777,7.130146470180777,6.968097686767578,6.968097686767578,10567,0.0,0.0
1998-11-27 00:00:00-05:00,6.968097652707781,6.968097652707781,6.6440000874655585,6.80604887008667,12967,0.0,0.0
1998-11-30 00:00:00-05:00,6.643999528884888,6.643999528884888,6.481950759887695,6.481950759887695,24000,0.0,0.0
1998-12-01 00:00:00-05:00,6.481950759887695,6.80604829788208,6.481950759887695,6.481950759887695,60833,0.0,0.0
1998-12-02 00:00:00-05:00,6.481950759887695,6.643999528884888,6.319901990890503,6.481950759887695,75567,0.0,0.0
1998-12-03 00:00:00-05:00,6.319902420043945,6.643999980046199,6.319902420043945,6.319902420043945,25233,0.0,0.0
1998-12-04 00:00:00-05:00,6.319902420043945,6.481951200045072,6.157853640042818,6.319902420043945,25433,0.0,0.0
1998-12-07 00:00:00-05:00,6.319902420043945,6.643999980046199,6.319902420043945,6.319902420043945,39400,0.0,0.0
1998-12-08 00:00:00-05:00,6.481951200045072,6.481951200045072,5.995804860041692,6.319902420043945,40500,0.0,0.0
1998-12-09 00:00:00-05:00,6.157855033874512,6.31990385055542,6.157855033874512,6.157855033874512,80933,0.0,0.0
1998-12-10 00:00:00-05:00,6.319901990890503,6.643999528884888,6.157853221893311,6.481950759887695,46767,0.0,0.0
1998-12-11 00:00:00-05:00,6.157855033874512,6.31990385055542,5.9958062171936035,6.157855033874512,29300,0.0,0.0
1998-12-14 00:00:00-05:00,6.157855033874512,6.481952667236328,6.157855033874512,6.157855033874512,22767,0.0,0.0
1998-12-15 00:00:00-05:00,6.157855033874512,6.481952667236328,6.157855033874512,6.157855033874512,49133,0.0,0.0
1998-12-16 00:00:00-05:00,6.481950759887695,6.643999528884888,6.481950759887695,6.481950759887695,37733,0.0,0.0
1998-12-17 00:00:00-05:00,6.644001483917236,6.644001483917236,6.157855033874512,6.157855033874512,31000,0.0,0.0
1998-12-18 00:00:00-05:00,6.481952667236328,6.481952667236328,6.157855033874512,6.157855033874512,15533,0.0,0.0
1998-12-21 00:00:00-05:00,6.157853523890178,6.319902300834656,5.833755970001221,5.833755970001221,40267,0.0,0.0
1998-12-22 00:00:00-05:00,5.833755970001221,5.9958047469457,5.509658416112265,5.833755970001221,48700,0.0,0.0
1998-12-23 00:00:00-05:00,5.671707193056743,5.833755970001221,5.671707193056743,5.833755970001221,55500,0.0,0.0
1998-12-24 00:00:00-05:00,5.833755929129464,5.833755929129464,5.6717071533203125,5.6717071533203125,8033,0.0,0.0
1998-12-28 00:00:00-05:00,5.6717070666226475,5.6717070666226475,5.18556074662642,5.347609519958496,40267,0.0,0.0
1998-12-29 00:00:00-05:00,5.50965837751116,5.833755929129464,5.50965837751116,5.6717071533203125,76067,0.0,0.0
1998-12-30 00:00:00-05:00,5.833755929129464,5.995804704938616,5.6717071533203125,5.6717071533203125,74033,0.0,0.0
1998-12-31 00:00:00-05:00,5.509659328976193,6.157854544149862,5.509659328976193,5.995805740356445,77167,0.0,0.0
1999-01-04 00:00:00-05:00,5.9958047469457,5.9958047469457,5.833755970001221,5.833755970001221,12633,0.0,0.0
1999-01-05 00:00:00-05:00,5.833757400512695,6.157855033874512,5.833757400512695,6.157855033874512,32133,0.0,0.0
1999-01-06 00:00:00-05:00,6.31990385055542,6.481952667236328,5.9958062171936035,6.157855033874512,43567,0.0,0.0
1999-01-07 00:00:00-05:00,6.319901990890503,6.481950759887695,6.157853221893311,6.481950759887695,57067,0.0,0.0
1999-01-08 00:00:00-05:00,6.481951200045072,6.481951200045072,6.319902420043945,6.319902420043945,22567,0.0,0.0
1999-01-11 00:00:00-05:00,6.481950806408394,6.6439995765686035,6.481950806408394,6.6439995765686035,32867,0.0,0.0
1999-01-12 00:00:00-05:00,6.481952151736698,6.481952151736698,5.995805740356445,5.995805740356445,45333,0.0,0.0
1999-01-13 00:00:00-05:00,5.9958047469457,5.9958047469457,5.671707193056743,5.833755970001221,71867,0.0,0.0
1999-01-14 00:00:00-05:00,5.833755929129464,5.995804704938616,5.6717071533203125,5.6717071533203125,52333,0.0,0.0
1999-01-15 00:00:00-05:00,5.671707193056743,5.833755970001221,5.671707193056743,5.833755970001221,195000,0.0,0.0
1999-01-19 00:00:00-05:00,5.995805740356445,6.157854544149862,5.833756936563027,5.995805740356445,14700,0.0,0.0
1999-01-20 00:00:00-05:00,5.833756936563027,5.995805740356445,5.67170813276961,5.995805740356445,18767,0.0,0.0
1999-01-21 00:00:00-05:00,5.833756936563027,5.995805740356445,5.833756936563027,5.995805740356445,22767,0.0,0.0
1999-01-22 00:00:00-05:00,5.995804704938616,5.995804704938616,5.6717071533203125,5.6717071533203125,16933,0.0,0.0
1999-01-25 00:00:00-05:00,5.833755929129464,5.995804704938616,5.6717071533203125,5.6717071533203125,25167,0.0,0.0
1999-01-26 00:00:00-05:00,5.833755970001221,5.833755970001221,5.671707193056743,5.833755970001221,10133,0.0,0.0
1999-01-27 00:00:00-05:00,5.8337563907398895,5.8337563907398895,5.5096588134765625,5.5096588134765625,40633,0.0,0.0
1999-01-28 00:00:00-05:00,5.50965837751116,5.995804704938616,5.50965837751116,5.6717071533203125,25967,0.0,0.0
1999-01-29 00:00:00-05:00,5.833755970001221,5.833755970001221,5.509658416112265,5.833755970001221,20600,0.0,0.0
1999-02-01 00:00:00-05:00,5.833755929129464,5.833755929129464,5.50965837751116,5.6717071533203125,21933,0.0,0.0
1999-02-02 00:00:00-05:00,5.509658416112265,5.833755970001221,5.509658416112265,5.833755970001221,20933,0.0,0.0
1999-02-03 00:00:00-05:00,5.833755970001221,5.833755970001221,5.671707193056743,5.833755970001221,18933,0.0,0.0
1999-02-04 00:00:00-05:00,5.833757400512695,6.31990385055542,5.671708583831787,6.157855033874512,24667,0.0,0.0
1999-02-05 00:00:00-05:00,5.995804860041692,6.319902420043945,5.995804860041692,6.319902420043945,36167,0.0,0.0
1999-02-08 00:00:00-05:00,6.319901990890503,6.643999528884888,6.319901990890503,6.481950759887695,23833,0.0,0.0
1999-02-09 00:00:00-05:00,6.319902420043945,6.319902420043945,6.157853640042818,6.319902420043945,17667,0.0,0.0
1999-02-10 00:00:00-05:00,6.157855033874512,6.31990385055542,6.157855033874512,6.157855033874512,6400,0.0,0.0
1999-02-11 00:00:00-05:00,6.31990385055542,6.31990385055542,6.157855033874512,6.157855033874512,17333,0.0,0.0
1999-02-12 00:00:00-05:00,6.157853640042818,6.481951200045072,6.157853640042818,6.319902420043945,76100,0.0,0.0
1999-02-16 00:00:00-05:00,6.157854544149862,6.31990334794328,5.995805740356445,5.995805740356445,30333,0.0,0.0
1999-02-17 00:00:00-05:00,6.157853523890178,6.157853523890178,5.833755970001221,5.833755970001221,91967,0.0,0.0
1999-02-18 00:00:00-05:00,5.833755970001221,5.9958047469457,5.833755970001221,5.833755970001221,47867,0.0,0.0
1999-02-19 00:00:00-05:00,5.833756936563027,5.995805740356445,5.833756936563027,5.995805740356445,31067,0.0,0.0
1999-02-22 00:00:00-05:00,5.833755970001221,5.9958047469457,5.833755970001221,5.833755970001221,66100,0.0,0.0
1999-02-23 00:00:00-05:00,5.833755929129464,5.995804704938616,5.6717071533203125,5.6717071533203125,35000,0.0,0.0
1999-02-24 00:00:00-05:00,5.671707193056743,5.9958047469457,5.671707193056743,5.833755970001221,32667,0.0,0.0
1999-02-25 00:00:00-05:00,5.833755970001221,5.833755970001221,5.671707193056743,5.833755970001221,20400,0.0,0.0
1999-02-26 00:00:00-05:00,5.833755970001221,5.833755970001221,5.671707193056743,5.833755970001221,42200,0.0,0.0
1999-03-01 00:00:00-05:00,5.6717071533203125,5.833755929129464,5.6717071533203125,5.6717071533203125,11333,0.0,0.0
1999-03-02 00:00:00-05:00,5.6717071533203125,5.833755929129464,5.6717071533203125,5.6717071533203125,15600,0.0,0.0
1999-03-03 00:00:00-05:00,5.8337563907398895,5.8337563907398895,5.5096588134765625,5.5096588134765625,67567,0.0,0.0
1999-03-04 00:00:00-05:00,5.50965837751116,5.6717071533203125,5.50965837751116,5.6717071533203125,11433,0.0,0.0
1999-03-05 00:00:00-05:00,5.5096588134765625,5.671707602108226,5.5096588134765625,5.5096588134765625,16567,0.0,0.0
1999-03-08 00:00:00-05:00,5.509658416112265,5.9958047469457,5.509658416112265,5.833755970001221,51433,0.0,0.0
1999-03-09 00:00:00-05:00,5.833756936563027,6.31990334794328,5.833756936563027,5.995805740356445,129833,0.0,0.0
1999-03-10 00:00:00-05:00,5.995805740356445,5.995805740356445,5.833756936563027,5.995805740356445,13200,0.0,0.0
1999-03-11 00:00:00-05:00,5.833756936563027,6.157854544149862,5.833756936563027,5.995805740356445,45567,0.0,0.0
1999-03-12 00:00:00-05:00,5.995805740356445,5.995805740356445,5.833756936563027,5.995805740356445,6200,0.0,0.0
1999-03-15 00:00:00-05:00,5.833755970001221,5.833755970001221,5.671707193056743,5.833755970001221,11100,0.0,0.0
1999-03-16 00:00:00-05:00,5.6717071533203125,5.6717071533203125,5.50965837751116,5.6717071533203125,33867,0.0,0.0
1999-03-17 00:00:00-05:00,5.50965837751116,5.6717071533203125,5.50965837751116,5.6717071533203125,12467,0.0,0.0
1999-03-18 00:00:00-05:00,5.5096588134765625,5.671707602108226,5.5096588134765625,5.5096588134765625,23267,0.0,0.0
1999-03-19 00:00:00-05:00,5.5096588134765625,5.671707602108226,5.5096588134765625,5.5096588134765625,18100,0.0,0.0
1999-03-22 00:00:00-05:00,5.50965837751116,5.6717071533203125,5.50965837751116,5.6717071533203125,4767,0.0,0.0
1999-03-23 00:00:00-05:00,5.5096588134765625,5.671707602108226,5.5096588134765625,5.5096588134765625,16333,0.0,0.0
1999-03-24 00:00:00-05:00,5.509658293290571,5.6717070666226475,5.347609519958496,5.347609519958496,60300,0.0,0.0
1999-03-25 00:00:00-05:00,5.347609519958496,5.509658293290571,5.347609519958496,5.347609519958496,50233,0.0,0.0
1999-03-26 00:00:00-05:00,5.3476094752550125,5.509658247232437,5.023511931300163,5.185560703277588,126833,0.0,0.0
1999-03-29 00:00:00-05:00,5.185560703277588,5.509658247232437,5.023511931300163,5.185560703277588,50233,0.0,0.0
1999-03-30 00:00:00-05:00,5.185560703277588,5.3476094752550125,5.185560703277588,5.185560703277588,27433,0.0,0.0
1999-03-31 00:00:00-05:00,5.1855612362132355,5.5096588134765625,5.1855612362132355,5.5096588134765625,24533,0.0,0.0
1999-04-01 00:00:00-05:00,5.509658293290571,5.509658293290571,5.18556074662642,5.347609519958496,50933,0.0,0.0
1999-04-05 00:00:00-04:00,5.185560703277588,5.3476094752550125,5.023511931300163,5.185560703277588,33833,0.0,0.0
1999-04-06 00:00:00-04:00,5.185560703277588,5.3476094752550125,5.023511931300163,5.185560703277588,89667,0.0,0.0
1999-04-07 00:00:00-04:00,5.1855611493510585,5.1855611493510585,5.023512363433838,5.023512363433838,34833,0.0,0.0
1999-04-08 00:00:00-04:00,5.023512297663195,5.023512297663195,4.6994147300720215,4.6994147300720215,67633,0.0,0.0
1999-04-09 00:00:00-04:00,4.861463577516617,5.023512363433838,4.861463577516617,5.023512363433838,37400,0.0,0.0
1999-04-12 00:00:00-04:00,5.185560703277588,5.3476094752550125,5.023511931300163,5.185560703277588,49433,0.0,0.0
1999-04-13 00:00:00-04:00,5.5096587211855,5.5096587211855,5.023512363433838,5.023512363433838,66333,0.0,0.0
1999-04-14 00:00:00-04:00,5.347609935268279,5.347609935268279,5.023512363433838,5.023512363433838,55800,0.0,0.0
1999-04-15 00:00:00-04:00,5.023511973294345,5.347609519958496,5.023511973294345,5.347609519958496,51467,0.0,0.0
1999-04-16 00:00:00-04:00,5.185560825892857,5.6717071533203125,5.185560825892857,5.6717071533203125,106933,0.0,0.0
1999-04-19 00:00:00-04:00,5.6717070666226475,5.6717070666226475,5.18556074662642,5.347609519958496,133933,0.0,0.0
1999-04-20 00:00:00-04:00,5.3476094752550125,5.509658247232437,5.185560703277588,5.185560703277588,60700,0.0,0.0
1999-04-21 00:00:00-04:00,5.18556074662642,5.347609519958496,4.861463199962269,5.347609519958496,101033,0.0,0.0
1999-04-22 00:00:00-04:00,5.3476094752550125,5.3476094752550125,5.023511931300163,5.185560703277588,21833,0.0,0.0
1999-04-23 00:00:00-04:00,5.023511973294345,5.509658293290571,5.023511973294345,5.347609519958496,32133,0.0,0.0
1999-04-26 00:00:00-04:00,5.185560703277588,5.185560703277588,5.023511931300163,5.185560703277588,48600,0.0,0.0
1999-04-27 00:00:00-04:00,5.1855612362132355,5.5096588134765625,5.1855612362132355,5.5096588134765625,46733,0.0,0.0
1999-04-28 00:00:00-04:00,5.50965837751116,5.6717071533203125,5.50965837751116,5.6717071533203125,97767,0.0,0.0
1999-04-29 00:00:00-04:00,5.671708583831787,6.157855033874512,5.509659767150879,6.157855033874512,155500,0.0,0.0
1999-04-30 00:00:00-04:00,6.157853523890178,6.319902300834656,5.833755970001221,5.833755970001221,120000,0.0,0.0
1999-05-03 00:00:00-04:00,5.833755929129464,5.833755929129464,5.50965837751116,5.6717071533203125,23300,0.0,0.0
1999-05-04 00:00:00-04:00,5.671707602108226,5.8337563907398895,5.5096588134765625,5.5096588134765625,100100,0.0,0.0
1999-05-05 00:00:00-04:00,5.509658416112265,5.9958047469457,5.509658416112265,5.833755970001221,176300,0.0,0.0
1999-05-06 00:00:00-04:00,5.995804860041692,6.481951200045072,5.995804860041692,6.319902420043945,129267,0.0,0.0
1999-05-07 00:00:00-04:00,5.5096588134765625,5.671707602108226,5.347610024844899,5.5096588134765625,70533,0.0,0.0
1999-05-10 00:00:00-04:00,5.347609519958496,5.509658293290571,5.18556074662642,5.347609519958496,159167,0.0,0.0
1999-05-11 00:00:00-04:00,5.347610024844899,5.5096588134765625,5.1855612362132355,5.5096588134765625,85733,0.0,0.0
1999-05-12 00:00:00-04:00,5.347609519958496,5.509658293290571,5.18556074662642,5.347609519958496,70400,0.0,0.0
1999-05-13 00:00:00-04:00,5.347610024844899,5.5096588134765625,5.1855612362132355,5.5096588134765625,40933,0.0,0.0
1999-05-14 00:00:00-04:00,5.5096588134765625,5.5096588134765625,5.347610024844899,5.5096588134765625,44667,0.0,0.0
1999-05-17 00:00:00-04:00,5.3476094752550125,5.509658247232437,5.185560703277588,5.185560703277588,67500,0.0,0.0
1999-05-18 00:00:00-04:00,5.18556103515625,5.347609817504883,5.023512252807618,5.064024448394775,58567,0.0,0.0
1999-05-19 00:00:00-04:00,5.1855611493510585,5.1855611493510585,5.023512363433838,5.023512363433838,88833,0.0,0.0
1999-05-20 00:00:00-04:00,5.185560703277588,5.185560703277588,5.023511931300163,5.185560703277588,196167,0.0,0.0
1999-05-21 00:00:00-04:00,5.1855611493510585,5.1855611493510585,5.023512363433838,5.023512363433838,35733,0.0,0.0
1999-05-24 00:00:00-04:00,5.023513317108154,5.023513317108154,4.699415683746338,4.861464500427246,139367,0.0,0.0
1999-05-25 00:00:00-04:00,4.8614635138676086,5.023512297663195,4.6994147300720215,4.6994147300720215,55933,0.0,0.0
1999-05-26 00:00:00-04:00,4.861464500427246,4.861464500427246,4.699415683746338,4.861464500427246,90067,0.0,0.0
1999-05-27 00:00:00-04:00,4.8614635138676086,4.8614635138676086,4.6994147300720215,4.6994147300720215,83600,0.0,0.0
1999-05-28 00:00:00-04:00,4.861464500427246,4.861464500427246,4.53736686706543,4.53736686706543,82833,0.0,0.0
1999-06-01 00:00:00-04:00,4.53736686706543,4.53736686706543,4.3753180503845215,4.53736686706543,88433,0.0,0.0
1999-06-02 00:00:00-04:00,4.3753180503845215,4.53736686706543,4.3753180503845215,4.3753180503845215,62033,0.0,0.0
1999-06-03 00:00:00-04:00,4.3753180503845215,4.53736686706543,4.3753180503845215,4.53736686706543,79433,0.0,0.0
1999-06-04 00:00:00-04:00,4.53736686706543,4.53736686706543,4.3753180503845215,4.53736686706543,80167,0.0,0.0
1999-06-07 00:00:00-04:00,4.53736686706543,4.699415683746338,4.3753180503845215,4.53736686706543,50067,0.0,0.0
1999-06-08 00:00:00-04:00,4.53736686706543,4.53736686706543,4.3753180503845215,4.3753180503845215,32700,0.0,0.0
1999-06-09 00:00:00-04:00,4.53736686706543,4.53736686706543,4.3753180503845215,4.53736686706543,34233,0.0,0.0
1999-06-10 00:00:00-04:00,4.53736686706543,4.699415683746338,4.3753180503845215,4.53736686706543,59933,0.0,0.0
1999-06-11 00:00:00-04:00,4.537365946276434,4.6994147300720215,4.537365946276434,4.6994147300720215,13967,0.0,0.0
1999-06-14 00:00:00-04:00,4.699415683746338,4.699415683746338,4.3753180503845215,4.53736686706543,33600,0.0,0.0
1999-06-15 00:00:00-04:00,4.53736686706543,4.53736686706543,4.213269233703613,4.3753180503845215,90867,0.0,0.0
1999-06-16 00:00:00-04:00,4.3753180503845215,4.3753180503845215,4.213269233703613,4.3753180503845215,89300,0.0,0.0
1999-06-17 00:00:00-04:00,4.213268280029297,4.375317060030423,4.213268280029297,4.213268280029297,16633,0.0,0.0
1999-06-18 00:00:00-04:00,4.213269233703613,4.3753180503845215,4.213269233703613,4.3753180503845215,63100,0.0,0.0
1999-06-21 00:00:00-04:00,4.21326774597168,4.21326774597168,3.8891702270507813,4.0512189865112305,77833,0.0,0.0
1999-06-22 00:00:00-04:00,4.0512189865112305,4.21326774597168,3.8891702270507813,4.0512189865112305,24667,0.0,0.0
1999-06-23 00:00:00-04:00,3.8891707200270433,4.213268280029297,3.8891707200270433,4.213268280029297,30633,0.0,0.0
1999-06-24 00:00:00-04:00,4.213268280029297,4.375317060030423,4.05121950002817,4.213268280029297,90233,0.0,0.0
1999-06-25 00:00:00-04:00,4.213268280029297,4.213268280029297,4.05121950002817,4.213268280029297,59867,0.0,0.0
1999-06-28 00:00:00-04:00,4.213269233703613,4.53736686706543,4.213269233703613,4.3753180503845215,107867,0.0,0.0
1999-06-29 00:00:00-04:00,4.213268280029297,4.375317060030423,4.05121950002817,4.213268280029297,46033,0.0,0.0
1999-06-30 00:00:00-04:00,4.051220417022705,4.3753180503845215,4.051220417022705,4.3753180503845215,33567,0.0,0.0
1999-07-01 00:00:00-04:00,4.213269233703613,4.53736686706543,4.213269233703613,4.53736686706543,27333,0.0,0.0
1999-07-02 00:00:00-04:00,4.3753180503845215,4.53736686706543,4.3753180503845215,4.53736686706543,22367,0.0,0.0
1999-07-06 00:00:00-04:00,4.375317060030423,4.375317060030423,4.05121950002817,4.213268280029297,122400,0.0,0.0
1999-07-07 00:00:00-04:00,4.05121950002817,4.213268280029297,4.05121950002817,4.213268280029297,95267,0.0,0.0
1999-07-08 00:00:00-04:00,4.21326774597168,4.21326774597168,4.0512189865112305,4.0512189865112305,7633,0.0,0.0
1999-07-09 00:00:00-04:00,4.05121950002817,4.375317060030423,4.05121950002817,4.213268280029297,21267,0.0,0.0
1999-07-12 00:00:00-04:00,4.21326774597168,4.21326774597168,4.0512189865112305,4.0512189865112305,26067,0.0,0.0
1999-07-13 00:00:00-04:00,4.0512189865112305,4.21326774597168,4.0512189865112305,4.0512189865112305,29233,0.0,0.0
1999-07-14 00:00:00-04:00,4.05121950002817,4.213268280029297,4.05121950002817,4.213268280029297,57333,0.0,0.0
1999-07-15 00:00:00-04:00,4.0512189865112305,4.21326774597168,4.0512189865112305,4.0512189865112305,28233,0.0,0.0
1999-07-16 00:00:00-04:00,4.05121950002817,4.375317060030423,4.05121950002817,4.213268280029297,37967,0.0,0.0
1999-07-19 00:00:00-04:00,4.213268280029297,4.375317060030423,4.05121950002817,4.213268280029297,64900,0.0,0.0
1999-07-20 00:00:00-04:00,4.051220417022705,4.3753180503845215,4.051220417022705,4.3753180503845215,24467,0.0,0.0
1999-07-21 00:00:00-04:00,4.375317162480847,4.8614635138676086,4.375317162480847,4.6994147300720215,88733,0.0,0.0
1999-07-22 00:00:00-04:00,4.861464500427246,4.861464500427246,4.53736686706543,4.53736686706543,13833,0.0,0.0
1999-07-23 00:00:00-04:00,4.53736686706543,4.699415683746338,4.3753180503845215,4.53736686706543,29367,0.0,0.0
1999-07-26 00:00:00-04:00,4.53736686706543,4.53736686706543,4.3753180503845215,4.3753180503845215,56033,0.0,0.0
1999-07-27 00:00:00-04:00,4.3753180503845215,4.699415683746338,4.3753180503845215,4.3753180503845215,11267,0.0,0.0
1999-07-28 00:00:00-04:00,4.53736686706543,4.53736686706543,4.3753180503845215,4.3753180503845215,23700,0.0,0.0
1999-07-29 00:00:00-04:00,4.3753180503845215,4.861464500427246,4.3753180503845215,4.3753180503845215,58567,0.0,0.0
1999-07-30 00:00:00-04:00,4.861464500427246,4.861464500427246,4.53736686706543,4.861464500427246,10767,0.0,0.0
1999-08-02 00:00:00-04:00,4.53736686706543,4.861464500427246,4.53736686706543,4.861464500427246,18133,0.0,0.0
1999-08-03 00:00:00-04:00,4.699415683746338,5.023513317108154,4.699415683746338,4.861464500427246,38733,0.0,0.0
1999-08-04 00:00:00-04:00,5.023511931300163,5.3476094752550125,5.023511931300163,5.185560703277588,79100,0.0,0.0
1999-08-05 00:00:00-04:00,5.3476094752550125,5.3476094752550125,5.185560703277588,5.185560703277588,18867,0.0,0.0
1999-08-06 00:00:00-04:00,5.185560703277588,5.3476094752550125,5.185560703277588,5.185560703277588,75500,0.0,0.0
1999-08-09 00:00:00-04:00,5.347610024844899,5.5096588134765625,5.1855612362132355,5.5096588134765625,37800,0.0,0.0
1999-08-10 00:00:00-04:00,5.509658416112265,5.9958047469457,5.347609639167786,5.833755970001221,194333,0.0,0.0
1999-08-11 00:00:00-04:00,5.833757400512695,6.31990385055542,5.833757400512695,6.157855033874512,81133,0.0,0.0
1999-08-12 00:00:00-04:00,6.319902420043945,6.643999980046199,6.319902420043945,6.319902420043945,168733,0.0,0.0
1999-08-13 00:00:00-04:00,6.481950759887695,6.80604829788208,6.481950759887695,6.481950759887695,94133,0.0,0.0
1999-08-16 00:00:00-04:00,6.481951200045072,6.481951200045072,6.157853640042818,6.319902420043945,134333,0.0,0.0
1999-08-17 00:00:00-04:00,6.319902036248184,6.6439995765686035,6.319902036248184,6.6439995765686035,94833,0.0,0.0
1999-08-18 00:00:00-04:00,6.481952667236328,6.644001483917236,6.157855033874512,6.157855033874512,58667,0.0,0.0
1999-08-19 00:00:00-04:00,6.157854544149862,6.31990334794328,5.995805740356445,5.995805740356445,63267,0.0,0.0
1999-08-20 00:00:00-04:00,5.995805740356445,6.31990334794328,5.833756936563027,5.995805740356445,117367,0.0,0.0
1999-08-23 00:00:00-04:00,5.6717071533203125,5.6717071533203125,5.3476096017020085,5.6717071533203125,53467,0.0,0.0
1999-08-24 00:00:00-04:00,5.671707602108226,5.671707602108226,5.5096588134765625,5.5096588134765625,50533,0.0,0.0
1999-08-25 00:00:00-04:00,5.6717070666226475,5.6717070666226475,5.347609519958496,5.347609519958496,14600,0.0,0.0
1999-08-26 00:00:00-04:00,5.5096588134765625,5.671707602108226,5.347610024844899,5.5096588134765625,51633,0.0,0.0
1999-08-27 00:00:00-04:00,5.5096588134765625,5.8337563907398895,5.347610024844899,5.5096588134765625,142500,0.0,0.0
1999-08-30 00:00:00-04:00,5.6717070666226475,5.6717070666226475,5.347609519958496,5.347609519958496,52733,0.0,0.0
1999-08-31 00:00:00-04:00,5.5096588134765625,5.671707602108226,5.5096588134765625,5.5096588134765625,12467,0.0,0.0
1999-09-01 00:00:00-04:00,5.5096588134765625,5.671707602108226,5.5096588134765625,5.5096588134765625,17400,0.0,0.0
1999-09-02 00:00:00-04:00,5.509658293290571,5.509658293290571,5.347609519958496,5.347609519958496,47800,0.0,0.0
1999-09-03 00:00:00-04:00,5.347609935268279,5.347609935268279,5.023512363433838,5.023512363433838,67300,0.0,0.0
1999-09-07 00:00:00-04:00,5.185560703277588,5.509658247232437,5.185560703277588,5.185560703277588,28700,0.0,0.0
1999-09-08 00:00:00-04:00,5.347609935268279,5.347609935268279,5.023512363433838,5.023512363433838,40933,0.0,0.0
1999-09-09 00:00:00-04:00,5.18556074662642,5.347609519958496,5.023511973294345,5.347609519958496,39400,0.0,0.0
1999-09-10 00:00:00-04:00,5.3476094752550125,5.3476094752550125,5.185560703277588,5.185560703277588,44600,0.0,0.0
1999-09-13 00:00:00-04:00,5.18556074662642,5.347609519958496,5.18556074662642,5.347609519958496,27200,0.0,0.0
1999-09-14 00:00:00-04:00,5.18556074662642,5.347609519958496,5.18556074662642,5.347609519958496,27900,0.0,0.0
1999-09-15 00:00:00-04:00,5.185560703277588,5.3476094752550125,5.185560703277588,5.185560703277588,16867,0.0,0.0
1999-09-16 00:00:00-04:00,5.185560703277588,5.3476094752550125,5.185560703277588,5.185560703277588,44533,0.0,0.0
1999-09-17 00:00:00-04:00,5.18556074662642,5.347609519958496,5.18556074662642,5.347609519958496,20833,0.0,0.0
1999-09-20 00:00:00-04:00,5.18556074662642,5.347609519958496,5.18556074662642,5.347609519958496,15633,0.0,0.0
1999-09-21 00:00:00-04:00,5.347610525182775,6.157854544149862,5.347610525182775,5.995805740356445,72533,0.0,0.0
1999-09-22 00:00:00-04:00,6.157855033874512,6.644001483917236,6.157855033874512,6.157855033874512,90433,0.0,0.0
1999-09-23 00:00:00-04:00,6.157855033874512,6.31990385055542,5.9958062171936035,6.157855033874512,105733,0.0,0.0
1999-09-24 00:00:00-04:00,6.481950759887695,6.80604829788208,6.319901990890503,6.481950759887695,234400,0.0,0.0
1999-09-27 00:00:00-04:00,7.778340454101563,8.42653549194336,7.454242935180664,8.102437973022461,533700,0.0,0.0
1999-09-28 00:00:00-04:00,8.912682346269195,9.722926195930032,8.10243849660836,8.264487266540527,517333,0.0,0.0
1999-09-29 00:00:00-04:00,7.778341565813337,8.10243913105556,6.80604887008667,6.80604887008667,242333,0.0,0.0
1999-09-30 00:00:00-04:00,7.292193951814071,7.616291460783585,6.968096442844557,7.454242706298828,169967,0.0,0.0
1999-10-01 00:00:00-04:00,7.778342226718334,8.102439819498265,7.454244633938403,7.616293430328369,185667,0.0,0.0
1999-10-04 00:00:00-04:00,7.940389213562012,8.26448673248291,7.778340454101563,8.102437973022461,269200,0.0,0.0
1999-10-05 00:00:00-04:00,8.588584251403809,8.588584251403809,7.940389213562012,8.102437973022461,291433,0.0,0.0
1999-10-06 00:00:00-04:00,7.778341674804687,8.102439244588215,7.13014653523763,7.2921953201293945,344333,0.0,0.0
1999-10-07 00:00:00-04:00,7.2921953201293945,7.454244105021159,7.13014653523763,7.2921953201293945,193800,0.0,0.0
1999-10-08 00:00:00-04:00,7.2921953201293945,7.6162928899129225,7.2921953201293945,7.2921953201293945,42700,0.0,0.0
1999-10-11 00:00:00-04:00,7.292194068431854,7.7783403396606445,7.292194068431854,7.7783403396606445,32100,0.0,0.0
1999-10-12 00:00:00-04:00,7.7783426804976035,7.7783426804976035,7.130147457122803,7.130147457122803,42633,0.0,0.0
1999-10-13 00:00:00-04:00,7.130147457122803,7.292196262966503,6.968098651279103,7.130147457122803,195767,0.0,0.0
1999-10-14 00:00:00-04:00,6.968097652707781,7.130146435328893,6.80604887008667,6.80604887008667,143133,0.0,0.0
1999-10-15 00:00:00-04:00,6.8060489033543785,6.968097686767578,6.8060489033543785,6.968097686767578,58033,0.0,0.0
1999-10-18 00:00:00-04:00,6.968097652707781,6.968097652707781,6.6440000874655585,6.80604887008667,23500,0.0,0.0
1999-10-19 00:00:00-04:00,6.6440000874655585,6.80604887008667,6.481951304844448,6.80604887008667,53833,0.0,0.0
1999-10-20 00:00:00-04:00,6.6440000874655585,6.80604887008667,6.6440000874655585,6.80604887008667,53500,0.0,0.0
1999-10-21 00:00:00-04:00,6.481951304844448,6.968097652707781,6.481951304844448,6.80604887008667,28767,0.0,0.0
1999-10-22 00:00:00-04:00,6.80604887008667,6.968097652707781,6.6440000874655585,6.80604887008667,33767,0.0,0.0
1999-10-25 00:00:00-04:00,6.80604887008667,6.968097652707781,6.6440000874655585,6.80604887008667,31867,0.0,0.0
1999-10-26 00:00:00-04:00,6.806048346728813,6.968097116889023,6.6439995765686035,6.6439995765686035,63967,0.0,0.0
1999-10-27 00:00:00-04:00,6.806048346728813,6.968097116889023,6.6439995765686035,6.6439995765686035,23033,0.0,0.0
1999-10-28 00:00:00-04:00,6.968097116889023,6.968097116889023,6.6439995765686035,6.6439995765686035,30533,0.0,0.0
1999-10-29 00:00:00-04:00,6.6439995765686035,6.806048346728813,6.6439995765686035,6.6439995765686035,18500,0.0,0.0
1999-11-01 00:00:00-05:00,6.481951200045072,6.643999980046199,6.319902420043945,6.319902420043945,43500,0.0,0.0
1999-11-02 00:00:00-05:00,6.319901990890503,6.481950759887695,6.157853221893311,6.481950759887695,40267,0.0,0.0
1999-11-03 00:00:00-05:00,6.31990385055542,6.481952667236328,6.157855033874512,6.157855033874512,28700,0.0,0.0
1999-11-04 00:00:00-05:00,6.157853523890178,6.319902300834656,5.671707193056743,5.833755970001221,103700,0.0,0.0
1999-11-05 00:00:00-05:00,5.8337563907398895,5.8337563907398895,5.5096588134765625,5.5096588134765625,100133,0.0,0.0
1999-11-08 00:00:00-05:00,5.509658416112265,5.833755970001221,5.509658416112265,5.833755970001221,36133,0.0,0.0
1999-11-09 00:00:00-05:00,5.833756936563027,5.995805740356445,5.67170813276961,5.995805740356445,43867,0.0,0.0
1999-11-10 00:00:00-05:00,5.995805740356445,6.31990334794328,5.67170813276961,5.995805740356445,142967,0.0,0.0
1999-11-11 00:00:00-05:00,5.995805740356445,5.995805740356445,5.833756936563027,5.995805740356445,17667,0.0,0.0
1999-11-12 00:00:00-05:00,5.833755970001221,5.9958047469457,5.671707193056743,5.833755970001221,28100,0.0,0.0
1999-11-15 00:00:00-05:00,5.833755929129464,5.833755929129464,5.6717071533203125,5.6717071533203125,55400,0.0,0.0
1999-11-16 00:00:00-05:00,5.833755839954723,5.833755839954723,5.347609519958496,5.347609519958496,85333,0.0,0.0
1999-11-17 00:00:00-05:00,5.347609519958496,5.509658293290571,5.347609519958496,5.347609519958496,144700,0.0,0.0
1999-11-18 00:00:00-05:00,5.50965837751116,5.6717071533203125,5.3476096017020085,5.6717071533203125,185267,0.0,0.0
1999-11-19 00:00:00-05:00,5.5096588134765625,5.671707602108226,5.5096588134765625,5.5096588134765625,79033,0.0,0.0
1999-11-22 00:00:00-05:00,5.671707193056743,5.833755970001221,5.671707193056743,5.833755970001221,32833,0.0,0.0
1999-11-23 00:00:00-05:00,5.67170813276961,6.157854544149862,5.67170813276961,5.995805740356445,81600,0.0,0.0
1999-11-24 00:00:00-05:00,6.157854544149862,6.157854544149862,5.67170813276961,5.995805740356445,51333,0.0,0.0
1999-11-26 00:00:00-05:00,5.833756936563027,6.157854544149862,5.833756936563027,5.995805740356445,51767,0.0,0.0
1999-11-29 00:00:00-05:00,5.6717071533203125,5.6717071533203125,5.3476096017020085,5.6717071533203125,82333,0.0,0.0
1999-11-30 00:00:00-05:00,5.509658247232437,5.509658247232437,5.185560703277588,5.185560703277588,52300,0.0,0.0
1999-12-01 00:00:00-05:00,5.185560703277588,5.3476094752550125,5.185560703277588,5.185560703277588,48900,0.0,0.0
1999-12-02 00:00:00-05:00,5.185560703277588,5.3476094752550125,5.023511931300163,5.185560703277588,89300,0.0,0.0
1999-12-03 00:00:00-05:00,5.023512363433838,5.1855611493510585,5.023512363433838,5.023512363433838,202500,0.0,0.0
1999-12-06 00:00:00-05:00,5.023513317108154,5.023513317108154,4.53736686706543,4.53736686706543,105367,0.0,0.0
1999-12-07 00:00:00-05:00,4.699414387345314,5.185560703277588,4.699414387345314,5.185560703277588,345600,0.0,0.0
1999-12-08 00:00:00-05:00,5.023512297663195,5.023512297663195,4.6994147300720215,4.6994147300720215,75800,0.0,0.0
1999-12-09 00:00:00-05:00,4.699415683746338,4.699415683746338,4.3753180503845215,4.53736686706543,89867,0.0,0.0
1999-12-10 00:00:00-05:00,4.537365946276434,4.8614635138676086,4.537365946276434,4.6994147300720215,112033,0.0,0.0
1999-12-13 00:00:00-05:00,4.699415683746338,5.1855621337890625,4.699415683746338,4.861464500427246,32767,0.0,0.0
1999-12-14 00:00:00-05:00,5.023512297663195,5.023512297663195,4.6994147300720215,4.6994147300720215,66700,0.0,0.0
1999-12-15 00:00:00-05:00,4.861464500427246,5.023513317108154,4.699415683746338,4.861464500427246,80667,0.0,0.0
1999-12-16 00:00:00-05:00,4.861463159322739,5.185560703277588,4.699414387345314,5.185560703277588,71567,0.0,0.0
1999-12-17 00:00:00-05:00,5.3476094752550125,5.3476094752550125,5.023511931300163,5.185560703277588,44933,0.0,0.0
1999-12-20 00:00:00-05:00,5.185561081458782,5.185561081458782,4.6994147300720215,4.6994147300720215,74700,0.0,0.0
1999-12-21 00:00:00-05:00,4.861464500427246,4.861464500427246,4.53736686706543,4.53736686706543,72767,0.0,0.0
1999-12-22 00:00:00-05:00,4.861464500427246,4.861464500427246,4.53736686706543,4.861464500427246,25600,0.0,0.0
1999-12-23 00:00:00-05:00,4.861464500427246,4.861464500427246,4.699415683746338,4.861464500427246,366133,0.0,0.0
1999-12-27 00:00:00-05:00,4.6994147300720215,4.8614635138676086,4.6994147300720215,4.6994147300720215,66600,0.0,0.0
1999-12-28 00:00:00-05:00,4.6994147300720215,5.023512297663195,4.6994147300720215,4.6994147300720215,99433,0.0,0.0
1999-12-29 00:00:00-05:00,4.861464500427246,5.1855621337890625,4.861464500427246,4.861464500427246,73067,0.0,0.0
1999-12-30 00:00:00-05:00,4.8614635138676086,5.023512297663195,4.6994147300720215,4.6994147300720215,84667,0.0,0.0
1999-12-31 00:00:00-05:00,4.699415683746338,4.861464500427246,4.53736686706543,4.861464500427246,70167,0.0,0.0
2000-01-03 00:00:00-05:00,4.699415683746338,4.861464500427246,4.699415683746338,4.861464500427246,19700,0.0,0.0
2000-01-04 00:00:00-05:00,4.537365946276434,4.6994147300720215,4.537365946276434,4.6994147300720215,38033,0.0,0.0
2000-01-05 00:00:00-05:00,4.537365946276434,4.6994147300720215,4.537365946276434,4.6994147300720215,38733,0.0,0.0
2000-01-06 00:00:00-05:00,4.53736686706543,4.861464500427246,4.53736686706543,4.861464500427246,104600,0.0,0.0
2000-01-07 00:00:00-05:00,4.699415683746338,4.861464500427246,4.53736686706543,4.53736686706543,52033,0.0,0.0
2000-01-10 00:00:00-05:00,4.6994147300720215,4.8614635138676086,4.375317162480847,4.6994147300720215,146767,0.0,0.0
2000-01-11 00:00:00-05:00,4.53736686706543,4.699415683746338,4.213269233703613,4.3753180503845215,132433,0.0,0.0
2000-01-12 00:00:00-05:00,4.375316505432129,4.375316505432129,3.8891702270507813,4.0512189865112305,154633,0.0,0.0
2000-01-13 00:00:00-05:00,4.213269233703613,4.3753180503845215,4.213269233703613,4.3753180503845215,50867,0.0,0.0
2000-01-14 00:00:00-05:00,4.375317060030423,4.375317060030423,4.05121950002817,4.213268280029297,31333,0.0,0.0
2000-01-18 00:00:00-05:00,4.3753180503845215,4.53736686706543,4.213269233703613,4.53736686706543,115167,0.0,0.0
2000-01-19 00:00:00-05:00,4.53736584003155,4.53736584003155,4.213268280029297,4.213268280029297,26933,0.0,0.0
2000-01-20 00:00:00-05:00,4.53736686706543,4.699415683746338,4.3753180503845215,4.3753180503845215,119333,0.0,0.0
2000-01-21 00:00:00-05:00,4.3753180503845215,4.699415683746338,4.213269233703613,4.3753180503845215,235367,0.0,0.0
2000-01-24 00:00:00-05:00,4.375317060030423,4.375317060030423,4.05121950002817,4.213268280029297,136667,0.0,0.0
2000-01-25 00:00:00-05:00,4.375317060030423,4.375317060030423,4.05121950002817,4.213268280029297,68033,0.0,0.0
2000-01-26 00:00:00-05:00,4.0512189865112305,4.21326774597168,4.0512189865112305,4.0512189865112305,58667,0.0,0.0
2000-01-27 00:00:00-05:00,4.213268280029297,4.375317060030423,4.05121950002817,4.213268280029297,96433,0.0,0.0
2000-01-28 00:00:00-05:00,4.375317060030423,4.375317060030423,4.05121950002817,4.213268280029297,117333,0.0,0.0
2000-01-31 00:00:00-05:00,4.213268018236347,4.213268018236347,4.05121924830418,4.132243633270264,62533,0.0,0.0
2000-02-01 00:00:00-05:00,4.213267146950901,4.213267146950901,4.051218410529713,4.09173059463501,38600,0.0,0.0
2000-02-02 00:00:00-05:00,4.213269354070275,4.334805970053071,4.05122053275988,4.172757148742676,90000,0.0,0.0
2000-02-03 00:00:00-05:00,4.375316788168514,4.375316788168514,4.05121924830418,4.132243633270264,103500,0.0,0.0
2000-02-04 00:00:00-05:00,4.375317123413086,5.509658599853516,4.213268341064453,5.064024448394775,375500,0.0,0.0
2000-02-07 00:00:00-05:00,5.833755929129464,5.995804704938616,4.699414498465401,5.6717071533203125,272267,0.0,0.0
2000-02-08 00:00:00-05:00,4.8614635138676086,4.8614635138676086,4.375317162480847,4.6994147300720215,136167,0.0,0.0
2000-02-09 00:00:00-05:00,5.185560703277588,5.3476094752550125,5.023511931300163,5.185560703277588,102700,0.0,0.0
2000-02-10 00:00:00-05:00,5.18556074662642,5.509658293290571,5.18556074662642,5.347609519958496,155833,0.0,0.0
2000-02-11 00:00:00-05:00,5.3476094752550125,5.3476094752550125,5.023511931300163,5.185560703277588,93700,0.0,0.0
2000-02-14 00:00:00-05:00,5.347610950469971,5.347610950469971,4.699415683746338,4.861464500427246,62733,0.0,0.0
2000-02-15 00:00:00-05:00,4.861463577516617,5.347609935268279,4.861463577516617,5.023512363433838,193967,0.0,0.0
2000-02-16 00:00:00-05:00,5.18556103515625,5.347609817504883,5.023512252807618,5.064024448394775,75967,0.0,0.0
2000-02-17 00:00:00-05:00,5.1855611493510585,5.347609935268279,5.023512363433838,5.023512363433838,68100,0.0,0.0
2000-02-18 00:00:00-05:00,5.023513082473997,5.185561891586062,5.023513082473997,5.104537487030029,59333,0.0,0.0
2000-02-22 00:00:00-05:00,5.185561891586062,5.185561891586062,4.699415464249868,5.104537487030029,102667,0.0,0.0
2000-02-23 00:00:00-05:00,5.023512956572742,5.023512956572742,4.861464151522009,4.983000755310059,40567,0.0,0.0
2000-02-24 00:00:00-05:00,5.023512685400807,5.023512685400807,4.658902893718491,4.739927291870117,140733,0.0,0.0
2000-02-25 00:00:00-05:00,4.53736686706543,4.53736686706543,4.213269233703613,4.3753180503845215,58433,0.0,0.0
2000-02-28 00:00:00-05:00,4.456341600863733,4.53736599360671,4.213268422634802,4.334805011749268,88200,0.0,0.0
2000-02-29 00:00:00-05:00,4.537366996691065,4.537366996691065,4.172757148742676,4.172757148742676,119267,0.0,0.0
2000-03-01 00:00:00-05:00,4.213268280029297,4.375317060030423,4.05121950002817,4.213268280029297,63700,0.0,0.0
2000-03-02 00:00:00-05:00,4.213269233703613,4.3753180503845215,4.213269233703613,4.3753180503845215,38233,0.0,0.0
2000-03-03 00:00:00-05:00,4.213269233703613,4.3753180503845215,4.213269233703613,4.3753180503845215,68500,0.0,0.0
2000-03-06 00:00:00-05:00,4.213269354070275,4.37531817538067,3.8891717114494844,4.172757148742676,136267,0.0,0.0
2000-03-07 00:00:00-05:00,4.213268171037946,4.53736572265625,4.213268171037946,4.253780364990234,223967,0.0,0.0
2000-03-08 00:00:00-05:00,4.53736584003155,4.699414620032677,4.213268280029297,4.213268280029297,146200,0.0,0.0
2000-03-09 00:00:00-05:00,4.3753180503845215,4.53736686706543,4.213269233703613,4.3753180503845215,48300,0.0,0.0
2000-03-10 00:00:00-05:00,4.375317060030423,4.375317060030423,4.05121950002817,4.213268280029297,95300,0.0,0.0
2000-03-13 00:00:00-05:00,4.213268422634802,4.375317208120756,4.213268422634802,4.334805011749268,84667,0.0,0.0
2000-03-14 00:00:00-05:00,4.375316505432129,4.375316505432129,4.0512189865112305,4.0512189865112305,77367,0.0,0.0
2000-03-15 00:00:00-05:00,4.37531817538067,4.37531817538067,4.05122053275988,4.172757148742676,81233,0.0,0.0
2000-03-16 00:00:00-05:00,4.375317060030423,4.375317060030423,4.05121950002817,4.213268280029297,25433,0.0,0.0
2000-03-17 00:00:00-05:00,4.213269233703613,4.3753180503845215,4.213269233703613,4.3753180503845215,31867,0.0,0.0
2000-03-20 00:00:00-05:00,4.213269233703613,4.3753180503845215,4.213269233703613,4.3753180503845215,65367,0.0,0.0
2000-03-21 00:00:00-05:00,4.213269233703613,4.699415683746338,4.213269233703613,4.3753180503845215,95733,0.0,0.0
2000-03-22 00:00:00-05:00,4.53736584003155,4.53736584003155,4.213268280029297,4.213268280029297,100567,0.0,0.0
2000-03-23 00:00:00-05:00,4.213268280029297,4.375317060030423,4.05121950002817,4.213268280029297,37000,0.0,0.0
2000-03-24 00:00:00-05:00,4.375317060030423,4.375317060030423,4.213268280029297,4.213268280029297,53200,0.0,0.0
2000-03-27 00:00:00-05:00,4.213268280029297,4.213268280029297,4.05121950002817,4.213268280029297,87767,0.0,0.0
2000-03-28 00:00:00-05:00,4.213268280029297,4.375317060030423,4.05121950002817,4.213268280029297,80133,0.0,0.0
2000-03-29 00:00:00-05:00,4.051218862118929,4.051218862118929,3.727121353149414,3.727121353149414,376900,0.0,0.0
2000-03-30 00:00:00-05:00,3.8891707200270433,4.375317060030423,3.727121940025916,4.213268280029297,307233,0.0,0.0
2000-03-31 00:00:00-05:00,4.21326774597168,4.21326774597168,3.8891702270507813,4.0512189865112305,144867,0.0,0.0
2000-04-03 00:00:00-04:00,4.051218926906586,4.051218926906586,3.727121412754059,3.8891701698303223,296067,0.0,0.0
2000-04-04 00:00:00-04:00,3.727121353149414,4.2132676166036855,3.5650725986646568,3.727121353149414,504133,0.0,0.0
2000-04-05 00:00:00-04:00,3.727121353149414,3.8891701076341714,3.5650725986646568,3.727121353149414,184067,0.0,0.0
2000-04-06 00:00:00-04:00,3.727121674612667,3.889170443074087,3.5650729061512463,3.6055850982666016,142833,0.0,0.0
2000-04-07 00:00:00-04:00,3.5650732176644464,3.7271220002855574,3.403024435043335,3.403024435043335,142333,0.0,0.0
2000-04-10 00:00:00-04:00,3.7271225344051016,3.7271225344051016,3.403024922717701,3.5650737285614014,70000,0.0,0.0
2000-04-11 00:00:00-04:00,3.7271225344051016,3.7271225344051016,3.5650737285614014,3.5650737285614014,32633,0.0,0.0
2000-04-12 00:00:00-04:00,3.5650732176644464,3.7271220002855574,3.403024435043335,3.403024435043335,102500,0.0,0.0
2000-04-13 00:00:00-04:00,3.5650737285614014,3.5650737285614014,3.403024922717701,3.5650737285614014,31800,0.0,0.0
2000-04-14 00:00:00-04:00,3.7271225344051016,3.8891713402488017,3.5650737285614014,3.5650737285614014,156500,0.0,0.0
2000-04-17 00:00:00-04:00,3.7271220002855574,3.7271220002855574,3.403024435043335,3.403024435043335,137167,0.0,0.0
2000-04-18 00:00:00-04:00,3.403024922717701,3.5650737285614014,3.0789273110303013,3.5650737285614014,196200,0.0,0.0
2000-04-19 00:00:00-04:00,3.5650729179382323,3.5650729179382323,3.0789266109466555,3.2409753799438477,126600,0.0,0.0
2000-04-20 00:00:00-04:00,3.240975652422224,3.403024435043335,3.0789268698011125,3.403024435043335,54367,0.0,0.0
2000-04-24 00:00:00-04:00,3.403024435043335,3.403024435043335,3.240975652422224,3.403024435043335,65933,0.0,0.0
2000-04-25 00:00:00-04:00,3.403024435043335,3.403024435043335,3.240975652422224,3.403024435043335,55733,0.0,0.0
2000-04-26 00:00:00-04:00,3.2409753799438477,3.40302414894104,3.0789266109466555,3.2409753799438477,91500,0.0,0.0
2000-04-27 00:00:00-04:00,3.403024435043335,3.403024435043335,3.200463456766946,3.403024435043335,60533,0.0,0.0
2000-04-28 00:00:00-04:00,3.2409753799438477,3.40302414894104,3.2409753799438477,3.2409753799438477,59700,0.0,0.0
2000-05-01 00:00:00-04:00,3.2409753799438477,3.40302414894104,3.0789266109466555,3.2409753799438477,53500,0.0,0.0
2000-05-02 00:00:00-04:00,3.2409761168740014,3.5650737285614014,3.0789273110303013,3.5650737285614014,221133,0.0,0.0
2000-05-03 00:00:00-04:00,3.5650732176644464,3.5650732176644464,3.240975652422224,3.403024435043335,86867,0.0,0.0
2000-05-04 00:00:00-04:00,3.5650725986646568,3.727121353149414,3.4030238441799,3.727121353149414,73567,0.0,0.0
2000-05-05 00:00:00-04:00,3.727121686935425,3.727121686935425,3.2409753799438477,3.2409753799438477,68767,0.0,0.0
2000-05-08 00:00:00-04:00,3.403024922717701,3.5650737285614014,3.2409761168740014,3.5650737285614014,109167,0.0,0.0
2000-05-09 00:00:00-04:00,3.40302414894104,3.5650729179382323,3.2409753799438477,3.2409753799438477,164767,0.0,0.0
2000-05-10 00:00:00-04:00,3.2409753799438477,3.40302414894104,3.0789266109466555,3.2409753799438477,113067,0.0,0.0
2000-05-11 00:00:00-04:00,3.40302414894104,3.40302414894104,3.0789266109466555,3.2409753799438477,21400,0.0,0.0
2000-05-12 00:00:00-04:00,3.2409753799438477,3.2409753799438477,3.0789266109466555,3.2409753799438477,43233,0.0,0.0
2000-05-15 00:00:00-04:00,3.240976333618164,3.240976333618164,3.078927516937256,3.078927516937256,116767,0.0,0.0
2000-05-16 00:00:00-04:00,3.240976333618164,3.240976333618164,2.9168787002563477,3.078927516937256,60267,0.0,0.0
2000-05-17 00:00:00-04:00,3.078927516937256,3.078927516937256,2.9168787002563477,3.078927516937256,114867,0.0,0.0
2000-05-18 00:00:00-04:00,3.078927516937256,3.078927516937256,2.9168787002563477,3.078927516937256,101200,0.0,0.0
2000-05-19 00:00:00-04:00,3.078926761945089,3.078926761945089,2.9168779850006104,2.9168779850006104,74100,0.0,0.0
2000-05-22 00:00:00-04:00,3.078927516937256,3.240976333618164,3.078927516937256,3.078927516937256,66167,0.0,0.0
2000-05-23 00:00:00-04:00,3.0789269840016082,3.0789269840016082,2.7548294067382812,2.7548294067382812,250400,0.0,0.0
2000-05-24 00:00:00-04:00,2.7548294067382812,2.9168781953699447,2.7548294067382812,2.7548294067382812,31267,0.0,0.0
2000-05-25 00:00:00-04:00,2.9168785640171593,2.9168785640171593,2.4307321366809664,2.5522687435150146,199333,0.0,0.0
2000-05-26 00:00:00-04:00,2.5927806181066178,2.7548294067382812,2.5927806181066178,2.7548294067382812,53700,0.0,0.0
2000-05-30 00:00:00-04:00,2.5927810668945312,2.7548298835754395,2.430732250213623,2.430732250213623,113100,0.0,0.0
2000-05-31 00:00:00-04:00,2.5927810668945312,2.5927810668945312,2.430732250213623,2.430732250213623,28967,0.0,0.0
2000-06-01 00:00:00-04:00,2.5927810668945312,2.5927810668945312,2.430732250213623,2.430732250213623,25633,0.0,0.0
2000-06-02 00:00:00-04:00,2.5927806181066178,2.7548294067382812,2.5927806181066178,2.7548294067382812,173133,0.0,0.0
2000-06-05 00:00:00-04:00,2.7548294067382812,2.7548294067382812,2.5927806181066178,2.7548294067382812,158167,0.0,0.0
2000-06-06 00:00:00-04:00,2.7548292080561323,2.9168779850006104,2.592780431111654,2.9168779850006104,56667,0.0,0.0
2000-06-07 00:00:00-04:00,2.7548294067382812,2.7548294067382812,2.5927806181066178,2.7548294067382812,104067,0.0,0.0
2000-06-08 00:00:00-04:00,2.5927806181066178,2.7548294067382812,2.5927806181066178,2.7548294067382812,58700,0.0,0.0
2000-06-09 00:00:00-04:00,2.7548291236162186,2.7548291236162186,2.552268158644438,2.592780351638794,79033,0.0,0.0
2000-06-12 00:00:00-04:00,2.5927806181066178,2.7548294067382812,2.4307318294749543,2.7548294067382812,93000,0.0,0.0
2000-06-13 00:00:00-04:00,2.7548291236162186,2.916877895593643,2.592780351638794,2.592780351638794,96933,0.0,0.0
2000-06-14 00:00:00-04:00,2.592780431111654,2.9168779850006104,2.592780431111654,2.9168779850006104,83567,0.0,0.0
2000-06-15 00:00:00-04:00,2.7548294067382812,2.7548294067382812,2.5927806181066178,2.7548294067382812,22933,0.0,0.0
2000-06-16 00:00:00-04:00,2.7548291236162186,2.7548291236162186,2.592780351638794,2.592780351638794,24900,0.0,0.0
2000-06-19 00:00:00-04:00,2.592780245267428,2.754829010596642,2.592780245267428,2.6332924365997314,60700,0.0,0.0
2000-06-20 00:00:00-04:00,2.592780351638794,2.7548291236162186,2.4307315796613693,2.592780351638794,96133,0.0,0.0
2000-06-21 00:00:00-04:00,2.4307315796613693,2.592780351638794,2.4307315796613693,2.592780351638794,59867,0.0,0.0
2000-06-22 00:00:00-04:00,2.4307315796613693,2.592780351638794,2.4307315796613693,2.592780351638794,54900,0.0,0.0
2000-06-23 00:00:00-04:00,2.430732250213623,2.5927810668945312,2.268683433532715,2.430732250213623,126867,0.0,0.0
2000-06-26 00:00:00-04:00,2.430732250213623,2.5927810668945312,2.268683433532715,2.430732250213623,35833,0.0,0.0
2000-06-27 00:00:00-04:00,2.430732250213623,2.430732250213623,2.1066346168518066,2.430732250213623,208800,0.0,0.0
2000-06-28 00:00:00-04:00,2.268683433532715,2.430732250213623,2.268683433532715,2.268683433532715,82767,0.0,0.0
2000-06-29 00:00:00-04:00,2.268683433532715,2.430732250213623,2.268683433532715,2.430732250213623,58367,0.0,0.0
2000-06-30 00:00:00-04:00,2.268683433532715,2.430732250213623,2.268683433532715,2.430732250213623,38267,0.0,0.0
2000-07-03 00:00:00-04:00,2.430732250213623,2.430732250213623,2.268683433532715,2.268683433532715,28633,0.0,0.0
2000-07-05 00:00:00-04:00,2.430731700016902,2.430731700016902,2.1066341400146484,2.1066341400146484,52400,0.0,0.0
2000-07-06 00:00:00-04:00,2.268683433532715,2.268683433532715,2.1066346168518066,2.268683433532715,131300,0.0,0.0
2000-07-07 00:00:00-04:00,2.268682599067688,2.268682599067688,1.9445850849151611,1.9445850849151611,95967,0.0,0.0
2000-07-10 00:00:00-04:00,2.1066341400146484,2.268682920015775,1.9445853600135217,2.1066341400146484,83400,0.0,0.0
2000-07-11 00:00:00-04:00,2.1066341400146484,2.268682920015775,1.9445853600135217,2.1066341400146484,43067,0.0,0.0
2000-07-12 00:00:00-04:00,2.1066341400146484,2.268682920015775,1.9445853600135217,2.1066341400146484,212600,0.0,0.0
2000-07-13 00:00:00-04:00,2.1066338419914246,2.1066338419914246,1.9445850849151611,1.9445850849151611,29033,0.0,0.0
2000-07-14 00:00:00-04:00,1.9445850849151611,2.1066338419914246,1.9445850849151611,1.9445850849151611,31967,0.0,0.0
2000-07-17 00:00:00-04:00,1.9445853600135217,2.1066341400146484,1.9445853600135217,2.1066341400146484,314867,0.0,0.0
2000-07-18 00:00:00-04:00,2.106634475968101,2.106634475968101,1.7825368642807007,1.7825368642807007,104467,0.0,0.0
2000-07-19 00:00:00-04:00,1.9445850849151611,1.9445850849151611,1.7825363278388977,1.9445850849151611,34967,0.0,0.0
2000-07-20 00:00:00-04:00,1.9445850849151611,1.9445850849151611,1.7825363278388977,1.9445850849151611,229067,0.0,0.0
2000-07-21 00:00:00-04:00,1.9445856701244009,1.9445856701244009,1.7825368642807007,1.7825368642807007,85700,0.0,0.0
2000-07-24 00:00:00-04:00,1.7825365800123947,2.1066341400146484,1.7825365800123947,2.1066341400146484,131967,0.0,0.0
2000-07-25 00:00:00-04:00,1.9445856701244009,2.106634475968101,1.7825368642807007,1.7825368642807007,126000,0.0,0.0
2000-07-26 00:00:00-04:00,2.1066341400146484,2.1066341400146484,1.7825365800123947,2.1066341400146484,103700,0.0,0.0
2000-07-27 00:00:00-04:00,2.106634475968101,2.106634475968101,1.7825368642807007,1.7825368642807007,80200,0.0,0.0
2000-07-28 00:00:00-04:00,1.7825368642807007,1.9445856701244009,1.6204880584370007,1.7825368642807007,118633,0.0,0.0
2000-07-31 00:00:00-04:00,1.9445856701244009,1.9445856701244009,1.7825368642807007,1.7825368642807007,79600,0.0,0.0
2000-08-01 00:00:00-04:00,1.7825368642807007,1.9445856701244009,1.6204880584370007,1.7825368642807007,48100,0.0,0.0
2000-08-02 00:00:00-04:00,1.6204876899719238,1.7825364589691162,1.6204876899719238,1.6204876899719238,92800,0.0,0.0
2000-08-03 00:00:00-04:00,1.6204877694447837,1.782536546389262,1.4584389925003052,1.4584389925003052,183433,0.0,0.0
2000-08-04 00:00:00-04:00,1.6204876899719238,1.7825364589691162,1.6204876899719238,1.6204876899719238,76900,0.0,0.0
2000-08-07 00:00:00-04:00,1.7825364589691162,1.9445852279663087,1.6204876899719238,1.6204876899719238,42800,0.0,0.0
2000-08-08 00:00:00-04:00,1.6204876899719238,1.7825364589691162,1.6204876899719238,1.6204876899719238,42333,0.0,0.0
2000-08-09 00:00:00-04:00,1.7825364589691162,1.7825364589691162,1.6204876899719238,1.6204876899719238,76000,0.0,0.0
2000-08-10 00:00:00-04:00,1.6204880584370007,1.7825368642807007,1.6204880584370007,1.7825368642807007,22567,0.0,0.0
2000-08-11 00:00:00-04:00,1.7825363278388977,1.9445850849151611,1.6204875707626343,1.9445850849151611,46800,0.0,0.0
2000-08-14 00:00:00-04:00,1.9445856701244009,1.9445856701244009,1.6204880584370007,1.7825368642807007,136300,0.0,0.0
2000-08-15 00:00:00-04:00,1.7825368642807007,1.7825368642807007,1.6204880584370007,1.7825368642807007,35467,0.0,0.0
2000-08-16 00:00:00-04:00,1.7825368642807007,1.7825368642807007,1.6204880584370007,1.7825368642807007,112400,0.0,0.0
2000-08-17 00:00:00-04:00,1.7825368642807007,1.9445856701244009,1.6204880584370007,1.7825368642807007,39233,0.0,0.0
2000-08-18 00:00:00-04:00,1.7825368642807007,1.7825368642807007,1.6204880584370007,1.7825368642807007,85767,0.0,0.0
2000-08-21 00:00:00-04:00,1.7825364589691162,1.7825364589691162,1.6204876899719238,1.6204876899719238,41833,0.0,0.0
2000-08-22 00:00:00-04:00,1.7825368642807007,1.7825368642807007,1.6204880584370007,1.7825368642807007,22667,0.0,0.0
2000-08-23 00:00:00-04:00,1.7825368642807007,1.7825368642807007,1.6204880584370007,1.7825368642807007,35967,0.0,0.0
2000-08-24 00:00:00-04:00,1.7825364589691162,1.7825364589691162,1.6204876899719238,1.6204876899719238,11700,0.0,0.0
2000-08-25 00:00:00-04:00,1.7825368642807007,1.7825368642807007,1.6204880584370007,1.7825368642807007,75600,0.0,0.0
2000-08-28 00:00:00-04:00,1.7825364589691162,1.7825364589691162,1.6204876899719238,1.6204876899719238,51167,0.0,0.0
2000-08-29 00:00:00-04:00,1.7825364589691162,1.7825364589691162,1.6204876899719238,1.6204876899719238,14500,0.0,0.0
2000-08-30 00:00:00-04:00,1.7825368642807007,1.7825368642807007,1.6204880584370007,1.7825368642807007,21900,0.0,0.0
2000-08-31 00:00:00-04:00,1.6204876899719238,1.7825364589691162,1.6204876899719238,1.6204876899719238,157000,0.0,0.0
2000-09-01 00:00:00-04:00,1.7825368642807007,1.7825368642807007,1.6204880584370007,1.7825368642807007,55733,0.0,0.0
2000-09-05 00:00:00-04:00,1.6204875707626343,1.9445850849151611,1.6204875707626343,1.9445850849151611,83400,0.0,0.0
2000-09-06 00:00:00-04:00,1.7825368642807007,1.7825368642807007,1.6204880584370007,1.7825368642807007,79500,0.0,0.0
2000-09-07 00:00:00-04:00,1.7825368642807007,1.7825368642807007,1.6204880584370007,1.7825368642807007,29900,0.0,0.0
2000-09-08 00:00:00-04:00,1.6204876899719238,1.7825364589691162,1.6204876899719238,1.6204876899719238,52567,0.0,0.0
2000-09-11 00:00:00-04:00,1.7825368642807007,1.7825368642807007,1.6204880584370007,1.7825368642807007,407600,0.0,0.0
2000-09-12 00:00:00-04:00,1.7825368642807007,1.7825368642807007,1.6204880584370007,1.7825368642807007,47467,0.0,0.0
2000-09-13 00:00:00-04:00,1.7825368642807007,1.7825368642807007,1.6204880584370007,1.7825368642807007,39700,0.0,0.0
2000-09-14 00:00:00-04:00,1.6204876899719238,1.7825364589691162,1.6204876899719238,1.6204876899719238,52200,0.0,0.0
2000-09-15 00:00:00-04:00,1.7825368642807007,1.7825368642807007,1.6204880584370007,1.7825368642807007,41133,0.0,0.0
2000-09-18 00:00:00-04:00,1.6204876899719238,1.7825364589691162,1.6204876899719238,1.6204876899719238,32133,0.0,0.0
2000-09-19 00:00:00-04:00,1.6204880584370007,1.7825368642807007,1.6204880584370007,1.7825368642807007,132267,0.0,0.0
2000-09-20 00:00:00-04:00,1.782536546389262,1.782536546389262,1.4584389925003052,1.4584389925003052,68367,0.0,0.0
2000-09-21 00:00:00-04:00,1.6204876899719238,1.6204876899719238,1.4584389209747315,1.6204876899719238,52300,0.0,0.0
2000-09-22 00:00:00-04:00,1.6204876899719238,1.6204876899719238,1.4584389209747315,1.6204876899719238,148200,0.0,0.0
2000-09-25 00:00:00-04:00,1.6204877694447837,1.6204877694447837,1.4584389925003052,1.4584389925003052,100500,0.0,0.0
2000-09-26 00:00:00-04:00,1.4584389925003052,1.6204877694447837,1.296390215555827,1.4584389925003052,119067,0.0,0.0
2000-09-27 00:00:00-04:00,1.4584389209747315,1.6204876899719238,1.2963901519775392,1.6204876899719238,149967,0.0,0.0
2000-09-28 00:00:00-04:00,1.6204877694447837,1.6204877694447837,1.4584389925003052,1.4584389925003052,84200,0.0,0.0
2000-09-29 00:00:00-04:00,1.4584389925003052,1.6204877694447837,1.4584389925003052,1.4584389925003052,340433,0.0,0.0
2000-10-02 00:00:00-04:00,1.6204877694447837,1.6204877694447837,1.296390215555827,1.4584389925003052,62400,0.0,0.0
2000-10-03 00:00:00-04:00,1.296390175819397,1.4584389477968216,1.296390175819397,1.296390175819397,75000,0.0,0.0
2000-10-04 00:00:00-04:00,1.296390215555827,1.4584389925003052,1.296390215555827,1.4584389925003052,36500,0.0,0.0
2000-10-05 00:00:00-04:00,1.296390215555827,1.4584389925003052,1.296390215555827,1.4584389925003052,38800,0.0,0.0
2000-10-06 00:00:00-04:00,1.296390175819397,1.4584389477968216,1.296390175819397,1.296390175819397,335400,0.0,0.0
2000-10-09 00:00:00-04:00,1.296390175819397,1.4584389477968216,1.296390175819397,1.296390175819397,33267,0.0,0.0
2000-10-10 00:00:00-04:00,1.296390175819397,1.4584389477968216,1.296390175819397,1.296390175819397,19367,0.0,0.0
2000-10-11 00:00:00-04:00,1.296390175819397,1.4584389477968216,1.296390175819397,1.296390175819397,47467,0.0,0.0
2000-10-12 00:00:00-04:00,1.4584389925003052,1.4584389925003052,1.296390215555827,1.4584389925003052,160867,0.0,0.0
2000-10-13 00:00:00-04:00,1.296390175819397,1.4584389477968216,1.296390175819397,1.296390175819397,103667,0.0,0.0
2000-10-16 00:00:00-04:00,1.2963905334472656,1.4584393501281738,1.1343417167663574,1.2153661251068115,95700,0.0,0.0
2000-10-17 00:00:00-04:00,1.2153661251068115,1.2153661251068115,1.1343417167663574,1.1343417167663574,218100,0.0,0.0
2000-10-18 00:00:00-04:00,1.1343417167663574,1.2153661251068115,1.1343417167663574,1.1343417167663574,89067,0.0,0.0
2000-10-19 00:00:00-04:00,1.2153661251068115,1.2153661251068115,1.1343417167663574,1.2153661251068115,30600,0.0,0.0
2000-10-20 00:00:00-04:00,1.1343417167663574,1.2153661251068115,1.1343417167663574,1.2153661251068115,50433,0.0,0.0
2000-10-23 00:00:00-04:00,1.1343417167663574,1.2153661251068115,1.1343417167663574,1.2153661251068115,29533,0.0,0.0
2000-10-24 00:00:00-04:00,1.1343414600078876,1.215365850008451,1.0533170700073242,1.0533170700073242,155767,0.0,0.0
2000-10-25 00:00:00-04:00,1.1343414600078876,1.1343414600078876,0.9722926800067608,1.0533170700073242,237633,0.0,0.0
2000-10-26 00:00:00-04:00,0.9722926800067608,1.1343414600078876,0.9722926800067608,1.0533170700073242,115833,0.0,0.0
2000-10-27 00:00:00-04:00,1.0533173084259033,1.1343417167663574,0.9722929000854492,1.1343417167663574,125700,0.0,0.0
2000-10-30 00:00:00-05:00,1.1343417167663574,1.2153661251068115,1.0533173084259033,1.2153661251068115,97867,0.0,0.0
2000-10-31 00:00:00-05:00,1.215365850008451,1.215365850008451,0.9722926800067608,1.0533170700073242,219833,0.0,0.0
2000-11-01 00:00:00-05:00,1.1343414600078876,1.1343414600078876,1.0533170700073242,1.0533170700073242,56833,0.0,0.0
2000-11-02 00:00:00-05:00,1.0533173084259033,1.1343417167663574,1.0533173084259033,1.1343417167663574,67800,0.0,0.0
2000-11-03 00:00:00-05:00,1.1343417167663574,1.2153661251068115,1.0533173084259033,1.2153661251068115,238133,0.0,0.0
2000-11-06 00:00:00-05:00,1.2153661251068115,1.2153661251068115,1.1343417167663574,1.2153661251068115,116033,0.0,0.0
2000-11-07 00:00:00-05:00,1.1343417167663574,1.2153661251068115,1.1343417167663574,1.1343417167663574,49400,0.0,0.0
2000-11-08 00:00:00-05:00,1.2153661251068115,1.2153661251068115,1.1343417167663574,1.2153661251068115,29533,0.0,0.0
2000-11-09 00:00:00-05:00,1.1343417167663574,1.2153661251068115,1.0533173084259033,1.1343417167663574,78000,0.0,0.0
2000-11-10 00:00:00-05:00,1.0533173084259033,1.1343417167663574,1.0533173084259033,1.1343417167663574,82633,0.0,0.0
2000-11-13 00:00:00-05:00,1.1343417167663574,1.1343417167663574,1.0533173084259033,1.1343417167663574,68033,0.0,0.0
2000-11-14 00:00:00-05:00,1.0533173084259033,1.1343417167663574,1.0533173084259033,1.1343417167663574,36667,0.0,0.0
2000-11-15 00:00:00-05:00,1.1343417167663574,1.1343417167663574,1.0533173084259033,1.1343417167663574,35133,0.0,0.0
2000-11-16 00:00:00-05:00,1.0533170700073242,1.1343414600078876,1.0533170700073242,1.0533170700073242,32067,0.0,0.0
2000-11-17 00:00:00-05:00,1.1343417167663574,1.2153661251068115,1.0533173084259033,1.1343417167663574,116933,0.0,0.0
2000-11-20 00:00:00-05:00,1.0533173084259033,1.2153661251068115,1.0533173084259033,1.2153661251068115,91000,0.0,0.0
2000-11-21 00:00:00-05:00,1.1343417167663574,1.2963905334472656,1.1343417167663574,1.2153661251068115,77167,0.0,0.0
2000-11-22 00:00:00-05:00,1.296390215555827,1.6204877694447837,1.296390215555827,1.4584389925003052,290633,0.0,0.0
2000-11-24 00:00:00-05:00,1.6204876899719238,1.6204876899719238,1.2963901519775392,1.6204876899719238,105767,0.0,0.0
2000-11-27 00:00:00-05:00,1.4584389209747315,1.7825364589691162,1.4584389209747315,1.6204876899719238,225300,0.0,0.0
2000-11-28 00:00:00-05:00,1.7825364589691162,1.7825364589691162,1.4584389209747315,1.6204876899719238,167767,0.0,0.0
2000-11-29 00:00:00-05:00,1.6204876899719238,1.6204876899719238,1.2963901519775392,1.6204876899719238,348167,0.0,0.0
2000-11-30 00:00:00-05:00,1.4584389925003052,1.6204877694447837,1.4584389925003052,1.4584389925003052,51433,0.0,0.0
2000-12-01 00:00:00-05:00,1.6204876899719238,1.6204876899719238,1.4584389209747315,1.6204876899719238,17533,0.0,0.0
2000-12-04 00:00:00-05:00,1.6204876899719238,1.7825364589691162,1.4584389209747315,1.6204876899719238,137100,0.0,0.0
2000-12-05 00:00:00-05:00,1.6204876899719238,1.6204876899719238,1.4584389209747315,1.6204876899719238,60100,0.0,0.0
2000-12-06 00:00:00-05:00,1.4584392525933005,1.7825368642807007,1.4584392525933005,1.7825368642807007,151167,0.0,0.0
2000-12-07 00:00:00-05:00,1.7825363278388977,1.9445850849151611,1.6204875707626343,1.9445850849151611,147233,0.0,0.0
2000-12-08 00:00:00-05:00,1.9445852279663087,1.9445852279663087,1.6204876899719238,1.6204876899719238,120233,0.0,0.0
2000-12-11 00:00:00-05:00,1.6204876899719238,1.7825364589691162,1.4584389209747315,1.6204876899719238,156100,0.0,0.0
2000-12-12 00:00:00-05:00,1.6204876899719238,1.7825364589691162,1.6204876899719238,1.6204876899719238,46667,0.0,0.0
2000-12-13 00:00:00-05:00,1.6204876899719238,1.6204876899719238,1.4584389209747315,1.6204876899719238,58733,0.0,0.0
2000-12-14 00:00:00-05:00,1.4584389925003052,1.782536546389262,1.296390215555827,1.4584389925003052,267767,0.0,0.0
2000-12-15 00:00:00-05:00,1.2963901519775392,1.6204876899719238,1.2963901519775392,1.6204876899719238,203900,0.0,0.0
2000-12-18 00:00:00-05:00,1.6204877694447837,1.6204877694447837,1.4584389925003052,1.4584389925003052,67400,0.0,0.0
2000-12-19 00:00:00-05:00,1.4584389477968216,1.6204877197742462,1.296390175819397,1.296390175819397,81033,0.0,0.0
2000-12-20 00:00:00-05:00,1.4584389925003052,1.6204877694447837,1.4584389925003052,1.4584389925003052,252967,0.0,0.0
2000-12-21 00:00:00-05:00,1.4584389925003052,1.6204877694447837,1.296390215555827,1.4584389925003052,115867,0.0,0.0
2000-12-22 00:00:00-05:00,1.4584389925003052,1.6204877694447837,1.296390215555827,1.4584389925003052,88600,0.0,0.0
2000-12-26 00:00:00-05:00,1.296390215555827,1.4584389925003052,1.296390215555827,1.4584389925003052,85067,0.0,0.0
2000-12-27 00:00:00-05:00,1.296390215555827,1.4584389925003052,1.296390215555827,1.4584389925003052,202967,0.0,0.0
2000-12-28 00:00:00-05:00,1.4584389477968216,1.4584389477968216,1.296390175819397,1.296390175819397,106200,0.0,0.0
2000-12-29 00:00:00-05:00,1.296390175819397,1.6204877197742462,1.296390175819397,1.296390175819397,193167,0.0,0.0
2001-01-02 00:00:00-05:00,1.4584389477968216,1.4584389477968216,1.296390175819397,1.296390175819397,98000,0.0,0.0
2001-01-03 00:00:00-05:00,1.296390175819397,1.4584389477968216,1.296390175819397,1.296390175819397,52900,0.0,0.0
2001-01-04 00:00:00-05:00,1.296390215555827,1.4584389925003052,1.296390215555827,1.4584389925003052,15700,0.0,0.0
2001-01-05 00:00:00-05:00,1.4584389477968216,1.4584389477968216,1.296390175819397,1.296390175819397,63967,0.0,0.0
2001-01-08 00:00:00-05:00,1.4584389209747315,1.6204876899719238,1.2963901519775392,1.6204876899719238,103467,0.0,0.0
2001-01-09 00:00:00-05:00,1.6204877694447837,1.6204877694447837,1.296390215555827,1.4584389925003052,89267,0.0,0.0
2001-01-10 00:00:00-05:00,1.4584389477968216,1.4584389477968216,1.296390175819397,1.296390175819397,29967,0.0,0.0
2001-01-11 00:00:00-05:00,1.4584389925003052,1.4584389925003052,1.296390215555827,1.4584389925003052,32833,0.0,0.0
2001-01-12 00:00:00-05:00,1.4584389925003052,1.4584389925003052,1.296390215555827,1.4584389925003052,36733,0.0,0.0
2001-01-16 00:00:00-05:00,1.296390175819397,1.4584389477968216,1.296390175819397,1.296390175819397,24100,0.0,0.0
2001-01-17 00:00:00-05:00,1.4584389925003052,1.4584389925003052,1.296390215555827,1.4584389925003052,162767,0.0,0.0
2001-01-18 00:00:00-05:00,1.4584389477968216,1.4584389477968216,1.2153657898306847,1.296390175819397,198633,0.0,0.0
2001-01-19 00:00:00-05:00,1.296390175819397,1.296390175819397,1.2153657898306847,1.296390175819397,41667,0.0,0.0
2001-01-22 00:00:00-05:00,1.296390215555827,1.4584389925003052,1.2153658270835876,1.4584389925003052,195567,0.0,0.0
2001-01-23 00:00:00-05:00,1.4584389925003052,1.4584389925003052,1.296390215555827,1.4584389925003052,81933,0.0,0.0
2001-01-24 00:00:00-05:00,1.296390175819397,1.296390175819397,1.2153657898306847,1.296390175819397,207733,0.0,0.0
2001-01-25 00:00:00-05:00,1.296390175819397,1.296390175819397,1.2153657898306847,1.296390175819397,74600,0.0,0.0
2001-01-26 00:00:00-05:00,1.2963905334472656,1.2963905334472656,1.1343417167663574,1.2153661251068115,402333,0.0,0.0
2001-01-29 00:00:00-05:00,1.218606702450323,1.218606702450323,1.1667511463165283,1.1667511463165283,39300,0.0,0.0
2001-01-30 00:00:00-05:00,1.166751172713634,1.2445346117019653,1.166751172713634,1.2445346117019653,179800,0.0,0.0
2001-01-31 00:00:00-05:00,1.2704623903554644,1.2704623903554644,1.2186067300206322,1.2445346117019653,114967,0.0,0.0
2001-02-01 00:00:00-05:00,1.2445346182399817,1.3741736152163544,1.2445346182399817,1.296390175819397,131667,0.0,0.0
2001-02-02 00:00:00-05:00,1.2963904018088699,1.2963904018088699,1.218606948852539,1.218606948852539,85667,0.0,0.0
2001-02-05 00:00:00-05:00,1.244535085279658,1.244535085279658,1.166751616692711,1.1926794052124023,80800,0.0,0.0
2001-02-06 00:00:00-05:00,1.1926794052124023,1.2186071937320935,1.166751616692711,1.1926794052124023,50200,0.0,0.0
2001-02-07 00:00:00-05:00,1.1926794052124023,1.2186071937320935,1.166751616692711,1.1926794052124023,38900,0.0,0.0
2001-02-08 00:00:00-05:00,1.218606948852539,1.270462618499377,1.1926791655430462,1.218606948852539,37433,0.0,0.0
2001-02-09 00:00:00-05:00,1.2445348351898844,1.270462618499377,1.1926791655430462,1.218606948852539,105600,0.0,0.0
2001-02-12 00:00:00-05:00,1.244535085279658,1.244535085279658,1.166751616692711,1.1926794052124023,39967,0.0,0.0
2001-02-13 00:00:00-05:00,1.1926789243834257,1.218606702450323,1.1667511463165283,1.1667511463165283,51400,0.0,0.0
2001-02-14 00:00:00-05:00,1.1926791655430462,1.218606948852539,1.1667513822335533,1.218606948852539,53333,0.0,0.0
2001-02-15 00:00:00-05:00,1.1926792940938258,1.218607080197898,1.1408237218856812,1.1408237218856812,68633,0.0,0.0
2001-02-16 00:00:00-05:00,1.166751178843024,1.3482457333988123,1.1408234000533164,1.296390175819397,113800,0.0,0.0
2001-02-20 00:00:00-05:00,1.2963901690089634,1.2963901690089634,1.2186067300206322,1.2445346117019653,36467,0.0,0.0
2001-02-21 00:00:00-05:00,1.2963902967302725,1.4001015245898079,1.2704625155223495,1.3482458591461182,92000,0.0,0.0
2001-02-22 00:00:00-05:00,1.37417376143448,1.4260293245315552,1.3482458768580972,1.4260293245315552,94367,0.0,0.0
2001-02-23 00:00:00-05:00,1.4260296804572656,1.581596614632456,1.4001018924373576,1.5038131475448608,208767,0.0,0.0
2001-02-26 00:00:00-05:00,1.529740689396151,1.607524143966693,1.529740689396151,1.5556684732437134,233000,0.0,0.0
2001-02-27 00:00:00-05:00,1.607524143966693,1.607524143966693,1.4778851217010258,1.5556684732437134,157700,0.0,0.0
2001-02-28 00:00:00-05:00,1.529741065127193,1.529741065127193,1.400102011019917,1.4778854846954346,92033,0.0,0.0
2001-03-01 00:00:00-05:00,1.4519575914516754,1.5038132749113138,1.400102011019917,1.4778854846954346,98900,0.0,0.0
2001-03-02 00:00:00-05:00,1.4519571050019802,1.4519571050019802,1.3482458758569926,1.3741737604141235,69167,0.0,0.0
2001-03-05 00:00:00-05:00,1.4260295591937315,1.45195734500885,1.3741739875634946,1.45195734500885,118333,0.0,0.0
2001-03-06 00:00:00-05:00,1.4778849901179543,1.503812771657044,1.3482458763668144,1.4001015424728394,52967,0.0,0.0
2001-03-07 00:00:00-05:00,1.4001015429830177,1.4260293245315552,1.3482458768580972,1.4260293245315552,103667,0.0,0.0
2001-03-08 00:00:00-05:00,1.4519572348256087,1.5556684732437134,1.4001016671304838,1.5556684732437134,155067,0.0,0.0
2001-03-09 00:00:00-05:00,1.6075241527106776,1.6853076077043159,1.5556684817056337,1.6593797206878662,357967,0.0,0.0
2001-03-12 00:00:00-05:00,1.6593794804453803,1.7371629241776476,1.6075239199757623,1.6334517002105713,356300,0.0,0.0
2001-03-13 00:00:00-05:00,1.6075245388027104,1.6075245388027104,1.4519575914516754,1.4778854846954346,66067,0.0,0.0
2001-03-14 00:00:00-05:00,1.4778848930926327,1.5297404527664185,1.4260292303910085,1.5297404527664185,88200,0.0,0.0
2001-03-15 00:00:00-05:00,1.4519571060800927,1.4519571060800927,1.4260293245315552,1.4260293245315552,45133,0.0,0.0
2001-03-16 00:00:00-05:00,1.4519572169679227,1.4519572169679227,1.322318196296692,1.322318196296692,61700,0.0,0.0
2001-03-19 00:00:00-05:00,1.3482458758569926,1.4519571050019802,1.3482458758569926,1.3741737604141235,125800,0.0,0.0
2001-03-20 00:00:00-05:00,1.3741737609337497,1.426029324011929,1.3482458763668144,1.4001015424728394,68200,0.0,0.0
2001-03-21 00:00:00-05:00,1.426029324011929,1.4778849901179543,1.4001015424728394,1.4001015424728394,46333,0.0,0.0
2001-03-22 00:00:00-05:00,1.451957105551019,1.451957105551019,1.3482458763668144,1.4001015424728394,80167,0.0,0.0
2001-03-23 00:00:00-05:00,1.451957105551019,1.4778849901179543,1.4001015424728394,1.4001015424728394,83033,0.0,0.0
2001-03-26 00:00:00-05:00,1.374173743381885,1.426029305797731,1.3223180779381953,1.3482458591461182,36167,0.0,0.0
2001-03-27 00:00:00-05:00,1.3482459798253674,1.3741738663818963,1.2963904127680164,1.322318196296692,62267,0.0,0.0
2001-03-28 00:00:00-05:00,1.2963904127680164,1.3482459798253674,1.2963904127680164,1.322318196296692,67200,0.0,0.0
2001-03-29 00:00:00-05:00,1.296390415767934,1.322318199356608,1.2704626321792603,1.2704626321792603,34100,0.0,0.0
2001-03-30 00:00:00-05:00,1.296390175819397,1.296390175819397,1.2445346182399817,1.296390175819397,27800,0.0,0.0
2001-04-02 00:00:00-04:00,1.2963901690089634,1.3223179476624627,1.2445346117019653,1.2445346117019653,31233,0.0,0.0
2001-04-03 00:00:00-04:00,1.2704623970296893,1.3223179546091046,1.166751178843024,1.296390175819397,156300,0.0,0.0
2001-04-04 00:00:00-04:00,1.296390415767934,1.374173869561809,1.2445348485905865,1.2704626321792603,188800,0.0,0.0
2001-04-05 00:00:00-04:00,1.218606948852539,1.2963904018088699,1.1926791655430462,1.218606948852539,59600,0.0,0.0
2001-04-06 00:00:00-04:00,1.2186069591541364,1.3482459798253674,1.2186069591541364,1.322318196296692,101967,0.0,0.0
2001-04-09 00:00:00-04:00,1.2704623903554644,1.2963901690089634,1.1926789513671332,1.2445346117019653,44567,0.0,0.0
2001-04-10 00:00:00-04:00,1.244535085279658,1.2704628737993493,1.1926794052124023,1.1926794052124023,85767,0.0,0.0
2001-04-11 00:00:00-04:00,1.1926791655430462,1.218606948852539,1.1667513822335533,1.218606948852539,91267,0.0,0.0
2001-04-12 00:00:00-04:00,1.2186069591541364,1.322318196296692,1.1926791756254609,1.322318196296692,106400,0.0,0.0
2001-04-16 00:00:00-04:00,1.2963904127680164,1.322318196296692,1.2186069591541364,1.322318196296692,90900,0.0,0.0
2001-04-17 00:00:00-04:00,1.270462618499377,1.270462618499377,1.218606948852539,1.218606948852539,70067,0.0,0.0
2001-04-18 00:00:00-04:00,1.2186067364224393,1.296390175819397,1.1408234000533164,1.296390175819397,215467,0.0,0.0
2001-04-19 00:00:00-04:00,1.2963902967302725,1.3482458591461182,1.2445347343144266,1.3482458591461182,53833,0.0,0.0
2001-04-20 00:00:00-04:00,1.374173743381885,1.374173743381885,1.3223180779381953,1.3482458591461182,37467,0.0,0.0
2001-04-23 00:00:00-04:00,1.3482459829452818,1.374173869561809,1.2186069619740592,1.2704626321792603,79733,0.0,0.0
2001-04-24 00:00:00-04:00,1.2963905270902765,1.45195734500885,1.270462741275158,1.45195734500885,78600,0.0,0.0
2001-04-25 00:00:00-04:00,1.4001019194256787,1.4001019194256787,1.1926794052124023,1.1926794052124023,122067,0.0,0.0
2001-04-26 00:00:00-04:00,1.2963905270902765,1.45195734500885,1.2963905270902765,1.45195734500885,176333,0.0,0.0
2001-04-27 00:00:00-04:00,1.45195734500885,1.5038130196669497,1.4260295591937315,1.45195734500885,110433,0.0,0.0
2001-04-30 00:00:00-04:00,1.4519571060800927,1.4519571060800927,1.37417376143448,1.4260293245315552,56433,0.0,0.0
2001-05-01 00:00:00-04:00,1.4519570102279014,1.5297404527664185,1.4001014505541156,1.5297404527664185,81967,0.0,0.0
2001-05-02 00:00:00-04:00,1.529740689396151,1.5815963601191305,1.529740689396151,1.5556684732437134,70633,0.0,0.0
2001-05-03 00:00:00-04:00,1.4778852338518311,1.5556685912971868,1.45195734500885,1.45195734500885,64900,0.0,0.0
2001-05-04 00:00:00-04:00,1.4778849901179543,1.4778849901179543,1.4001015424728394,1.4001015424728394,66500,0.0,0.0
2001-05-07 00:00:00-04:00,1.4001017733786132,1.45195734500885,1.3741739875634946,1.45195734500885,128467,0.0,0.0
2001-05-08 00:00:00-04:00,1.4260293234726946,1.4260293234726946,1.3741737604141235,1.3741737604141235,22600,0.0,0.0
2001-05-09 00:00:00-04:00,1.4519571386004457,1.6853074868473072,1.4519571386004457,1.5815962553024292,725600,0.0,0.0
2001-05-10 00:00:00-04:00,1.633451940621283,1.6853076117508354,1.5038129173391854,1.6075241565704346,206300,0.0,0.0
2001-05-11 00:00:00-04:00,1.6075240374316868,1.6593796016902018,1.5556683701453238,1.5815962553024292,211533,0.0,0.0
2001-05-14 00:00:00-04:00,1.6334517002105713,1.6593794804453803,1.529740476243495,1.6334517002105713,175467,0.0,0.0
2001-05-15 00:00:00-04:00,1.6334519278142554,1.6334519278142554,1.5556684732437134,1.5556684732437134,206500,0.0,0.0
2001-05-16 00:00:00-04:00,1.6334514589653963,1.9964406377262094,1.6334514589653963,1.9445850849151611,628200,0.0,0.0
2001-05-17 00:00:00-04:00,1.9964411502128452,2.3335027421197023,1.9964411502128452,2.2038636207580566,637833,0.0,0.0
2001-05-18 00:00:00-04:00,2.074223720395413,2.6446350889624477,2.074223720395413,2.4631404876708984,850700,0.0,0.0
2001-05-21 00:00:00-04:00,3.1113366706041763,3.1113366706041763,2.644636190619119,2.8520586490631104,1108733,0.0,0.0
2001-05-22 00:00:00-04:00,2.7224204732922836,2.7224204732922836,2.2038640847312196,2.3853588104248047,929733,0.0,0.0
2001-05-23 00:00:00-04:00,2.3335022926330566,2.3335022926330566,2.229790974309804,2.3335022926330566,468633,0.0,0.0
2001-05-24 00:00:00-04:00,2.5149974307613427,2.5149974307613427,2.1001524894799726,2.177935838699341,494900,0.0,0.0
2001-05-25 00:00:00-04:00,2.177935858554445,2.437213897705078,2.1260802919354593,2.437213897705078,388900,0.0,0.0
2001-05-29 00:00:00-04:00,2.3335027421197023,2.3335027421197023,2.177935837696868,2.2038636207580566,280200,0.0,0.0
2001-05-30 00:00:00-04:00,2.152007898956169,2.203863461327236,1.944585443416212,1.9705132246017456,389467,0.0,0.0
2001-05-31 00:00:00-04:00,1.9705128778454,2.1001519670158237,1.9445851012224455,2.0223684310913086,291267,0.0,0.0
2001-06-01 00:00:00-04:00,2.07422470640685,2.2297914048455865,2.022368934204901,2.177935838699341,129367,0.0,0.0
2001-06-04 00:00:00-04:00,2.203863618799202,2.2816471739693345,2.1520080527229153,2.2557191848754883,136967,0.0,0.0
2001-06-05 00:00:00-04:00,2.22979143121651,2.33350277079126,2.203863647836749,2.307574987411499,92200,0.0,0.0
2001-06-06 00:00:00-04:00,2.3075747112855503,2.3075747112855503,2.1779356038437423,2.2297911643981934,211433,0.0,0.0
2001-06-07 00:00:00-04:00,2.1520080587445802,2.22979140807666,2.1001524925231934,2.1001524925231934,98633,0.0,0.0
2001-06-08 00:00:00-04:00,2.2816476563460397,2.4631421759838785,2.152008507691837,2.3853588104248047,260500,0.0,0.0
2001-06-11 00:00:00-04:00,2.33350277079126,2.33350277079126,2.203863647836749,2.307574987411499,177500,0.0,0.0
2001-06-12 00:00:00-04:00,2.3853579027342664,2.5409247807109288,2.359430124080767,2.4890692234039307,218500,0.0,0.0
2001-06-13 00:00:00-04:00,2.5668530479471943,2.6187086151245422,2.4372139239481183,2.5409252643585205,234400,0.0,0.0
2001-06-14 00:00:00-04:00,2.385358137741474,2.774275267971693,2.3335025753256278,2.6964917182922363,389933,0.0,0.0
2001-06-15 00:00:00-04:00,2.7224201907846948,2.7224201907846948,2.5409254839249518,2.6705644130706787,219400,0.0,0.0
2001-06-18 00:00:00-04:00,2.5927796258562297,2.6964907119837855,2.437212790609285,2.566851854324341,249900,0.0,0.0
2001-06-19 00:00:00-04:00,2.5668532837689084,2.5668532837689084,2.333503003976801,2.3594307899475098,152667,0.0,0.0
2001-06-20 00:00:00-04:00,2.2557189371149478,2.3335024837415985,2.1001522559730064,2.12608003616333,194933,0.0,0.0
2001-06-21 00:00:00-04:00,2.048296956723257,2.177936093299346,1.944585812306968,2.0742249488830566,363133,0.0,0.0
2001-06-22 00:00:00-04:00,2.126080272553095,2.2297914048455865,2.1001524894799726,2.177935838699341,122300,0.0,0.0
2001-06-25 00:00:00-04:00,2.0742249488830566,2.333503015979507,2.0742249488830566,2.2816474437713623,199700,0.0,0.0
2001-06-26 00:00:00-04:00,2.3335016339309385,2.5149962352224877,2.281646092434954,2.4631404876708984,270967,0.0,0.0
2001-06-27 00:00:00-04:00,2.255719438890623,2.4372141466513324,2.152008295059204,2.152008295059204,250333,0.0,0.0
2001-06-28 00:00:00-04:00,2.100152723143495,2.1779360810170587,2.07422493718564,2.152008295059204,267867,0.0,0.0
2001-06-29 00:00:00-04:00,2.1520077764631416,2.177935556172857,2.0482964515686035,2.0482964515686035,213500,0.0,0.0
2001-07-02 00:00:00-04:00,2.0223689086147956,2.0742246801605857,1.996441125869751,1.996441125869751,92600,0.0,0.0
2001-07-03 00:00:00-04:00,2.074224475782683,2.177935596543977,2.074224475782683,2.12608003616333,73367,0.0,0.0
2001-07-05 00:00:00-04:00,2.1520083071952736,2.177936093299346,2.0742249488830566,2.0742249488830566,126033,0.0,0.0
2001-07-06 00:00:00-04:00,2.177935837696868,2.3075749590585137,2.126080271574491,2.2038636207580566,96400,0.0,0.0
2001-07-09 00:00:00-04:00,2.2038636217724634,2.2297914048455865,2.126080272553095,2.177935838699341,45933,0.0,0.0
2001-07-10 00:00:00-04:00,2.1779358357610588,2.2557191848754883,2.1260802696847723,2.2557191848754883,114300,0.0,0.0
2001-07-11 00:00:00-04:00,2.3594310219051136,2.437214387464187,2.307575444865731,2.3853588104248047,213000,0.0,0.0
2001-07-12 00:00:00-04:00,2.3075749570074775,2.3075749570074775,2.203863618799202,2.2557191848754883,90567,0.0,0.0
2001-07-13 00:00:00-04:00,2.1779356038437423,2.3075747112855503,2.1779356038437423,2.2297911643981934,68333,0.0,0.0
2001-07-16 00:00:00-04:00,2.2297916655074905,2.333503015979507,2.2297916655074905,2.2816474437713623,51567,0.0,0.0
2001-07-17 00:00:00-04:00,2.255719214596271,2.385358337550782,2.255719214596271,2.307574987411499,72800,0.0,0.0
2001-07-18 00:00:00-04:00,2.3075749570074775,2.3853583061219075,2.203863618799202,2.2557191848754883,385133,0.0,0.0
2001-07-19 00:00:00-04:00,2.1779358418552732,2.2038636249659667,2.0742247094125,2.1001524925231934,98800,0.0,0.0
2001-07-20 00:00:00-04:00,2.152008295059204,2.2297916529327684,2.1260805091013495,2.152008295059204,100167,0.0,0.0
2001-07-23 00:00:00-04:00,2.1520083071952736,2.1520083071952736,2.022369170619185,2.0742249488830566,137800,0.0,0.0
2001-07-24 00:00:00-04:00,2.0223691592142043,2.2038638669749138,2.0223691592142043,2.152008295059204,49133,0.0,0.0
2001-07-25 00:00:00-04:00,2.2038633358825725,2.229791115592288,2.0482964515686035,2.0482964515686035,48033,0.0,0.0
2001-07-26 00:00:00-04:00,2.048296207714263,2.1001519670158237,2.0223684310913086,2.0223684310913086,61167,0.0,0.0
2001-07-27 00:00:00-04:00,2.0742247094125,2.1520080587445802,1.9964411540247167,2.1001524925231934,61300,0.0,0.0
2001-07-30 00:00:00-04:00,2.1260805210912013,2.1260805210912013,2.022369170619185,2.0742249488830566,67733,0.0,0.0
2001-07-31 00:00:00-04:00,2.0742246801605857,2.1001524629056307,1.996441125869751,1.996441125869751,37033,0.0,0.0
2001-08-01 00:00:00-04:00,2.0482964895366793,2.12608003616333,2.0482964895366793,2.12608003616333,40633,0.0,0.0
2001-08-02 00:00:00-04:00,2.1001524866466292,2.2557191848754883,2.0482967145146396,2.2557191848754883,45267,0.0,0.0
2001-08-03 00:00:00-04:00,2.1779360810170587,2.1779360810170587,2.100152723143495,2.152008295059204,31233,0.0,0.0
2001-08-06 00:00:00-04:00,2.126080271574491,2.2038636207580566,2.126080271574491,2.2038636207580566,31033,0.0,0.0
2001-08-07 00:00:00-04:00,2.126080275633887,2.1520080587445802,2.0482967202461033,2.1001524925231934,93100,0.0,0.0
2001-08-08 00:00:00-04:00,2.0742247094125,2.1520080587445802,2.02236893713541,2.1001524925231934,115200,0.0,0.0
2001-08-09 00:00:00-04:00,2.177935864456988,2.307574987411499,2.1260802976974658,2.307574987411499,258967,0.0,0.0
2001-08-10 00:00:00-04:00,2.307574987411499,2.33350277079126,2.177935864456988,2.307574987411499,198267,0.0,0.0
2001-08-13 00:00:00-04:00,2.359430082417873,2.411285638809204,2.2557187635795466,2.411285638809204,169733,0.0,0.0
2001-08-14 00:00:00-04:00,2.255719661770602,2.3853588104248047,2.255719661770602,2.3853588104248047,87367,0.0,0.0
2001-08-15 00:00:00-04:00,2.3853578606135386,2.4372134170048696,2.3335023042222076,2.411285638809204,138800,0.0,0.0
2001-08-16 00:00:00-04:00,2.437214147859637,2.437214147859637,2.333503003976801,2.3594307899475098,132667,0.0,0.0
2001-08-17 00:00:00-04:00,2.333502348586747,2.618708120217064,2.333502348586747,2.5149970054626465,265267,0.0,0.0
2001-08-20 00:00:00-04:00,2.411286598944496,2.437214387464187,2.307575444865731,2.3853588104248047,88400,0.0,0.0
2001-08-21 00:00:00-04:00,2.3853583310860924,2.437213897705078,2.2816471978481214,2.437213897705078,91400,0.0,0.0
2001-08-22 00:00:00-04:00,2.437213404900646,2.437213404900646,2.3335022926330566,2.3335022926330566,36633,0.0,0.0
2001-08-23 00:00:00-04:00,2.3075752180060918,2.3594307899475098,2.3075752180060918,2.3594307899475098,66167,0.0,0.0
2001-08-24 00:00:00-04:00,2.3075749601206574,2.3075749601206574,2.152008055626218,2.177935838699341,146333,0.0,0.0
2001-08-27 00:00:00-04:00,2.1001522559730064,2.177935596543977,2.074224475782683,2.12608003616333,69833,0.0,0.0
2001-08-28 00:00:00-04:00,2.1260802976974658,2.307574987411499,2.1260802976974658,2.307574987411499,69833,0.0,0.0
2001-08-29 00:00:00-04:00,2.2816472040317377,2.307574987411499,2.22979143121651,2.307574987411499,58033,0.0,0.0
2001-08-30 00:00:00-04:00,2.203863647836749,2.33350277079126,2.203863647836749,2.307574987411499,87133,0.0,0.0
2001-08-31 00:00:00-04:00,2.3075752298754346,2.3075752298754346,2.2297916655074905,2.2816474437713623,42033,0.0,0.0
2001-09-04 00:00:00-04:00,2.255719187918709,2.281647177047535,2.07422470640685,2.177935838699341,108567,0.0,0.0
2001-09-05 00:00:00-04:00,2.177935837696868,2.2297914038192452,2.1520080546356795,2.2038636207580566,84967,0.0,0.0
2001-09-06 00:00:00-04:00,2.177935837696868,2.359430525180891,2.177935837696868,2.2038636207580566,149933,0.0,0.0
2001-09-07 00:00:00-04:00,2.3075747112855503,2.3335024915627756,2.2297911643981934,2.2297911643981934,144067,0.0,0.0
2001-09-10 00:00:00-04:00,2.2297914048455865,2.281647177047535,2.177935838699341,2.177935838699341,116667,0.0,0.0
2001-09-17 00:00:00-04:00,2.6964907119837855,2.6964907119837855,2.411285019077396,2.566851854324341,419700,0.0,0.0
2001-09-18 00:00:00-04:00,2.592780831535868,2.6187086151245422,2.463141707536792,2.5409252643585205,222933,0.0,0.0
2001-09-19 00:00:00-04:00,2.592780351638794,2.722419451643001,2.5409247940593787,2.592780351638794,619200,0.0,0.0
2001-09-20 00:00:00-04:00,2.489069226774042,2.566852562839855,2.437213463341165,2.5149970054626465,215400,0.0,0.0
2001-09-21 00:00:00-04:00,2.6705641776211273,2.6964919611643565,2.5409252599049794,2.618708610534668,394167,0.0,0.0
2001-09-24 00:00:00-04:00,2.566851776718472,2.566851776718472,2.3335016339309385,2.4631404876708984,140033,0.0,0.0
2001-09-25 00:00:00-04:00,2.333502357686048,2.592780351638794,2.333502357686048,2.592780351638794,199033,0.0,0.0
2001-09-26 00:00:00-04:00,2.592780351638794,2.6187081304285016,2.3853579152654634,2.592780351638794,461867,0.0,0.0
2001-09-27 00:00:00-04:00,2.5149970054626465,2.5927803415284596,2.489069226774042,2.5149970054626465,114500,0.0,0.0
2001-09-28 00:00:00-04:00,2.5149970054626465,2.5927803415284596,2.4631412420297694,2.5149970054626465,90700,0.0,0.0
2001-10-01 00:00:00-04:00,2.489069226774042,2.540924784151251,2.437213463341165,2.5149970054626465,117567,0.0,0.0
2001-10-02 00:00:00-04:00,2.5149970054626465,2.540924784151251,2.4631412420297694,2.5149970054626465,91533,0.0,0.0
2001-10-03 00:00:00-04:00,2.540925497798199,2.540925497798199,2.333503003976801,2.3594307899475098,109233,0.0,0.0
2001-10-04 00:00:00-04:00,2.359430070699954,2.437213404900646,2.281646736499262,2.3335022926330566,106667,0.0,0.0
2001-10-05 00:00:00-04:00,2.333502348586747,2.5149970054626465,2.333502348586747,2.5149970054626465,156533,0.0,0.0
2001-10-08 00:00:00-04:00,2.5149970054626465,2.566852562839855,2.4631412420297694,2.5149970054626465,62800,0.0,0.0
2001-10-09 00:00:00-04:00,2.489069179451865,2.489069179451865,2.3853578606135386,2.411285638809204,85700,0.0,0.0
2001-10-10 00:00:00-04:00,2.385358575918219,2.4112863618889278,2.333503003976801,2.3594307899475098,91833,0.0,0.0
2001-10-11 00:00:00-04:00,2.281647175997325,2.281647175997325,2.1520080546356795,2.2038636207580566,191467,0.0,0.0
2001-10-12 00:00:00-04:00,2.2038638680675295,2.437214147859637,2.2038638680675295,2.3594307899475098,139333,0.0,0.0
2001-10-15 00:00:00-04:00,2.385358337550782,2.385358337550782,2.22979143121651,2.307574987411499,78400,0.0,0.0
2001-10-16 00:00:00-04:00,2.2816472040317377,2.385358337550782,2.2816472040317377,2.307574987411499,37000,0.0,0.0
2001-10-17 00:00:00-04:00,2.2816476563460397,2.411286598944496,2.2816476563460397,2.3853588104248047,114667,0.0,0.0
2001-10-18 00:00:00-04:00,2.333502740045621,2.3853583061219075,2.2297914018373453,2.2557191848754883,38767,0.0,0.0
2001-10-19 00:00:00-04:00,2.2297914018373453,2.359430523083764,2.2297914018373453,2.2557191848754883,22133,0.0,0.0
2001-10-22 00:00:00-04:00,2.2557187523767013,2.3335022926330566,2.229790974309804,2.3335022926330566,101733,0.0,0.0
2001-10-23 00:00:00-04:00,2.333502740045621,2.333502740045621,2.2557191848754883,2.2557191848754883,35300,0.0,0.0
2001-10-24 00:00:00-04:00,2.2297916655074905,2.2816474437713623,2.2297916655074905,2.2816474437713623,28733,0.0,0.0
2001-10-25 00:00:00-04:00,2.2557189371149478,2.3335024837415985,2.1001522559730064,2.12608003616333,191933,0.0,0.0
2001-10-26 00:00:00-04:00,2.1260805091013495,2.2297916529327684,2.100152723143495,2.152008295059204,177433,0.0,0.0
2001-10-29 00:00:00-05:00,2.177935596543977,2.2038633767343008,2.12608003616333,2.12608003616333,78267,0.0,0.0
2001-10-30 00:00:00-05:00,2.177935837696868,2.281647175997325,2.1520080546356795,2.2038636207580566,189867,0.0,0.0
2001-10-31 00:00:00-05:00,2.152007823566517,2.281646931008325,2.152007823566517,2.2297911643981934,93000,0.0,0.0
2001-11-01 00:00:00-05:00,2.2557191848754883,2.333502740045621,2.203863618799202,2.2557191848754883,141933,0.0,0.0
2001-11-02 00:00:00-05:00,2.3075749570074775,2.3075749570074775,2.2297914018373453,2.2557191848754883,34867,0.0,0.0
2001-11-05 00:00:00-05:00,2.2297914038192452,2.2557191868804334,2.177935837696868,2.2038636207580566,43900,0.0,0.0
2001-11-06 00:00:00-05:00,2.2038636217724634,2.255719187918709,2.152008055626218,2.177935838699341,61733,0.0,0.0
2001-11-07 00:00:00-05:00,2.1779356038437423,2.2557189446754187,2.1779356038437423,2.2297911643981934,42867,0.0,0.0
2001-11-08 00:00:00-05:00,2.1779360810170587,2.2297916529327684,2.1260805091013495,2.152008295059204,44733,0.0,0.0
2001-11-09 00:00:00-05:00,2.152007816353654,2.177935596543977,2.12608003616333,2.12608003616333,61100,0.0,0.0
2001-11-12 00:00:00-05:00,2.152008055626218,2.281647177047535,2.126080272553095,2.177935838699341,55700,0.0,0.0
2001-11-13 00:00:00-05:00,2.1001524925231934,2.1520080587445802,2.0742247094125,2.1001524925231934,49267,0.0,0.0
2001-11-14 00:00:00-05:00,2.100152217043711,2.2038633358825725,2.0223686718588882,2.0482964515686035,70500,0.0,0.0
2001-11-15 00:00:00-05:00,1.9964410057872792,2.0482965681583463,1.892729881045145,1.9705132246017456,123667,0.0,0.0
2001-11-16 00:00:00-05:00,1.944585079185575,1.944585079185575,1.8668017501981857,1.9186573028564453,129633,0.0,0.0
2001-11-19 00:00:00-05:00,1.89273009046818,1.9705134426311985,1.7371631800864324,1.8149465322494507,170367,0.0,0.0
2001-11-20 00:00:00-05:00,1.840874522359501,1.8668023064138406,1.7371631800864324,1.8149465322494507,113033,0.0,0.0
2001-11-21 00:00:00-05:00,1.814946168211762,1.814946168211762,1.7371628316503447,1.7630906105041504,38533,0.0,0.0
2001-11-23 00:00:00-05:00,1.763090849228468,1.7890186315929222,1.7112352844995595,1.7371630668640137,112200,0.0,0.0
2001-11-26 00:00:00-05:00,1.7112351439428386,1.7112351439428386,1.6075239199757623,1.6334517002105713,191233,0.0,0.0
2001-11-27 00:00:00-05:00,1.6334518346701892,1.7630908495434712,1.6075240523011027,1.7112352848052979,205267,0.0,0.0
2001-11-28 00:00:00-05:00,1.763090964140772,1.8149465322494507,1.7371631800864324,1.8149465322494507,110800,0.0,0.0
2001-11-29 00:00:00-05:00,1.8149465342739963,1.8408745244129692,1.7630909661074734,1.7890187501907349,68500,0.0,0.0
2001-11-30 00:00:00-05:00,1.7371631820242117,1.8408745244129692,1.7371631820242117,1.7890187501907349,97167,0.0,0.0
2001-12-03 00:00:00-05:00,1.8149459914842767,1.918657302856445,1.8149459914842767,1.9186573028564453,135000,0.0,0.0
2001-12-04 00:00:00-05:00,1.8927299983688781,1.8927299983688781,1.814946443935058,1.8668022155761719,57133,0.0,0.0
2001-12-05 00:00:00-05:00,1.8149464142816445,1.8149464142816445,1.7112352848052979,1.7112352848052979,95833,0.0,0.0
2001-12-06 00:00:00-05:00,1.7371631820242117,1.7890187501907349,1.7371631820242117,1.7890187501907349,49967,0.0,0.0
2001-12-07 00:00:00-05:00,1.814946168211762,1.814946168211762,1.711235052796539,1.7630906105041504,158067,0.0,0.0
2001-12-10 00:00:00-05:00,1.7890186319125578,1.7890186319125578,1.6853075024362114,1.7112352848052979,55067,0.0,0.0
2001-12-11 00:00:00-05:00,1.6853076117508354,1.6853076117508354,1.6075241565704346,1.6075241565704346,118933,0.0,0.0
2001-12-12 00:00:00-05:00,1.6075239388898281,1.7371629446170411,1.6075239388898281,1.6853073835372925,38067,0.0,0.0
2001-12-13 00:00:00-05:00,1.7112352844995595,1.763090849228468,1.6853075021351052,1.7371630668640137,69433,0.0,0.0
2001-12-14 00:00:00-05:00,1.7112348912097939,1.9445850849151611,1.7112348912097939,1.9445850849151611,130800,0.0,0.0
2001-12-17 00:00:00-05:00,1.9186575334339957,1.9186575334339957,1.7890184301531236,1.840874195098877,103833,0.0,0.0
2001-12-18 00:00:00-05:00,1.8149459968318904,1.9445850849151611,1.8149459968318904,1.9445850849151611,93633,0.0,0.0
2001-12-19 00:00:00-05:00,1.9445853128790351,1.9445853128790351,1.8149462095981632,1.840874195098877,80367,0.0,0.0
2001-12-20 00:00:00-05:00,1.8927295265273154,1.944585079185575,1.840873973869056,1.9186573028564453,113333,0.0,0.0
2001-12-21 00:00:00-05:00,1.8927295321041129,1.9705128613206853,1.8668017556985887,1.9445850849151611,45700,0.0,0.0
2001-12-24 00:00:00-05:00,1.944585079185575,1.944585079185575,1.8668017501981857,1.9186573028564453,20967,0.0,0.0
2001-12-26 00:00:00-05:00,1.9186575387329556,1.9186575387329556,1.7890184350940455,1.8927297592163086,72567,0.0,0.0
2001-12-27 00:00:00-05:00,1.8668023064138406,1.89273009046818,1.7890187481951114,1.8149465322494507,63300,0.0,0.0
2001-12-28 00:00:00-05:00,1.763090964140772,1.8149465322494507,1.763090964140772,1.8149465322494507,64967,0.0,0.0
2001-12-31 00:00:00-05:00,1.7890185502473224,1.9705132246017456,1.7890185502473224,1.9705132246017456,85033,0.0,0.0
2002-01-02 00:00:00-05:00,1.8408739792930646,1.9964406377262094,1.8408739792930646,1.9445850849151611,54133,0.0,0.0
2002-01-03 00:00:00-05:00,1.9445855603796616,1.996441125869751,1.9186577776346168,1.996441125869751,88633,0.0,0.0
2002-01-04 00:00:00-05:00,1.9705133431247062,1.996441125869751,1.892729994889572,1.996441125869751,46167,0.0,0.0
2002-01-07 00:00:00-05:00,1.9705128613206853,1.9964406377262094,1.8927295321041129,1.9445850849151611,47933,0.0,0.0
2002-01-08 00:00:00-05:00,1.9445851012224455,2.0223684310913086,1.8927295479765367,2.0223684310913086,115967,0.0,0.0
2002-01-09 00:00:00-05:00,2.022368934204901,2.2038636217724634,2.022368934204901,2.177935838699341,248200,0.0,0.0
2002-01-10 00:00:00-05:00,2.2816474437713623,2.3853585881876516,2.2297916655074905,2.2816474437713623,467967,0.0,0.0
2002-01-11 00:00:00-05:00,2.074224482734841,2.2557189446754187,2.074224482734841,2.2297911643981934,74633,0.0,0.0
2002-01-14 00:00:00-05:00,2.1779360810170587,2.2297916529327684,2.100152723143495,2.152008295059204,141367,0.0,0.0
2002-01-15 00:00:00-05:00,2.100152734987129,2.2816474437713623,2.100152734987129,2.2816474437713623,99967,0.0,0.0
2002-01-16 00:00:00-05:00,2.3335022926330566,2.4631411829675436,2.281646736499262,2.3335022926330566,298233,0.0,0.0
2002-01-17 00:00:00-05:00,2.333503015979507,2.333503015979507,2.2297916655074905,2.2816474437713623,90133,0.0,0.0
2002-01-18 00:00:00-05:00,2.333502740045621,2.333502740045621,2.2297914018373453,2.2557191848754883,110900,0.0,0.0
2002-01-22 00:00:00-05:00,2.2816474437713623,2.3075752298754346,2.203863879403418,2.2816474437713623,126867,0.0,0.0
2002-01-23 00:00:00-05:00,2.2557191848754883,2.2816471739693345,2.2297914018373453,2.2557191848754883,178800,0.0,0.0
2002-01-24 00:00:00-05:00,2.2297914018373453,2.2816471739693345,2.2297914018373453,2.2557191848754883,83633,0.0,0.0
2002-01-25 00:00:00-05:00,2.2557194400089475,2.3594307899475098,2.2557194400089475,2.3594307899475098,152700,0.0,0.0
2002-01-28 00:00:00-05:00,2.3075749570074775,2.359430523083764,2.2297914018373453,2.2557191848754883,161400,0.0,0.0
2002-01-29 00:00:00-05:00,2.255719661770602,2.411286598944496,2.255719661770602,2.3853588104248047,138600,0.0,0.0
2002-01-30 00:00:00-05:00,2.4112863618889278,2.437214147859637,2.333503003976801,2.3594307899475098,103133,0.0,0.0
2002-01-31 00:00:00-05:00,2.359430124080767,2.4890692234039307,2.333502345427268,2.4890692234039307,98433,0.0,0.0
2002-02-01 00:00:00-05:00,2.4372137001573195,2.7224197055558474,2.4372137001573195,2.6964917182922363,545567,0.0,0.0
2002-02-04 00:00:00-05:00,2.7224199737806574,2.852058892592869,2.7224199737806574,2.774275541305542,483967,0.0,0.0
2002-02-05 00:00:00-05:00,2.8520584586931235,3.059480903292024,2.774275119239415,3.033553123474121,807133,0.0,0.0
2002-02-06 00:00:00-05:00,3.111336669470447,3.111336669470447,2.618708408116359,2.8002030849456787,625800,0.0,0.0
2002-02-07 00:00:00-05:00,2.8520588858393587,2.9039144532414523,2.7224199673341243,2.8779866695404053,237467,0.0,0.0
2002-02-08 00:00:00-05:00,2.9039144532414523,3.0335535778023948,2.8520588858393587,2.8779866695404053,459867,0.0,0.0
2002-02-11 00:00:00-05:00,2.7224197392989615,2.748347520828247,2.6187084071261286,2.748347520828247,284067,0.0,0.0
2002-02-12 00:00:00-05:00,2.7224199771881104,2.800203328572793,2.6446364197477186,2.7224199771881104,314300,0.0,0.0
2002-02-13 00:00:00-05:00,2.540925031044699,2.7224197055558474,2.4890694686288533,2.6964917182922363,231300,0.0,0.0
2002-02-14 00:00:00-05:00,2.774275541305542,2.852058892592869,2.670564200200064,2.774275541305542,330700,0.0,0.0
2002-02-15 00:00:00-05:00,2.852058611595462,2.9039141740113075,2.6705639370843133,2.6964917182922363,266700,0.0,0.0
2002-02-19 00:00:00-05:00,2.6705641823018897,2.7224199555349444,2.489069697181173,2.5409252643585205,264100,0.0,0.0
2002-02-20 00:00:00-05:00,2.540924082792452,2.5927796258562297,2.4890685397286743,2.566851854324341,100233,0.0,0.0
2002-02-21 00:00:00-05:00,2.592780593460545,2.7224197055558474,2.540925031044699,2.6964917182922363,112467,0.0,0.0
2002-02-22 00:00:00-05:00,2.800203083886818,2.8261308654161037,2.6964917517139853,2.748347520828247,166100,0.0,0.0
2002-02-25 00:00:00-05:00,2.670564203542613,2.7224199771881104,2.6446364197477186,2.7224199771881104,148767,0.0,0.0
2002-02-26 00:00:00-05:00,2.6705639721676566,2.9039142121601853,2.6705639721676566,2.8520586490631104,234000,0.0,0.0
2002-02-27 00:00:00-05:00,2.877986187298881,2.877986187298881,2.722419511159685,2.8261306285858154,130833,0.0,0.0
2002-02-28 00:00:00-05:00,2.8779864306116476,2.8779864306116476,2.7224197413204227,2.8520586490631104,97367,0.0,0.0
2002-03-01 00:00:00-05:00,2.7483472905162176,2.877986187298881,2.7483472905162176,2.8261306285858154,247633,0.0,0.0
2002-03-04 00:00:00-05:00,2.8261308654161037,2.9039142100039603,2.7224197392989615,2.748347520828247,97200,0.0,0.0
2002-03-05 00:00:00-05:00,2.800203083886818,2.8261308654161037,2.7224197392989615,2.748347520828247,131800,0.0,0.0
2002-03-06 00:00:00-05:00,2.7483475218674993,2.8261308664847684,2.670563971194539,2.8002030849456787,231300,0.0,0.0
2002-03-07 00:00:00-05:00,2.6705629404518967,2.8002020041669526,2.566851854324341,2.566851854324341,229833,0.0,0.0
2002-03-08 00:00:00-05:00,2.540924082792452,2.6187073973881185,2.514996311260563,2.566851854324341,213467,0.0,0.0
2002-03-11 00:00:00-05:00,2.6187086090647083,2.644636392593384,2.5927808255360327,2.644636392593384,74800,0.0,0.0
2002-03-12 00:00:00-05:00,2.6964917517139853,2.7742753023575326,2.6705639701846997,2.748347520828247,101467,0.0,0.0
2002-03-13 00:00:00-05:00,2.6964917182922363,2.8002030491796157,2.6964917182922363,2.6964917182922363,89467,0.0,0.0
2002-03-14 00:00:00-05:00,2.696491959650735,2.7483477327637926,2.644636392593384,2.644636392593384,112767,0.0,0.0
2002-03-15 00:00:00-05:00,2.7224199771881104,2.7224199771881104,2.6446364197477186,2.7224199771881104,38533,0.0,0.0
2002-03-18 00:00:00-05:00,2.696491525747479,2.8520584079423483,2.696491525747479,2.8261306285858154,115667,0.0,0.0
2002-03-19 00:00:00-05:00,2.8261311088304266,2.852058892592869,2.670564200200064,2.774275541305542,87000,0.0,0.0
2002-03-20 00:00:00-05:00,2.6964917537161943,2.8779864306116476,2.6964917537161943,2.8520586490631104,169367,0.0,0.0
2002-03-21 00:00:00-05:00,2.800203784874715,3.0335540831096295,2.800203784874715,3.0076262950897217,305467,0.0,0.0
2002-03-22 00:00:00-05:00,3.059481618749969,3.3706154614346215,3.059481618749969,3.2928318977355957,915500,0.0,0.0
2002-03-25 00:00:00-05:00,3.2928311806559516,3.5261814088249133,2.618708276383876,3.2669034004211426,618067,0.0,0.0
2002-03-26 00:00:00-05:00,3.266903855628511,3.266903855628511,3.0076258110971765,3.1113369464874268,331367,0.0,0.0
2002-03-27 00:00:00-05:00,3.18912076293083,3.4483988285064697,3.18912076293083,3.4483988285064697,510900,0.0,0.0
2002-03-28 00:00:00-05:00,3.4743266049590216,3.4743266049590216,3.2669041118544953,3.2928318977355957,253700,0.0,0.0
2002-04-01 00:00:00-05:00,3.2409759399238185,3.759532007889349,3.1891203743384056,3.7336044311523438,545833,0.0,0.0
2002-04-02 00:00:00-05:00,3.8113875115508713,3.8891710647209363,3.370615005180424,3.39654278755188,503033,0.0,0.0
2002-04-03 00:00:00-05:00,3.2928312193992793,3.552109436909388,3.2409756583195306,3.370614767074585,440800,0.0,0.0
2002-04-04 00:00:00-05:00,3.396543256602487,3.5002546064661786,3.2669041207868044,3.4483988285064697,152000,0.0,0.0
2002-04-05 00:00:00-05:00,3.448398108694208,3.448398108694208,3.2928312193992793,3.370614767074585,146500,0.0,0.0
2002-04-08 00:00:00-04:00,3.370614477563868,3.448397812502481,3.137264266692364,3.2409753799438477,211200,0.0,0.0
2002-04-09 00:00:00-04:00,3.163192230936086,3.215047790609871,3.007625345859051,3.059480905532837,345500,0.0,0.0
2002-04-10 00:00:00-04:00,3.0076253969376787,3.3706147329301963,3.0076253969376787,3.34468674659729,463567,0.0,0.0
2002-04-11 00:00:00-04:00,3.370614727416059,3.448398068120486,3.2669034004211426,3.2669034004211426,351633,0.0,0.0
2002-04-12 00:00:00-04:00,3.3187598904835593,3.785460683601202,3.3187598904835593,3.7595326900482178,1338800,0.0,0.0
2002-04-15 00:00:00-04:00,3.707675879040611,3.7336038639500866,3.422470105593078,3.526181221008301,308967,0.0,0.0
2002-04-16 00:00:00-04:00,3.5261816994091593,3.5261816994091593,3.318759234381815,3.39654278755188,717000,0.0,0.0
2002-04-17 00:00:00-04:00,3.603964763625388,3.629892336423524,3.4483978844468837,3.526181221008301,998033,0.0,0.0
2002-04-18 00:00:00-04:00,3.7336044014272987,3.8113875431304476,3.55210971726762,3.6039652824401855,1164967,0.0,0.0
2002-04-19 00:00:00-04:00,3.526181928281544,3.733604612827681,3.500254350282915,3.6298930644989014,736467,0.0,0.0
2002-04-22 00:00:00-04:00,3.7076757907251414,3.9669539851986277,3.6558202342527104,3.9150984287261963,630633,0.0,0.0
2002-04-23 00:00:00-04:00,3.9150991095600682,4.070665806030337,3.785459989779144,3.992882251739502,666000,0.0,0.0
2002-04-24 00:00:00-04:00,4.096593434556048,4.5373663649662435,4.044737868409802,4.355871677398682,1270467,0.0,0.0
2002-04-25 00:00:00-04:00,4.641078013626246,4.667006005639827,4.278088598104827,4.304016590118408,810233,0.0,0.0
2002-04-26 00:00:00-04:00,4.304014899301939,4.796643257141113,4.018809159751839,4.796643257141113,1126300,0.0,0.0
2002-04-29 00:00:00-04:00,4.796643681656263,4.796643681656263,4.537365488875963,4.667004585266113,568633,0.0,0.0
2002-04-30 00:00:00-04:00,4.485510798819998,4.485510798819998,4.226232555977365,4.355871677398682,532133,0.0,0.0
2002-05-01 00:00:00-04:00,4.018810315843715,4.718861081244402,3.9150991829202226,4.48551082611084,548800,0.0,0.0
2002-05-02 00:00:00-04:00,4.433655259649093,4.48551082611084,4.304016137439024,4.48551082611084,264933,0.0,0.0
2002-05-03 00:00:00-04:00,4.563294372740945,4.770716638173465,4.563294372740945,4.692933082580566,398600,0.0,0.0
2002-05-06 00:00:00-04:00,4.667004715372096,5.185560703277588,4.615149157792681,5.185560703277588,861233,0.0,0.0
2002-05-07 00:00:00-04:00,5.133705145698173,5.444838903286002,4.926282503269173,5.185560703277588,1185967,0.0,0.0
2002-05-08 00:00:00-04:00,4.926280975341797,5.237414636428912,4.744786374050248,4.926280975341797,719733,0.0,0.0
2002-05-09 00:00:00-04:00,4.926283835063726,5.2114900970215094,4.926283835063726,5.159634113311768,336567,0.0,0.0
2002-05-10 00:00:00-04:00,5.315200330224026,5.4448394430804905,5.289272342808181,5.367055892944336,479900,0.0,0.0
2002-05-13 00:00:00-04:00,5.418910026550293,5.49669355617281,5.237415398838601,5.418910026550293,530233,0.0,0.0
2002-05-14 00:00:00-04:00,5.211489652716118,5.211489652716118,5.0299949615396935,5.081850528717041,452067,0.0,0.0
2002-05-15 00:00:00-04:00,5.081849588118757,5.2892718184364185,4.874426945689757,5.185560703277588,390667,0.0,0.0
2002-05-16 00:00:00-04:00,5.211489643581813,5.315200777754732,5.107778097297481,5.237417221069336,244967,0.0,0.0
2002-05-17 00:00:00-04:00,5.237417271905649,5.444839954376221,5.237417271905649,5.444839954376221,344233,0.0,0.0
2002-05-20 00:00:00-04:00,5.548549038768918,6.4041662059247955,5.522621058501499,6.352310657501221,1453000,0.0,0.0
2002-05-21 00:00:00-04:00,6.0930338450604165,6.48195072363392,5.963394748165473,6.4560227394104,1001400,0.0,0.0
2002-05-22 00:00:00-04:00,6.741230009744846,6.948652268697538,6.456023785517799,6.844941139221191,1209267,0.0,0.0
2002-05-23 00:00:00-04:00,6.611592224624367,7.493137827100185,6.481953080590267,7.233859539031982,988533,0.0,0.0
2002-05-24 00:00:00-04:00,7.130146529697064,7.519063448290537,6.819012747555463,7.000507831573486,794500,0.0,0.0
2002-05-28 00:00:00-04:00,7.000507831573486,7.207930078260307,6.7412296111035905,7.000507831573486,614100,0.0,0.0
2002-05-29 00:00:00-04:00,7.363498133164699,7.363498133164699,6.92272518345635,7.130147457122803,675000,0.0,0.0
2002-05-30 00:00:00-04:00,6.481952178819899,7.156074974634772,6.481952178819899,6.637518882751465,738633,0.0,0.0
2002-05-31 00:00:00-04:00,6.896795192104627,6.974578316105259,6.222672174060899,6.663444995880127,590100,0.0,0.0
2002-06-03 00:00:00-04:00,6.715300227283146,7.130145046471387,6.663444676398527,7.026433944702148,526133,0.0,0.0
2002-06-04 00:00:00-04:00,7.156074492852956,7.3116415984224075,6.974579811096191,6.974579811096191,671200,0.0,0.0
2002-06-05 00:00:00-04:00,6.7412285319920615,6.7412285319920615,6.48195035302648,6.663444995880127,443433,0.0,0.0
2002-06-06 00:00:00-04:00,6.611590425394116,6.896796217388416,6.611590425394116,6.74122953414917,305233,0.0,0.0
2002-06-07 00:00:00-04:00,6.8708672093635474,7.104217817699354,6.559733889138416,6.663444995880127,415667,0.0,0.0
2002-06-10 00:00:00-04:00,6.093035108274446,6.196746242447364,4.926283406439167,5.237417221069336,2060567,0.0,0.0
2002-06-11 00:00:00-04:00,5.055923403164135,6.0930361602949095,5.004067827124319,6.015252590179443,1726467,0.0,0.0
2002-06-12 00:00:00-04:00,6.37824044261096,6.404168018103807,5.600406171932071,5.704117298126221,1164133,0.0,0.0
2002-06-13 00:00:00-04:00,5.7041172938907785,5.730045281475755,5.444839478597923,5.496695041656494,608100,0.0,0.0
2002-06-14 00:00:00-04:00,5.989323612628312,6.067107169971347,5.496695515086199,5.548551082611084,735133,0.0,0.0
2002-06-17 00:00:00-04:00,5.418911455664646,5.418911455664646,5.211489204783406,5.367055892944336,470400,0.0,0.0
2002-06-18 00:00:00-04:00,5.522623587589794,5.626335144042969,5.315201298906353,5.626335144042969,418867,0.0,0.0
2002-06-19 00:00:00-04:00,5.704116815884697,5.807827933310827,5.496694581032435,5.652261257171631,599567,0.0,0.0
2002-06-20 00:00:00-04:00,5.755972468370567,6.0411782519944985,5.704116908812702,5.963395118713379,796433,0.0,0.0
2002-06-21 00:00:00-04:00,6.196746349334717,6.2226739272694624,5.963396087364897,6.196746349334717,563967,0.0,0.0
2002-06-24 00:00:00-04:00,6.430096149584516,6.793085511497485,6.222673480443652,6.378240585327148,1244300,0.0,0.0
2002-06-25 00:00:00-04:00,6.326383089345066,6.45602175434837,5.989321406424934,6.352310657501221,681767,0.0,0.0
2002-06-26 00:00:00-04:00,6.741229454832118,6.844940575771354,6.4041676936125596,6.533806800842285,1235700,0.0,0.0
2002-06-27 00:00:00-04:00,6.274529907361797,6.456024189239282,6.118962791307636,6.196746349334717,778200,0.0,0.0
2002-06-28 00:00:00-04:00,6.196747837212169,6.222675421372289,5.548552463647909,5.911541938781738,743500,0.0,0.0
2002-07-01 00:00:00-04:00,5.833755520009512,6.041177740685306,5.470766221715554,5.989322185516357,524567,0.0,0.0
2002-07-02 00:00:00-04:00,6.015250633147945,6.067106192316816,5.7041168660233685,5.833755970001221,331833,0.0,0.0
2002-07-03 00:00:00-04:00,5.833756910053658,5.833756910053658,5.470767525268048,5.548551082611084,322300,0.0,0.0
2002-07-05 00:00:00-04:00,5.4448404350776,5.4448404350776,5.211490154266357,5.211490154266357,282667,0.0,0.0
2002-07-08 00:00:00-04:00,5.367055891533584,5.392983466831234,5.211489203413545,5.315200328826904,592067,0.0,0.0
2002-07-09 00:00:00-04:00,5.367056396371306,5.963396041758276,5.367056396371306,5.9374680519104,1158900,0.0,0.0
2002-07-10 00:00:00-04:00,5.833755580213662,6.196744882253657,5.70411648489776,6.170816898345947,948867,0.0,0.0
2002-07-11 00:00:00-04:00,6.1708168438038475,6.222672399049607,5.93746663914227,6.041177749633789,446400,0.0,0.0
2002-07-12 00:00:00-04:00,5.859684910041238,6.093035170363905,5.8337569201780894,5.885612487792969,421300,0.0,0.0
2002-07-15 00:00:00-04:00,6.093034177956927,6.196745296294669,5.8078279843611105,5.833755970001221,656167,0.0,0.0
2002-07-16 00:00:00-04:00,5.833756409798856,5.937467535955215,5.600406169891357,5.600406169891357,557433,0.0,0.0
2002-07-17 00:00:00-04:00,5.600407096544262,5.600407096544262,5.341128826141357,5.341128826141357,381333,0.0,0.0
2002-07-18 00:00:00-04:00,5.341126496927776,5.49669355617281,5.315198928461117,5.418910026550293,303233,0.0,0.0
2002-07-19 00:00:00-04:00,5.7559733527106225,5.859684899871809,5.470767525268048,5.548551082611084,619400,0.0,0.0
2002-07-22 00:00:00-04:00,5.704117733756989,5.704117733756989,5.2374172181294165,5.289272785186768,803700,0.0,0.0
2002-07-23 00:00:00-04:00,5.1855615529655115,5.1855615529655115,4.1484494072169715,4.511438369750977,1144300,0.0,0.0
2002-07-24 00:00:00-04:00,3.941025975170335,4.718860141399908,3.9150984031591007,4.667004585266113,862433,0.0,0.0
2002-07-25 00:00:00-04:00,4.667004967483197,4.667004967483197,4.148448951565366,4.25216007232666,298200,0.0,0.0
2002-07-26 00:00:00-04:00,4.018810181548659,4.0447377578574155,3.240975886392242,3.4743261337280273,1219633,0.0,0.0
2002-07-29 00:00:00-04:00,3.474326191113877,3.8113875734747618,3.3446870710946444,3.7336044311523438,762233,0.0,0.0
2002-07-30 00:00:00-04:00,3.9928823004256904,4.511438373760867,3.9150991572978278,4.407727241516113,924067,0.0,0.0
2002-07-31 00:00:00-04:00,4.511438907438047,4.615150464062687,4.30401661841168,4.329944610595703,746733,0.0,0.0
2002-08-01 00:00:00-04:00,4.018810289542582,4.4595828076384905,4.018810289542582,4.407727241516113,506533,0.0,0.0
2002-08-02 00:00:00-04:00,4.511438903223126,4.6929336120073595,4.433655750966636,4.563294887542725,723367,0.0,0.0
2002-08-05 00:00:00-04:00,5.107778083680306,5.15963365062852,4.6670055585647825,4.900355815887451,1480700,0.0,0.0
2002-08-06 00:00:00-04:00,4.641076601143553,4.667004585266113,4.407726392485813,4.667004585266113,332300,0.0,0.0
2002-08-07 00:00:00-04:00,4.900354360230006,5.029993445146767,4.718859723768799,4.796643257141113,674033,0.0,0.0
2002-08-08 00:00:00-04:00,4.744788160570891,4.770716147136964,4.563293903053837,4.589221477508545,424167,0.0,0.0
2002-08-09 00:00:00-04:00,4.667006466770844,4.770717620849609,4.641078472195407,4.770717620849609,529633,0.0,0.0
2002-08-12 00:00:00-04:00,4.900355760124495,4.926283337247856,4.563294372740945,4.692933082580566,403100,0.0,0.0
2002-08-13 00:00:00-04:00,4.692933587868584,4.7447891598100025,4.589222443985748,4.7188615798950195,192567,0.0,0.0
2002-08-14 00:00:00-04:00,4.770715697533703,4.926282365935087,4.641076601143553,4.667004585266113,423033,0.0,0.0
2002-08-15 00:00:00-04:00,4.641076190396484,4.84849880868556,4.537365087307592,4.796643257141113,407733,0.0,0.0
2002-08-16 00:00:00-04:00,4.718860164835746,4.90035481826107,4.692932180584416,4.822571277618408,326100,0.0,0.0
2002-08-19 00:00:00-04:00,4.667005484239405,4.69293306124489,4.355871675393736,4.407727241516113,308500,0.0,0.0
2002-08-20 00:00:00-04:00,4.407727241516113,4.5373663628777585,4.329944098388251,4.407727241516113,237500,0.0,0.0
2002-08-21 00:00:00-04:00,4.329944072420705,4.355871649270697,4.148449386025142,4.226232528686523,273067,0.0,0.0
2002-08-22 00:00:00-04:00,4.12252190945788,4.355872190668272,4.070666337201288,4.329944610595703,334700,0.0,0.0
2002-08-23 00:00:00-04:00,4.329944582131989,4.329944582131989,4.226233026189118,4.304016590118408,324233,0.0,0.0
2002-08-26 00:00:00-04:00,4.30401658752938,4.563294859063413,4.30401658752938,4.53736686706543,250533,0.0,0.0
2002-08-27 00:00:00-04:00,4.6410775690349695,4.952211382835665,4.537366435138542,4.900355815887451,394200,0.0,0.0
2002-08-28 00:00:00-04:00,4.952212346543194,5.029995918158015,4.744789626274172,4.770717620849609,295933,0.0,0.0
2002-08-29 00:00:00-04:00,4.926281124282347,5.185559251712459,4.90035355880607,5.133703708648682,280000,0.0,0.0
2002-08-30 00:00:00-04:00,5.315201240218094,5.444840375269551,5.133706533568346,5.159634113311768,308733,0.0,0.0
2002-09-03 00:00:00-04:00,5.315200829346041,5.496695521966009,5.263345261756252,5.444839954376221,599767,0.0,0.0
2002-09-04 00:00:00-04:00,5.444839954376221,5.522623099705195,5.341128407085226,5.444839954376221,385033,0.0,0.0
2002-09-05 00:00:00-04:00,5.600407151901812,5.781901860555549,5.548551579730951,5.626335144042969,675267,0.0,0.0
2002-09-06 00:00:00-04:00,5.678189242583837,5.704116815884697,5.522622154333295,5.652261257171631,461300,0.0,0.0
2002-09-09 00:00:00-04:00,5.885613444024161,6.015252590179443,5.833757867984345,6.015252590179443,642100,0.0,0.0
2002-09-10 00:00:00-04:00,5.807828491507329,5.885612043108459,5.755972927810371,5.859684467315674,375900,0.0,0.0
2002-09-11 00:00:00-04:00,5.600407151901812,5.704118296243532,5.522623587589794,5.626335144042969,411967,0.0,0.0
2002-09-12 00:00:00-04:00,5.755973861088248,6.118963277933714,5.755973861088248,6.093035697937012,734567,0.0,0.0
2002-09-13 00:00:00-04:00,6.093034223663717,6.118961797386972,5.8596839995976495,5.963395118713379,557900,0.0,0.0
2002-09-16 00:00:00-04:00,5.885613444024161,6.0411801721436085,5.833757867984345,6.015252590179443,335133,0.0,0.0
2002-09-17 00:00:00-04:00,5.652262665144689,5.9115409354073245,5.652262665144689,5.8078293800354,392100,0.0,0.0
2002-09-18 00:00:00-04:00,5.937468515166718,6.041179658427192,5.8078293800354,5.8078293800354,505500,0.0,0.0
2002-09-19 00:00:00-04:00,6.041180683805374,6.0671086800770135,5.885613942510099,5.911541938781738,392333,0.0,0.0
2002-09-20 00:00:00-04:00,5.911540031012632,6.041178734199334,5.859684467315674,5.859684467315674,299533,0.0,0.0
2002-09-23 00:00:00-04:00,5.911540031012632,6.041178734199334,5.833756479411502,5.859684467315674,422300,0.0,0.0
2002-09-24 00:00:00-04:00,5.989324596103793,6.1189637422590755,5.911541438099811,6.015252590179443,441967,0.0,0.0
2002-09-25 00:00:00-04:00,5.963394577070034,5.963394577070034,5.7300443741987035,5.781899929046631,253600,0.0,0.0
2002-09-26 00:00:00-04:00,5.522623099705195,5.574478667294983,5.392983974675015,5.444839954376221,573433,0.0,0.0
2002-09-27 00:00:00-04:00,5.548550606813178,5.704117296047716,5.3929835054672575,5.600406169891357,356633,0.0,0.0
2002-09-30 00:00:00-04:00,5.937466574204873,5.937466574204873,5.626333246133147,5.678188800811768,431500,0.0,0.0
2002-10-01 00:00:00-04:00,5.522623587273711,5.600407151581277,5.107778597819118,5.211490154266357,294700,0.0,0.0
2002-10-02 00:00:00-04:00,5.315201240218094,5.341128819961516,5.00406739851689,5.159634113311768,404300,0.0,0.0
2002-10-03 00:00:00-04:00,5.159634169987011,5.289273306462468,5.081851017790899,5.211490154266357,240267,0.0,0.0
2002-10-04 00:00:00-04:00,5.1855616510720655,5.341128352244119,5.133706084014714,5.289272785186768,354733,0.0,0.0
2002-10-07 00:00:00-04:00,5.237415691215802,5.34112679509462,4.900354397554,4.952209949493408,431633,0.0,0.0
2002-10-08 00:00:00-04:00,4.58922246759107,4.6929336120073595,4.355872186598692,4.563294887542725,443033,0.0,0.0
2002-10-09 00:00:00-04:00,4.563294372740945,4.770716638173465,4.537366383506176,4.692933082580566,333467,0.0,0.0
2002-10-10 00:00:00-04:00,4.615147726365893,4.926280975341797,4.38179758357836,4.926280975341797,694767,0.0,0.0
2002-10-11 00:00:00-04:00,4.9262833620291415,4.978139340759538,4.770716662172185,4.874427795410156,439200,0.0,0.0
2002-10-14 00:00:00-04:00,5.159633661487683,5.289272785186768,4.978139382842661,5.289272785186768,379533,0.0,0.0
2002-10-15 00:00:00-04:00,4.926282830199311,4.926282830199311,4.537365916487762,4.589221477508545,547800,0.0,0.0
2002-10-16 00:00:00-04:00,4.667004585266113,4.848499237790058,4.6151490291323185,4.667004585266113,397200,0.0,0.0
2002-10-17 00:00:00-04:00,4.4077277339498275,4.4077277339498275,4.122521882357699,4.304016590118408,1430100,0.0,0.0
2002-10-18 00:00:00-04:00,4.355870676532061,4.381798659703306,4.226231584898461,4.278087139129639,624933,0.0,0.0
2002-10-21 00:00:00-04:00,4.355870645194503,4.355870645194503,4.070664892919232,4.122520446777344,309567,0.0,0.0
2002-10-22 00:00:00-04:00,4.096593890344118,4.329944582131989,4.096593890344118,4.304016590118408,377667,0.0,0.0
2002-10-23 00:00:00-04:00,4.304016083459309,4.355871649270697,4.148449386025142,4.226232528686523,265533,0.0,0.0
2002-10-24 00:00:00-04:00,4.148449885238557,4.174377465208606,3.9928827569724534,4.018810749053955,419167,0.0,0.0
2002-10-25 00:00:00-04:00,4.200303481011052,4.25215902866412,4.018808858169686,4.070664405822754,282100,0.0,0.0
2002-10-28 00:00:00-05:00,4.278088152730102,4.407727275078888,4.096593463864082,4.381799697875977,482633,0.0,0.0
2002-10-29 00:00:00-05:00,4.433655755108887,4.589222471878663,4.329944610595703,4.329944610595703,532267,0.0,0.0
2002-10-30 00:00:00-05:00,4.433654739714605,4.433654739714605,4.200304511946013,4.25216007232666,409967,0.0,0.0
2002-10-31 00:00:00-05:00,4.278087139129639,4.355870676532061,4.226231584898461,4.278087139129639,245667,0.0,0.0
2002-11-01 00:00:00-05:00,4.485510792768537,4.537366358844823,4.407727237598404,4.511438369750977,265267,0.0,0.0
2002-11-04 00:00:00-05:00,4.407726392485813,4.796643681656263,4.329943264340785,4.667004585266113,575100,0.0,0.0
2002-11-05 00:00:00-05:00,4.74478816986084,4.74478816986084,4.589221486493906,4.74478816986084,256300,0.0,0.0
2002-11-06 00:00:00-05:00,4.589222002086755,4.952211382835665,4.563294424668355,4.900355815887451,422333,0.0,0.0
2002-11-07 00:00:00-05:00,5.029994010925293,5.055921583558229,4.926282484059539,5.029994010925293,352733,0.0,0.0
2002-11-08 00:00:00-05:00,5.133703553436944,5.15963111812933,4.874425433845813,4.926280975341797,474000,0.0,0.0
2002-11-11 00:00:00-05:00,4.952208952145394,4.952208952145394,4.822569892349829,4.926280975341797,181600,0.0,0.0
2002-11-12 00:00:00-05:00,4.926283415073584,5.081850528717041,4.718861146364193,5.081850528717041,344733,0.0,0.0
2002-11-13 00:00:00-05:00,5.055921487435063,5.055921487435063,4.692932180584416,4.822571277618408,370233,0.0,0.0
2002-11-14 00:00:00-05:00,4.6670041722243525,4.84849880868556,4.589220638852038,4.796643257141113,252833,0.0,0.0
2002-11-15 00:00:00-05:00,4.926280975341797,4.978136928948992,4.874425433845813,4.926280975341797,294733,0.0,0.0
2002-11-18 00:00:00-05:00,4.926281929946584,4.926281929946584,4.770715275313245,4.796643257141113,227133,0.0,0.0
2002-11-19 00:00:00-05:00,4.589221436238194,4.589221436238194,4.407726768241936,4.459582328796387,466033,0.0,0.0
2002-11-20 00:00:00-05:00,4.48551082611084,4.511438403286008,4.407727270362516,4.48551082611084,249933,0.0,0.0
2002-11-21 00:00:00-05:00,4.459583335181455,4.459583335181455,4.278088626227657,4.329944610595703,265667,0.0,0.0
2002-11-22 00:00:00-05:00,4.355871708561655,4.641077530462141,4.278088152730102,4.381799697875977,394233,0.0,0.0
2002-11-25 00:00:00-05:00,4.355871675393736,4.433655230633005,4.304016109271359,4.407727241516113,211367,0.0,0.0
2002-11-26 00:00:00-05:00,4.433655259649093,4.537366392572586,4.407727270362516,4.48551082611084,134433,0.0,0.0
2002-11-27 00:00:00-05:00,4.511438890874143,4.511438890874143,4.304016602609334,4.433655738830566,257233,0.0,0.0
2002-11-29 00:00:00-05:00,4.433655738830566,4.459583318807941,4.407727746741739,4.433655738830566,87633,0.0,0.0
2002-12-02 00:00:00-05:00,4.407727275078888,4.459582841596121,4.329944131358744,4.381799697875977,121700,0.0,0.0
2002-12-03 00:00:00-05:00,4.45958286243302,4.6410775521470535,4.433655285108965,4.615149974822998,501933,0.0,0.0
2002-12-04 00:00:00-05:00,4.848499261869738,4.874426834009739,4.692932180584416,4.822571277618408,375733,0.0,0.0
2002-12-05 00:00:00-05:00,4.822571277618408,4.97813835890373,4.744787736975748,4.822571277618408,1113067,0.0,0.0
2002-12-06 00:00:00-05:00,5.004067413325158,5.081850977008503,4.926283849641814,5.055922985076904,1371567,0.0,0.0
2002-12-09 00:00:00-05:00,5.185561663071736,5.185561663071736,4.926283415073584,5.081850528717041,978867,0.0,0.0
2002-12-10 00:00:00-05:00,5.029993915295061,5.029993915295061,4.692932180584416,4.822571277618408,358433,0.0,0.0
2002-12-11 00:00:00-05:00,4.874427826357638,4.926283393305852,4.77071669246121,4.900355815887451,415733,0.0,0.0
2002-12-12 00:00:00-05:00,4.978139427725935,5.574478660317817,4.952211437907784,5.548551082611084,1201667,0.0,0.0
2002-12-13 00:00:00-05:00,5.7041177716787175,5.7559733390808105,5.4966955020703425,5.7559733390808105,1121900,0.0,0.0
2002-12-16 00:00:00-05:00,5.8596839995976495,6.015250678271244,5.522622244304499,5.963395118713379,908400,0.0,0.0
2002-12-17 00:00:00-05:00,6.093035167415703,6.1967463025952805,5.392983974675015,5.444839954376221,1377300,0.0,0.0
2002-12-18 00:00:00-05:00,5.418912847554332,6.0930361602949095,5.418912847554332,6.015252590179443,1168933,0.0,0.0
2002-12-19 00:00:00-05:00,6.222674422143432,6.222674422143432,6.015252133723996,6.093035697937012,2233933,0.0,0.0
2002-12-20 00:00:00-05:00,5.859683955641332,5.911539514810203,5.730044851663479,5.833755970001221,711967,0.0,0.0
2002-12-23 00:00:00-05:00,6.093036676348652,6.093036676348652,5.755974785374943,5.911541938781738,1045333,0.0,0.0
2002-12-24 00:00:00-05:00,5.963396041758276,6.041179187079068,5.9115404741739415,5.9374680519104,286333,0.0,0.0
2002-12-26 00:00:00-05:00,5.885611240524668,6.481950759887695,5.859683668267462,6.481950759887695,616733,0.0,0.0
2002-12-27 00:00:00-05:00,6.481951744952835,6.663446426780426,6.222673510310164,6.61159086227417,1294033,0.0,0.0
2002-12-30 00:00:00-05:00,6.50787771488321,6.50787771488321,6.093032915383349,6.352310657501221,807867,0.0,0.0
2002-12-31 00:00:00-05:00,6.248599560654072,6.45602175434837,6.222671580386652,6.352310657501221,341067,0.0,0.0
2003-01-02 00:00:00-05:00,6.300457033024764,6.326385021209717,6.041178799620797,6.326385021209717,462067,0.0,0.0
2003-01-03 00:00:00-05:00,6.326383661573302,6.663444962869728,6.1967445727327375,6.507878303527832,1124033,0.0,0.0
2003-01-06 00:00:00-05:00,6.663446888795085,6.844941583206735,6.404168636175179,6.430096626281738,1011967,0.0,0.0
2003-01-07 00:00:00-05:00,6.378241550569463,6.404169130566165,6.041179713720699,6.093035697937012,742467,0.0,0.0
2003-01-08 00:00:00-05:00,6.067107219575459,6.481952175277688,6.067107219575459,6.248601913452148,1026133,0.0,0.0
2003-01-09 00:00:00-05:00,6.222674894338708,6.248602888414358,5.989324596103793,6.015252590179443,722367,0.0,0.0
2003-01-10 00:00:00-05:00,6.118962351928916,6.404168161400136,5.989323235229801,6.378240585327148,761700,0.0,0.0
2003-01-13 00:00:00-05:00,6.144888463806923,6.378238637768641,6.144888463806923,6.352310657501221,685933,0.0,0.0
2003-01-14 00:00:00-05:00,6.352313004696491,6.378240994544367,5.8596849065896075,5.9374680519104,864367,0.0,0.0
2003-01-15 00:00:00-05:00,5.833755483894557,5.937466593590411,5.600405281023228,5.781899929046631,1124633,0.0,0.0
2003-01-16 00:00:00-05:00,5.885611582167245,6.300456471365045,5.833756022531439,6.067106246948242,1283033,0.0,0.0
2003-01-17 00:00:00-05:00,6.196745352093434,6.300456471365045,6.041178261074662,6.067106246948242,778100,0.0,0.0
2003-01-21 00:00:00-05:00,6.067106787805749,6.326385021209717,5.911540095030205,6.326385021209717,884667,0.0,0.0
2003-01-22 00:00:00-05:00,6.585663330586829,6.637518898688525,6.274529921976648,6.430096626281738,803633,0.0,0.0
2003-01-23 00:00:00-05:00,6.559734300881973,6.741228955127736,6.430095203261954,6.481950759887695,1046700,0.0,0.0
2003-01-24 00:00:00-05:00,6.559735327704959,6.79308557510376,6.507879762962047,6.79308557510376,1287567,0.0,0.0
2003-01-27 00:00:00-05:00,7.000509193791695,7.000509193791695,6.4819526519467905,6.585663795471191,1145400,0.0,0.0
2003-01-28 00:00:00-05:00,6.481953152482321,6.585664304015282,6.1708192857719535,6.3004584312438965,919567,0.0,0.0
2003-01-29 00:00:00-05:00,6.378239476898205,6.456022603711184,5.98932219438803,6.041177749633789,709400,0.0,0.0
2003-01-30 00:00:00-05:00,6.09303517979275,6.274529872781397,5.9893236322910814,6.2226738929748535,836100,0.0,0.0
2003-01-31 00:00:00-05:00,6.274528421865463,6.300455993661849,6.041177803030045,6.170816898345947,492033,0.0,0.0
2003-02-03 00:00:00-05:00,6.153532825161866,6.222673578595599,5.894254999785365,6.032536506652832,2296300,0.0,0.3333333333333333
2003-02-04 00:00:00-05:00,6.3090995973720325,6.810370445251465,6.274529222491477,6.810370445251465,3146300,0.0,0.0
2003-02-05 00:00:00-05:00,6.836297978314095,6.888153540316025,6.507879418968536,6.577020168304443,3146200,0.0,0.0
2003-02-06 00:00:00-05:00,6.568377052642634,6.741229329779575,6.3955251876170465,6.594305038452148,1760300,0.0,0.0
2003-02-07 00:00:00-05:00,6.577019802210705,6.637517748456467,6.326384393763363,6.412810325622559,1590600,0.0,0.0
2003-02-10 00:00:00-05:00,6.386882018004613,6.412810002310848,5.92018159738303,5.954751968383789,2723300,0.0,0.0
2003-02-11 00:00:00-05:00,5.963396679745295,6.499238014221191,5.963396679745295,6.499238014221191,3126300,0.0,0.0
2003-02-12 00:00:00-05:00,6.309099675380288,6.3782404259962835,6.214030937227604,6.360955238342285,2900700,0.0,0.0
2003-02-13 00:00:00-05:00,6.335026476725761,6.559734300881973,6.309098904468556,6.481950759887695,1714800,0.0,0.0
2003-02-14 00:00:00-05:00,6.309100592345681,6.430096923509294,6.231317030541924,6.335028171539307,946900,0.0,0.0
2003-02-18 00:00:00-05:00,5.859683635494049,6.4560227394104,5.859683635494049,6.4560227394104,1608400,0.0,0.0
2003-02-19 00:00:00-05:00,6.4041678454540145,6.628875691594828,6.38688265822098,6.447381019592285,1447300,0.0,0.0
2003-02-20 00:00:00-05:00,6.533807593807181,6.620233538412154,6.533807593807181,6.56837797164917,943800,0.0,0.0
2003-02-21 00:00:00-05:00,6.602948686797094,6.620233876601088,6.283172469367495,6.39552640914917,1527600,0.0,0.0
2003-02-24 00:00:00-05:00,6.559735396669084,6.559735396669084,6.326385146817015,6.369597911834717,844100,0.0,0.0
2003-02-25 00:00:00-05:00,6.283169926269788,6.421451388732653,6.2399567631945105,6.352310657501221,1042300,0.0,0.0
2003-02-26 00:00:00-05:00,6.352314007010378,6.369599198932538,6.222674861538435,6.3004584312438965,736400,0.0,0.0
2003-02-27 00:00:00-05:00,6.265886303983487,6.291814290708283,6.084391633244022,6.214030742645264,1117400,0.0,0.0
2003-02-28 00:00:00-05:00,6.283171975706746,6.283171975706746,6.09303490280164,6.110320091247559,1261000,0.0,0.0
2003-03-03 00:00:00-05:00,6.006608200349498,6.0411785752378195,5.851041513352049,5.9979658126831055,1397500,0.0,0.0
2003-03-04 00:00:00-05:00,6.049821725631143,6.283171975706746,6.049821725631143,6.110320091247559,1181200,0.0,0.0
2003-03-05 00:00:00-05:00,6.170817249510687,6.214030421112242,6.041178146817371,6.179460048675537,715700,0.0,0.0
2003-03-06 00:00:00-05:00,6.188102874568876,6.248601236679127,5.851041513352049,5.9979658126831055,1743200,0.0,0.0
2003-03-07 00:00:00-05:00,6.118962581423132,6.214031325516261,5.7905435833642525,5.920182704925537,1664800,0.0,0.0
2003-03-10 00:00:00-05:00,6.023893096910359,6.023893096910359,5.574477832952279,5.591763019561768,1253100,0.0,0.0
2003-03-11 00:00:00-05:00,5.4534815001097225,5.4621242994280275,5.2114888887561595,5.280629634857178,1631600,0.0,0.0
2003-03-12 00:00:00-05:00,5.107777719354327,5.211489257964662,4.943568229675293,4.943568229675293,1997900,0.0,0.0
2003-03-13 00:00:00-05:00,4.744788363654723,5.1596332816883095,4.727503175907964,4.891712665557861,1914000,0.0,0.0
2003-03-14 00:00:00-05:00,4.926283840763581,5.358414016694121,4.926283840763581,5.341128826141357,1921300,0.0,0.0
2003-03-17 00:00:00-05:00,5.522623587273711,5.600407151581277,5.159634169987011,5.211490154266357,1657000,0.0,0.0
2003-03-18 00:00:00-05:00,5.211489043646635,5.30655736630538,5.211489043646635,5.246059417724609,978300,0.0,0.0
2003-03-19 00:00:00-05:00,5.2028455047712,5.228773487701117,5.012708474359936,5.021350860595703,901500,0.0,0.0
2003-03-20 00:00:00-05:00,5.0991350751817475,5.168275822705074,4.986781154400659,5.012709140777588,697400,0.0,0.0
2003-03-21 00:00:00-05:00,4.926283892999737,4.995425068055384,4.554652086118973,4.563294887542725,1524900,0.0,0.0
2003-03-24 00:00:00-05:00,4.779358280989565,4.900354573184742,4.546008082843211,4.571935653686523,1306300,0.0,0.0
2003-03-25 00:00:00-05:00,4.684289896593384,4.744787840987126,4.520080425032171,4.658361911773682,1332200,0.0,0.0
2003-03-26 00:00:00-05:00,4.701575274767778,4.736145647867358,4.641076915787836,4.649719715118408,671300,0.0,0.0
2003-03-27 00:00:00-05:00,4.7447891598100025,4.7447891598100025,4.606507634632887,4.7188615798950195,804400,0.0,0.0
2003-03-28 00:00:00-05:00,4.753431790628814,5.133706383332491,4.753431790628814,5.090493202209473,1649700,0.0,0.0
2003-03-31 00:00:00-05:00,5.22877420332097,5.44483924623322,5.22877420332097,5.323842525482178,1776900,0.0,0.0
2003-04-01 00:00:00-05:00,5.306558119424218,5.306558119424218,5.055922665732469,5.073207855224609,936900,0.0,0.0
2003-04-02 00:00:00-05:00,4.8830686913949695,5.176916787628475,4.8225703478795054,5.168274402618408,1025100,0.0,0.0
2003-04-03 00:00:00-05:00,5.0127094247848305,5.185561303386493,4.80528675835145,4.865785121917725,1294900,0.0,0.0
2003-04-04 00:00:00-05:00,4.822572574294279,5.004067276519241,4.822572574294279,4.883070945739746,1151500,0.0,0.0
2003-04-07 00:00:00-04:00,4.62379299525499,4.839858092342714,4.606507803972431,4.813930511474609,1657200,0.0,0.0
2003-04-08 00:00:00-04:00,4.83985507284849,4.995422109447653,4.822569892349829,4.926280975341797,930000,0.0,0.0
2003-04-09 00:00:00-04:00,4.926282239391994,5.228773593902588,4.926282239391994,5.228773593902588,1351800,0.0,0.0
2003-04-10 00:00:00-04:00,5.194203502263159,5.263344245702379,5.133705145698173,5.185560703277588,1126200,0.0,0.0
2003-04-11 00:00:00-04:00,5.133704834181578,5.254701127858079,5.073206481287671,5.202845573425293,683000,0.0,0.0
2003-04-14 00:00:00-04:00,5.159632442055587,5.228773593902588,5.0991345008425215,5.228773593902588,691700,0.0,0.0
2003-04-15 00:00:00-04:00,5.2547010127633405,5.367054917629123,5.237415828331012,5.263343811035156,740800,0.0,0.0
2003-04-16 00:00:00-04:00,5.176919309834378,5.341128826141357,5.168276920613722,5.341128826141357,660900,0.0,0.0
2003-04-17 00:00:00-04:00,5.410269227840317,5.522622744332703,5.392983627644606,5.4880523681640625,1328600,0.0,0.0
2003-04-21 00:00:00-04:00,5.565835604843035,5.643619152865423,5.548550417739323,5.609048366546631,635400,0.0,0.0
2003-04-22 00:00:00-04:00,5.695474551330061,5.747330111158528,5.488051899904831,5.591763019561768,934600,0.0,0.0
2003-04-23 00:00:00-04:00,5.574479110685293,5.660905475653986,5.4966959591695,5.522623538970947,848800,0.0,0.0
2003-04-24 00:00:00-04:00,5.5226226171300885,5.643619343044803,5.488052241757708,5.496695041656494,1021600,0.0,0.0
2003-04-25 00:00:00-04:00,5.462125417861057,5.505338186966829,5.2633455260624835,5.2719879150390625,739700,0.0,0.0
2003-04-28 00:00:00-04:00,5.306556720049575,5.315199518572194,5.0991345008425215,5.228773593902588,894600,0.0,0.0
2003-04-29 00:00:00-04:00,5.125063454037876,5.1942046245271305,5.021352316471135,5.099135875701904,1311800,0.0,0.0
2003-04-30 00:00:00-04:00,5.2374172181294165,5.3843415308476175,5.2028468400911825,5.289272785186768,974700,0.0,0.0
2003-05-01 00:00:00-04:00,5.34977101632861,5.617691645345569,5.34977101632861,5.557193279266357,1159100,0.0,0.0
2003-05-02 00:00:00-04:00,5.505337556248382,5.583121108683519,5.436196803911102,5.4880523681640625,875700,0.0,0.0
2003-05-05 00:00:00-04:00,5.488052245832717,5.721402485825245,5.488052245832717,5.704117298126221,740000,0.0,0.0
2003-05-06 00:00:00-04:00,5.773259978852196,5.9288271322589905,5.712762007737571,5.911541938781738,1286300,0.0,0.0
2003-05-07 00:00:00-04:00,5.946110702762193,5.963395891521503,5.660904882177882,5.7127604484558105,1305400,0.0,0.0
2003-05-08 00:00:00-04:00,5.833757076109913,5.954753403778771,5.781901507108975,5.902897834777832,2040800,0.0,0.0
2003-05-09 00:00:00-04:00,5.730044455972539,5.730044455972539,5.418910710333451,5.513979434967041,1880700,0.0,0.0
2003-05-12 00:00:00-04:00,5.591763849492779,5.678190207479004,5.5053379036179715,5.548551082611084,1353400,0.0,0.0
2003-05-13 00:00:00-04:00,5.531264496944251,5.531264496944251,5.202845573425293,5.202845573425293,1285800,0.0,0.0
2003-05-14 00:00:00-04:00,5.228774546899259,5.496695168261918,5.211489358814939,5.4880523681640625,2105600,0.0,0.0
2003-05-15 00:00:00-04:00,5.53990841848934,5.53990841848934,5.401626901681939,5.436197280883789,891600,0.0,0.0
2003-05-16 00:00:00-04:00,5.488052849686564,5.513980840143666,5.367056522480089,5.436197280883789,709400,0.0,0.0
2003-05-19 00:00:00-04:00,5.583120603177685,6.291814074691208,5.444839111023379,5.963395118713379,1937800,0.0,0.0
2003-05-20 00:00:00-04:00,5.876970231072585,5.963396179036005,5.617691975070896,5.8251142501831055,1773700,0.0,0.0
2003-05-21 00:00:00-04:00,5.7819007333692225,6.067106530763575,5.669546809513456,6.023893356323242,1499700,0.0,0.0
2003-05-22 00:00:00-04:00,5.94611024490072,5.94611024490072,5.7732579585061625,5.8423991203308105,3130200,0.0,0.0
2003-05-23 00:00:00-04:00,5.8769702809365025,5.989323808186514,5.8769702809365025,5.980681419372559,1248200,0.0,0.0
2003-05-27 00:00:00-04:00,6.041179060302037,6.118962616101922,5.825113993845831,5.8942551612854,1564300,0.0,0.0
2003-05-28 00:00:00-04:00,5.764614897322818,5.8337556389578396,4.969495544297419,5.7473297119140625,1831100,0.0,0.0
2003-05-29 00:00:00-04:00,5.617691849060382,5.928825666861077,5.617691849060382,5.885612487792969,1223800,0.0,0.0
2003-05-30 00:00:00-04:00,5.876969469871131,6.023893356323242,5.591763260365405,6.023893356323242,1500900,0.0,0.0
2003-06-02 00:00:00-04:00,5.885611573320905,6.04982105130982,5.885611573320905,5.963395118713379,835900,0.0,0.0
2003-06-03 00:00:00-04:00,5.920182546914166,5.954752923459628,5.807828617085717,5.851041793823242,906200,0.0,0.0
2003-06-04 00:00:00-04:00,5.876968779607566,5.911539150254913,5.755972070230525,5.773257255554199,1018000,0.0,0.0
2003-06-05 00:00:00-04:00,5.954753109117909,6.11032022053418,5.911540343144485,6.049821853637695,1390000,0.0,0.0
2003-06-06 00:00:00-04:00,5.946110694082357,6.067107015220899,5.876969939146047,5.920182704925537,869900,0.0,0.0
2003-06-09 00:00:00-04:00,5.876969814300537,5.980680944501849,5.8510418256945105,5.876969814300537,679200,0.0,0.0
2003-06-10 00:00:00-04:00,5.721401888110154,5.764615058898926,5.6522611445371895,5.764615058898926,935100,0.0,0.0
2003-06-11 00:00:00-04:00,5.799186383786995,5.920182704925537,5.799186383786995,5.920182704925537,761400,0.0,0.0
2003-06-12 00:00:00-04:00,5.825113837088484,5.911540191034308,5.799186260593855,5.876969814300537,463300,0.0,0.0
2003-06-13 00:00:00-04:00,5.77325948988215,6.067108166219259,5.764617099931257,6.015252590179443,1144500,0.0,0.0
2003-06-16 00:00:00-04:00,6.067105733312329,6.093033716990869,5.97203700930611,6.041177749633789,876900,0.0,0.0
2003-06-17 00:00:00-04:00,6.015250594123661,6.386882305145264,6.006607794929245,6.386882305145264,2138200,0.0,0.0
2003-06-18 00:00:00-04:00,6.265886102863744,6.309099275314242,6.101676624507745,6.118961811065674,1782900,0.0,0.0
2003-06-19 00:00:00-04:00,6.11896169085563,6.214030421112242,6.006607774380666,6.179460048675537,1513200,0.0,0.0
2003-06-20 00:00:00-04:00,6.09303451785005,6.09303451785005,5.928825031932707,6.023893356323242,1031100,0.0,0.0
2003-06-23 00:00:00-04:00,6.032535615937813,6.049820801744057,5.7905426025390625,5.7905426025390625,841300,0.0,0.0
2003-06-24 00:00:00-04:00,5.781901203493049,5.833756769770978,5.678190070937192,5.7127604484558105,1126800,0.0,0.0
2003-06-25 00:00:00-04:00,5.7991852395953725,5.89425396493124,5.738686884906852,5.773257255554199,750800,0.0,0.0
2003-06-26 00:00:00-04:00,5.6868311872025465,5.738686741881168,5.617690447631052,5.678188800811768,786700,0.0,0.0
2003-06-27 00:00:00-04:00,5.704117490282424,5.755973055126372,5.643619537353516,5.643619537353516,636700,0.0,0.0
2003-06-30 00:00:00-04:00,5.6090481348247625,5.851041156390845,5.6090481348247625,5.833755970001221,735800,0.0,0.0
2003-07-01 00:00:00-04:00,5.876969939146047,5.980681071550512,5.876969939146047,5.920182704925537,1120500,0.0,0.0
2003-07-02 00:00:00-04:00,5.894254328420579,5.954752274728587,5.816470783611598,5.833755970001221,992400,0.0,0.0
2003-07-03 00:00:00-04:00,5.851041793823242,5.911540158833498,5.842399405742575,5.851041793823242,662800,0.0,0.0
2003-07-07 00:00:00-04:00,5.764615694199895,5.7905432698414865,5.686832143052349,5.730045318603516,946700,0.0,0.0
2003-07-08 00:00:00-04:00,5.678190207479004,5.695475396653966,5.522623092792933,5.548551082611084,1086800,0.0,0.0
2003-07-09 00:00:00-04:00,5.63497667293648,5.643619473034335,5.479409980177598,5.4880523681640625,1163700,0.0,0.0
2003-07-10 00:00:00-04:00,5.4275542555070535,5.488052205958393,5.349770705370899,5.367055892944336,1262800,0.0,0.0
2003-07-11 00:00:00-04:00,5.367056818026228,5.367056818026228,5.237417682824776,5.341128826141357,891400,0.0,0.0
2003-07-14 00:00:00-04:00,5.401625462114708,5.444838630656153,5.332484722137451,5.332484722137451,761100,0.0,0.0
2003-07-15 00:00:00-04:00,5.349771977337931,5.349771977337931,4.926284162932785,5.038638114929199,2145200,0.0,0.0
2003-07-16 00:00:00-04:00,5.073207855224609,5.142348613193171,5.0386374762403285,5.073207855224609,1097300,0.0,0.0
2003-07-17 00:00:00-04:00,5.05592133245206,5.23741598031389,5.0127085761729155,5.228773593902588,953500,0.0,0.0
2003-07-18 00:00:00-04:00,5.228773719139783,5.246058904487711,5.133704993670516,5.220130920410156,561100,0.0,0.0
2003-07-21 00:00:00-04:00,5.271987155234744,5.4275542555070535,5.263344767503716,5.367055892944336,1073900,0.0,0.0
2003-07-22 00:00:00-04:00,5.401626236376135,5.444839411111695,5.289272311752781,5.392983436584473,626600,0.0,0.0
2003-07-23 00:00:00-04:00,5.4794097021583275,5.678189561097833,5.4794097021583275,5.634976387023926,1182300,0.0,0.0
2003-07-24 00:00:00-04:00,5.609048897593424,5.894255129974136,5.574478520112987,5.8683271408081055,2425800,0.0,0.0
2003-07-25 00:00:00-04:00,5.894254025188125,5.9633947671896435,5.83375566988113,5.954751968383789,1530500,0.0,0.0
2003-07-28 00:00:00-04:00,5.963395884935009,5.997966262415446,5.842399563753482,5.8683271408081055,1319400,0.0,0.0
2003-07-29 00:00:00-04:00,5.807828422204076,5.868326785184309,5.539907806911123,5.600406169891357,1272600,0.0,0.0
2003-07-30 00:00:00-04:00,5.453480985093094,5.695473985704641,5.453480985093094,5.678188800811768,1160500,0.0,0.0
2003-07-31 00:00:00-04:00,5.695475906937449,5.695475906937449,5.548551579730951,5.626335144042969,1518000,0.0,0.0
2003-08-01 00:00:00-04:00,5.574479579925537,5.790544686311976,5.488053619793258,5.574479579925537,1544600,0.0,0.0
2003-08-04 00:00:00-04:00,5.539907651328153,5.695474748305121,5.539907651328153,5.634976387023926,819500,0.0,0.0
2003-08-05 00:00:00-04:00,5.617691516876221,5.686832269607644,5.574478340363385,5.617691516876221,1144300,0.0,0.0
2003-08-06 00:00:00-04:00,5.63497716466358,5.8251142501831055,5.626334775922952,5.8251142501831055,1181600,0.0,0.0
2003-08-07 00:00:00-04:00,5.82511281152522,5.8337556102427195,5.7473296836243515,5.773257255554199,825700,0.0,0.0
2003-08-08 00:00:00-04:00,5.721401758072997,6.032535509191162,5.678189000377712,5.954751968383789,1977500,0.0,0.0
2003-08-11 00:00:00-04:00,5.8769705543205,5.8769705543205,5.704118236774926,5.8078293800354,2919000,0.0,0.0
2003-08-12 00:00:00-04:00,5.755973021471585,5.781901009797658,5.695475068896404,5.721402645111084,870300,0.0,0.0
2003-08-13 00:00:00-04:00,5.712759665273856,5.851041156390845,5.678189292494608,5.833755970001221,1888300,0.0,0.0
2003-08-14 00:00:00-04:00,5.876968973260661,5.876968973260661,5.747329873005684,5.764615058898926,1451800,0.0,0.0
2003-08-15 00:00:00-04:00,5.764614927879611,5.954751968383789,5.755972129073756,5.954751968383789,1255100,0.0,0.0
2003-08-18 00:00:00-04:00,5.8078293800354,5.868327752993069,5.781901800276007,5.8078293800354,1049300,0.0,0.0
2003-08-19 00:00:00-04:00,5.773257654889854,5.963395118713379,5.738687281851279,5.963395118713379,1697700,0.0,0.0
2003-08-20 00:00:00-04:00,6.006607774380666,6.19674523489389,5.989322588162313,6.179460048675537,2702900,0.0,0.0
2003-08-21 00:00:00-04:00,6.136248141476363,6.1708185210364555,6.015251813016041,6.162176132202148,2807000,0.0,0.0
2003-08-22 00:00:00-04:00,6.09303451785005,6.153532467532868,6.0152509687019995,6.023893356323242,1259500,0.0,0.0
2003-08-25 00:00:00-04:00,6.049821826486822,6.067107015220899,5.885612327457382,5.920182704925537,699100,0.0,0.0
2003-08-26 00:00:00-04:00,5.876970304908171,6.067107392816492,5.825114323367196,6.058465003967285,1109900,0.0,0.0
2003-08-27 00:00:00-04:00,6.153532851552231,6.4041682898801024,6.144890463391649,6.317742347717285,4910600,0.0,0.0
2003-08-28 00:00:00-04:00,6.265887279563501,6.430096788757157,6.2226740989978,6.39552640914917,1983700,0.0,0.0
2003-08-29 00:00:00-04:00,6.568376687597265,6.6288750430496295,6.456022775519159,6.481950759887695,2440400,0.0,0.0
2003-09-02 00:00:00-04:00,6.335027534975995,6.525165019810363,6.300457158117274,6.369597911834717,2122100,0.0,0.0
2003-09-03 00:00:00-04:00,6.352312408240996,6.481951521084971,6.257243670540564,6.4387383460998535,1619300,0.0,0.0
2003-09-04 00:00:00-04:00,6.430094150146365,6.611588774667085,6.3523106218914105,6.542448043823242,2028700,0.0,0.0
2003-09-05 00:00:00-04:00,6.620231738941836,6.836296747780525,6.620231738941836,6.8276543617248535,3000300,0.0,0.0
2003-09-08 00:00:00-04:00,6.827655469282084,6.827655469282084,6.65480318690489,6.74122953414917,1875300,0.0,0.0
2003-09-09 00:00:00-04:00,7.130146529697064,7.164716904144867,6.965937457125683,7.000507831573486,4461200,0.0,0.0
2003-09-10 00:00:00-04:00,7.000506616062585,7.086932125064502,6.8276543617248535,6.8276543617248535,2412200,0.0,0.0
2003-09-11 00:00:00-04:00,6.784441498491899,6.948650962005599,6.628874833531648,6.940008163452148,2336700,0.0,0.0
2003-09-12 00:00:00-04:00,7.017792824829738,7.061006000288432,6.723944632889321,6.801727771759033,3602400,0.0,0.0
2003-09-15 00:00:00-04:00,6.758515780259159,6.7671581690710605,6.628876651189193,6.654804229736328,1713700,0.0,0.0
2003-09-16 00:00:00-04:00,6.715301632717893,6.767157194455281,6.507879385768345,6.551092147827148,1640900,0.0,0.0
2003-09-17 00:00:00-04:00,6.611591496269936,6.672089454606113,6.5856635054748365,6.628876686096191,1298600,0.0,0.0
2003-09-18 00:00:00-04:00,6.741228498596327,6.77579886733897,6.49059311915651,6.507878303527832,1342000,0.0,0.0
2003-09-19 00:00:00-04:00,6.611590115403912,6.853582722430036,6.585662130024011,6.758514404296875,2738000,0.0,0.0
2003-09-22 00:00:00-04:00,6.95729391456553,7.000507084066713,6.8276548181733085,6.90543794631958,2673800,0.0,0.0
2003-09-23 00:00:00-04:00,6.870868683238324,6.905439059567943,6.741229978057951,6.8190131187438965,1877000,0.0,0.0
2003-09-24 00:00:00-04:00,6.8535837130895265,6.991865634918213,6.715302203372246,6.991865634918213,3267100,0.0,0.0
2003-09-25 00:00:00-04:00,7.086933202890064,7.121503576593032,6.620232745788646,6.68937349319458,3566400,0.0,0.0
2003-09-26 00:00:00-04:00,6.559735596997627,6.559735596997627,6.222673794164424,6.309100151062012,3425200,0.0,0.0
2003-09-29 00:00:00-04:00,6.326384393763363,6.456023085496481,6.291814021019685,6.412810325622559,1919000,0.0,0.0
2003-09-30 00:00:00-04:00,6.525164568196624,6.577020129895726,6.369597470987946,6.447381019592285,1779100,0.0,0.0
2003-10-01 00:00:00-04:00,6.481951398843966,6.551092147827148,6.3177419139532205,6.551092147827148,1027800,0.0,0.0
2003-10-02 00:00:00-04:00,6.421453695709193,6.577020808980346,6.352312939638197,6.490594863891602,1275100,0.0,0.0
2003-10-03 00:00:00-04:00,6.447380974722953,6.542449709898713,6.084391633244022,6.214030742645264,2780700,0.0,0.0
2003-10-06 00:00:00-04:00,6.188101306580994,6.291812817078129,6.127603371911542,6.239956855773926,1171800,0.0,0.0
2003-10-07 00:00:00-04:00,6.4214530374279954,6.58566252231874,6.4041678501821995,6.551092147827148,1495600,0.0,0.0
2003-10-08 00:00:00-04:00,6.525164606302513,6.654803305251652,6.516521806579838,6.577020168304443,1552200,0.0,0.0
2003-10-09 00:00:00-04:00,6.4560248305554255,6.507880815798929,6.309100912737037,6.499238014221191,1808100,0.0,0.0
2003-10-10 00:00:00-04:00,6.559733856641797,6.620231795885772,6.49059311915651,6.507878303527832,992800,0.0,0.0
2003-10-13 00:00:00-04:00,6.507879887589926,6.723944950878801,6.4041683440065995,6.680731773376465,1151600,0.0,0.0
2003-10-14 00:00:00-04:00,6.654804229736328,6.698017410130126,6.594306271718726,6.654804229736328,1642500,0.0,0.0
2003-10-15 00:00:00-04:00,6.611589442509271,6.663444995880127,6.577019073595368,6.663444995880127,1139900,0.0,0.0
2003-10-16 00:00:00-04:00,6.663446270480121,6.862226135813808,6.663446270480121,6.853583335876465,1685800,0.0,0.0
2003-10-17 00:00:00-04:00,6.81037134946486,6.819013738276761,6.654804229736328,6.654804229736328,1141400,0.0,0.0
2003-10-20 00:00:00-04:00,6.689374450728653,6.758515620142993,6.620233693425735,6.637518882751465,686000,0.0,0.0
2003-10-21 00:00:00-04:00,6.7239435570630155,6.940008163452148,6.7239435570630155,6.940008163452148,1811200,0.0,0.0
2003-10-22 00:00:00-04:00,7.069647841682967,7.147431382117743,7.009149074554443,7.009149074554443,2206200,0.0,0.0
2003-10-23 00:00:00-04:00,7.009149870599929,7.078290620122727,6.87951117130037,7.043720245361328,1302600,0.0,0.0
2003-10-24 00:00:00-04:00,7.173360602263203,7.233858559068436,7.112861821235126,7.1560750007629395,3100800,0.0,0.0
2003-10-27 00:00:00-05:00,7.130145984633689,7.130145984633689,6.9227237538032425,7.052362442016602,1405600,0.0,0.0
2003-10-28 00:00:00-05:00,6.957295579683361,6.957295579683361,6.862226831294365,6.922725200653076,1889400,0.0,0.0
2003-10-29 00:00:00-05:00,6.948652761608945,7.147433058706431,6.940009960817131,7.130147457122803,1367300,0.0,0.0
2003-10-30 00:00:00-05:00,7.147432293023697,7.242500618880728,7.052363142943906,7.069648742675781,2036700,0.0,0.0
2003-10-31 00:00:00-05:00,7.061004837789801,7.207929115626612,7.035077266472314,7.104218006134033,1160100,0.0,0.0
2003-11-03 00:00:00-05:00,7.104219834272197,7.104219834272197,6.767158023517785,6.870869159698486,1553500,0.0,0.0
2003-11-04 00:00:00-05:00,6.922724339852065,6.94000911510652,6.82765560328432,6.888153553009033,1094600,0.0,0.0
2003-11-05 00:00:00-05:00,6.914081538070535,6.9313671375426305,6.810370413906207,6.836297988891602,985900,0.0,0.0
2003-11-06 00:00:00-05:00,6.784441674981238,6.784441674981238,6.430095167298209,6.4560227394104,2384800,0.0,0.0
2003-11-07 00:00:00-05:00,6.378240275369191,6.559734947505732,6.352312288444812,6.551092147827148,1827900,0.0,0.0
2003-11-10 00:00:00-05:00,6.594304988582545,6.620232562084628,6.412810325622559,6.412810325622559,1401700,0.0,0.0
2003-11-11 00:00:00-05:00,6.464666206825319,6.4819513940583535,6.369597470987946,6.447381019592285,1026600,0.0,0.0
2003-11-12 00:00:00-05:00,6.551092223251063,6.87086839703561,6.542449835584349,6.8622260093688965,2388600,0.0,0.0
2003-11-13 00:00:00-05:00,6.931366859858096,7.017792381087949,6.862225701073771,6.983222007751465,2826600,0.0,0.0
2003-11-14 00:00:00-05:00,7.03507826983804,7.104219019360838,6.983222295584567,7.043720245361328,2269200,0.0,0.0
2003-11-17 00:00:00-05:00,7.017792825683544,7.017792825683544,6.689373846069385,6.853583335876465,1733400,0.0,0.0
2003-11-18 00:00:00-05:00,6.9054410334655545,7.328928470611572,6.870870647254105,7.328928470611572,2997900,0.0,0.0
2003-11-19 00:00:00-05:00,7.328925747179831,7.432637691497803,7.173359479148304,7.432637691497803,2167300,0.0,0.0
2003-11-20 00:00:00-05:00,7.501778229372831,7.5622761750217435,7.233857225085504,7.285713195800781,1937300,0.0,0.0
2003-11-21 00:00:00-05:00,7.285713195800781,7.380781513852314,7.233857225085504,7.285713195800781,1236500,0.0,0.0
2003-11-24 00:00:00-05:00,7.173360916697592,7.20793129699062,7.0091509921385535,7.190645694732666,2153300,0.0,0.0
2003-11-25 00:00:00-05:00,7.13878946418031,7.302998539852769,7.104219089079647,7.199287414550781,1644300,0.0,0.0
2003-11-26 00:00:00-05:00,7.216571458240101,7.68327183358468,7.216571458240101,7.605488300323486,2523500,0.0,0.0
2003-11-28 00:00:00-05:00,7.709198056085322,7.7437684176910775,7.605486971268057,7.622771739959717,1117200,0.0,0.0
2003-12-01 00:00:00-05:00,7.717845120700699,7.968480587005615,7.467209654395782,7.968480587005615,2818900,0.0,0.0
2003-12-02 00:00:00-05:00,7.907981108180182,8.02897784220113,7.761056796948609,7.9511942863464355,2508100,0.0,0.0
2003-12-03 00:00:00-05:00,7.864769733945364,7.95119527682102,7.8561269323909215,7.925267696380615,1494500,0.0,0.0
2003-12-04 00:00:00-05:00,7.907980793653689,7.933909194055874,7.579562630787198,7.709201335906982,2212700,0.0,0.0
2003-12-05 00:00:00-05:00,7.640062447740841,7.821557173733707,7.622776843254384,7.8129143714904785,1609400,0.0,0.0
2003-12-08 00:00:00-05:00,7.812913077131129,7.882053835176487,7.657345959417648,7.700559139251709,1635500,0.0,0.0
2003-12-09 00:00:00-05:00,7.7869842245456065,7.8042689991167915,7.389424518735766,7.432637691497803,1861800,0.0,0.0
2003-12-10 00:00:00-05:00,7.415352556350919,7.510420882993398,6.7412298214706805,6.853583335876465,5028700,0.0,0.0
2003-12-11 00:00:00-05:00,6.7153018657643235,7.043720434831811,6.516521999483572,6.87951135635376,3875100,0.0,0.0
2003-12-12 00:00:00-05:00,7.009149581698149,7.138789099877,6.96593723319458,6.983222007751465,2091000,0.0,0.0
2003-12-15 00:00:00-05:00,6.801726683487481,7.078289643416816,6.801726683487481,6.940008163452148,1902000,0.0,0.0
2003-12-16 00:00:00-05:00,6.965938812616894,7.052364353442444,6.568378604883791,6.585663795471191,3144300,0.0,0.0
2003-12-17 00:00:00-05:00,6.64616123900562,6.7671575561940545,6.525164921817185,6.559735298156738,3806400,0.0,0.0
2003-12-18 00:00:00-05:00,6.481952178819899,6.715302440772958,6.421453810124135,6.637518882751465,2770300,0.0,0.0
2003-12-19 00:00:00-05:00,6.637517921781521,6.689373482251139,6.533806800842285,6.533806800842285,1599600,0.0,0.0
2003-12-22 00:00:00-05:00,6.594305674496291,6.698016803514949,6.542450109986961,6.559735298156738,1162100,0.0,0.0
2003-12-23 00:00:00-05:00,6.594306306443681,6.663447065748702,6.4905951674861475,6.628876686096191,1061200,0.0,0.0
2003-12-24 00:00:00-05:00,6.628876686096191,6.689374644432369,6.559735926791169,6.628876686096191,1300300,0.0,0.0
2003-12-26 00:00:00-05:00,6.654802998789915,6.870868036570254,6.654802998789915,6.749871730804443,752700,0.0,0.0
2003-12-29 00:00:00-05:00,6.8708682185446595,7.0782904624938965,6.810370270115148,7.0782904624938965,2198800,0.0,0.0
2003-12-30 00:00:00-05:00,7.0955765403416295,7.10421934047833,6.957295035045578,6.974579811096191,1342300,0.0,0.0
2003-12-31 00:00:00-05:00,7.009149058588827,7.043719429345242,6.853582390184957,6.90543794631958,1449500,0.0,0.0
2004-01-02 00:00:00-05:00,6.905438461688697,7.0610055538142324,6.905438461688697,6.983222007751465,793500,0.0,0.0
2004-01-05 00:00:00-05:00,7.277072067680159,7.398068810985185,7.182003727798062,7.372140407562256,2234300,0.0,0.0
2004-01-06 00:00:00-05:00,7.389424919710622,7.398067719576559,7.043720343077968,7.069648742675781,3001000,0.0,0.0
2004-01-07 00:00:00-05:00,7.043720400415848,7.05236320035214,6.767157396236631,6.801727771759033,2453400,0.0,0.0
2004-01-08 00:00:00-05:00,6.84494078862765,6.94000911305593,6.741229664463321,6.836297988891602,1920300,0.0,0.0
2004-01-09 00:00:00-05:00,6.836296512680591,7.1042174770847195,6.836296512680591,7.026433944702148,2573100,0.0,0.0
2004-01-12 00:00:00-05:00,6.905439599026508,7.052363915960932,6.844941641779222,6.922725200653076,2724400,0.0,0.0
2004-01-13 00:00:00-05:00,6.965936247617298,7.043718958452244,6.793083993279567,6.8276543617248535,2837300,0.0,0.0
2004-01-14 00:00:00-05:00,6.767156815361282,6.775799614555699,6.352311932590293,6.386882305145264,4627400,0.0,0.0
2004-01-15 00:00:00-05:00,6.265887718299519,6.2831729093138176,5.963396669493559,6.188104152679443,5049700,0.0,0.0
2004-01-16 00:00:00-05:00,6.300457669775133,6.456024378272894,6.17946134094354,6.291815280914307,3583800,0.0,0.0
2004-01-20 00:00:00-05:00,6.3955251392507195,6.611590174954384,6.3782399528788805,6.412810325622559,2617000,0.0,0.0
2004-01-21 00:00:00-05:00,6.4387386667452295,6.447381467017212,6.317742347717285,6.317742347717285,1627700,0.0,0.0
2004-01-22 00:00:00-05:00,6.326385440476522,6.3782410081716465,6.2226738929748535,6.2226738929748535,2562800,0.0,0.0
2004-01-23 00:00:00-05:00,6.309100097923874,6.343670475547177,6.049821853637695,6.049821853637695,3851800,0.0,0.0
2004-01-26 00:00:00-05:00,6.075750168994658,6.136248127026642,5.928825850154531,5.980681419372559,2790900,0.0,0.0
2004-01-27 00:00:00-05:00,6.093033923102463,6.309098949991042,6.067105938546847,6.136246681213379,2774100,0.0,0.0
2004-01-28 00:00:00-05:00,6.222673254872211,6.395525541575613,6.144890117361487,6.1535325050354,2897000,0.0,0.0
2004-01-29 00:00:00-05:00,6.118963387477507,6.1621765710609,5.928826286355791,6.0066094398498535,3174800,0.0,0.0
2004-01-30 00:00:00-05:00,6.067105733312329,6.067105733312329,5.94610943773889,6.041177749633789,1758200,0.0,0.0
2004-02-02 00:00:00-05:00,6.041179377404542,6.041179377404542,5.738688350910332,5.980681419372559,2622400,0.0,0.0
2004-02-03 00:00:00-05:00,6.041178261074662,6.12760460591236,6.006607887984125,6.067106246948242,1945100,0.0,0.0
2004-02-04 00:00:00-05:00,6.153533122900835,6.170818312095613,5.9374680519104,5.9374680519104,1697500,0.0,0.0
2004-02-05 00:00:00-05:00,5.928825376502232,6.110320060321482,5.911540188143798,6.032536506652832,1576100,0.0,0.0
2004-02-06 00:00:00-05:00,6.179461330543532,6.456024367407432,6.153533339781825,6.39552640914917,2633800,0.0,0.0
2004-02-09 00:00:00-05:00,6.542449078747915,6.542449078747915,6.404167183074688,6.4560227394104,2422200,0.0,0.0
2004-02-10 00:00:00-05:00,6.52516469607009,6.542449883641861,6.395525583226115,6.4387383460998535,1816700,0.0,0.0
2004-02-11 00:00:00-05:00,6.438738848686004,6.602948349491159,6.395526082439222,6.56837797164917,2344800,0.0,0.0
2004-02-12 00:00:00-05:00,6.611591320693388,6.611591320693388,6.430096626281738,6.430096626281738,1896300,0.0,0.0
2004-02-13 00:00:00-05:00,6.5165218962285145,6.577020258785404,6.3436700205108005,6.4387383460998535,2291400,0.0,0.0
2004-02-17 00:00:00-05:00,6.568377685796594,6.61159086227417,6.507879733261659,6.61159086227417,2291600,0.0,0.0
2004-02-18 00:00:00-05:00,6.568377453031989,6.568377453031989,6.179460526961486,6.231316089630127,2585900,0.0,0.0
2004-02-19 00:00:00-05:00,6.144890117361487,6.196745679739095,6.023893393035692,6.1535325050354,2049700,0.0,0.0
2004-02-20 00:00:00-05:00,6.118961436693062,6.118961436693062,5.876968839687745,5.954751968383789,2524500,0.0,0.0
2004-02-23 00:00:00-05:00,6.0930345440971125,6.0930345440971125,5.8423991203308105,5.8423991203308105,1810600,0.0,0.0
2004-02-24 00:00:00-05:00,5.920182731494606,6.127605409345831,5.920182731494606,6.049821853637695,1798000,0.0,0.0
2004-02-25 00:00:00-05:00,6.0066086485959245,6.0066086485959245,5.842399561677892,5.920182704925537,1537600,0.0,0.0
2004-02-26 00:00:00-05:00,5.8078279843611105,6.006607833897458,5.773257611581863,5.833755970001221,2114100,0.0,0.0
2004-02-27 00:00:00-05:00,5.833756605550511,5.963395723651691,5.807828617085717,5.851041793823242,1774900,0.0,0.0
2004-03-01 00:00:00-05:00,6.006610296850869,6.032538293122507,5.773259978852196,5.911541938781738,2720800,0.0,0.0
2004-03-02 00:00:00-05:00,5.911539179352902,5.911539179352902,5.738686913154021,5.7473297119140625,1880100,0.0,0.0
2004-03-03 00:00:00-05:00,5.721402960812749,5.764616139703534,5.557193457983743,5.7559733390808105,2462400,0.0,0.0
2004-03-04 00:00:00-05:00,5.807827788345307,5.876968943681619,5.712759472466634,5.7905426025390625,1681800,0.0,0.0
2004-03-05 00:00:00-05:00,5.997966584001935,6.00660897277971,5.885612645110852,5.902897834777832,1993600,0.0,0.0
2004-03-08 00:00:00-05:00,5.902896715559716,5.954752274728587,5.8251131707507335,5.833755970001221,2200500,0.0,0.0
2004-03-09 00:00:00-05:00,5.8510418256945105,5.954752955895821,5.825113837088484,5.876969814300537,2728600,0.0,0.0
2004-03-10 00:00:00-05:00,5.876969257001103,5.9115396304566445,5.600405857245411,5.669546604156494,2781900,0.0,0.0
2004-03-11 00:00:00-05:00,5.617691391859592,5.773258082043297,5.574478216308425,5.730045318603516,1541400,0.0,0.0
2004-03-12 00:00:00-05:00,5.6176910778342934,5.712759811465747,5.5312651436745,5.695474624633789,2047900,0.0,0.0
2004-03-15 00:00:00-05:00,5.747330471335224,5.773258046818623,5.600406169891357,5.600406169891357,1767700,0.0,0.0
2004-03-16 00:00:00-05:00,5.678189403576059,5.764615337214914,5.643619030120518,5.669546604156494,1159200,0.0,0.0
2004-03-17 00:00:00-05:00,5.695475534293688,5.8251142501831055,5.574478795033472,5.8251142501831055,2094400,0.0,0.0
2004-03-18 00:00:00-05:00,5.920183024444811,6.0411793521136685,5.876970256333077,5.902897834777832,2523200,0.0,0.0
2004-03-19 00:00:00-05:00,5.902897549645716,5.963395916613561,5.807828805013791,5.8942551612854,1847800,0.0,0.0
2004-03-22 00:00:00-05:00,6.0325361820423105,6.041178569700782,5.8078283333627985,5.8423991203308105,1596800,0.0,0.0
2004-03-23 00:00:00-05:00,5.842398813078361,5.963395118713379,5.833756013763041,5.963395118713379,1308500,0.0,0.0
2004-03-24 00:00:00-05:00,5.9028970702742365,5.972037819987509,5.816471133132645,5.8423991203308105,1412600,0.0,0.0
2004-03-25 00:00:00-05:00,5.894254999785365,6.032536506652832,5.876969811426932,6.032536506652832,1092000,0.0,0.0
2004-03-26 00:00:00-05:00,6.127604929902285,6.196745679739095,6.09303455498388,6.1535325050354,1841200,0.0,0.0
2004-03-29 00:00:00-05:00,6.162174540019711,6.1881021119348985,6.0066074600832815,6.1448893547058105,1672300,0.0,0.0
2004-03-30 00:00:00-05:00,6.144890151849057,6.309099639688779,6.144890151849057,6.231316089630127,1815200,0.0,0.0
2004-03-31 00:00:00-05:00,6.352313361705536,6.412811733343063,6.300457791206846,6.335028171539307,2122300,0.0,0.0
2004-04-01 00:00:00-05:00,6.378241839663268,6.507880981857037,6.335028654894854,6.464667797088623,2154800,0.0,0.0
2004-04-02 00:00:00-05:00,6.283171844938592,6.3436702092958885,5.980680847374892,6.326385021209717,2531800,0.0,0.0
2004-04-05 00:00:00-04:00,6.3090980001424395,6.3090980001424395,6.153530940452373,6.239956855773926,1660900,0.0,0.0
2004-04-06 00:00:00-04:00,6.274528628883703,6.360954557908685,6.231315458315544,6.265885829925537,1123100,0.0,0.0
2004-04-07 00:00:00-04:00,6.2918143016006844,6.4560233734003205,6.248601127688337,6.42145299911499,1508000,0.0,0.0
2004-04-08 00:00:00-04:00,6.395525287665852,6.395525287665852,6.265886180812966,6.274528980255127,1077000,0.0,0.0
2004-04-12 00:00:00-04:00,6.343670660747419,6.343670660747419,6.196746345503297,6.248601913452148,1152500,0.0,0.0
2004-04-13 00:00:00-04:00,6.179462643734916,6.179462643734916,5.885613942510099,5.911541938781738,2890800,0.0,0.0
2004-04-14 00:00:00-04:00,5.790543429512702,5.972038112454006,5.773258241237883,5.7991862297058105,1956000,0.0,0.0
2004-04-15 00:00:00-04:00,5.79918654176817,5.885612487792969,5.790543741109981,5.885612487792969,1722800,0.0,0.0
2004-04-16 00:00:00-04:00,5.885612619813213,5.937468188591265,5.816471861442476,5.8251142501831055,1384900,0.0,0.0
2004-04-19 00:00:00-04:00,5.876968652323488,5.911539022222106,5.7386867606177,5.781899929046631,1317800,0.0,0.0
2004-04-20 00:00:00-04:00,5.70411725959547,5.747330434606822,5.470767021179199,5.470767021179199,2445900,0.0,0.0
2004-04-21 00:00:00-04:00,5.453482092874274,5.453482092874274,5.1077779126816205,5.142348289489746,5258500,0.0,0.0
2004-04-22 00:00:00-04:00,5.22877420332097,5.358412899379228,5.185561029893975,5.323842525482178,2509100,0.0,0.0
2004-04-23 00:00:00-04:00,5.367054917629123,5.40162528649378,5.220130643898684,5.263343811035156,1148900,0.0,0.0
2004-04-26 00:00:00-04:00,5.323843163225002,5.3843415308476175,5.289272785186768,5.289272785186768,1089300,0.0,0.0
2004-04-27 00:00:00-04:00,5.315200165880557,5.341127740383354,5.228774230685622,5.246059417724609,1086000,0.0,0.0
2004-04-28 00:00:00-04:00,5.194203857143605,5.194203857143605,4.667005034233056,4.74478816986084,3928900,0.0,0.0
2004-04-29 00:00:00-04:00,4.788000459161394,4.952209911774452,4.744787293485377,4.796643257141113,2387900,0.0,0.0
2004-04-30 00:00:00-04:00,4.848501192464429,4.883071577157351,4.753432428503149,4.770717620849609,1182100,0.0,0.0
2004-05-03 00:00:00-04:00,4.684289903146477,4.831214189070542,4.667004717279608,4.710217475891113,1435200,0.0,0.0
2004-05-04 00:00:00-04:00,4.874427847896237,5.081850528717041,4.8571426588371205,5.081850528717041,1522300,0.0,0.0
2004-05-05 00:00:00-04:00,5.1164205519458275,5.1164205519458275,4.865785121917725,4.865785121917725,1339100,0.0,0.0
2004-05-06 00:00:00-04:00,4.805286190618497,4.883069732855,4.60650634765625,4.60650634765625,2105300,0.0,0.0
2004-05-07 00:00:00-04:00,4.563294519245806,4.589222097201574,4.355871835042559,4.373157024383545,2155600,0.0,0.0
2004-05-10 00:00:00-04:00,4.148451042405922,4.450942169805787,4.13980823859745,4.4422993659973145,2445100,0.0,0.0
2004-05-11 00:00:00-04:00,4.476867437509154,4.658362102337626,4.433654677190356,4.649719715118408,1835500,0.0,0.0
2004-05-12 00:00:00-04:00,4.7966441337030385,4.891712456185456,4.589221477508545,4.589221477508545,1722300,0.0,0.0
2004-05-13 00:00:00-04:00,4.5719361695886755,4.649719715118408,4.511437810608734,4.649719715118408,1115900,0.0,0.0
2004-05-14 00:00:00-04:00,4.675648569102668,4.857143283625273,4.675648569102668,4.813930511474609,1384800,0.0,0.0
2004-05-17 00:00:00-04:00,5.055923301429194,5.099136486648584,4.908998966217041,4.908998966217041,2520700,0.0,0.0
2004-05-18 00:00:00-04:00,4.883068230150749,4.926280975341797,4.7707143508538445,4.926280975341797,1065600,0.0,0.0
2004-05-19 00:00:00-04:00,5.0818513001928896,5.0818513001928896,4.978140150093805,5.038638114929199,1508200,0.0,0.0
2004-05-20 00:00:00-04:00,5.0386367185003005,5.0645647048950195,4.952210784036843,5.0645647048950195,719000,0.0,0.0
2004-05-21 00:00:00-04:00,5.125063295309124,5.176918862486471,5.064565339657926,5.081850528717041,1137600,0.0,0.0
2004-05-24 00:00:00-04:00,5.081850852457237,5.297915935516357,5.0127100918161505,5.297915935516357,985800,0.0,0.0
2004-05-25 00:00:00-04:00,5.297914333638272,5.323841904983496,5.133704870710364,5.228773593902588,1490300,0.0,0.0
2004-05-26 00:00:00-04:00,5.271988057830459,5.332486430750858,5.107778541713475,5.159634113311768,1252700,0.0,0.0
2004-05-27 00:00:00-04:00,5.263343954857665,5.375697450682239,5.2547011563496815,5.358412265777588,1579800,0.0,0.0
2004-05-28 00:00:00-04:00,5.323842716555662,5.349770703964691,5.263344766120225,5.315200328826904,691000,0.0,0.0
2004-06-01 00:00:00-04:00,5.375698205202468,5.384341004923534,5.021351658866226,5.1077775955200195,1076700,0.0,0.0
2004-06-02 00:00:00-04:00,5.099134747190857,5.142347505557687,4.8917121058515285,4.978138446807861,966300,0.0,0.0
2004-06-03 00:00:00-04:00,4.926283041051378,5.012709391896554,4.883070277740174,4.891712665557861,787200,0.0,0.0
2004-06-04 00:00:00-04:00,4.891714408198809,5.04728156545079,4.891714408198809,5.004068374633789,722100,0.0,0.0
2004-06-07 00:00:00-04:00,5.099135078680403,5.16827582625117,5.055921905392992,5.0645647048950195,871700,0.0,0.0
2004-06-08 00:00:00-04:00,5.0904917164046,5.0904917164046,4.934925051568878,4.96085262298584,785300,0.0,0.0
2004-06-09 00:00:00-04:00,4.926281929946584,4.926281929946584,4.762072889444815,4.796643257141113,1649800,0.0,0.0
2004-06-10 00:00:00-04:00,4.831214905963059,4.874427670986805,4.779359340667725,4.779359340667725,898200,0.0,0.0
2004-06-14 00:00:00-04:00,4.70157638408879,4.70157638408879,4.502796485809085,4.53736686706543,1254200,0.0,0.0
2004-06-15 00:00:00-04:00,4.546008409851873,4.675647097616371,4.546008409851873,4.658361911773682,1098700,0.0,0.0
2004-06-16 00:00:00-04:00,4.597863973812128,4.727502661757983,4.554650803089284,4.710217475891113,679900,0.0,0.0
2004-06-17 00:00:00-04:00,4.76207363374772,4.83121437994688,4.649719715118408,4.649719715118408,942500,0.0,0.0
2004-06-18 00:00:00-04:00,4.770716662172185,4.900355784775353,4.770716662172185,4.874427795410156,2114500,0.0,0.0
2004-06-21 00:00:00-04:00,4.900354643782603,4.94356739984778,4.727502383187956,4.753430366516113,662100,0.0,0.0
2004-06-22 00:00:00-04:00,4.753432582025029,4.813930963247309,4.736147389120308,4.788002967834473,1214400,0.0,0.0
2004-06-23 00:00:00-04:00,4.788001728827914,4.831214905963059,4.73614616353258,4.779359340667725,618500,0.0,0.0
2004-06-24 00:00:00-04:00,4.865784347694398,5.004065828572955,4.865784347694398,4.986780643463135,1131100,0.0,0.0
2004-06-25 00:00:00-04:00,4.978138446807861,5.004066019405692,4.926282477389527,4.978138446807861,767600,0.0,0.0
2004-06-28 00:00:00-04:00,5.004065752872603,5.09049167711427,4.74478756803629,4.753430366516113,986600,0.0,0.0
2004-06-29 00:00:00-04:00,4.75343116002338,4.75343116002338,4.606506858230291,4.684290409088135,1002800,0.0,0.0
2004-06-30 00:00:00-04:00,4.736145661078678,4.839856780666716,4.7275028617239965,4.805286407470703,843900,0.0,0.0
2004-07-01 00:00:00-04:00,4.857142482555027,4.857142482555027,4.73614616353258,4.779359340667725,720800,0.0,0.0
2004-07-02 00:00:00-04:00,4.831214746197392,4.9262830733726135,4.813929558337226,4.865785121917725,481300,0.0,0.0
2004-07-06 00:00:00-04:00,4.883071239044484,4.883071239044484,4.736146908217132,4.839858055114746,550300,0.0,0.0
2004-07-07 00:00:00-04:00,4.934925906838301,5.073207410657771,4.883070342906,5.0472798347473145,998300,0.0,0.0
2004-07-08 00:00:00-04:00,5.142348638974223,5.159633828553022,5.04728030234654,5.150991439819336,1140500,0.0,0.0
2004-07-09 00:00:00-04:00,5.1423486436323325,5.1423486436323325,5.021352316471135,5.099135875701904,720800,0.0,0.0
2004-07-12 00:00:00-04:00,5.09913447395765,5.306556692071083,5.01270854974372,5.254701137542725,1170500,0.0,0.0
2004-07-13 00:00:00-04:00,5.116420519284931,5.185561270284232,4.926283041925467,4.943568229675293,1631400,0.0,0.0
2004-07-14 00:00:00-04:00,5.0213521068863205,5.047280096251518,4.874427795410156,4.874427795410156,1268500,0.0,0.0
2004-07-15 00:00:00-04:00,4.865785121917725,4.952211061218556,4.831214746197392,4.865785121917725,814900,0.0,0.0
2004-07-16 00:00:00-04:00,4.86578509085677,5.038636968355025,4.86578509085677,4.943568229675293,824600,0.0,0.0
2004-07-19 00:00:00-04:00,4.9435678227008575,5.055921739880987,4.883069876612595,4.995423793792725,1409100,0.0,0.0
2004-07-20 00:00:00-04:00,4.9349261938529265,4.94356858228859,4.8312150599565,4.900355815887451,879800,0.0,0.0
2004-07-21 00:00:00-04:00,4.831214905963059,4.857142482555027,4.73614616353258,4.779359340667725,765200,0.0,0.0
2004-07-22 00:00:00-04:00,4.753430847676684,4.831214393423391,4.753430847676684,4.805286407470703,559400,0.0,0.0
2004-07-23 00:00:00-04:00,4.74478835916257,4.762073959004346,4.589221669589027,4.632434844970703,1317100,0.0,0.0
2004-07-26 00:00:00-04:00,4.632434289110602,4.675647047195662,4.494152391748942,4.528722763061523,833700,0.0,0.0
2004-07-27 00:00:00-04:00,4.546008516788174,4.589221276355725,4.3731562421839225,4.494152545928955,1070800,0.0,0.0
2004-07-28 00:00:00-04:00,4.494153684439273,4.5978652403197575,4.450940913924569,4.53736686706543,879100,0.0,0.0
2004-07-29 00:00:00-04:00,4.476867276339686,4.597863989943628,4.468224889431599,4.580578804016113,669100,0.0,0.0
2004-07-30 00:00:00-04:00,4.6410770385293265,4.710217786557036,4.589221477508545,4.589221477508545,648200,0.0,0.0
2004-08-02 00:00:00-04:00,4.59786391779802,4.64107667588308,4.528722763061523,4.528722763061523,337100,0.0,0.0
2004-08-03 00:00:00-04:00,4.5546509830388855,4.744788035086575,4.5546509830388855,4.649719715118408,711100,0.0,0.0
2004-08-04 00:00:00-04:00,4.615149784436412,4.667005349056762,4.502795855036625,4.520081043243408,869600,0.0,0.0
2004-08-05 00:00:00-04:00,4.502795985462841,4.554651551585218,4.390442052808654,4.407727241516113,734200,0.0,0.0
2004-08-06 00:00:00-04:00,4.51143730153328,4.5978636366411445,4.494152116933969,4.571935653686523,948000,0.0,0.0
2004-08-09 00:00:00-04:00,4.546009668435241,4.554652057693602,4.485511295180913,4.53736686706543,409400,0.0,0.0
2004-08-10 00:00:00-04:00,4.563293267442522,4.658361576683079,4.52008009988859,4.571935653686523,890000,0.0,0.0
2004-08-11 00:00:00-04:00,4.485510315129293,4.502795501980777,4.407726768241936,4.459582328796387,615800,0.0,0.0
2004-08-12 00:00:00-04:00,4.459581705558232,4.476866889994066,4.347228212780963,4.364513397216797,1208200,0.0,0.0
2004-08-13 00:00:00-04:00,4.425011800931793,4.511437732178245,4.407726614682503,4.494152545928955,1098200,0.0,0.0
2004-08-16 00:00:00-04:00,4.5373661063978465,4.649720032701096,4.502795730937059,4.632434844970703,1233100,0.0,0.0
2004-08-17 00:00:00-04:00,4.61514922872359,4.788001089978226,4.597864042598126,4.762073516845703,1429500,0.0,0.0
2004-08-18 00:00:00-04:00,4.762073647031365,4.900355139815416,4.7275028617239965,4.805286407470703,1263600,0.0,0.0
2004-08-19 00:00:00-04:00,4.926283849641814,5.073208175660819,4.839857896722238,5.055922985076904,2629600,0.0,0.0
2004-08-20 00:00:00-04:00,5.064564122398521,5.97203694805967,5.012708567684568,5.358412265777588,3084800,0.0,0.0
2004-08-23 00:00:00-04:00,5.176918344843055,5.176918344843055,5.0818500205795685,5.1077775955200195,1219500,0.0,0.0
2004-08-24 00:00:00-04:00,5.055921229761387,5.099134397274147,4.978138105194251,5.021350860595703,810000,0.0,0.0
2004-08-25 00:00:00-04:00,5.090491554600573,5.31519936433214,5.090491554600573,5.263343811035156,1240000,0.0,0.0
2004-08-26 00:00:00-04:00,5.26334556809199,5.26334556809199,5.150991625719214,5.194204807281494,895600,0.0,0.0
2004-08-27 00:00:00-04:00,5.202845735062228,5.254701291106012,5.133704993670516,5.220130920410156,887900,0.0,0.0
2004-08-30 00:00:00-04:00,5.323840699882534,5.323840699882534,5.133703708648682,5.133703708648682,765700,0.0,0.0
2004-08-31 00:00:00-04:00,5.133707159445037,5.323844278486038,5.125064357069241,5.306559085845947,1037500,0.0,0.0
2004-09-01 00:00:00-04:00,5.306558324540773,5.315201125676629,5.194204794554726,5.297915935516357,1531600,0.0,0.0
2004-09-02 00:00:00-04:00,5.297915935516357,5.306558324540773,5.237417563899685,5.297915935516357,667800,0.0,0.0
2004-09-03 00:00:00-04:00,5.185561663071736,5.185561663071736,5.0299949615396935,5.081850528717041,1397400,0.0,0.0
2004-09-07 00:00:00-04:00,5.0127102146728415,5.055922985076904,4.9435690402257295,5.055922985076904,831500,0.0,0.0
2004-09-08 00:00:00-04:00,4.952211094815734,5.099135398679616,4.92628310679389,5.0472798347473145,670400,0.0,0.0
2004-09-09 00:00:00-04:00,4.9781370794573485,5.150988889669941,4.9781370794573485,5.133703708648682,714600,0.0,0.0
2004-09-10 00:00:00-04:00,5.185561953413251,5.26334551459011,5.073208012182553,5.090493202209473,975000,0.0,0.0
2004-09-13 00:00:00-04:00,5.021352493143814,5.194204807281494,5.0040673029411895,5.194204807281494,835900,0.0,0.0
2004-09-14 00:00:00-04:00,5.228773556697343,5.2633439263192,5.168275203803436,5.202845573425293,900600,0.0,0.0
2004-09-15 00:00:00-04:00,5.168275957233362,5.194203944285187,5.090492408189261,5.1077775955200195,867100,0.0,0.0
2004-09-16 00:00:00-04:00,5.090490550039922,5.194202048278701,5.0732053690186625,5.133703708648682,614700,0.0,0.0
2004-09-17 00:00:00-04:00,5.133706254890818,5.159633833226789,5.038637506065592,5.099135875701904,1195300,0.0,0.0
2004-09-20 00:00:00-04:00,5.073207728131776,5.185561663071736,5.064565339657926,5.081850528717041,751400,0.0,0.0
2004-09-21 00:00:00-04:00,5.150990046921776,5.436195803904175,5.150990046921776,5.358412265777588,2162900,0.0,0.0
2004-09-22 00:00:00-04:00,5.349770705370899,5.436196643238083,5.271987155234744,5.367055892944336,1691700,0.0,0.0
2004-09-23 00:00:00-04:00,5.4621252713408905,5.5744787976911905,5.436197280883789,5.436197280883789,1872600,0.0,0.0
2004-09-24 00:00:00-04:00,5.488052849686564,5.522623228888415,5.375698911224838,5.436197280883789,1238600,0.0,0.0
2004-09-27 00:00:00-04:00,5.453482776685153,5.539908729542396,5.427555196883706,5.522623538970947,1288100,0.0,0.0
2004-09-28 00:00:00-04:00,5.600406171932071,5.738687673524271,5.600406171932071,5.704117298126221,1926800,0.0,0.0
2004-09-29 00:00:00-04:00,5.738686741881168,5.738686741881168,5.57447727934321,5.678188800811768,1396100,0.0,0.0
2004-09-30 00:00:00-04:00,5.738687739911385,5.937467606805417,5.730045352017585,5.859684467315674,2563400,0.0,0.0
2004-10-01 00:00:00-04:00,5.833756769770978,5.833756769770978,5.669547270501833,5.7127604484558105,1304300,0.0,0.0
2004-10-04 00:00:00-04:00,5.557192676514284,5.60904823662429,5.470766742997608,5.565835475921631,1718000,0.0,0.0
2004-10-05 00:00:00-04:00,5.609048899621644,5.842399565866081,5.565836133811176,5.816471576690674,2782900,0.0,0.0
2004-10-06 00:00:00-04:00,5.7905436161817505,5.920182738477756,5.7732584273497105,5.8942551612854,2428800,0.0,0.0
2004-10-07 00:00:00-04:00,5.833756763327669,5.954753084509196,5.833756763327669,5.8683271408081055,2016900,0.0,0.0
2004-10-08 00:00:00-04:00,5.980680593994283,6.110319705203908,5.9720377942616665,6.023893356323242,2582600,0.0,0.0
2004-10-11 00:00:00-04:00,5.876969495187447,5.911539870044083,5.626334071421145,5.8423991203308105,2051000,0.0,0.0
2004-10-12 00:00:00-04:00,5.730045285730449,5.790543236621345,5.704117298126221,5.704117298126221,1202200,0.0,0.0
2004-10-13 00:00:00-04:00,5.617692342625431,5.704118296243532,5.513981198283711,5.626335144042969,2337900,0.0,0.0
2004-10-14 00:00:00-04:00,5.669547914796292,5.764616669831929,5.617692342625431,5.626335144042969,1630900,0.0,0.0
2004-10-15 00:00:00-04:00,5.678188819350777,5.790542315465627,5.678188819350777,5.781899929046631,1305400,0.0,0.0
2004-10-18 00:00:00-04:00,5.8251131707507335,5.92018190194934,5.7559724251922395,5.833755970001221,2121700,0.0,0.0
2004-10-19 00:00:00-04:00,5.868328749032846,5.963397519213497,5.816473168601088,5.911541938781738,1643300,0.0,0.0
2004-10-20 00:00:00-04:00,6.04982200065777,6.248601882878125,6.00660882152279,6.2226738929748535,2591900,0.0,0.0
2004-10-21 00:00:00-04:00,6.188103855355335,6.352313368157016,6.136248284803979,6.283172607421875,1833300,0.0,0.0
2004-10-22 00:00:00-04:00,6.231316436764484,6.4128111222711315,6.231316436764484,6.34367036819458,1618000,0.0,0.0
2004-10-25 00:00:00-04:00,6.4819514319118845,6.585662555915745,6.430095869909954,6.577020168304443,2233400,0.0,0.0
2004-10-26 00:00:00-04:00,6.481950759887695,6.507878744256232,6.231315363474278,6.481950759887695,1669500,0.0,0.0
2004-10-27 00:00:00-04:00,6.516522557939391,6.525165358658587,6.196746349334717,6.196746349334717,1498600,0.0,0.0
2004-10-28 00:00:00-04:00,6.188102083580646,6.378239533273654,6.16217451178426,6.170816898345947,1392700,0.0,0.0
2004-10-29 00:00:00-04:00,6.29181511134388,6.490594995122763,6.2486019318700885,6.430096626281738,1634300,0.0,0.0
2004-11-01 00:00:00-05:00,6.430095576510237,6.430095576510237,6.058463859731285,6.067106246948242,2900600,0.0,0.0
2004-11-02 00:00:00-05:00,6.04982105130982,6.04982105130982,5.842398813078361,5.963395118713379,1696600,0.0,0.0
2004-11-03 00:00:00-05:00,6.136247976840594,6.248601913452148,6.084392408891743,6.248601913452148,1807200,0.0,0.0
2004-11-04 00:00:00-05:00,6.499236745245864,6.71530179716509,6.499236745245864,6.620233058929443,4291600,0.0,0.0
2004-11-05 00:00:00-05:00,6.481951949668631,7.009150411521467,6.481951949668631,6.991865634918213,3477100,0.0,0.0
2004-11-08 00:00:00-05:00,6.827654667036516,7.06100487053255,6.810369482040932,6.940008163452148,2290100,0.0,0.0
2004-11-09 00:00:00-05:00,6.9054381557893665,7.233857100048912,6.9054381557893665,7.052362442016602,3792600,0.0,0.0
2004-11-10 00:00:00-05:00,6.914080760813415,7.035077470847805,6.801726849543479,7.009149074554443,2574100,0.0,0.0
2004-11-11 00:00:00-05:00,6.940009373145523,7.000508149342411,6.879511421171413,6.93136739730835,1126000,0.0,0.0
2004-11-12 00:00:00-05:00,6.983224052884744,7.242502340952946,6.931368889804878,7.233859539031982,2025700,0.0,0.0
2004-11-15 00:00:00-05:00,7.147432352075399,7.173359927664663,6.8276557602872,6.853583335876465,2008100,0.0,0.0
2004-11-16 00:00:00-05:00,6.940009743979422,7.199287990072872,6.940009743979422,7.112861633300781,1859700,0.0,0.0
2004-11-17 00:00:00-05:00,7.268428745801415,7.268428745801415,7.086934055958283,7.112861633300781,2630500,0.0,0.0
2004-11-18 00:00:00-05:00,7.000507100012645,7.043719445389605,6.88815277663138,7.009149074554443,1447100,0.0,0.0
2004-11-19 00:00:00-05:00,7.009147174761903,7.259782501439094,7.009147174761903,7.173357009887695,2112900,0.0,0.0
2004-11-22 00:00:00-05:00,7.216573653612265,7.216573653612265,7.095576917928065,7.164717674255371,1411400,0.0,0.0
2004-11-23 00:00:00-05:00,7.164716969137599,7.164716969137599,6.89679635868107,7.043720245361328,2091100,0.0,0.0
2004-11-24 00:00:00-05:00,7.086933644354481,7.138789620250543,6.931367365111843,6.957294940948486,1247200,0.0,0.0
2004-11-26 00:00:00-05:00,7.043719436991704,7.164716146881837,7.0005070916662655,7.147431373596191,770000,0.0,0.0
2004-11-29 00:00:00-05:00,7.078290555913988,7.156074104477231,7.000507831573486,7.000507831573486,1948400,0.0,0.0
2004-11-30 00:00:00-05:00,6.957294874567672,6.99186525009428,6.628875894953513,6.853583335876465,2701100,0.0,0.0
2004-12-01 00:00:00-05:00,6.862227262665965,6.948653215674565,6.749873317699062,6.767158508300781,1280800,0.0,0.0
2004-12-02 00:00:00-05:00,6.793085511647744,6.862226263992431,6.283171844938592,6.326385021209717,3083500,0.0,0.0
2004-12-03 00:00:00-05:00,6.239958970038859,6.689374294096133,6.239958970038859,6.56837797164917,2742800,0.0,0.0
2004-12-06 00:00:00-05:00,6.490594827560399,6.654803916254143,6.369598093002025,6.56837797164917,1510600,0.0,0.0
2004-12-07 00:00:00-05:00,6.464665672738662,6.5424492149168145,6.248600644120541,6.265885829925537,1829400,0.0,0.0
2004-12-08 00:00:00-05:00,5.868327336382487,6.248601913452148,5.8337569577499195,6.248601913452148,2437500,0.0,0.0
2004-12-09 00:00:00-05:00,6.162173646614781,6.473306937156228,6.118960483539503,6.352310657501221,2097200,0.0,0.0
2004-12-10 00:00:00-05:00,6.214030222768894,6.378239692657574,6.136246681213379,6.136246681213379,1111300,0.0,0.0
2004-12-13 00:00:00-05:00,6.170818636428221,6.274530189159291,6.1103206771224885,6.25724458694458,923600,0.0,0.0
2004-12-14 00:00:00-05:00,6.179460048675537,6.205387621947392,6.093034117583775,6.179460048675537,920700,0.0,0.0
2004-12-15 00:00:00-05:00,6.265884836426027,6.481949830785545,6.188101306580994,6.239956855773926,1603600,0.0,0.0
2004-12-16 00:00:00-05:00,6.2399589305658605,6.274529720300572,6.023893864364514,6.049821853637695,1489200,0.0,0.0
2004-12-17 00:00:00-05:00,6.093035060446148,6.222673771088969,6.058464682659875,6.127605438232422,953500,0.0,0.0
2004-12-20 00:00:00-05:00,6.2313172235499685,6.2313172235499685,6.041179713720699,6.093035697937012,1368000,0.0,0.0
2004-12-21 00:00:00-05:00,6.084391718117434,6.144890079911626,6.006608168969383,6.023893356323242,1836400,0.0,0.0
2004-12-22 00:00:00-05:00,6.067105724325439,6.075748522909257,5.963394613987543,5.989322185516357,966400,0.0,0.0
2004-12-23 00:00:00-05:00,6.032537013196798,6.1103205733968275,6.006609022426311,6.058465003967285,725100,0.0,0.0
2004-12-27 00:00:00-05:00,5.980681276691868,6.214031538661688,5.980681276691868,6.196746349334717,724300,0.0,0.0
2004-12-28 00:00:00-05:00,6.162175656585315,6.205388421644412,6.075749714355721,6.110320091247559,1569600,0.0,0.0
2004-12-29 00:00:00-05:00,6.032535363148489,6.067105733312329,5.97203700930611,6.041177749633789,881400,0.0,0.0
2004-12-30 00:00:00-05:00,6.023894212236158,6.127605763206675,6.006609022426311,6.058465003967285,828900,0.0,0.0
2004-12-31 00:00:00-05:00,6.049820745803122,6.136246674035186,6.049820745803122,6.084391117095947,453900,0.0,0.0
2005-01-03 00:00:00-05:00,6.006608194844146,6.006608194844146,5.712760008562737,5.8423991203308105,1605800,0.0,0.0
2005-01-04 00:00:00-05:00,5.807828774161638,5.911540318714354,5.738688019200764,5.8683271408081055,1345600,0.0,0.0
2005-01-05 00:00:00-05:00,5.894254159153902,5.963394902726866,5.738687074003394,5.764615058898926,1260000,0.0,0.0
2005-01-06 00:00:00-05:00,5.773258082043297,5.825113645437866,5.643619379612568,5.730045318603516,1185600,0.0,0.0
2005-01-07 00:00:00-05:00,5.851040824366595,5.937466751410371,5.669546171519,5.7473297119140625,877900,0.0,0.0
2005-01-10 00:00:00-05:00,5.816471291512515,5.946110406810604,5.790543303608343,5.859684467315674,768400,0.0,0.0
2005-01-11 00:00:00-05:00,5.920182866202889,5.963396045270997,5.859684910041238,5.885612487792969,657600,0.0,0.0
2005-01-12 00:00:00-05:00,5.980682712690749,6.006610296850869,5.885613942510099,5.911541938781738,994400,0.0,0.0
2005-01-13 00:00:00-05:00,5.859684910041238,5.954753244612808,5.738688173495101,5.885612487792969,846700,0.0,0.0
2005-01-14 00:00:00-05:00,5.859684885996415,5.859684885996415,5.721402960812749,5.7559733390808105,858300,0.0,0.0
2005-01-18 00:00:00-05:00,5.755973083620943,5.937467767528936,5.712760318759429,5.876969814300537,1020000,0.0,0.0
2005-01-19 00:00:00-05:00,5.94611053537896,6.023893676550551,5.807828617085717,5.851041793823242,1066600,0.0,0.0
2005-01-20 00:00:00-05:00,5.781900606247622,5.9288249015808105,5.781900606247622,5.9288249015808105,524100,0.0,0.0
2005-01-21 00:00:00-05:00,5.9374671461517465,6.127604610400316,5.92882475892846,6.118961811065674,1883700,0.0,0.0
2005-01-24 00:00:00-05:00,6.101676610867684,6.170817356944837,5.920181946359482,5.963395118713379,1580400,0.0,0.0
2005-01-25 00:00:00-05:00,5.963394577070034,5.963394577070034,5.764614744097321,5.781899929046631,1084700,0.0,0.0
2005-01-26 00:00:00-05:00,5.86832714293008,5.902897520423017,5.799186387944205,5.816471576690674,599600,0.0,0.0
2005-01-27 00:00:00-05:00,5.8164721813628315,5.868327752993069,5.755973808405163,5.8078293800354,840500,0.0,0.0
2005-01-28 00:00:00-05:00,5.807827817576358,5.833755802471889,5.738687074003394,5.764615058898926,611000,0.0,0.0
2005-01-31 00:00:00-05:00,5.686831474304199,5.747329830539195,5.634975917007632,5.686831474304199,887800,0.0,0.0
2005-02-01 00:00:00-05:00,5.6868313569277555,5.7473297119140625,5.660903784870286,5.7473297119140625,500400,0.0,0.0
2005-02-02 00:00:00-05:00,5.730045318603516,5.764615694199895,5.686832143052349,5.730045318603516,564600,0.0,0.0
2005-02-03 00:00:00-05:00,5.444839445861491,5.57447814667279,5.444839445861491,5.470767021179199,1610000,0.0,0.0
2005-02-04 00:00:00-05:00,5.436195209565155,5.453480392580018,5.315198928461117,5.418910026550293,1203600,0.0,0.0
2005-02-07 00:00:00-05:00,5.444838677015149,5.470766248671717,5.375697524337886,5.410268306732178,1374100,0.0,0.0
2005-02-08 00:00:00-05:00,5.358413541263236,5.3843415308476175,5.271987596167651,5.289272785186768,1275300,0.0,0.0
2005-02-09 00:00:00-05:00,5.271987925765407,5.479410619074019,5.2633455367712445,5.453482627868652,1863100,0.0,0.0
2005-02-10 00:00:00-05:00,5.513980691204374,5.7559733390808105,5.513980691204374,5.7559733390808105,1892700,0.0,0.0
2005-02-11 00:00:00-05:00,5.82511281152522,5.842398408960219,5.7127593129770045,5.773257255554199,1263700,0.0,0.0
2005-02-14 00:00:00-05:00,5.851041667310487,5.87696965521466,5.825113679406315,5.859684467315674,958500,0.0,0.0
2005-02-15 00:00:00-05:00,5.833755759366807,5.833755759366807,5.678189087477106,5.686831474304199,1018600,0.0,0.0
2005-02-16 00:00:00-05:00,5.513980546944415,5.626334479431857,5.4448397922171905,5.531265735626221,1813300,0.0,0.0
2005-02-17 00:00:00-05:00,5.5139794175810914,5.522621804096174,5.367055137822803,5.410268306732178,2121600,0.0,0.0
2005-02-18 00:00:00-05:00,5.410269388948986,5.43619696579185,5.349771022796631,5.349771022796631,1138500,0.0,0.0
2005-02-22 00:00:00-05:00,5.548550001251649,5.842398572069131,5.513979629639161,5.7905426025390625,3611900,0.0,0.0
2005-02-23 00:00:00-05:00,5.773257130516318,5.781899929046631,5.643618449452159,5.781899929046631,1437700,0.0,0.0
2005-02-24 00:00:00-05:00,5.7559720985627765,5.799185268140329,5.660903784870286,5.7473297119140625,1288300,0.0,0.0
2005-02-25 00:00:00-05:00,5.704117330850539,5.799186069796273,5.695474943007136,5.730045318603516,1194600,0.0,0.0
2005-02-28 00:00:00-05:00,5.7473307924809385,5.781901169798092,5.634976860144483,5.738687992095947,1251900,0.0,0.0
2005-03-01 00:00:00-05:00,5.660903686476718,5.678188871585036,5.505336608390543,5.539906978607178,896200,0.0,0.0
2005-03-02 00:00:00-05:00,5.539907963162755,5.755973021471585,5.531265575128327,5.721402645111084,1471300,0.0,0.0
2005-03-03 00:00:00-05:00,5.652260986110245,5.7473297119140625,5.617690615292734,5.7473297119140625,1158700,0.0,0.0
2005-03-04 00:00:00-05:00,5.8164709801952705,5.997965649476107,5.799185793221446,5.9288249015808105,1924700,0.0,0.0
2005-03-07 00:00:00-05:00,5.9115404741739415,5.997966420147832,5.85104210593651,5.9374680519104,1745900,0.0,0.0
2005-03-08 00:00:00-05:00,6.058463600265582,6.317741387340526,6.058463600265582,6.265885829925537,2080400,0.0,0.0
2005-03-09 00:00:00-05:00,6.265886464742555,6.335027214967411,6.179460526961486,6.231316089630127,1468400,0.0,0.0
2005-03-10 00:00:00-05:00,6.214031701542286,6.214031701542286,6.058464993521873,6.162176132202148,1155100,0.0,0.0
2005-03-11 00:00:00-05:00,6.136248127026642,6.1535333167659845,5.920183049229144,5.980681419372559,2215500,0.0,0.0
2005-03-14 00:00:00-05:00,5.920182738477756,5.92882553894948,5.833756794317556,5.8942551612854,1218000,0.0,0.0
2005-03-15 00:00:00-05:00,5.920181408641103,5.920181408641103,5.755971945567009,5.781899929046631,1288100,0.0,0.0
2005-03-16 00:00:00-05:00,5.8769705543205,5.9115409354073245,5.799186990819419,5.8078293800354,1329600,0.0,0.0
2005-03-17 00:00:00-05:00,5.660903915047903,5.799185401497853,5.626333543435415,5.7905426025390625,863700,0.0,0.0
2005-03-18 00:00:00-05:00,5.704117456930833,5.790543397832087,5.695475068896404,5.721402645111084,548400,0.0,0.0
2005-03-21 00:00:00-05:00,5.5917647719519925,5.617692766047419,5.444840845782862,5.574479579925537,1077800,0.0,0.0
2005-03-22 00:00:00-05:00,5.617689837276847,5.678188183884502,5.410267641098497,5.418910026550293,1364700,0.0,0.0
2005-03-23 00:00:00-05:00,5.3843415308476175,5.4189119088858515,5.280630396732915,5.289272785186768,1166200,0.0,0.0
2005-03-24 00:00:00-05:00,5.315200165880557,5.392983301500315,5.194203856607649,5.246059417724609,1132800,0.0,0.0
2005-03-28 00:00:00-05:00,5.211489809400847,5.254702577292132,5.150991439819336,5.150991439819336,907500,0.0,0.0
2005-03-29 00:00:00-05:00,5.176916455146219,5.280627953384997,5.0732053690186625,5.133703708648682,884100,0.0,0.0
2005-03-30 00:00:00-05:00,5.176916455146219,5.194202048278701,5.0991333466061635,5.133703708648682,1181000,0.0,0.0
2005-03-31 00:00:00-05:00,5.202845889137393,5.263344245702379,5.176917904292016,5.185560703277588,902800,0.0,0.0
2005-04-01 00:00:00-05:00,5.1855616510720655,5.332485963790266,5.1769188505068,5.289272785186768,931300,0.0,0.0
2005-04-04 00:00:00-04:00,5.237418331582299,5.237418331582299,5.107779180322482,5.125064373016357,684900,0.0,0.0
2005-04-05 00:00:00-04:00,5.133705901343414,5.220131843363728,5.1077779126816205,5.142348289489746,535200,0.0,0.0
2005-04-06 00:00:00-04:00,5.142347532572406,5.220131074997198,5.1164199598383675,5.185560703277588,677600,0.0,0.0
2005-04-07 00:00:00-04:00,5.2201323448452746,5.358413865362043,5.202847154780678,5.2719879150390625,1025400,0.0,0.0
2005-04-08 00:00:00-04:00,5.23741594304715,5.341127051912722,5.185560388614364,5.202845573425293,782400,0.0,0.0
2005-04-11 00:00:00-04:00,5.246060030834349,5.280630408952581,5.04728015059881,5.081850528717041,835700,0.0,0.0
2005-04-12 00:00:00-04:00,5.081850977008503,5.099136167592418,4.917641460405582,5.055922985076904,946800,0.0,0.0
2005-04-13 00:00:00-04:00,5.064565317279167,5.107778083680306,4.874427826357638,4.900355815887451,834000,0.0,0.0
2005-04-14 00:00:00-04:00,4.770715832480827,4.848499374937411,4.710217475891113,4.710217475891113,1236500,0.0,0.0
2005-04-15 00:00:00-04:00,4.71886029143623,4.788001035146289,4.563293618088599,4.580578804016113,1084900,0.0,0.0
2005-04-18 00:00:00-04:00,4.580578622495618,4.710217305758948,4.580578622495618,4.641076564788818,1419000,0.0,0.0
2005-04-19 00:00:00-04:00,4.667006143618723,4.839858055114746,4.623792959688985,4.839858055114746,1294300,0.0,0.0
2005-04-20 00:00:00-04:00,4.848500094394837,4.9089980478503605,4.710218174829214,4.779359340667725,838300,0.0,0.0
2005-04-21 00:00:00-04:00,4.753430366516113,4.83985629075778,4.710217198339623,4.753430366516113,552700,0.0,0.0
2005-04-22 00:00:00-04:00,4.805286853160441,4.81392965331674,4.675647735595703,4.675647735595703,561800,0.0,0.0
2005-04-25 00:00:00-04:00,4.675648397221445,4.727503969162863,4.623792825280027,4.7188615798950195,864600,0.0,0.0
2005-04-26 00:00:00-04:00,4.744788685666098,4.744788685666098,4.606507174307372,4.615149974822998,582600,0.0,0.0
2005-04-27 00:00:00-04:00,4.589222089194495,4.597864889905618,4.390442206064273,4.476868152618408,1778200,0.0,0.0
2005-04-28 00:00:00-04:00,4.4682249726106935,4.580578889286754,4.433654600112113,4.494152545928955,997000,0.0,0.0
2005-04-29 00:00:00-04:00,4.580579879407173,4.701576209306303,4.554651888373069,4.62379264831543,778300,0.0,0.0
2005-05-02 00:00:00-04:00,4.623792202580482,4.701575756072998,4.571936637622604,4.701575756072998,814300,0.0,0.0
2005-05-03 00:00:00-04:00,4.615149159678998,4.736145460747087,4.615149159678998,4.710217475891113,774500,0.0,0.0
2005-05-04 00:00:00-04:00,4.770716034274691,4.8484995800213975,4.744788048322003,4.805286407470703,835800,0.0,0.0
2005-05-05 00:00:00-04:00,4.831215004980321,4.831215004980321,4.692933082580566,4.692933082580566,622400,0.0,0.0
2005-05-06 00:00:00-04:00,4.641076928733964,4.805286407470703,4.597864168294627,4.805286407470703,1408900,0.0,0.0
2005-05-09 00:00:00-04:00,4.839856904640761,4.839856904640761,4.74478816986084,4.74478816986084,505600,0.0,0.0
2005-05-10 00:00:00-04:00,4.805287533130716,4.839857914424996,4.6151504360121836,4.7188615798950195,792900,0.0,0.0
2005-05-11 00:00:00-04:00,4.66700470407479,4.66700470407479,4.537365604384397,4.60650634765625,998600,0.0,0.0
2005-05-12 00:00:00-04:00,4.563294219816063,4.580579408022846,4.433655102209493,4.520081043243408,889400,0.0,0.0
2005-05-13 00:00:00-04:00,4.494153687142677,4.494153687142677,4.243518216827688,4.304016590118408,1480900,0.0,0.0
2005-05-16 00:00:00-04:00,4.243516769642187,4.31265750861709,4.200304013838528,4.278087139129639,1291700,0.0,0.0
2005-05-17 00:00:00-04:00,4.295373788743397,4.364514963409129,4.278088598104827,4.304016590118408,656100,0.0,0.0
2005-05-18 00:00:00-04:00,4.347228527069092,4.4163692698110415,3.984239215562522,4.347228527069092,831000,0.0,0.0
2005-05-19 00:00:00-04:00,4.338585387867832,4.425011309516334,4.29537222098793,4.390440940856934,649400,0.0,0.0
2005-05-20 00:00:00-04:00,4.390442213724531,4.390442213724531,4.312658655634385,4.373157024383545,717800,0.0,0.0
2005-05-23 00:00:00-04:00,4.364514349382361,4.554651419656975,4.364514349382361,4.520081043243408,855100,0.0,0.0
2005-05-24 00:00:00-04:00,4.5805794065447705,4.7015757239532086,4.5632942183435645,4.675647735595703,1340600,0.0,0.0
2005-05-25 00:00:00-04:00,4.692933582718979,4.692933582718979,4.450940913924569,4.53736686706543,1451800,0.0,0.0
2005-05-26 00:00:00-04:00,4.494152406553631,4.494152406553631,4.399084091186523,4.399084091186523,1016500,0.0,0.0
2005-05-27 00:00:00-04:00,4.442297673513179,4.66700554158252,4.442297673513179,4.615149974822998,1041300,0.0,0.0
2005-05-31 00:00:00-04:00,4.450939675294581,4.641076719292177,4.425011690511967,4.60650634765625,784700,0.0,0.0
2005-06-01 00:00:00-04:00,4.554651888373069,4.71021859824338,4.52008150840189,4.62379264831543,934500,0.0,0.0
2005-06-02 00:00:00-04:00,4.6929337242873945,5.012710378722233,4.684291334768325,4.839858055114746,1847400,0.0,0.0
2005-06-03 00:00:00-04:00,4.9176403694336415,5.02135148992896,4.8917123832541325,4.934925556182861,971400,0.0,0.0
2005-06-06 00:00:00-04:00,5.021351446001462,5.090492192393487,4.805286407470703,4.805286407470703,870700,0.0,0.0
2005-06-07 00:00:00-04:00,4.753430834417148,4.7966440068473,4.615149342018828,4.649719715118408,1055400,0.0,0.0
2005-06-08 00:00:00-04:00,4.6756477675383605,4.788001697669462,4.658362579219068,4.701575756072998,605100,0.0,0.0
2005-06-09 00:00:00-04:00,4.684290730502361,4.684290730502361,4.580579596983316,4.615149974822998,860000,0.0,0.0
2005-06-10 00:00:00-04:00,4.606506253265531,4.839856463082185,4.563293495661752,4.822571277618408,855300,0.0,0.0
2005-06-13 00:00:00-04:00,4.874426698077105,4.9954234050606505,4.8225711431318645,4.96085262298584,1049700,0.0,0.0
2005-06-14 00:00:00-04:00,4.883069953217411,4.908997527058742,4.805286407470703,4.805286407470703,628700,0.0,0.0
2005-06-15 00:00:00-04:00,4.874427477811103,4.943568228798137,4.796644339006382,4.891712665557861,1084600,0.0,0.0
2005-06-16 00:00:00-04:00,5.099136790031294,5.168277560806796,5.047281211949668,5.125064373016357,1563500,0.0,0.0
2005-06-17 00:00:00-04:00,5.185561499910593,5.211489488739163,5.064565180303872,5.116420745849609,1079900,0.0,0.0
2005-06-20 00:00:00-04:00,5.168277922782253,5.202848310591242,4.986783180729295,5.004068374633789,970700,0.0,0.0
2005-06-21 00:00:00-04:00,4.960854546299147,5.090493689978742,4.917641773146934,5.038638114929199,528600,0.0,0.0
2005-06-22 00:00:00-04:00,4.9867806065141185,5.004065791495865,4.934925051568878,4.96085262298584,563600,0.0,0.0
2005-06-23 00:00:00-04:00,4.9954247085656895,5.133706224502813,4.978139519073549,5.073207855224609,870600,0.0,0.0
2005-06-24 00:00:00-04:00,5.055923602240855,5.168277560806796,5.03863840954698,5.125064373016357,795200,0.0,0.0
2005-06-27 00:00:00-04:00,5.099136167592418,5.1250637474125655,5.055922985076904,5.055922985076904,480100,0.0,0.0
2005-06-28 00:00:00-04:00,4.978138607465885,5.00406618090047,4.9089974500471785,4.995423793792725,702100,0.0,0.0
2005-06-29 00:00:00-04:00,4.99542457466586,5.254702410098155,4.97813938563704,5.237417221069336,997200,0.0,0.0
2005-06-30 00:00:00-04:00,5.3152010962562715,5.332486286320868,5.168276774651486,5.2719879150390625,1004400,0.0,0.0
2005-07-01 00:00:00-04:00,5.2719879150390625,5.28063071612708,5.029995254134717,5.2719879150390625,752200,0.0,0.0
2005-07-05 00:00:00-04:00,5.029994010925293,5.081849568302502,4.986780840388617,5.029994010925293,1024000,0.0,0.0
2005-07-06 00:00:00-04:00,5.03863840954698,5.220133138888423,5.03863840954698,5.125064373016357,1002700,0.0,0.0
2005-07-07 00:00:00-04:00,5.271988700565765,5.332487080861834,5.2460611176613785,5.306559085845947,1652000,0.0,0.0
2005-07-08 00:00:00-04:00,5.306558324540773,5.410269877613845,5.254702754059958,5.297915935516357,687200,0.0,0.0
2005-07-11 00:00:00-04:00,5.297916406315991,5.52262389836817,5.2892736044120925,5.4794111251831055,854400,0.0,0.0
2005-07-12 00:00:00-04:00,5.57447814667279,5.57447814667279,5.436196646014668,5.470767021179199,500800,0.0,0.0
2005-07-13 00:00:00-04:00,5.427555196883706,5.548551530883845,5.367056823827911,5.522623538970947,603200,0.0,0.0
2005-07-14 00:00:00-04:00,5.479410276508468,5.522623043000554,5.289272785186768,5.289272785186768,1333200,0.0,0.0
2005-07-15 00:00:00-04:00,5.2633455260624835,5.2719879150390625,5.194204765804099,5.2719879150390625,549300,0.0,0.0
2005-07-18 00:00:00-04:00,5.2287759412911115,5.306559102357801,5.125064373016357,5.125064373016357,651800,0.0,0.0
2005-07-19 00:00:00-04:00,5.1164219827251705,5.1855627535006725,5.090493987628606,5.125064373016357,501300,0.0,0.0
2005-07-20 00:00:00-04:00,5.194203196648631,5.306556692071083,5.185560398171581,5.254701137542725,659900,0.0,0.0
2005-07-21 00:00:00-04:00,5.384341429600439,5.513980550861788,5.358413440503607,5.427554607391357,1208800,0.0,0.0
2005-07-22 00:00:00-04:00,5.418911127059213,5.427553926377518,5.237416462488365,5.280629634857178,689400,0.0,0.0
2005-07-25 00:00:00-04:00,5.297914460531495,5.315199645879423,5.220130920410156,5.220130920410156,458700,0.0,0.0
2005-07-26 00:00:00-04:00,5.185561792979234,5.185561792979234,5.004067097256048,5.073207855224609,1041700,0.0,0.0
2005-07-27 00:00:00-04:00,5.029994166446403,5.055921739880987,4.969495808246791,4.995423793792725,796600,0.0,0.0
2005-07-28 00:00:00-04:00,4.9867793131427165,5.004064493641378,4.848497869153426,4.926280975341797,1030700,0.0,0.0
2005-07-29 00:00:00-04:00,4.93492551301143,4.943567900254755,4.770716034274691,4.805286407470703,904700,0.0,0.0
2005-08-01 00:00:00-04:00,4.865786193109128,4.943569349547962,4.8312158097782065,4.908998966217041,405200,0.0,0.0
2005-08-02 00:00:00-04:00,4.900357211206821,5.029996371546296,4.865786823397832,5.004068374633789,1266000,0.0,0.0
2005-08-03 00:00:00-04:00,5.073206490637815,5.306556692071083,5.073206490637815,5.254701137542725,1219800,0.0,0.0
2005-08-04 00:00:00-04:00,5.297916055815174,5.436197580237282,5.271988063930303,5.341128826141357,962300,0.0,0.0
2005-08-05 00:00:00-04:00,5.271987153848982,5.349770703964691,5.133705653297836,5.315200328826904,798500,0.0,0.0
2005-08-08 00:00:00-04:00,5.306559088043918,5.4102706560389215,5.159634744486539,5.176919937133789,859200,0.0,0.0
2005-08-09 00:00:00-04:00,5.168274402618408,5.168274402618408,5.029992945567347,5.168274402618408,713500,0.0,0.0
2005-08-10 00:00:00-04:00,5.185560607910157,5.427553617608282,5.1509902368263285,5.401625633239746,1505900,0.0,0.0
2005-08-11 00:00:00-04:00,5.531265760427357,5.738688025539071,5.4880525824733795,5.7127604484558105,2111800,0.0,0.0
2005-08-12 00:00:00-04:00,5.7473297119140625,5.9028963805928605,5.6004054298839785,5.7473297119140625,1570800,0.0,0.0
2005-08-15 00:00:00-04:00,5.367055779255266,5.764615497134276,5.367055779255266,5.634976387023926,800600,0.0,0.0
2005-08-16 00:00:00-04:00,5.609048745893614,5.851041793823242,5.609048745893614,5.851041793823242,1162100,0.0,0.0
2005-08-17 00:00:00-04:00,5.7041174577905,5.712760257937624,5.539907963997673,5.617691516876221,1080900,0.0,0.0
2005-08-18 00:00:00-04:00,5.600405698458566,5.730044801296903,5.513979767270124,5.652261257171631,867800,0.0,0.0
2005-08-19 00:00:00-04:00,5.652261893241932,5.7819010106690465,5.617691516876221,5.617691516876221,805800,0.0,0.0
2005-08-22 00:00:00-04:00,5.755974186185331,5.799187371435786,5.522623892478128,5.660905838012695,1542500,0.0,0.0
2005-08-23 00:00:00-04:00,5.695474582252325,5.730044955658996,5.5399074898109495,5.565835475921631,698800,0.0,0.0
2005-08-24 00:00:00-04:00,5.6176919777492165,5.643619968206318,5.436197280883789,5.436197280883789,700500,0.0,0.0
2005-08-25 00:00:00-04:00,5.453481204707737,5.617690673858499,5.436196019118779,5.505336761474609,839200,0.0,0.0
2005-08-26 00:00:00-04:00,5.505337429443898,5.626334155358613,5.410269103225542,5.496695041656494,970300,0.0,0.0
2005-08-29 00:00:00-04:00,5.50533803928749,5.583121598547367,5.427554892139041,5.436197280883789,840300,0.0,0.0
2005-08-30 00:00:00-04:00,5.2114888887561595,5.358412768165146,5.2114888887561595,5.280629634857178,870900,0.0,0.0
2005-08-31 00:00:00-04:00,5.271988723071226,5.470768645336589,5.254703530357347,5.4621262550354,723800,0.0,0.0
2005-09-01 00:00:00-04:00,5.60040653902931,5.920182738477756,5.574478549725545,5.8942551612854,1702000,0.0,0.0
2005-09-02 00:00:00-04:00,5.894254129487862,5.894254129487862,5.781900215691609,5.7905426025390625,766600,0.0,0.0
2005-09-06 00:00:00-04:00,5.825114095616936,5.859684885996415,5.712760572301441,5.7559733390808105,1207200,0.0,0.0
2005-09-07 00:00:00-04:00,5.781901203493049,5.825113969335619,5.669547270501833,5.7127604484558105,642300,0.0,0.0
2005-09-08 00:00:00-04:00,5.859685066666097,5.946111015000995,5.833757076109913,5.902897834777832,1217200,0.0,0.0
2005-09-09 00:00:00-04:00,5.954753867930679,6.257244916736639,5.8942559054363635,6.188104152679443,1706900,0.0,0.0
2005-09-12 00:00:00-04:00,6.136246866040453,6.136246866040453,5.980680190355004,6.075748920440674,976800,0.0,0.0
2005-09-13 00:00:00-04:00,6.023893223881161,6.023893223881161,5.9288249015808105,5.9288249015808105,829800,0.0,0.0
2005-09-14 00:00:00-04:00,6.058463625357239,6.481950885389225,6.049820826363277,6.473308086395264,1719200,0.0,0.0
2005-09-15 00:00:00-04:00,6.654803627034812,6.801727932533607,6.507879733647409,6.559735298156738,2686200,0.0,0.0
2005-09-16 00:00:00-04:00,6.767158229246484,6.767158229246484,6.654804288912669,6.706660270690918,2712500,0.0,0.0
2005-09-19 00:00:00-04:00,6.879511247347094,6.957294797475754,6.369597595812768,6.4387383460998535,2900500,0.0,0.0
2005-09-20 00:00:00-04:00,6.395526095848187,6.559735596997627,6.291814962104777,6.309100151062012,1339300,0.0,0.0
2005-09-21 00:00:00-04:00,6.378239214687268,6.594304225384441,6.3695964164459555,6.507878303527832,2319100,0.0,0.0
2005-09-22 00:00:00-04:00,6.56837564865508,6.56837564865508,6.2572419460023685,6.352310657501221,1592000,0.0,0.0
2005-09-23 00:00:00-04:00,6.214030620494085,6.317741741131849,6.136247073960082,6.274528980255127,1600800,0.0,0.0
2005-09-26 00:00:00-04:00,6.144889851461486,6.55973474464267,6.1362470520501855,6.404167652130127,1489100,0.0,0.0
2005-09-27 00:00:00-04:00,6.309100592345681,6.404168932204228,6.179461460043234,6.335028171539307,1634800,0.0,0.0
2005-09-28 00:00:00-04:00,6.343670056224118,6.620233058929443,6.23131613031939,6.620233058929443,1502000,0.0,0.0
2005-09-29 00:00:00-04:00,6.6202325024563144,6.793084776729178,6.585662130024011,6.758514404296875,1926100,0.0,0.0
2005-09-30 00:00:00-04:00,6.784443198075877,6.793085998794452,6.594306115492851,6.637518882751465,1494000,0.0,0.0
2005-10-03 00:00:00-04:00,6.525163893302678,6.602947021750582,6.369596812184214,6.4560227394104,1272600,0.0,0.0
2005-10-04 00:00:00-04:00,6.456025158543339,6.516523536326641,6.1967472797109355,6.3004584312438965,1296700,0.0,0.0
2005-10-05 00:00:00-04:00,6.214030222768894,6.265885779768793,6.1103191087690965,6.136246681213379,1276500,0.0,0.0
2005-10-06 00:00:00-04:00,6.170816031963078,6.4041662059247955,6.170816031963078,6.352310657501221,1642800,0.0,0.0
2005-10-07 00:00:00-04:00,6.283172148397051,6.594305961086367,6.283172148397051,6.56837797164917,1610200,0.0,0.0
2005-10-10 00:00:00-04:00,6.568378778397247,6.611591962063013,6.412812059001121,6.499238014221191,804100,0.0,0.0
2005-10-11 00:00:00-04:00,6.7412312729612305,6.7412312729612305,6.421454612320209,6.464667797088623,1026400,0.0,0.0
2005-10-12 00:00:00-04:00,6.4387386667452295,6.53380740918003,6.24860159398703,6.317742347717285,1301300,0.0,0.0
2005-10-13 00:00:00-04:00,6.231315458315544,6.283171015730534,6.0757487860705774,6.265885829925537,1158900,0.0,0.0
2005-10-14 00:00:00-04:00,6.144889994194299,6.283171491096228,6.06710644613128,6.214030742645264,1650200,0.0,0.0
2005-10-17 00:00:00-04:00,6.291815408569488,6.378241359488415,6.248602227054304,6.283172607421875,1027100,0.0,0.0
2005-10-18 00:00:00-04:00,6.20538709575955,6.283170633202128,6.0843908024910025,6.101675987243652,1340500,0.0,0.0
2005-10-19 00:00:00-04:00,6.032537432422182,6.032537432422182,5.842400331300466,6.0066094398498535,1599600,0.0,0.0
2005-10-20 00:00:00-04:00,5.9720377436217404,6.0238933052436066,5.609048400157308,5.634976387023926,2099500,0.0,0.0
2005-10-21 00:00:00-04:00,5.6349771888839335,5.928825825334016,5.6349771888839335,5.902897834777832,1483600,0.0,0.0
2005-10-24 00:00:00-04:00,5.885612619813213,5.989323757369318,5.8251142501831055,5.8251142501831055,1316200,0.0,0.0
2005-10-25 00:00:00-04:00,6.04982094598222,6.248600793548947,6.015250573545515,6.179460048675537,1495100,0.0,0.0
2005-10-26 00:00:00-04:00,6.144890572763005,6.239958904778502,5.833756763327669,5.8683271408081055,1631300,0.0,0.0
2005-10-27 00:00:00-04:00,6.041179026064079,6.067107015220899,5.868327138723305,5.920182704925537,750200,0.0,0.0
2005-10-28 00:00:00-04:00,5.833756167169095,5.980680462502283,5.781900606247622,5.9288249015808105,834800,0.0,0.0
2005-10-31 00:00:00-05:00,6.144890437038348,6.144890437038348,5.911540188143798,6.032536506652832,1939500,0.0,0.0
2005-11-01 00:00:00-05:00,5.963395406640424,6.067106530763575,5.89425465722499,6.023893356323242,1192600,0.0,0.0
2005-11-02 00:00:00-05:00,6.058464214067987,6.300456839854983,6.006608239287967,6.231316089630127,1448800,0.0,0.0
2005-11-03 00:00:00-05:00,6.214030163000816,6.300456090502714,5.928824396188884,5.954751968383789,1497400,0.0,0.0
2005-11-04 00:00:00-05:00,6.02389399788429,6.110320355969598,5.833756916741732,5.9374680519104,1123500,0.0,0.0
2005-11-07 00:00:00-05:00,5.928825825334016,5.954753403778771,5.859685066666097,5.902897834777832,946300,0.0,0.0
2005-11-08 00:00:00-05:00,5.859685363777087,5.946111316494149,5.764616609732594,5.8078293800354,750500,0.0,0.0
2005-11-09 00:00:00-05:00,5.885612327457382,5.963395882816434,5.7905435833642525,5.920182704925537,1322200,0.0,0.0
2005-11-10 00:00:00-05:00,5.980681075837829,6.032536642077235,5.816471576690674,5.816471576690674,1092800,0.0,0.0
2005-11-11 00:00:00-05:00,5.842398468686985,5.972037153884169,5.799185298880371,5.954751968383789,1111000,0.0,0.0
2005-11-14 00:00:00-05:00,5.842401164872727,5.997967906168002,5.842401164872727,5.911541938781738,793400,0.0,0.0
2005-11-15 00:00:00-05:00,5.98068136862869,6.006608946962002,5.8078290605904215,5.8251142501831055,955000,0.0,0.0
2005-11-16 00:00:00-05:00,5.954753581818512,6.283172607421875,5.902898011267156,6.283172607421875,2572200,0.0,0.0
2005-11-17 00:00:00-05:00,6.430095869909954,6.6807312923083035,6.430095869909954,6.577020168304443,3846300,0.0,0.0
2005-11-18 00:00:00-05:00,6.57702174779732,6.57702174779732,6.3955270311483385,6.464667797088623,1904200,0.0,0.0
2005-11-21 00:00:00-05:00,6.533806811531227,6.784442226933421,6.533806811531227,6.68937349319458,1633400,0.0,0.0
2005-11-22 00:00:00-05:00,6.723944157053161,6.78444210388039,6.628875425038633,6.749871730804443,3274400,0.0,0.0
2005-11-23 00:00:00-05:00,6.646160732121552,6.741229465860393,6.611590358418584,6.68937349319458,1471700,0.0,0.0
2005-11-25 00:00:00-05:00,6.749872396606208,7.000508244296358,6.749872396606208,6.948652267456055,1373900,0.0,0.0
2005-11-28 00:00:00-05:00,6.940009469152979,7.000508246186802,6.758515198608485,6.79308557510376,1654100,0.0,0.0
2005-11-29 00:00:00-05:00,6.6548034697331335,6.810370571695326,6.6548034697331335,6.801727771759033,1680900,0.0,0.0
2005-11-30 00:00:00-05:00,6.680731908403559,6.680731908403559,6.456024040227991,6.516522407531738,1812800,0.0,0.0
2005-12-01 00:00:00-05:00,6.602947625825141,6.844940656308667,6.5856624387985585,6.74122953414917,2002600,0.0,0.0
2005-12-02 00:00:00-05:00,6.741230139457454,6.775800516614762,6.6202334072954745,6.680731773376465,1891800,0.0,0.0
2005-12-05 00:00:00-05:00,6.784442904848388,6.793085705193416,6.637518595874129,6.680731773376465,1405900,0.0,0.0
2005-12-06 00:00:00-05:00,6.654804576016235,6.914082847647601,6.577021424215987,6.8967976570129395,2616900,0.0,0.0
2005-12-07 00:00:00-05:00,6.9832226112328915,7.173360093126355,6.922724658721566,6.974579811096191,2909200,0.0,0.0
2005-12-08 00:00:00-05:00,6.9832226112328915,7.08693374020493,6.957295035045578,6.974579811096191,2003800,0.0,0.0
2005-12-09 00:00:00-05:00,7.130145984633689,7.130145984633689,6.940008527594441,7.052362442016602,2834900,0.0,0.0
2005-12-12 00:00:00-05:00,7.285713793987655,7.346211744603695,7.009149967836979,7.069648742675781,2823100,0.0,0.0
2005-12-13 00:00:00-05:00,6.9140825403374615,7.121504818734097,6.888154549482165,7.095577239990234,2362700,0.0,0.0
2005-12-14 00:00:00-05:00,6.948653441677013,7.078292169350639,6.940010640039324,6.965939044952393,2192200,0.0,0.0
2005-12-15 00:00:00-05:00,6.957295445012161,7.138790137463707,6.957295445012161,7.035079002380371,1434900,0.0,0.0
2005-12-16 00:00:00-05:00,7.130147422735389,7.207930981040885,7.061006665180025,7.1560750007629395,1581200,0.0,0.0
2005-12-19 00:00:00-05:00,7.190641778509002,7.285710890704703,7.1301438520007805,7.173357009887695,1484800,0.0,0.0
2005-12-20 00:00:00-05:00,7.242500715596754,7.311641467002035,6.9572949099942765,7.086933612823486,1521500,0.0,0.0
2005-12-21 00:00:00-05:00,7.02643779731714,7.346214075828808,7.02643779731714,7.328928470611572,1892900,0.0,0.0
2005-12-22 00:00:00-05:00,7.467209603717616,7.700559465965384,7.43263922322821,7.631418704986572,2503300,0.0,0.0
2005-12-23 00:00:00-05:00,7.674631723113041,7.804270441130082,7.614133764601472,7.665988922119141,1463800,0.0,0.0
2005-12-27 00:00:00-05:00,7.778341576311796,7.812911950348716,7.622774481034285,7.735128402709961,936800,0.0,0.0
2005-12-28 00:00:00-05:00,7.778342887699151,8.072191528665668,7.778342887699151,8.02897834777832,1682100,0.0,0.0
2005-12-29 00:00:00-05:00,8.037623063520378,8.14133422782233,7.838842713774338,8.10676383972168,1505200,0.0,0.0
2005-12-30 00:00:00-05:00,8.03762134845367,8.072191729177694,7.890697024320832,7.968480587005615,908300,0.0,0.0
2006-01-03 00:00:00-05:00,8.132688649105871,8.616674741556633,8.132688649105871,8.547533988952637,3053300,0.0,0.0
2006-01-04 00:00:00-05:00,8.512962981767965,8.677172050977477,8.409251036325118,8.582103729248047,2949900,0.0,0.0
2006-01-05 00:00:00-05:00,8.34875392575027,8.538891412503432,8.262328394842692,8.452465057373047,1637600,0.0,0.0
2006-01-06 00:00:00-05:00,8.599389171005281,8.945093759442466,8.599389171005281,8.83273983001709,2270800,0.0,0.0
2006-01-09 00:00:00-05:00,8.772241372004379,9.014234839974284,8.720386217598554,8.763599395751953,2245300,0.0,0.0
2006-01-10 00:00:00-05:00,8.599390342745007,8.77224224840474,8.383325254614615,8.633960723876953,1834200,0.0,0.0
2006-01-11 00:00:00-05:00,8.858667728311175,8.884595305514088,8.71174341712331,8.763599395751953,2248300,0.0,0.0
2006-01-12 00:00:00-05:00,8.772241626722858,8.875953586991614,8.53024897594906,8.74631404876709,1761100,0.0,0.0
2006-01-13 00:00:00-05:00,8.720386455596362,9.005592285280718,8.720386455596362,8.953736305236816,1781200,0.0,0.0
2006-01-17 00:00:00-05:00,8.979665116324927,9.230300578802147,8.910524355932788,9.014235496520996,2252800,0.0,0.0
2006-01-18 00:00:00-05:00,8.815454814098302,8.901881172992761,8.556176561637766,8.642602920532227,2466400,0.0,0.0
2006-01-19 00:00:00-05:00,8.824097027846332,9.161158816045692,8.824097027846332,9.040162086486816,1962600,0.0,0.0
2006-01-20 00:00:00-05:00,9.23029921404184,9.282154364557382,8.919165014057572,9.13523006439209,2680600,0.0,0.0
2006-01-23 00:00:00-05:00,9.178443942294873,9.204371519538478,8.927808497679186,9.15251636505127,1742000,0.0,0.0
2006-01-24 00:00:00-05:00,9.126586869068486,9.152514440861175,8.884593451594569,9.048803329467773,1438400,0.0,0.0
2006-01-25 00:00:00-05:00,9.178442381848402,9.351294241123547,9.040160894428285,9.161157608032227,1467300,0.0,0.0
2006-01-26 00:00:00-05:00,9.109302930453063,9.403151545019742,9.031519376688614,9.37722396850586,1948300,0.0,0.0
2006-01-27 00:00:00-05:00,9.368581168260299,9.498219875052516,9.230299661222519,9.37722396850586,1361000,0.0,0.0
2006-01-30 00:00:00-05:00,9.498220804000534,9.766141868256629,9.437722844810363,9.688358306884766,1522000,0.0,0.0
2006-01-31 00:00:00-05:00,9.774781864219005,10.319264989122662,9.766139065608435,9.97356128692627,3172200,0.0,0.0
2006-02-01 00:00:00-05:00,9.999490098991911,10.111844022199126,9.627858779084848,9.930349349975586,2390200,0.0,0.0
2006-02-02 00:00:00-05:00,10.025419437011054,10.059989814757046,9.653787258074543,9.748855590820312,2143200,0.0,0.0
2006-02-03 00:00:00-05:00,9.593289638538915,9.722928353563962,9.316725782677114,9.47229290008545,2328500,0.0,0.0
2006-02-06 00:00:00-05:00,9.558716746283723,9.671069830178597,9.455004812465537,9.584644317626953,1848500,0.0,0.0
2006-02-07 00:00:00-05:00,9.213011902067679,9.256225068947582,8.772239083493366,8.780881881713867,3575900,0.0,0.0
2006-02-08 00:00:00-05:00,8.772241917800235,8.910524261339397,8.495678879167652,8.70310115814209,2589500,0.0,0.0
2006-02-09 00:00:00-05:00,8.971020039505365,9.08337395269704,8.789525383460763,8.798168182373047,1729200,0.0,0.0
2006-02-10 00:00:00-05:00,8.711740713107934,8.763596675641134,8.245040347199387,8.461105346679688,3101700,0.0,0.0
2006-02-13 00:00:00-05:00,8.357395156023085,8.461106268161892,8.115402561032534,8.253684043884277,1611500,0.0,0.0
2006-02-14 00:00:00-05:00,8.340112107171805,8.668531141416086,8.29689974874256,8.608033180236816,2495500,0.0,0.0
2006-02-15 00:00:00-05:00,8.599390378861806,8.910524634578966,8.443824075226129,8.608033180236816,2936000,0.0,0.0
2006-02-16 00:00:00-05:00,8.400606962022104,8.400606962022104,7.959834188804143,8.141328811645508,5544800,0.0,0.0
2006-02-17 00:00:00-05:00,8.331467938581959,8.469749427318144,8.210471223826454,8.262327194213867,2669600,0.0,0.0
2006-02-21 00:00:00-05:00,8.42653883891622,8.443824442417933,8.132690173170651,8.149975776672363,1799100,0.0,0.0
2006-02-22 00:00:00-05:00,8.149976650010982,8.262330612142957,8.037622687879006,8.201831817626953,1400500,0.0,0.0
2006-02-23 00:00:00-05:00,8.201827939382076,8.201827939382076,8.01169131573249,8.020333290100098,1022200,0.0,0.0
2006-02-24 00:00:00-05:00,8.193186197049041,8.426536843733185,8.115403472377071,8.383323669433594,1606200,0.0,0.0
2006-02-27 00:00:00-05:00,8.34875426738101,8.366039868803536,8.046263660492372,8.07219123840332,1857000,0.0,0.0
2006-02-28 00:00:00-05:00,8.167259352954886,8.184544953910516,7.864768754236747,7.9511942863464355,1948000,0.0,0.0
2006-03-01 00:00:00-05:00,8.046264645232583,8.366040892679488,7.977123055303442,8.22775936126709,2272200,0.0,0.0
2006-03-02 00:00:00-05:00,8.357396776228859,8.875953261675441,8.262328444393537,8.815454483032227,3337000,0.0,0.0
2006-03-03 00:00:00-05:00,8.746311722551575,8.763597319406612,8.521603908771825,8.556174278259277,2154400,0.0,0.0
2006-03-06 00:00:00-05:00,8.512965207978898,8.573463171789006,7.994408642048723,8.149975776672363,2531000,0.0,0.0
2006-03-07 00:00:00-05:00,8.124047186795252,8.158617568790099,7.761057763737902,7.925267696380615,2864100,0.0,0.0
2006-03-08 00:00:00-05:00,7.735129064221204,8.06354805776984,7.674631110538467,7.985764503479004,2042500,0.0,0.0
2006-03-09 00:00:00-05:00,8.193186402125583,8.236399577506806,7.717843945600433,7.7696990966796875,2074300,0.0,0.0
2006-03-10 00:00:00-05:00,7.631417750525626,8.003049912473891,7.579562598388482,7.942551136016846,1924100,0.0,0.0
2006-03-13 00:00:00-05:00,8.020333290100098,8.106759627557283,7.864767036588859,8.020333290100098,1152700,0.0,0.0
2006-03-14 00:00:00-05:00,7.959835453468604,8.296897184933044,7.9252650828739934,8.279611587524414,1642000,0.0,0.0
2006-03-15 00:00:00-05:00,8.452464202562561,8.573460922663958,8.314182707716808,8.478392601013184,2206500,0.0,0.0
2006-03-16 00:00:00-05:00,8.521605491123488,8.608031843001683,8.391966787528972,8.41789436340332,2402500,0.0,0.0
2006-03-17 00:00:00-05:00,8.45246401548292,8.45246401548292,8.12404506038184,8.193185806274414,1469400,0.0,0.0
2006-03-20 00:00:00-05:00,8.167257132931212,8.461105675520452,8.14132956276822,8.366037368774414,1621400,0.0,0.0
2006-03-21 00:00:00-05:00,8.227756443743823,8.469749037906098,8.098116935847047,8.279611587524414,1488800,0.0,0.0
2006-03-22 00:00:00-05:00,8.236398088585592,8.383322363788098,8.193184921016158,8.374679565429688,943800,0.0,0.0
2006-03-23 00:00:00-05:00,8.288256254504258,8.469750947092775,8.201829896424837,8.409252166748047,1073100,0.0,0.0
2006-03-24 00:00:00-05:00,8.547532151801684,8.79816753217693,8.426535448639541,8.729026794433594,2341400,0.0,0.0
2006-03-27 00:00:00-05:00,8.884593379361458,9.169799139430209,8.850023009178052,8.996947288513184,2399500,0.0,0.0
2006-03-28 00:00:00-05:00,9.06608791584795,9.06608791584795,8.703098621336471,8.737668991088867,1951000,0.0,0.0
2006-03-29 00:00:00-05:00,8.798169113372808,9.13523006439209,8.77224071389228,9.13523006439209,1586200,0.0,0.0
2006-03-30 00:00:00-05:00,9.65378919800696,9.65378919800696,9.299442548848766,9.541435241699219,2755400,0.0,0.0
2006-03-31 00:00:00-05:00,9.455007333048474,9.524148915433729,9.273512636816456,9.446365356445312,2009200,0.0,0.0
2006-04-03 00:00:00-04:00,9.506862898774845,9.61921683193983,9.385866165161133,9.385866165161133,1810400,0.0,0.0
2006-04-04 00:00:00-04:00,9.394509629445547,9.506863570549697,9.334011670475187,9.42908000946045,1486100,0.0,0.0
2006-04-05 00:00:00-04:00,9.50686197549634,9.627858697359207,9.394508053242838,9.567359924316406,1757700,0.0,0.0
2006-04-06 00:00:00-04:00,9.696999160042795,9.722926733884126,9.52414729406273,9.610572814941406,1877600,0.0,0.0
2006-04-07 00:00:00-04:00,9.506862675298077,9.541433052057522,9.282154814250289,9.37722396850586,1892700,0.0,0.0
2006-04-10 00:00:00-04:00,9.541431395067406,9.593287363312527,9.256225630275871,9.334009170532227,1880000,0.0,0.0
2006-04-11 00:00:00-04:00,9.342653139122522,9.515505014545584,9.13523006439209,9.13523006439209,1726900,0.0,0.0
2006-04-12 00:00:00-04:00,9.178442712276931,9.385864950874412,9.16979991294636,9.299439430236816,958800,0.0,0.0
2006-04-13 00:00:00-04:00,9.221657077749425,9.385866165161133,9.169801099279887,9.385866165161133,993800,0.0,0.0
2006-04-17 00:00:00-04:00,9.610571987508738,9.97356128692627,9.610571987508738,9.97356128692627,2614200,0.0,0.0
2006-04-18 00:00:00-04:00,9.973562845277572,10.120487147723358,9.843924142753771,10.068631172180176,2042500,0.0,0.0
2006-04-19 00:00:00-04:00,10.094560969006942,10.405694392654171,9.9649214243201,10.388409614562988,2665500,0.0,0.0
2006-04-20 00:00:00-04:00,10.37112393282696,10.37112393282696,9.662430727835105,9.688358306884766,2811100,0.0,0.0
2006-04-21 00:00:00-04:00,9.887134876008185,10.00813158299173,9.817994136081198,9.92170524597168,1921300,0.0,0.0
2006-04-24 00:00:00-04:00,9.774785581458472,10.120489415122089,9.688359210931091,10.077276229858398,1454500,0.0,0.0
2006-04-25 00:00:00-04:00,10.155057872004722,10.440263686727455,10.07727431813074,10.284696578979492,2046600,0.0,0.0
2006-04-26 00:00:00-04:00,10.397048643255863,10.5871860936798,10.31926510334504,10.46618938446045,1783600,0.0,0.0
2006-04-27 00:00:00-04:00,10.232841779633981,10.466191625100167,10.111845044511215,10.189628601074219,1987600,0.0,0.0
2006-04-28 00:00:00-04:00,10.379766445621202,10.690899858244087,10.293340085558974,10.587188720703125,2104500,0.0,0.0
2006-05-01 00:00:00-04:00,10.855110145712079,11.027962047476644,10.69954302201253,10.777326583862305,2368100,0.0,0.0
2006-05-02 00:00:00-04:00,10.932890024523267,11.131670277741097,10.80325133815448,11.088457107543945,2956300,0.0,0.0
2006-05-03 00:00:00-04:00,11.166241598385621,11.166241598385621,10.673613559234788,10.881035804748535,2448500,0.0,0.0
2006-05-04 00:00:00-04:00,10.794610750004036,10.932892263576806,10.500762121550483,10.889679908752441,2142600,0.0,0.0
2006-05-05 00:00:00-04:00,10.846468890500374,10.932894441589328,10.535334598755735,10.613118171691895,2025200,0.0,0.0
2006-05-08 00:00:00-04:00,10.483477242708789,10.543975198253952,10.284696950710241,10.474834442138672,1722800,0.0,0.0
2006-05-09 00:00:00-04:00,10.725469303049787,11.140314641296253,10.621758174543864,10.976104736328125,2165500,0.0,0.0
2006-05-10 00:00:00-04:00,10.915606816416963,11.19216982658517,10.855108863998362,10.950177192687988,2577800,0.0,0.0
2006-05-11 00:00:00-04:00,11.30452608429264,11.339096467685282,10.881038681677026,10.958822250366211,2714100,0.0,0.0
2006-05-12 00:00:00-04:00,10.95018004634092,11.088461587461648,10.319269484698847,10.613118171691895,2939600,0.0,0.0
2006-05-15 00:00:00-04:00,10.111846038447073,10.258770365458373,9.7402146444387,9.878496170043945,2879700,0.0,0.0
2006-05-16 00:00:00-04:00,9.96491783686048,10.241481604759914,9.506860255340056,9.904419898986816,3074000,0.0,0.0
2006-05-17 00:00:00-04:00,10.068628864050671,10.284693868208176,9.437719447537598,9.593286514282227,3523000,0.0,0.0
2006-05-18 00:00:00-04:00,9.601931265391283,9.75749837713359,9.213014310258332,9.359938621520996,2181400,0.0,0.0
2006-05-19 00:00:00-04:00,9.152515765447934,9.394508393721296,8.867309961784352,9.36858081817627,3451700,0.0,0.0
2006-05-22 00:00:00-04:00,9.10065975490085,9.247584056125104,8.92780787823195,9.18708610534668,2581200,0.0,0.0
2006-05-23 00:00:00-04:00,9.411794942970142,9.878495470972297,9.359938962426412,9.47229290008545,2469900,0.0,0.0
2006-05-24 00:00:00-04:00,9.18708414738268,9.325365619247064,8.85002244154631,9.10930061340332,2789100,0.0,0.0
2006-05-25 00:00:00-04:00,9.282154812249662,9.50686267324902,9.204371258501977,9.480935096740723,1466600,0.0,0.0
2006-05-26 00:00:00-04:00,9.56735988746083,9.56735988746083,9.290796894808503,9.48957633972168,1146000,0.0,0.0
2006-05-30 00:00:00-04:00,9.766140878962542,9.783425655170436,9.359938335292066,9.403151512145996,1713000,0.0,0.0
2006-05-31 00:00:00-04:00,9.498220443725586,9.593289603673092,9.282155369987208,9.498220443725586,1368900,0.0,0.0
2006-06-01 00:00:00-04:00,9.195727405762227,9.550073901208718,9.083373498192405,9.506860733032227,1579700,0.0,0.0
2006-06-02 00:00:00-04:00,9.7142852747498,9.878495188252929,9.671072096237248,9.800711631774902,1484600,0.0,0.0
2006-06-05 00:00:00-04:00,9.887136817520949,9.938992794760338,9.45500669600963,9.480935096740723,1301600,0.0,0.0
2006-06-06 00:00:00-04:00,9.299440031237156,9.34265320646007,9.178443305457545,9.18708610534668,1673000,0.0,0.0
2006-06-07 00:00:00-04:00,9.109304110083343,9.247585635028207,8.884596219936489,8.89323902130127,1777100,0.0,0.0
2006-06-08 00:00:00-04:00,8.754953267746068,8.763596064936408,8.2104694080922,8.599386215209961,3027400,0.0,0.0
2006-06-09 00:00:00-04:00,8.815451895159704,8.936448592703416,8.435177855229217,8.512961387634277,1706900,0.0,0.0
2006-06-12 00:00:00-04:00,8.65988688644174,8.703099233504782,8.253684395112183,8.262327194213867,1862400,0.0,0.0
2006-06-13 00:00:00-04:00,7.86476888648859,8.16725949029333,7.804270106349375,7.838840484619141,3793600,0.0,0.0
2006-06-14 00:00:00-04:00,8.141331417136655,8.141331417136655,7.709201302954127,7.942551136016846,3449800,0.0,0.0
2006-06-15 00:00:00-04:00,8.253684360709904,8.547532935160845,8.08083250051014,8.521604537963867,3158900,0.0,0.0
2006-06-16 00:00:00-04:00,8.521606492262283,8.556176872230417,8.322827013501232,8.3919677734375,1484600,0.0,0.0
2006-06-19 00:00:00-04:00,8.296899409901576,8.322826988744836,7.994407967913016,8.02897834777832,1155000,0.0,0.0
2006-06-20 00:00:00-04:00,8.046264958209438,8.245044461290982,7.916625399300497,8.080835342407227,1826900,0.0,0.0
2006-06-21 00:00:00-04:00,8.037620888380276,8.6080325497878,8.037620888380276,8.538891792297363,1813900,0.0,0.0
2006-06-22 00:00:00-04:00,8.547533279179612,8.608031226628764,8.245041893488423,8.426536560058594,2069500,0.0,0.0
2006-06-23 00:00:00-04:00,8.270970424387167,8.841382064107274,8.253685647783158,8.711743354797363,1750100,0.0,0.0
2006-06-26 00:00:00-04:00,8.729029244847965,8.806811978477443,8.530248949867284,8.668530464172363,1098600,0.0,0.0
2006-06-27 00:00:00-04:00,8.815453763984014,8.87595253769254,8.383323669433594,8.383323669433594,1280300,0.0,0.0
2006-06-28 00:00:00-04:00,8.487034201298822,8.547532970787918,8.219114022928137,8.262327194213867,1057400,0.0,0.0
2006-06-29 00:00:00-04:00,8.391964789486524,8.97966186419882,8.383321991511913,8.92780590057373,1389500,0.0,0.0
2006-06-30 00:00:00-04:00,9.143870835813338,9.420433775139655,9.100657670487958,9.411791801452637,1511100,0.0,0.0
2006-07-03 00:00:00-04:00,9.550076483668343,9.938993453979492,9.50686330380647,9.938993453979492,1072300,0.0,0.0
2006-07-05 00:00:00-04:00,9.956278993491395,9.956278993491395,9.429079686067132,9.498220443725586,2058800,0.0,0.0
2006-07-06 00:00:00-04:00,9.506861778520749,9.904421485864162,9.377223083957281,9.869851112365723,2221200,0.0,0.0
2006-07-07 00:00:00-04:00,9.800711287752362,9.835281664504356,9.420436319257636,9.480935096740723,1123200,0.0,0.0
2006-07-10 00:00:00-04:00,9.264868691091735,9.53278886597255,9.169799550656943,9.420434951782227,1000200,0.0,0.0
2006-07-11 00:00:00-04:00,9.420436039158256,9.835281372070312,9.420436039158256,9.835281372070312,1416000,0.0,0.0
2006-07-12 00:00:00-04:00,9.921705907449976,10.137770940182486,9.835280388890585,9.861207962036133,2264700,0.0,0.0
2006-07-13 00:00:00-04:00,9.938993695724358,9.964921274582974,9.411795196410516,9.455007553100586,2051200,0.0,0.0
2006-07-14 00:00:00-04:00,9.62786229099791,9.774786642306239,9.455009531183613,9.740216255187988,1603700,0.0,0.0
2006-07-17 00:00:00-04:00,9.43772217739215,9.64514444356668,9.308083467088773,9.359938621520996,1432600,0.0,0.0
2006-07-18 00:00:00-04:00,9.403149912043952,9.480933452300308,9.161157316752911,9.334009170532227,1546100,0.0,0.0
2006-07-19 00:00:00-04:00,9.334010449700003,9.809353730902936,9.290797274277415,9.783425331115723,1344200,0.0,0.0
2006-07-20 00:00:00-04:00,9.653785367261644,9.9303483350613,9.515503883361816,9.515503883361816,1765900,0.0,0.0
2006-07-21 00:00:00-04:00,9.610574010329277,9.636501587395546,9.10066032409668,9.10066032409668,2661100,0.0,0.0
2006-07-24 00:00:00-04:00,9.005591137271626,9.610573098140481,8.901880014627485,9.567359924316406,2645900,0.0,0.0
2006-07-25 00:00:00-04:00,9.63650234747716,9.809355072813602,9.368582106806855,9.766141891479492,1498600,0.0,0.0
2006-07-26 00:00:00-04:00,9.662430704036524,9.91306616549361,9.55871956387044,9.895780563354492,1460600,0.0,0.0
2006-07-27 00:00:00-04:00,10.068629121371584,10.241481788493196,9.662427496614562,9.705639839172363,1607600,0.0,0.0
2006-07-28 00:00:00-04:00,9.722925896778225,10.00813165714591,9.722925896778225,9.97356128692627,1319700,0.0,0.0
2006-07-31 00:00:00-04:00,9.97356636145859,10.025422355283602,9.861212395023609,10.008136749267578,1305600,0.0,0.0
2006-08-01 00:00:00-04:00,9.938993444535818,10.431621551513672,9.826639506690844,10.431621551513672,2186700,0.0,0.0
2006-08-02 00:00:00-04:00,10.526687872039549,10.630398981096265,10.20691174639235,10.50940227508545,2345400,0.0,0.0
2006-08-03 00:00:00-04:00,10.336552948025242,10.388408927314003,10.068631899441824,10.163701057434082,1334800,0.0,0.0
2006-08-04 00:00:00-04:00,10.604474698151508,10.630402277399723,10.293340450281395,10.388409614562988,2106600,0.0,0.0
2006-08-07 00:00:00-04:00,10.466191635693567,10.699542305618767,10.405693680182365,10.578545570373535,881600,0.0,0.0
2006-08-08 00:00:00-04:00,10.405692433685001,10.74275419734829,10.37112205978795,10.647685050964355,1500800,0.0,0.0
2006-08-09 00:00:00-04:00,10.872392991019023,11.218096733093262,10.837822616811598,11.218096733093262,1965200,0.0,0.0
2006-08-10 00:00:00-04:00,11.14895629334558,11.218097043674643,10.777324966382567,10.941534042358398,1701100,0.0,0.0
2006-08-11 00:00:00-04:00,11.062530069319063,11.088457643000318,10.639042794226848,10.690897941589355,2284500,0.0,0.0
2006-08-14 00:00:00-04:00,10.55261516571045,10.777322974868085,10.466188831658249,10.55261516571045,1437700,0.0,0.0
2006-08-15 00:00:00-04:00,10.535333097169033,10.863752122633146,10.526691120247966,10.777326583862305,1903200,0.0,0.0
2006-08-16 00:00:00-04:00,10.915606184444336,11.13167122968459,10.881035810174806,10.984746932983398,1729100,0.0,0.0
2006-08-17 00:00:00-04:00,10.976106309822734,11.062532674745494,10.751398420401875,10.863752365112305,1646300,0.0,0.0
2006-08-18 00:00:00-04:00,10.837821906366885,10.88967787639011,10.414334644030845,10.656327247619629,2163300,0.0,0.0
2006-08-21 00:00:00-04:00,10.881034723650322,11.494659423828125,10.803251183255258,11.494659423828125,2707900,0.0,0.0
2006-08-22 00:00:00-04:00,11.408234944168926,11.736653932577564,11.287239038697127,11.624300003051758,2674000,0.0,0.0
2006-08-23 00:00:00-04:00,11.753939001147957,12.056429575365087,11.74529620137019,11.995931625366211,3303100,0.0,0.0
2006-08-24 00:00:00-04:00,11.995933116442748,12.030503495628116,11.546517362810105,11.650228500366211,1562600,0.0,0.0
2006-08-25 00:00:00-04:00,11.753938896104247,11.97864591875878,11.66751254754445,11.762580871582031,1173400,0.0,0.0
2006-08-28 00:00:00-04:00,11.71072771801371,11.75394089965965,11.43416385001343,11.503305435180664,1724300,0.0,0.0
2006-08-29 00:00:00-04:00,11.546517056429684,11.598373035943194,11.166242895480996,11.511946678161621,1990000,0.0,0.0
2006-08-30 00:00:00-04:00,11.624298051120592,11.64158364855559,11.40823302851901,11.546514511108398,1050200,0.0,0.0
2006-08-31 00:00:00-04:00,11.814438568095092,12.134214785632985,11.762582586554117,12.11693000793457,3267000,0.0,0.0
2006-09-01 00:00:00-04:00,12.091000368459797,12.497202905614474,11.909505687962838,12.36756420135498,2888900,0.0,0.0
2006-09-05 00:00:00-04:00,12.531770206603142,13.024398150973557,12.531770206603142,12.955257415771484,4158000,0.0,0.0
2006-09-06 00:00:00-04:00,12.84290704514871,13.300965572047442,12.83426506903996,12.972546577453613,2800700,0.0,0.0
2006-09-07 00:00:00-04:00,12.644127075459494,12.730552602638426,12.14285621546426,12.160140991210938,3487400,0.0,0.0
2006-09-08 00:00:00-04:00,11.944076860599912,12.108286776117431,11.719369813179215,11.8749361038208,2993700,0.0,0.0
2006-09-11 00:00:00-04:00,11.287238546189583,11.434162021534082,10.768682097808373,10.785966873168945,4239700,0.0,0.0
2006-09-12 00:00:00-04:00,10.846466999086504,11.416878668852256,10.846466999086504,11.053889274597168,3585500,0.0,0.0
2006-09-13 00:00:00-04:00,11.148955999148107,11.321808694632299,10.811895056243952,10.881035804748535,2674200,0.0,0.0
2006-09-14 00:00:00-04:00,10.915602323761421,11.123024496016532,10.215551462122363,10.267407417297363,3223700,0.0,0.0
2006-09-15 00:00:00-04:00,10.241484922168587,10.552618334586976,9.999491443842542,10.301982879638672,3426300,0.0,0.0
2006-09-18 00:00:00-04:00,10.379764651771621,10.820537528312688,10.379764651771621,10.742753982543945,2134200,0.0,0.0
2006-09-19 00:00:00-04:00,10.587188360222932,10.708185095345698,10.180985800517702,10.189628601074219,2077800,0.0,0.0
2006-09-20 00:00:00-04:00,10.36248140269435,10.397051783738805,10.085918354338713,10.137773513793945,2051000,0.0,0.0
2006-09-21 00:00:00-04:00,10.21555687865938,10.362481201298548,10.06863255602021,10.206914901733398,1887200,0.0,0.0
2006-09-22 00:00:00-04:00,10.448908778522924,10.500763942996008,10.206916087794916,10.293341636657715,2137300,0.0,0.0
2006-09-25 00:00:00-04:00,10.276052644515094,10.293337417513593,9.766139065608435,9.97356128692627,2825800,0.0,0.0
2006-09-26 00:00:00-04:00,9.956277215921851,10.345194114370084,9.947634416701899,10.327908515930176,1760500,0.0,0.0
2006-09-27 00:00:00-04:00,10.543976127860606,10.794611596931404,10.388409824997185,10.682257652282715,2832800,0.0,0.0
2006-09-28 00:00:00-04:00,10.811894065306115,10.993388719551877,10.595829039976525,10.803251266479492,2492800,0.0,0.0
2006-09-29 00:00:00-04:00,10.716824678392799,10.967460069000001,10.673612333706068,10.820536613464355,1425400,0.0,0.0
2006-10-02 00:00:00-04:00,10.941536966969348,11.114388888994343,10.768685044944355,10.811898231506348,1522400,0.0,0.0
2006-10-03 00:00:00-04:00,10.483480199808476,10.569905757219418,9.930353170641586,10.008136749267578,2731600,0.0,0.0
2006-10-04 00:00:00-04:00,10.016775482059078,10.051345855820742,9.394507930126407,10.025418281555176,4249600,0.0,0.0
2006-10-05 00:00:00-04:00,10.2414867402277,10.466193832530458,10.016778823701943,10.353839874267578,2741600,0.0,0.0
2006-10-06 00:00:00-04:00,10.310624725268244,10.483476605042583,10.05134649349535,10.094559669494629,3100000,0.0,0.0
2006-10-09 00:00:00-04:00,10.206912508941762,10.336551198892193,9.843923188013331,9.861207962036133,1784800,0.0,0.0
2006-10-10 00:00:00-04:00,9.861210160008245,10.180986380820785,9.83528258108368,10.103202819824219,1711400,0.0,0.0
2006-10-11 00:00:00-04:00,10.198270728171323,10.198270728171323,9.679714268143565,9.73157024383545,2196100,0.0,0.0
2006-10-12 00:00:00-04:00,9.714283125480495,10.068629627283745,9.636499586211949,9.947633743286133,2516500,0.0,0.0
2006-10-13 00:00:00-04:00,10.276054718860983,10.708184845948486,10.250126317795313,10.699542045593262,3832700,0.0,0.0
2006-10-16 00:00:00-04:00,10.78596856078337,10.967463263691883,10.569903477521946,10.777326583862305,2203200,0.0,0.0
2006-10-17 00:00:00-04:00,10.777326489753287,10.785968466598892,10.440264666088494,10.751398086547852,1880100,0.0,0.0
2006-10-18 00:00:00-04:00,10.785966232284013,10.829179404451914,10.379764556884766,10.379764556884766,2079000,0.0,0.0
2006-10-19 00:00:00-04:00,10.621759106498452,10.924250542681781,10.535332746382398,10.872394561767578,2743900,0.0,0.0
2006-10-20 00:00:00-04:00,10.941534589824553,10.967462166439564,10.543974843428936,10.569902420043945,1980700,0.0,0.0
2006-10-23 00:00:00-04:00,10.336552056871245,10.647685433111324,10.232840931457886,10.630400657653809,2383100,0.0,0.0
2006-10-24 00:00:00-04:00,10.57854468283575,10.725468983227033,10.379765231849168,10.630400657653809,2668100,0.0,0.0
2006-10-25 00:00:00-04:00,10.578543414368538,10.915605149712139,10.440261930398647,10.829178810119629,3334400,0.0,0.0
2006-10-26 00:00:00-04:00,10.967460069000001,11.027958835162183,10.74275307427201,10.820536613464355,2604600,0.0,0.0
2006-10-27 00:00:00-04:00,10.889678957195846,11.114385985004938,10.8118954065523,10.993390083312988,2260700,0.0,0.0
2006-10-30 00:00:00-05:00,11.019318293492224,11.313166913194333,11.019318293492224,11.062531471252441,2584900,0.0,0.0
2006-10-31 00:00:00-05:00,10.984747291570637,11.434162171745287,10.976104491665433,11.408234596252441,3042600,0.0,0.0
2006-11-01 00:00:00-05:00,11.54651576936447,11.788509214489252,11.14895605148546,11.269952774047852,4734800,0.0,0.0
2006-11-02 00:00:00-05:00,11.339092577077354,11.555157605202051,11.330449778138926,11.373662948608398,3046600,0.0,0.0
2006-11-03 00:00:00-05:00,11.451447837252244,11.607014939547334,11.269953159315563,11.460090637207031,2716000,0.0,0.0
2006-11-06 00:00:00-05:00,10.422977729052668,11.468732539246913,10.28469541327084,10.379764556884766,6256500,0.0,0.0
2006-11-07 00:00:00-05:00,10.457550606055015,10.483478185875162,10.059990810513513,10.111845970153809,5240800,0.0,0.0
2006-11-08 00:00:00-05:00,10.034062175647636,10.319268019777109,9.999491795275059,10.206914901733398,3572300,0.0,0.0
2006-11-09 00:00:00-05:00,10.371121823321195,10.785966300627141,10.319265851546596,10.768681526184082,5213700,0.0,0.0
2006-11-10 00:00:00-05:00,10.768681828073008,10.768681828073008,10.431620062645715,10.492118835449219,2931600,0.0,0.0
2006-11-13 00:00:00-05:00,10.362482672354824,10.630403776443485,10.232843933609892,10.613118171691895,2842100,0.0,0.0
2006-11-14 00:00:00-05:00,10.699540712170913,10.751395859394231,10.371121757606645,10.379764556884766,2721900,0.0,0.0
2006-11-15 00:00:00-05:00,10.23284276283668,10.526691416209538,10.137773596026106,10.448907852172852,2821800,0.0,0.0
2006-11-16 00:00:00-05:00,10.492117586703277,10.492117586703277,9.913063271647781,9.92170524597168,3432000,0.0,0.0
2006-11-17 00:00:00-05:00,9.904424062335101,10.025420813166289,9.74021495155693,9.913066864013672,3225600,0.0,0.0
2006-11-20 00:00:00-05:00,10.034057595777787,10.042700392981798,9.766137476233489,9.7747802734375,2622100,0.0,0.0
2006-11-21 00:00:00-05:00,9.887135339703883,10.111843167116458,9.861207767070947,10.059988021850586,3116300,0.0,0.0
2006-11-22 00:00:00-05:00,10.120485538108031,10.241482245649657,9.964918460443462,9.999488830566406,3119700,0.0,0.0
2006-11-24 00:00:00-05:00,10.284697954324857,10.39705190003176,10.224199992876105,10.241485595703125,1479300,0.0,0.0
2006-11-27 00:00:00-05:00,10.440262149994396,10.440262149994396,10.284695065144811,10.371121406555176,2644100,0.0,0.0
2006-11-28 00:00:00-05:00,10.284697649124361,10.405694392654171,10.189629309065651,10.388409614562988,2339700,0.0,0.0
2006-11-29 00:00:00-05:00,10.301982836274085,10.500762309537832,10.267412457262004,10.431621551513672,2528300,0.0,0.0
2006-11-30 00:00:00-05:00,10.569900615564753,10.829178810119629,10.483475100194902,10.829178810119629,4275800,0.0,0.0
2006-12-01 00:00:00-05:00,10.785966584033467,10.906963305204968,10.630400313067515,10.725468635559082,2750100,0.0,0.0
2006-12-04 00:00:00-05:00,10.734112693751044,11.010675718316987,10.664971937609558,10.967462539672852,2550800,0.0,0.0
2006-12-05 00:00:00-05:00,10.976105340246244,11.131672453676002,10.77732587239518,10.967462539672852,3287500,0.0,0.0
2006-12-06 00:00:00-05:00,10.760037476425698,10.932889321882703,10.708182334899902,10.708182334899902,2773100,0.0,0.0
2006-12-07 00:00:00-05:00,10.71682803927735,10.906965547573686,10.535333332317872,10.863752365112305,2736000,0.0,0.0
2006-12-08 00:00:00-05:00,10.976104409031674,11.01067478416946,10.492119157102664,10.630400657653809,3138600,0.0,0.0
2006-12-11 00:00:00-05:00,10.699541410741798,10.785966936497603,10.630400660448052,10.734111785888672,2160000,0.0,0.0
2006-12-12 00:00:00-05:00,10.734109807841984,10.734109807841984,10.422976488854756,10.55261516571045,2247100,0.0,0.0
2006-12-13 00:00:00-05:00,10.552615498886084,10.569900271708688,10.336550481156412,10.457547187805176,2409300,0.0,0.0
2006-12-14 00:00:00-05:00,10.474832183166685,10.578543294973565,10.414334240668335,10.46618938446045,1832400,0.0,0.0
2006-12-15 00:00:00-05:00,10.48347621283386,10.48347621283386,10.10320126733442,10.215555191040039,5258000,0.0,0.0
2006-12-18 00:00:00-05:00,10.155055936635035,10.224196677074314,9.895777747876421,9.97356128692627,2773900,0.0,0.0
2006-12-19 00:00:00-05:00,9.99948987363351,10.431619957358004,9.99948987363351,10.362479209899902,2156800,0.0,0.0
2006-12-20 00:00:00-05:00,10.440264343927032,10.440264343927032,10.137772909647436,10.146415710449219,1874000,0.0,0.0
2006-12-21 00:00:00-05:00,10.120488150021076,10.198271708927876,9.878495496706583,9.938993453979492,2083700,0.0,0.0
2006-12-22 00:00:00-05:00,9.982205319064256,9.982205319064256,9.714284298587366,9.826638221740723,2015600,0.0,0.0
2006-12-26 00:00:00-05:00,10.103200567914191,10.137770940182486,9.809352815745036,9.861207962036133,1449800,0.0,0.0
2006-12-27 00:00:00-05:00,9.92170571128869,10.103200368164588,9.913063736559492,10.059988021850586,1686100,0.0,0.0
2006-12-28 00:00:00-05:00,10.25876808871275,10.422977982092783,10.198270140742594,10.362479209899902,2439900,0.0,0.0
2006-12-29 00:00:00-05:00,10.371118503424919,10.388404096557402,10.155053534603567,10.267407417297363,2017600,0.0,0.0
2007-01-03 00:00:00-05:00,10.362479140774164,10.457548286061911,9.792067565938554,9.869851112365723,3375000,0.0,0.0
2007-01-04 00:00:00-05:00,9.774783348087913,9.774783348087913,9.351295218331074,9.36858081817627,7089400,0.0,0.0
2007-01-05 00:00:00-05:00,9.256224811076391,9.593286514282227,9.195726873663515,9.593286514282227,6829700,0.0,0.0
2007-01-08 00:00:00-05:00,9.627857781884368,9.688355724951924,9.541431442454154,9.645142555236816,2682700,0.0,0.0
2007-01-09 00:00:00-05:00,9.593287783012526,9.887135535181681,9.56735938564429,9.861207962036133,3561600,0.0,0.0
2007-01-10 00:00:00-05:00,9.722926168525127,9.748853740858848,9.61057225611545,9.696998596191406,2500200,0.0,0.0
2007-01-11 00:00:00-05:00,9.714284303243883,9.999490098991911,9.714284303243883,9.930349349975586,3386200,0.0,0.0
2007-01-12 00:00:00-05:00,10.042702803042376,10.431619704108085,10.042702803042376,10.379764556884766,3677900,0.0,0.0
2007-01-16 00:00:00-05:00,10.526690763193278,10.63040190073424,10.422979625652317,10.587188720703125,3520400,0.0,0.0
2007-01-17 00:00:00-05:00,10.587188392657367,10.820539063061263,10.587188392657367,10.760040283203125,3116400,0.0,0.0
2007-01-18 00:00:00-05:00,10.87239227830814,10.984746193172889,10.595829302778103,10.656327247619629,4173400,0.0,0.0
2007-01-19 00:00:00-05:00,10.664969167479997,10.958817716868216,10.664969167479997,10.708182334899902,2789000,0.0,0.0
2007-01-22 00:00:00-05:00,10.708184845948486,10.881036731938924,10.60447371435422,10.699542045593262,2419000,0.0,0.0
2007-01-23 00:00:00-05:00,10.889679584434381,11.088459048219448,10.846466406674162,11.062531471252441,3019900,0.0,0.0
2007-01-24 00:00:00-05:00,10.967460725006491,11.235381728891898,10.751395691758571,11.226738929748535,2901700,0.0,0.0
2007-01-25 00:00:00-05:00,11.39094916450465,11.529230658131333,10.984746658809232,11.131670951843262,4343300,0.0,0.0
2007-01-26 00:00:00-05:00,11.079815302656305,11.295880348803099,10.976104179412573,11.269952774047852,2429700,0.0,0.0
2007-01-29 00:00:00-05:00,11.218097433458192,11.356379763143826,11.14895668072677,11.235383033752441,2720600,0.0,0.0
2007-01-30 00:00:00-05:00,11.321807231837788,11.399589945688746,11.192167726974262,11.356377601623535,2172800,0.0,0.0
2007-01-31 00:00:00-05:00,11.321807569740573,11.6070133350407,11.235381230585467,11.494659423828125,3966400,0.0,0.0
2007-02-01 00:00:00-05:00,11.589728621921346,11.719368140546665,11.304522834857448,11.339093208312988,5751500,0.0,0.0
2007-02-02 00:00:00-05:00,11.321811271620064,11.321811271620064,10.950179045652677,11.261312484741211,4628600,0.0,0.0
2007-02-05 00:00:00-05:00,11.347739257486483,11.373666838947573,11.174887340707619,11.32181167602539,2551700,0.0,0.0
2007-02-06 00:00:00-05:00,11.468732726938308,11.468732726938308,11.209454513910387,11.339093208312988,2620800,0.0,0.0
2007-02-07 00:00:00-05:00,11.339096461540029,11.434164809762535,11.105746579821894,11.1403169631958,2262000,0.0,0.0
2007-02-08 00:00:00-05:00,11.10574312824601,11.486017227172852,11.036602382986583,11.486017227172852,3130200,0.0,0.0
2007-02-09 00:00:00-05:00,11.537874796207312,11.598372750632512,11.244026176045805,11.451448440551758,4481900,0.0,0.0
2007-02-12 00:00:00-05:00,11.25266799392217,11.451447440661454,11.079815297703806,11.166241645812988,2447500,0.0,0.0
2007-02-13 00:00:00-05:00,11.33909327666034,11.511945144979927,11.33045047718868,11.390949249267578,3328900,0.0,0.0
2007-02-14 00:00:00-05:00,11.468733787536621,11.581086893490212,11.313166680488887,11.468733787536621,3186200,0.0,0.0
2007-02-15 00:00:00-05:00,11.572443620915188,11.667511940002441,11.365020560017001,11.667511940002441,2587800,0.0,0.0
2007-02-16 00:00:00-05:00,11.62429971523414,11.641585315143713,11.442805037297457,11.460090637207031,2211300,0.0,0.0
2007-02-20 00:00:00-05:00,11.244026091035911,11.35638002284956,11.105744582410747,11.114386558532715,2308100,0.0,0.0
2007-02-21 00:00:00-05:00,11.278596300508292,11.710726420648665,11.16624237036506,11.676156044006348,4915800,0.0,0.0
2007-02-22 00:00:00-05:00,11.710724291044794,11.987287253890159,11.710724291044794,11.900861740112305,3975600,0.0,0.0
2007-02-23 00:00:00-05:00,12.082356522149324,12.168782866987021,11.97000342777211,12.134212493896484,3944400,0.0,0.0
2007-02-26 00:00:00-05:00,12.281139711777964,12.592273143725647,12.281139711777964,12.57498836517334,5098100,0.0,0.0
2007-02-27 00:00:00-05:00,12.272496149925693,12.315709329963118,11.434163424401945,11.650228500366211,5997500,0.0,0.0
2007-02-28 00:00:00-05:00,11.736652180920244,12.168782234191895,11.373662870234241,12.168782234191895,6485500,0.0,0.0
2007-03-01 00:00:00-05:00,12.021860694776061,12.03914629648017,11.624300922032898,11.650228500366211,5477700,0.0,0.0
2007-03-02 00:00:00-05:00,11.442807836412307,11.650230140729775,11.04524800769234,11.148959159851074,5666800,0.0,0.0
2007-03-05 00:00:00-05:00,10.647685435910109,11.079815537357407,10.621757860605644,10.734111785888672,7276600,0.0,0.0
2007-03-06 00:00:00-05:00,11.14895671312939,11.321809419683103,11.062531184075324,11.209455490112305,4756100,0.0,0.0
2007-03-07 00:00:00-05:00,11.200812025218696,11.451447445780067,11.114385677070883,11.269952774047852,3784600,0.0,0.0
2007-03-08 00:00:00-05:00,11.399591155804508,11.520587875010262,11.24402488736593,11.339093208312988,3131400,0.0,0.0
2007-03-09 00:00:00-05:00,11.425519270741527,11.486017216732861,11.200811436741288,11.382306098937988,3024500,0.0,0.0
2007-03-12 00:00:00-04:00,11.382305747546829,11.486016862139962,11.278594632953695,11.373662948608398,3414100,0.0,0.0
2007-03-13 00:00:00-04:00,11.373667520631665,11.451451093899873,10.846468936802593,10.9242525100708,4885200,0.0,0.0
2007-03-14 00:00:00-04:00,10.751396288497011,11.036602906499065,10.682255539957948,10.984746932983398,4666100,0.0,0.0
2007-03-15 00:00:00-04:00,11.07981596019702,11.365021772098741,11.071173984247567,11.209455490112305,4388000,0.0,0.0
2007-03-16 00:00:00-04:00,11.3477369629967,11.615657173775267,11.20081265738673,11.235383033752441,6166700,0.0,0.0
2007-03-19 00:00:00-04:00,11.382307337646987,11.51194604294317,11.252668632350805,11.442805290222168,3670900,0.0,0.0
2007-03-20 00:00:00-04:00,11.676154699170496,11.805793390591969,11.555157982747142,11.589728355407715,4058500,0.0,0.0
2007-03-21 00:00:00-04:00,11.710724226061963,12.090998297864198,11.676153855898123,12.082355499267578,3652600,0.0,0.0
2007-03-22 00:00:00-04:00,12.186070767173959,12.289781906033044,12.0305036467739,12.11693000793457,3815100,0.0,0.0
2007-03-23 00:00:00-04:00,12.099644321419463,12.177427881075674,11.892222045151472,11.987290382385254,2295100,0.0,0.0
2007-03-26 00:00:00-04:00,12.0045747756958,12.056429927431157,11.840364872014028,12.0045747756958,4413500,0.0,0.0
2007-03-27 00:00:00-04:00,12.047785746543942,12.056428545583499,11.88357668590577,11.944074630737305,2772700,0.0,0.0
2007-03-28 00:00:00-04:00,12.039143221534987,12.116926760890907,11.788507830400714,11.900861740112305,3668800,0.0,0.0
2007-03-29 00:00:00-04:00,11.831723282958247,11.935435245489408,11.736654945564686,11.779868125915527,3694200,0.0,0.0
2007-03-30 00:00:00-04:00,11.823081608297947,11.987290708758582,11.771225625707658,11.918149948120117,3124100,0.0,0.0
2007-04-02 00:00:00-04:00,11.866292039375283,12.090999887086816,11.823079689157698,12.047786712646484,3231600,0.0,0.0
2007-04-03 00:00:00-04:00,11.95271873797309,12.289780519402273,11.92679116223939,12.2638521194458,3831900,0.0,0.0
2007-04-04 00:00:00-04:00,12.428060782878505,12.600912644236635,12.358920038335254,12.410775184631348,4737300,0.0,0.0
2007-04-05 00:00:00-04:00,12.5404156589371,12.5404156589371,12.272494635152395,12.3070650100708,2783200,0.0,0.0
2007-04-09 00:00:00-04:00,12.31570780985609,12.514487259581232,12.25520985980457,12.3070650100708,2577800,0.0,0.0
2007-04-10 00:00:00-04:00,12.566343657782573,12.566343657782573,12.315708225117515,12.36756420135498,2271500,0.0,0.0
2007-04-11 00:00:00-04:00,12.51448893987337,12.523131740819109,12.142857565658097,12.324352264404297,3356700,0.0,0.0
2007-04-12 00:00:00-04:00,12.324349666063627,12.462631155150131,12.255208921520376,12.410775184631348,2842100,0.0,0.0
2007-04-13 00:00:00-04:00,12.51448705564639,12.739194901065582,12.453989106580737,12.71326732635498,4547400,0.0,0.0
2007-04-16 00:00:00-04:00,12.8601909537893,12.886118527149854,12.62684032087623,12.773764610290527,3945200,0.0,0.0
2007-04-17 00:00:00-04:00,12.756477464799364,12.808332601881023,12.45398614300702,12.479913711547852,3079200,0.0,0.0
2007-04-18 00:00:00-04:00,12.523131779245668,12.618200941494782,12.367565482859339,12.583630561828613,2829700,0.0,0.0
2007-04-19 00:00:00-04:00,12.272497156977145,12.272497156977145,11.944078115655447,12.013218879699707,5195400,0.0,0.0
2007-04-20 00:00:00-04:00,12.289779584915257,12.332992757334106,12.099642120805948,12.134212493896484,2735200,0.0,0.0
2007-04-23 00:00:00-04:00,12.151498724475035,12.332993398694413,11.96136125047789,11.995931625366211,2081900,0.0,0.0
2007-04-24 00:00:00-04:00,11.987289465498325,12.047787418726724,11.710726451628162,11.753939628601074,2651100,0.0,0.0
2007-04-25 00:00:00-04:00,11.935433568701626,11.935433568701626,11.762580871582031,11.762580871582031,2470900,0.0,0.0
2007-04-26 00:00:00-04:00,11.607014939547334,11.607014939547334,11.43416223734267,11.460090637207031,3559100,0.0,0.0
2007-04-27 00:00:00-04:00,11.658868178499057,11.823078053814612,11.615655010035878,11.797149658203125,3204700,0.0,0.0
2007-04-30 00:00:00-04:00,11.840363102797122,11.840363102797122,11.494659395474747,11.520586967468262,2146000,0.0,0.0
2007-05-01 00:00:00-04:00,11.477373483762335,11.537872249054367,11.244023693764198,11.356377601623535,3679000,0.0,0.0
2007-05-02 00:00:00-04:00,11.278596569937852,11.866292986896488,10.846466439474508,11.840365409851074,4358500,0.0,0.0
2007-05-03 00:00:00-04:00,11.944076282685232,12.134213766739398,11.840365152534632,12.065073013305664,4434800,0.0,0.0
2007-05-04 00:00:00-04:00,12.272496218309454,12.350279777965666,11.92679242452947,11.987290382385254,3395600,0.0,0.0
2007-05-07 00:00:00-04:00,12.021859551533327,12.177426655184947,11.978646375605347,12.0045747756958,3298000,0.0,0.0
2007-05-08 00:00:00-04:00,12.039143830961663,12.039143830961663,11.736652456870317,11.892219543457031,2651600,0.0,0.0
2007-05-09 00:00:00-04:00,11.779865192289497,12.125568900557377,11.658868482284412,11.728009223937988,3489600,0.0,0.0
2007-05-10 00:00:00-04:00,11.563801047885368,11.632941794796452,11.295880035437882,11.339093208312988,3230500,0.0,0.0
2007-05-11 00:00:00-04:00,11.486017276855717,11.736652685560937,11.460089703326958,11.667511940002441,3329800,0.0,0.0
2007-05-14 00:00:00-04:00,11.719368866291259,12.505845529275959,10.803252676653061,11.460090637207031,4591900,0.0,0.0
2007-05-15 00:00:00-04:00,11.555159317056521,11.693440823666597,11.408235010227617,11.468733787536621,3159300,0.0,0.0
2007-05-16 00:00:00-04:00,11.382307339362413,11.451448092093836,11.123029104508182,11.235383033752441,4196600,0.0,0.0
2007-05-17 00:00:00-04:00,11.157601742771277,11.235385311418307,10.976107024002525,11.1403169631958,3733300,0.0,0.0
2007-05-18 00:00:00-04:00,11.261309342693368,11.425519230118429,11.14895542609272,11.304522514343262,3022700,0.0,0.0
2007-05-21 00:00:00-04:00,11.252668287725484,11.563801665441195,11.23538268796323,11.434162139892578,2343800,0.0,0.0
2007-05-22 00:00:00-04:00,11.434162167578831,11.460090567284995,11.19216953988066,11.200812339782715,2981700,0.0,0.0
2007-05-23 00:00:00-04:00,11.304523784780162,11.555159219449493,11.304523784780162,11.442805290222168,3815800,0.0,0.0
2007-05-24 00:00:00-04:00,11.399593690712315,11.434164071855212,10.967463514314652,11.045247077941895,3936800,0.0,0.0
2007-05-25 00:00:00-04:00,11.174883772099024,11.226738918461685,10.984746312249655,11.123027801513672,2986000,0.0,0.0
2007-05-29 00:00:00-04:00,11.321807430377183,11.382305372507476,11.002030473973118,11.027958869934082,3667600,0.0,0.0
2007-05-30 00:00:00-04:00,10.889677270047653,11.114384263042675,10.829178504352045,10.898319244384766,5815400,0.0,0.0
2007-05-31 00:00:00-04:00,11.148955203923872,11.537872916800142,11.105742857357779,11.529230117797852,5235500,0.0,0.0
2007-06-01 00:00:00-04:00,11.788507683888596,12.047785046222405,11.728008918351092,11.797149658203125,6142200,0.0,0.0
2007-06-04 00:00:00-04:00,11.676155409537953,11.805794108846536,11.624299435280872,11.710725784301758,4566700,0.0,0.0
2007-06-05 00:00:00-04:00,11.624301026578797,11.702084586501154,11.54651746665644,11.5724458694458,3443100,0.0,0.0
2007-06-06 00:00:00-04:00,11.529233948669088,11.650229878014306,11.365024009953503,11.607017517089844,3167600,0.0,0.0
2007-06-07 00:00:00-04:00,11.4946619283577,11.59837306340747,11.097102165222168,11.097102165222168,4932900,0.0,0.0
2007-06-08 00:00:00-04:00,11.027960492504029,11.183526770045425,10.794609839857786,11.071173667907715,4844700,0.0,0.0
2007-06-11 00:00:00-04:00,11.148955374695003,11.28723768818171,11.079814630062994,11.123027801513672,2430700,0.0,0.0
2007-06-12 00:00:00-04:00,10.993390724335404,11.166242611276267,10.829180813574476,10.855109214782715,3151500,0.0,0.0
2007-06-13 00:00:00-04:00,10.846462850663652,11.002029085686145,10.785964091944727,10.837820053100586,4081400,0.0,0.0
2007-06-14 00:00:00-04:00,10.82918080588095,11.071174271649047,10.82918080588095,11.062531471252441,4635400,0.0,0.0
2007-06-15 00:00:00-04:00,11.19216863753604,11.520587589331152,11.114385093134212,11.382306098937988,4070700,0.0,0.0
2007-06-18 00:00:00-04:00,11.468732088485776,11.50330246001682,11.321807803423168,11.373662948608398,2399500,0.0,0.0
2007-06-19 00:00:00-04:00,11.373663650324257,11.47737477131601,11.33909327666034,11.390949249267578,2781300,0.0,0.0
2007-06-20 00:00:00-04:00,11.295879034416219,11.399590145592141,10.993388499542109,11.027958869934082,3520600,0.0,0.0
2007-06-21 00:00:00-04:00,11.045245268131843,11.10574404338611,10.803252639783077,11.071173667907715,2913000,0.0,0.0
2007-06-22 00:00:00-04:00,11.079815187823707,11.166241535075786,10.785966596233912,10.932890892028809,3284300,0.0,0.0
2007-06-25 00:00:00-04:00,10.80325385763572,10.846467037910834,10.5958315813826,10.639044761657715,3349900,0.0,0.0
2007-06-26 00:00:00-04:00,10.50940576569531,10.604474932074021,9.94763686566234,10.111845970153809,7671000,0.0,0.0
2007-06-27 00:00:00-04:00,10.068629292010016,10.172341223729685,9.964918184512962,10.042701721191406,6091800,0.0,0.0
2007-06-28 00:00:00-04:00,10.155057196390015,10.22419794540634,9.783425052260208,9.930349349975586,5849300,0.0,0.0
2007-06-29 00:00:00-04:00,9.964920141496792,10.13777202127113,9.938992565586336,10.094559669494629,4221500,0.0,0.0
2007-07-02 00:00:00-04:00,10.189625907472962,10.53532959611952,10.189625907472962,10.526687622070312,3617700,0.0,0.0
2007-07-03 00:00:00-04:00,10.431621661181737,10.66497234013364,10.353838101531101,10.639044761657715,3050800,0.0,0.0
2007-07-05 00:00:00-04:00,10.630401291197085,10.742755223146572,10.50076175853715,10.699542045593262,3537200,0.0,0.0
2007-07-06 00:00:00-04:00,10.760038480084283,11.131670600648347,10.716825308633604,11.123027801513672,4433100,0.0,0.0
2007-07-09 00:00:00-04:00,11.373664822732271,11.486018754777232,11.21809771309728,11.399592399597168,4277700,0.0,0.0
2007-07-10 00:00:00-04:00,11.42552051415331,11.494661266874314,11.287239008711305,11.442805290222168,4311900,0.0,0.0
2007-07-11 00:00:00-04:00,11.365020812884127,11.451447158866548,11.261309692238855,11.313165664672852,3151500,0.0,0.0
2007-07-12 00:00:00-04:00,11.4687340663456,11.76258186292416,11.451448465487724,11.632943153381348,3969500,0.0,0.0
2007-07-13 00:00:00-04:00,11.684797538503416,11.745295484811423,11.581085595942973,11.667511940002441,2366300,0.0,0.0
2007-07-16 00:00:00-04:00,11.667512238578917,11.702082612242835,11.218096556725268,11.390949249267578,2719900,0.0,0.0
2007-07-17 00:00:00-04:00,11.39095112180191,11.477376658057654,11.330452339777747,11.416878700256348,2909900,0.0,0.0
2007-07-18 00:00:00-04:00,11.408234170095833,12.246566772460938,11.365020996406814,12.246566772460938,6397800,0.0,0.0
2007-07-19 00:00:00-04:00,12.272493111986394,12.358919450667223,12.090998460134777,12.289778709411621,5199900,0.0,0.0
2007-07-20 00:00:00-04:00,12.350276903982273,12.350276903982273,12.134211877093694,12.272493362426758,3272400,0.0,0.0
2007-07-23 00:00:00-04:00,12.237926555867428,12.281139738677204,12.082359427441398,12.186071395874023,2419500,0.0,0.0
2007-07-24 00:00:00-04:00,12.358919353380601,12.419417295447365,11.823078200756385,11.900861740112305,3106000,0.0,0.0
2007-07-25 00:00:00-04:00,11.676157285885488,11.970005930710407,11.494662583153795,11.918149948120117,4375900,0.0,0.0
2007-07-26 00:00:00-04:00,11.650226301508042,11.676154699170496,11.28723780068338,11.589728355407715,5763100,0.0,0.0
2007-07-27 00:00:00-04:00,11.477375342866338,11.71072599488522,11.19216953988066,11.200812339782715,4126700,0.0,0.0
2007-07-30 00:00:00-04:00,11.295882009252658,11.710727387430941,11.209456472623375,11.5724458694458,3312600,0.0,0.0
2007-07-31 00:00:00-04:00,11.710725595827473,11.719368395435012,11.183526358885839,11.218096733093262,4921700,0.0,0.0
2007-08-01 00:00:00-04:00,10.976107676100938,11.23538597892063,10.794612946549453,10.9242525100708,5721900,0.0,0.0
2007-08-02 00:00:00-04:00,10.924250287145634,11.062531800718403,10.794610750004036,10.889679908752441,4593200,0.0,0.0
2007-08-03 00:00:00-04:00,10.950177762748893,11.097102075605259,10.794610649319136,10.967462539672852,4739900,0.0,0.0
2007-08-06 00:00:00-04:00,11.07117547608235,11.07117547608235,10.647687277028302,10.863752365112305,2731800,0.0,0.0
2007-08-07 00:00:00-04:00,10.80325257544424,11.123028752770658,10.751396600424092,11.019317626953125,4410900,0.0,0.0
2007-08-08 00:00:00-04:00,11.21809589322908,11.442803720865522,11.183525521609832,11.347735404968262,4379300,0.0,0.0
2007-08-09 00:00:00-04:00,10.88967917591845,11.29588088864692,10.811895623712596,11.002032279968262,4877900,0.0,0.0
2007-08-10 00:00:00-04:00,11.088460970206711,11.468736011343163,11.002034599705803,11.32181167602539,4467700,0.0,0.0
2007-08-13 00:00:00-04:00,11.451448060729257,11.451448060729257,10.898321216170057,10.950177192687988,3148200,0.0,0.0
2007-08-14 00:00:00-04:00,10.855106796163799,10.976102677951987,10.431618737237255,10.50940227508545,5043200,0.0,0.0
2007-08-15 00:00:00-04:00,10.241484862109846,10.371123577134892,9.420436919541721,9.47229290008545,7520200,0.0,0.0
2007-08-16 00:00:00-04:00,9.264870910445381,9.541433950564599,8.53024930485012,9.42908000946045,15563300,0.0,0.0
2007-08-17 00:00:00-04:00,9.938989299201182,10.103198324964863,9.550072491468246,9.7747802734375,6444900,0.0,0.0
2007-08-20 00:00:00-04:00,9.947633641611276,10.05998755004829,9.705640227644185,9.92170524597168,4290300,0.0,0.0
2007-08-21 00:00:00-04:00,9.852564231292805,9.982203733207712,9.740211150211541,9.96491813659668,2777300,0.0,0.0
2007-08-22 00:00:00-04:00,10.085917500612354,10.31926734685471,10.085917500612354,10.163701057434082,3533700,0.0,0.0
2007-08-23 00:00:00-04:00,10.414333444557942,10.440261014472,9.887134302895719,9.904419898986816,2552800,0.0,0.0
2007-08-24 00:00:00-04:00,9.89577688006048,10.224195780457483,9.869849310725144,10.155055046081543,2280600,0.0,0.0
2007-08-27 00:00:00-04:00,10.129129912070908,10.129129912070908,9.455006353493566,9.887136459350586,1892300,0.0,0.0
2007-08-28 00:00:00-04:00,9.76614180883546,10.016777269384896,9.610574687038268,9.636502265930176,2905700,0.0,0.0
2007-08-29 00:00:00-04:00,9.843922304544375,10.051344519538482,9.731568398700245,10.042701721191406,1959400,0.0,0.0
2007-08-30 00:00:00-04:00,9.904423647799602,10.267413060877825,9.887138045165925,10.137773513793945,2914300,0.0,0.0
2007-08-31 00:00:00-04:00,10.431619752607915,10.630400015815374,10.362479006506897,10.561259269714355,3155300,0.0,0.0
2007-09-04 00:00:00-04:00,10.673611367659777,11.019315039200572,10.578542239819134,10.846463203430176,3817000,0.0,0.0
2007-09-05 00:00:00-04:00,10.690897941589355,10.95017615107002,10.630399994925527,10.690897941589355,2614600,0.0,0.0
2007-09-06 00:00:00-04:00,10.83782305224944,11.460090637207031,10.794609876698274,11.460090637207031,7622200,0.0,0.0
2007-09-07 00:00:00-04:00,11.68479809124552,11.736653240756016,11.252667998951933,11.269952774047852,7303600,0.0,0.0
2007-09-10 00:00:00-04:00,11.529229766206985,11.745294789339132,11.23538120287164,11.520586967468262,4532300,0.0,0.0
2007-09-11 00:00:00-04:00,11.607014701816903,12.004574425143979,11.555158727373044,11.995931625366211,5083800,0.0,0.0
2007-09-12 00:00:00-04:00,11.857652572711581,12.047789261721837,11.805796587566926,12.013218879699707,3787600,0.0,0.0
2007-09-13 00:00:00-04:00,11.849010458163788,12.246570286580528,11.814440074137245,12.030505180358887,3449700,0.0,0.0
2007-09-14 00:00:00-04:00,12.1860694552151,12.358921334704245,11.736653744320542,12.0045747756958,3697100,0.0,0.0
2007-09-17 00:00:00-04:00,12.203353846616645,12.307064971042974,11.995931597763986,12.125570297241211,3439200,0.0,0.0
2007-09-18 00:00:00-04:00,12.168783920687739,12.661411985940466,11.762581383533627,12.471275329589844,5733000,0.0,0.0
2007-09-19 00:00:00-04:00,12.652771929215987,12.81698103446598,12.44534881702796,12.57498836517334,4794700,0.0,0.0
2007-09-20 00:00:00-04:00,12.972548393683269,13.205898265745901,12.86019444631129,13.128114700317383,7415900,0.0,0.0
2007-09-21 00:00:00-04:00,13.249108291058713,13.396032585352005,13.015758474619366,13.37874698638916,7441800,0.0,0.0
2007-09-24 00:00:00-04:00,13.292320427899618,13.33553359771487,12.963901491215442,12.989829063415527,7169700,0.0,0.0
2007-09-25 00:00:00-04:00,12.713268247081093,12.791051801068916,12.523130762246725,12.739195823669434,5003100,0.0,0.0
2007-09-26 00:00:00-04:00,12.912046377175926,13.128111416329773,12.367563203824218,12.626840591430664,4330900,0.0,0.0
2007-09-27 00:00:00-04:00,12.894762959853963,13.015759691235584,12.670055097669298,12.920690536499023,5084300,0.0,0.0
2007-09-28 00:00:00-04:00,13.300963513538855,13.300963513538855,12.894761027272114,12.946616172790527,6395500,0.0,0.0
2007-10-01 00:00:00-04:00,12.877476155584773,13.41331818431485,12.730551861291481,13.37874698638916,5496800,0.0,0.0
2007-10-02 00:00:00-04:00,12.929329103615864,12.937971901075425,12.549055081842983,12.704621315002441,5812800,0.0,0.0
2007-10-03 00:00:00-04:00,12.85154917803387,12.903405153107247,12.644126926185885,12.72191047668457,4785200,0.0,0.0
2007-10-04 00:00:00-04:00,12.574987421948434,12.929334010032406,12.47127628574504,12.860193252563477,3154900,0.0,0.0
2007-10-05 00:00:00-04:00,12.868836961718607,13.283681535816209,12.834266580543806,13.171327590942383,3643800,0.0,0.0
2007-10-08 00:00:00-04:00,12.920692462688589,13.102187174706467,12.791053735914215,12.998476028442383,2004600,0.0,0.0
2007-10-09 00:00:00-04:00,12.989829813957842,13.214537650602459,12.920689067947606,13.188610076904297,3398100,0.0,0.0
2007-10-10 00:00:00-04:00,13.387392690431218,13.646670961568466,13.35282230922778,13.534317016601562,7122200,0.0,0.0
2007-10-11 00:00:00-04:00,13.784950257739405,14.381289443143013,13.577528004053173,13.88866138458252,8625200,0.0,0.0
2007-10-12 00:00:00-04:00,13.91458904091221,14.277578377577589,13.80223512011362,14.147939682006836,5036600,0.0,0.0
2007-10-15 00:00:00-04:00,14.441786016518153,14.830703735351562,14.364004121196851,14.830703735351562,6549000,0.0,0.0
2007-10-16 00:00:00-04:00,14.822063706663823,14.822063706663823,14.208439689415677,14.312150001525879,5394800,0.0,0.0
2007-10-17 00:00:00-04:00,14.562787257569756,14.649213622439216,13.8800207883914,14.026945114135742,4290300,0.0,0.0
2007-10-18 00:00:00-04:00,14.34671950607144,14.78749240147255,14.320791106890612,14.778849601745605,5992000,0.0,0.0
2007-10-19 00:00:00-04:00,14.934415653468273,14.951699603265558,14.441785994224622,14.623281478881836,4974500,0.0,0.0
2007-10-22 00:00:00-04:00,14.009657760185751,14.415861129760744,13.966445407375712,14.415861129760742,4319200,0.0,0.0
2007-10-23 00:00:00-04:00,14.718352950281156,14.79613650623876,14.50228788338684,14.787493705749512,3800400,0.0,0.0
2007-10-24 00:00:00-04:00,14.718352940529064,14.994915962219238,14.398575916421274,14.994915962219238,5152500,0.0,0.0
2007-10-25 00:00:00-04:00,15.150483035478828,15.26283614458745,15.046771078386104,15.124554634094238,4618700,0.0,0.0
2007-10-26 00:00:00-04:00,15.444331686488162,15.911031373170685,15.444331686488162,15.902388572692871,5407400,0.0,0.0
2007-10-29 00:00:00-04:00,16.127095083581697,16.63700872977244,16.127095083581697,16.585153579711914,6544800,0.0,0.0
2007-10-30 00:00:00-04:00,16.144386148727996,16.4900900135779,16.075245375758012,16.403663635253906,4583300,0.0,0.0
2007-10-31 00:00:00-04:00,16.481441061824995,17.03456703921856,16.377730765286422,17.00864028930664,6767500,0.0,0.0
2007-11-01 00:00:00-04:00,16.714794022557324,17.025928252264976,16.507371752234114,16.818504333496094,6343700,0.0,0.0
2007-11-02 00:00:00-04:00,17.138277759089746,17.75190328878608,16.74071890336858,17.622262954711914,8022500,0.0,0.0
2007-11-05 00:00:00-05:00,17.388919608124727,17.872904960395513,17.233352475640512,17.544485092163086,4749400,0.0,0.0
2007-11-06 00:00:00-05:00,18.149466207804714,18.313676125535363,17.9679723369806,18.011184692382812,6117400,0.0,0.0
2007-11-07 00:00:00-05:00,18.408740888022006,18.408740888022006,17.241990981943143,17.293846130371094,8479400,0.0,0.0
2007-11-08 00:00:00-05:00,16.21352017400717,16.7752889266489,15.876459252111205,16.446870803833008,12747900,0.0,0.0
2007-11-09 00:00:00-05:00,16.204876649317956,16.317229735437298,15.850530145128495,16.2221622467041,6073400,0.0,0.0
2007-11-12 00:00:00-05:00,15.876464410438802,15.876464410438802,15.020845156416563,15.038130760192871,6947400,0.0,0.0
2007-11-13 00:00:00-05:00,15.141842453835638,15.522115839192724,14.908491752517056,15.340621948242188,5863800,0.0,0.0
2007-11-14 00:00:00-05:00,15.755462200193262,15.962884439187098,15.357903320899766,15.383830070495605,5184700,0.0,0.0
2007-11-15 00:00:00-05:00,15.124553052681685,15.159124250913065,14.545498669869767,14.718351364135742,5075900,0.0,0.0
2007-11-16 00:00:00-05:00,14.908488690921272,15.159124944225402,14.666495237570272,15.072698593139648,5793200,0.0,0.0
2007-11-19 00:00:00-05:00,15.072700354245406,15.072700354245406,14.476360275366977,14.605998992919922,6033500,0.0,0.0
2007-11-20 00:00:00-05:00,14.778847643365337,15.573966979980469,14.778847643365337,15.573966979980469,7164000,0.0,0.0
2007-11-21 00:00:00-05:00,15.686317251289411,15.686317251289411,14.968981582119108,15.323328018188477,4510300,0.0,0.0
2007-11-23 00:00:00-05:00,15.781391285906636,16.18759298224741,15.565326238150707,16.092525482177734,2561200,0.0,0.0
2007-11-26 00:00:00-05:00,16.403655068410526,16.403655068410526,15.452968700236706,15.478897094726562,4497500,0.0,0.0
2007-11-27 00:00:00-05:00,15.003558312126293,15.27147852528695,14.873917957212358,15.167766571044922,4385200,0.0,0.0
2007-11-28 00:00:00-05:00,14.9949148090249,15.729536309171374,14.934416858738516,15.712250709533691,3893700,0.0,0.0
2007-11-29 00:00:00-05:00,15.660397736952124,15.807322057414131,15.228267576586893,15.487545013427734,4569000,0.0,0.0
2007-11-30 00:00:00-05:00,15.49618685114409,15.617182761022134,14.79613649643513,14.994915962219238,4707500,0.0,0.0
2007-12-03 00:00:00-05:00,14.79613492381133,15.539397553493764,14.79613492381133,15.470256805419922,3802700,0.0,0.0
2007-12-04 00:00:00-05:00,15.617182129560671,15.66039613023098,15.228266014201319,15.418402671813965,3608900,0.0,0.0
2007-12-05 00:00:00-05:00,15.141836212218523,15.54803783531924,15.141836212218523,15.349258422851562,3487100,0.0,0.0
2007-12-06 00:00:00-05:00,15.12455510047011,15.9110318338189,15.12455510047011,15.729537963867188,4489400,0.0,0.0
2007-12-07 00:00:00-05:00,15.87645681099536,15.928311949057335,15.496181952168943,15.919669151306152,4030300,0.0,0.0
2007-12-10 00:00:00-05:00,16.161668120516175,16.351804791324412,15.954244199794502,16.01474380493164,3081700,0.0,0.0
2007-12-11 00:00:00-05:00,16.075240382214883,16.291305436684315,15.392474018837614,15.435688018798828,3812600,0.0,0.0
2007-12-12 00:00:00-05:00,15.807319455523173,16.109809199232313,15.60853836165585,15.962884902954102,4608200,0.0,0.0
2007-12-13 00:00:00-05:00,15.859175587977688,15.867818388111749,15.245549966023871,15.418402671813965,4186600,0.0,0.0
2007-12-14 00:00:00-05:00,15.06406009867598,15.366551589709049,14.839352181007014,14.882564544677734,4951100,0.0,0.0
2007-12-17 00:00:00-05:00,14.683781218134314,14.718352418843043,13.836806582117413,13.89730453491211,5775700,0.0,0.0
2007-12-18 00:00:00-05:00,14.329433656473807,14.459072353223902,13.759022072017014,14.23436450958252,4644600,0.0,0.0
2007-12-19 00:00:00-05:00,14.044230483469683,14.571429816813346,14.00965927871794,14.122014045715332,3067300,0.0,0.0
2007-12-20 00:00:00-05:00,14.182503945824143,14.251644667589945,13.8540859295478,14.165218353271484,3803800,0.0,0.0
2007-12-21 00:00:00-05:00,14.510928679326854,15.444329573431855,14.502285880031527,15.375188827514648,6890700,0.0,0.0
2007-12-24 00:00:00-05:00,15.720896644246688,15.720896644246688,15.39247677942273,15.409762382507324,2463000,0.0,0.0
2007-12-26 00:00:00-05:00,15.634467159609622,15.902387360211685,15.435687709112784,15.712250709533691,2340400,0.0,0.0
2007-12-27 00:00:00-05:00,15.90238457050619,15.9888109050876,15.375187061605512,15.4616117477417,3247100,0.0,0.0
2007-12-28 00:00:00-05:00,15.911028087534701,16.265374591724164,15.764103806643073,16.2221622467041,3299200,0.0,0.0
2007-12-31 00:00:00-05:00,16.075241285357887,16.334518705909773,15.815962216360363,15.902388572692871,2295100,0.0,0.0
2008-01-02 00:00:00-05:00,16.325870985539986,17.56176305784868,16.325870985539986,17.414838790893555,7918200,0.0,0.0
2008-01-03 00:00:00-05:00,17.267920219439368,18.088968155309786,17.267920219439368,17.98525619506836,7487600,0.0,0.0
2008-01-04 00:00:00-05:00,17.71733856201172,17.924760864436394,17.362991922647158,17.71733856201172,6131300,0.0,0.0
2008-01-07 00:00:00-05:00,17.5531209117938,18.097605658912077,17.432125033965384,17.613618850708008,6084000,0.0,0.0
2008-01-08 00:00:00-05:00,18.14946241753759,19.39399744487629,18.14946241753759,18.426025390625,9224400,0.0,0.0
2008-01-09 00:00:00-05:00,18.417385131007226,18.71987654269541,17.890187509037553,18.702590942382812,8388300,0.0,0.0
2008-01-10 00:00:00-05:00,18.330955944941735,19.756986429880104,18.330955944941735,19.575490951538086,9251900,0.0,0.0
2008-01-11 00:00:00-05:00,19.445862440828094,20.059486642151168,19.342150449160687,19.903921127319336,9435600,0.0,0.0
2008-01-14 00:00:00-05:00,20.54346450903732,20.785456300130466,20.02490808056631,20.232330322265625,8765400,0.0,0.0
2008-01-15 00:00:00-05:00,20.22368731749942,20.336042060891018,19.022366228352723,19.29892921447754,8630000,0.0,0.0
2008-01-16 00:00:00-05:00,18.374174814560877,19.23843514460544,18.218607691401534,18.676666259765625,10200100,0.0,0.0
2008-01-17 00:00:00-05:00,18.93593819480245,19.14336041590288,17.88154149209728,17.993894577026367,7637000,0.0,0.0
2008-01-18 00:00:00-05:00,18.201320605522007,18.227249006750302,16.749363105649824,17.630908966064453,14041700,0.0,0.0
2008-01-22 00:00:00-05:00,16.25673189000805,18.711230686342294,16.196233947240955,18.668018341064453,10899400,0.0,0.0
2008-01-23 00:00:00-05:00,17.80376367667526,18.529742508136767,17.060499242453766,17.579055786132812,17117300,0.0,0.0
2008-01-24 00:00:00-05:00,18.166750161824275,19.48906723918268,18.149464561852724,19.4631404876709,19105400,0.0,0.0
2008-01-25 00:00:00-05:00,20.223685328253342,20.664458162201417,18.901368474854387,19.169288635253906,12243800,0.0,0.0
2008-01-28 00:00:00-05:00,19.445861299034682,19.912562761465637,19.013731047945022,19.480432510375977,6649000,0.0,0.0
2008-01-29 00:00:00-05:00,19.29029207107699,19.791563042513726,18.69395192711825,18.98780059814453,6269100,0.0,0.0
2008-01-30 00:00:00-05:00,18.953222325740313,19.73105600680323,18.71122892895501,19.419921875,7340200,0.0,0.0
2008-01-31 00:00:00-05:00,19.160650320837583,19.39400099020486,18.71123458319223,19.108795166015625,6990100,0.0,0.0
2008-02-01 00:00:00-05:00,19.437211166302195,19.566849863052287,18.711232486367102,18.97915267944336,6045700,0.0,0.0
2008-02-04 00:00:00-05:00,18.41738698583264,19.03965547219062,18.339603425037893,18.62480926513672,4933900,0.0,0.0
2008-02-05 00:00:00-05:00,18.080321663320856,18.59887806176852,17.846971036752603,18.088964462280273,6662000,0.0,0.0
2008-02-06 00:00:00-05:00,18.521102793448197,18.88409226967408,18.20996848569856,18.261823654174805,5194100,0.0,0.0
2008-02-07 00:00:00-05:00,18.227247772079227,18.45195562216642,17.933399171845636,18.063037872314453,5947000,0.0,0.0
2008-02-08 00:00:00-05:00,18.36552775578993,19.298928629911085,18.36552775578993,19.177932739257812,7765600,0.0,0.0
2008-02-11 00:00:00-05:00,19.264364788993245,19.843417664918828,18.832234596132338,19.748350143432617,6954900,0.0,0.0
2008-02-12 00:00:00-05:00,19.748346817971942,19.964411878018797,18.71987667058413,18.806303024291992,5749600,0.0,0.0
2008-02-13 00:00:00-05:00,18.57295424522412,19.47178577732309,18.417387122480395,19.37671661376953,6479900,0.0,0.0
2008-02-14 00:00:00-05:00,19.506350718995662,19.687846202079005,19.03965110960846,19.074220657348633,4889400,0.0,0.0
2008-02-15 00:00:00-05:00,19.22979222213353,19.480428507518667,18.79766205983839,19.14336585998535,5776600,0.0,0.0
2008-02-19 00:00:00-05:00,19.74835396404132,20.024917077226156,19.480433654199288,19.903921127319336,7421200,0.0,0.0
2008-02-20 00:00:00-05:00,19.83477447550841,20.44839849512386,19.705134112201986,20.422470092773438,6600400,0.0,0.0
2008-02-21 00:00:00-05:00,20.681745529815856,21.191659147148158,20.206401461085616,20.344684600830078,8080200,0.0,0.0
2008-02-22 00:00:00-05:00,20.22368695952395,20.439751994665112,19.43721036348574,19.9816951751709,7909300,0.0,0.0
2008-02-25 00:00:00-05:00,20.22368711764808,20.655817191309133,19.843412191261642,20.62989044189453,5388400,0.0,0.0
2008-02-26 00:00:00-05:00,20.647178103785237,21.191663017610157,20.465684231474064,21.096593856811523,5880600,0.0,0.0
2008-02-27 00:00:00-05:00,21.38179983721913,21.60650771527144,21.139806357367632,21.27808952331543,7323200,0.0,0.0
2008-02-28 00:00:00-05:00,21.26944428839874,21.943566196965282,21.234873088756597,21.857141494750977,5810100,0.0,0.0
2008-02-29 00:00:00-05:00,21.943562635964525,22.047274569615062,21.234869642762522,21.43364906311035,6121700,0.0,0.0
2008-03-03 00:00:00-05:00,21.934928432700058,22.64362335205078,21.909001675461923,22.64362335205078,9974300,0.0,0.0
2008-03-04 00:00:00-05:00,22.470765143324723,22.64361784226696,21.06202174619385,21.57193374633789,9076400,0.0,0.0
2008-03-05 00:00:00-05:00,21.995419403584975,23.196740371345655,21.960848209589862,22.84239387512207,8248600,0.0,0.0
2008-03-06 00:00:00-05:00,22.626334404125355,22.79918547113415,22.254702219810227,22.73868751525879,9247000,0.0,0.0
2008-03-07 00:00:00-05:00,22.738683586407806,22.781897582027625,21.47686458632598,21.70157241821289,6595600,0.0,0.0
2008-03-10 00:00:00-04:00,21.338587256833435,21.381799612431397,20.482969758117314,20.863243103027344,6107700,0.0,0.0
2008-03-11 00:00:00-04:00,21.26944239659982,22.18555767584142,21.113875308938056,22.116416931152344,5186100,0.0,0.0
2008-03-12 00:00:00-04:00,22.4707654907488,22.617689792587672,21.952209034350105,22.14234733581543,4219100,0.0,0.0
2008-03-13 00:00:00-04:00,22.695471993048475,23.01524732902935,22.660900795404363,22.807825088500977,8092000,0.0,0.0
2008-03-14 00:00:00-04:00,22.807827152361313,23.283171272308735,22.358413081438794,23.196744918823242,8063400,0.0,0.0
2008-03-17 00:00:00-04:00,22.764617367862897,23.680732861884508,21.900357032404006,22.358415603637695,9485500,0.0,0.0
2008-03-18 00:00:00-04:00,22.669547418625942,22.69547582123253,20.90645725252088,21.04473876953125,6891600,0.0,0.0
2008-03-19 00:00:00-04:00,20.603238135598897,20.637866220248938,18.845904118558224,19.02769660949707,12330500,0.04,0.0
2008-03-20 00:00:00-04:00,18.205294303149653,19.045005306330243,17.737825198529585,18.70738983154297,10321900,0.0,0.0
2008-03-24 00:00:00-04:00,18.88918934329641,19.18352148577145,18.187987075003807,18.326496124267578,6023800,0.0,0.0
2008-03-25 00:00:00-04:00,18.880526802091936,20.014571581772977,18.854557394920278,19.88471794128418,6882500,0.0,0.0
2008-03-26 00:00:00-04:00,20.404132025642678,20.404132025642678,19.694272787169538,20.10114288330078,5933000,0.0,0.0
2008-03-27 00:00:00-04:00,19.97129239484198,20.230998101519003,19.607705726420647,19.720245361328125,6002800,0.0,0.0
2008-03-28 00:00:00-04:00,19.529794179533354,19.86741143309767,19.114267030239866,19.720245361328125,3720300,0.0,0.0
2008-03-31 00:00:00-04:00,19.832783046628418,20.11845816386354,18.767994123402783,19.14023780822754,3950400,0.0,0.0
2008-04-01 00:00:00-04:00,18.33515179268939,18.61216987076669,17.94559408841945,18.586198806762695,6880200,0.0,0.0
2008-04-02 00:00:00-04:00,18.612173923545303,19.910697685653115,18.59485987710586,19.824129104614258,5163200,0.0,0.0
2008-04-03 00:00:00-04:00,19.737550420060543,19.99725603023562,19.417248980682707,19.607698440551758,4352800,0.0,0.0
2008-04-04 00:00:00-04:00,19.66830181962016,20.222339630126953,19.607704321086135,20.222339630126953,4535900,0.0,0.0
2008-04-07 00:00:00-04:00,20.58592539676693,20.845629422624405,20.07517271491035,20.248308181762695,3957500,0.0,0.0
2008-04-08 00:00:00-04:00,19.832774864890595,20.300243946331832,19.832774864890595,20.03188133239746,3517000,0.0,0.0
2008-04-09 00:00:00-04:00,19.971288772044648,20.533981891034994,19.936662341463826,20.37816047668457,3621300,0.0,0.0
2008-04-10 00:00:00-04:00,20.63786377160957,20.672490200993302,19.87606251127436,20.326217651367188,3018700,0.0,0.0
2008-04-11 00:00:00-04:00,20.30024932003721,20.412787285457163,19.53844801925128,19.694271087646484,3026900,0.0,0.0
2008-04-14 00:00:00-04:00,19.61635577281636,20.04053979327434,19.521130215781344,19.737550735473633,2978900,0.0,0.0
2008-04-15 00:00:00-04:00,19.997266710372543,20.603243488772687,19.997266710372543,20.53398895263672,4025300,0.0,0.0
2008-04-16 00:00:00-04:00,21.30443980651632,22.03161299808243,21.14861674387247,22.00564193725586,6403500,0.0,0.0
2008-04-17 00:00:00-04:00,21.789219784340634,21.962356874825904,21.217869697359976,21.56414222717285,4235900,0.0,0.0
2008-04-18 00:00:00-04:00,21.06205218105382,21.165934792875838,20.343535873689,20.620553970336914,6023600,0.0,0.0
2008-04-21 00:00:00-04:00,20.88025400630609,20.88025400630609,19.590386160795767,19.685611724853516,5405000,0.0,0.0
2008-04-22 00:00:00-04:00,19.53844524750406,20.08382590951893,19.313367697436075,19.391279220581055,5084200,0.0,0.0
2008-04-23 00:00:00-04:00,18.759329767826788,18.759329767826788,18.066784800166815,18.127382278442383,7338900,0.0,0.0
2008-04-24 00:00:00-04:00,17.876335077138506,17.876335077138506,16.621097019857917,16.776918411254883,12272900,0.0,0.0
2008-04-25 00:00:00-04:00,17.14050825075633,17.201107396505996,16.750952220741528,16.846176147460938,7015000,0.0,0.0
2008-04-28 00:00:00-04:00,17.062596423702896,17.330959111118,16.664383379653952,16.716323852539062,4705900,0.0,0.0
2008-04-29 00:00:00-04:00,16.318108168951326,16.38736267198182,15.660189564582863,15.720787048339844,6168300,0.0,0.0
2008-04-30 00:00:00-04:00,15.902588454965361,16.499908198773394,15.902588454965361,16.37005615234375,9476700,0.0,0.0
2008-05-01 00:00:00-04:00,15.876615442733865,16.447965698047057,15.582283292886686,16.119007110595703,7351800,0.0,0.0
2008-05-02 00:00:00-04:00,16.11900329761537,16.872145887299045,16.11900329761537,16.447961807250977,4073800,0.0,0.0
2008-05-05 00:00:00-04:00,17.183792436380738,17.23573290737489,16.673039793324484,17.071252822875977,5134900,0.0,0.0
2008-05-06 00:00:00-04:00,17.296330074495167,17.685887727543253,17.11453760384457,17.183792114257812,4060400,0.0,0.0
2008-05-07 00:00:00-04:00,16.75095225477435,16.993342233633918,16.42199206752509,16.560501098632812,5906100,0.0,0.0
2008-05-08 00:00:00-04:00,16.7855830994197,17.460816041937598,16.70767154254616,17.39156150817871,5837200,0.0,0.0
2008-05-09 00:00:00-04:00,17.833056489479816,17.833056489479816,16.86349154460339,17.36558723449707,4060600,0.0,0.0
2008-05-12 00:00:00-04:00,17.114537488259103,17.348272078509392,16.81154838806329,17.06259536743164,4015000,0.0,0.0
2008-05-13 00:00:00-04:00,16.77691551723909,17.175130074092905,16.569152046724735,17.03662109375,3730800,0.0,0.0
2008-05-14 00:00:00-04:00,17.0539423827773,17.21842083492018,16.699012763288785,16.74229621887207,2777400,0.0,0.0
2008-05-15 00:00:00-04:00,17.079905893327776,17.486777500302416,17.062591856614514,17.348268508911133,5173700,0.0,0.0
2008-05-16 00:00:00-04:00,18.162012383510355,18.222609874071782,17.789768768738412,17.91962242126465,6425500,0.0,0.0
2008-05-19 00:00:00-04:00,18.179330735627424,18.317839790091934,17.703206067300453,17.971567153930664,3432900,0.0,0.0
2008-05-20 00:00:00-04:00,18.265894100094183,18.560226169710653,17.763798508011565,18.51694107055664,4548400,0.0,0.0
2008-05-21 00:00:00-04:00,18.51693767058691,19.036347206960247,18.404399735765427,18.482311248779297,6215800,0.0,0.0
2008-05-22 00:00:00-04:00,18.369777271347015,18.58619783998231,17.556037122111995,18.032161712646484,5081000,0.0,0.0
2008-05-23 00:00:00-04:00,18.205299318524904,18.52560084408663,17.711859021768984,17.79842758178711,3517400,0.0,0.0
2008-05-27 00:00:00-04:00,17.279018076369358,17.538723759482853,17.07991154179292,17.43484115600586,3160700,0.0,0.0
2008-05-28 00:00:00-04:00,17.131858508680253,17.60798325215161,16.967378361360257,17.538728713989258,4032200,0.0,0.0
2008-05-29 00:00:00-04:00,17.01931615052974,17.356931764082965,16.898121140773846,16.984689712524414,4483800,0.0,0.0
2008-05-30 00:00:00-04:00,17.261708348385003,17.400217406952812,17.088571199596128,17.287677764892578,3254500,0.0,0.0
2008-06-02 00:00:00-04:00,17.348275103994492,17.61663617044,17.19245201665257,17.408872604370117,3415500,0.0,0.0
2008-06-03 00:00:00-04:00,17.105881808880632,17.44349736493264,16.77692162248718,16.802892684936523,3815600,0.0,0.0
2008-06-04 00:00:00-04:00,16.898115587029327,16.967370091436923,16.300794454540306,16.378705978393555,3758300,0.0,0.0
2008-06-05 00:00:00-04:00,16.266174125944065,16.95006240695735,16.179605550191457,16.880807876586914,4953200,0.0,0.0
2008-06-06 00:00:00-04:00,17.29632844629335,17.694543082051606,17.227073942399432,17.27035903930664,5007800,0.0,0.0
2008-06-09 00:00:00-04:00,17.270361522347365,17.68588860545316,17.149164884739786,17.530065536499023,4373100,0.0,0.0
2008-06-10 00:00:00-04:00,17.071249784001264,17.235729839220873,16.006461236797623,16.231538772583008,9355500,0.0,0.0
2008-06-11 00:00:00-04:00,16.690356944415985,16.91543456221262,16.439308260703466,16.603788375854492,7389400,0.0,0.0
2008-06-12 00:00:00-04:00,16.110347872116016,16.196914779796582,15.729447203921403,15.807358741760254,6767900,0.0,0.0
2008-06-13 00:00:00-04:00,15.876611124704672,16.041091199275083,15.556307995399946,15.66019058227539,5921400,0.0,0.0
2008-06-16 00:00:00-04:00,16.196919107141948,16.2748306657965,15.96318608233666,16.04109764099121,3474400,0.0,0.0
2008-06-17 00:00:00-04:00,16.032433882911086,16.430646881060117,15.980491764855207,16.38736343383789,3171800,0.0,0.0
2008-06-18 00:00:00-04:00,16.491250206027168,16.65573033578629,16.240203151176324,16.59513282775879,3362800,0.0,0.0
2008-06-19 00:00:00-04:00,17.010658328606375,17.19245248585265,16.59513118512644,16.681699752807617,4417800,0.0,0.0
2008-06-20 00:00:00-04:00,16.673039342650785,17.071252361438543,16.673039342650785,16.976028442382812,5091500,0.0,0.0
2008-06-23 00:00:00-04:00,16.638414189308175,17.47812712639341,16.621101797170887,17.408872604370117,3339600,0.0,0.0
2008-06-24 00:00:00-04:00,17.47812686306315,17.66857638296833,17.149166650040176,17.36558723449707,3640200,0.0,0.0
2008-06-25 00:00:00-04:00,17.521411365813453,17.530068387847663,16.62975791018749,17.304990768432617,5103300,0.0,0.0
2008-06-26 00:00:00-04:00,17.876340376190893,19.46919604822627,17.876340376190893,19.339344024658203,10731500,0.0,0.0
2008-06-27 00:00:00-04:00,19.512482397110524,20.43010529329679,19.512482397110524,20.187713623046875,8220600,0.0,0.0
2008-06-30 00:00:00-04:00,20.334874353904787,20.845626975810337,19.57307475662541,20.438756942749023,7649700,0.0,0.0
2008-07-01 00:00:00-04:00,20.880260640257436,21.12265066045855,20.60324087963617,20.802349090576172,7678800,0.0,0.0
2008-07-02 00:00:00-04:00,20.49935760212259,20.932198762129712,19.867409904790108,20.057859420776367,6379300,0.0,0.0
2008-07-03 00:00:00-04:00,19.33934651837129,19.84144228509316,19.06232839206381,19.806814193725586,4656600,0.0,0.0
2008-07-07 00:00:00-04:00,19.06232464194338,19.51247983421339,18.993070123990915,19.27008819580078,5663200,0.0,0.0
2008-07-08 00:00:00-04:00,18.984407286658126,19.131573298615066,18.612163747522484,19.062318801879883,5281600,0.0,0.0
2008-07-09 00:00:00-04:00,19.122921916586467,19.82412410910335,18.845903847995004,18.94112777709961,4970600,0.0,0.0
2008-07-10 00:00:00-04:00,19.477850395234665,19.77218248885528,19.045009275340558,19.486507415771484,7147700,0.0,0.0
2008-07-11 00:00:00-04:00,20.369501575216198,20.77637159112565,19.850091955206523,20.17905044555664,10450700,0.0,0.0
2008-07-14 00:00:00-04:00,20.438760326692968,21.365040155019546,20.066516660844044,21.209217071533203,6555300,0.0,0.0
2008-07-15 00:00:00-04:00,21.659369019807368,21.953701099621814,20.29159121114638,20.611892700195312,9955600,0.0,0.0
2008-07-16 00:00:00-04:00,20.508010131926003,20.75905709114525,19.573073497120895,19.88471794128418,5177000,0.0,0.0
2008-07-17 00:00:00-04:00,19.67695589408315,20.620549618630392,19.21814538752049,19.59038734436035,7439000,0.0,0.0
2008-07-18 00:00:00-04:00,19.503822176466194,20.118455796837836,19.443223030472545,19.625017166137695,4069700,0.0,0.0
2008-07-21 00:00:00-04:00,19.971292089894646,20.594584455475772,19.486510423121178,20.412790298461914,4349900,0.0,0.0
2008-07-22 00:00:00-04:00,20.715771764318752,20.845623741860766,19.278739690384537,19.521129608154297,6219600,0.0,0.0
2008-07-23 00:00:00-04:00,19.33934596026198,19.46919799682646,17.789773590605623,17.94559669494629,9426400,0.0,0.0
2008-07-24 00:00:00-04:00,17.478125651050664,17.486782671967585,15.668849558361782,15.928553581237793,16370400,0.0,0.0
2008-07-25 00:00:00-04:00,16.058401404750743,16.44795898862862,15.798697449603807,16.144969940185547,7290700,0.0,0.0
2008-07-28 00:00:00-04:00,16.292136112050855,16.846172102319727,15.91123554316226,16.309450149536133,6485800,0.0,0.0
2008-07-29 00:00:00-04:00,16.34407948466954,16.38736458609297,15.642877353187844,15.781386375427246,5323000,0.0,0.0
2008-07-30 00:00:00-04:00,15.495714722139018,16.188261636962206,15.080187563939996,16.119007110595703,8085800,0.0,0.0
2008-07-31 00:00:00-04:00,16.595131764005945,16.595131764005945,15.61691137321275,15.712135314941406,5564400,0.0,0.0
2008-08-01 00:00:00-04:00,15.547652233568419,16.032435476668738,15.391830817383854,15.504368782043457,6767100,0.0,0.0
2008-08-04 00:00:00-04:00,15.305263769234271,15.88527099299455,15.062872123832452,15.210038185119629,6061000,0.0,0.0
2008-08-05 00:00:00-04:00,14.777192192802659,14.777192192802659,14.119273642741634,14.370322227478027,12574100,0.0,0.0
2008-08-06 00:00:00-04:00,14.630029880070655,15.036901599465072,14.370325862244416,14.777195930480957,6782200,0.0,0.0
2008-08-07 00:00:00-04:00,14.941675391629442,14.967646452778855,14.318384784463797,14.335697174072266,7073700,0.0,0.0
2008-08-08 00:00:00-04:00,13.91151432697139,13.9807688450752,13.435389721402453,13.625839233398438,7812800,0.0,0.0
2008-08-11 00:00:00-04:00,13.625841090559522,13.625841090559522,12.630306637944697,13.028520584106445,9346900,0.0,0.0
2008-08-12 00:00:00-04:00,13.201655089617631,13.599868981081714,12.86403869503537,13.236282348632812,9195300,0.0,0.0
2008-08-13 00:00:00-04:00,13.331505508798397,14.378981826181354,13.262250999057539,14.283756256103516,11348600,0.0,0.0
2008-08-14 00:00:00-04:00,14.283758461024663,14.517493086664807,13.366134826940437,13.470017433166504,6856600,0.0,0.0
2008-08-15 00:00:00-04:00,13.141057724341126,13.158370941232617,12.682245505821319,12.933293342590332,7419600,0.0,0.0
2008-08-18 00:00:00-04:00,13.305535974203414,13.53061355549466,13.097772434047918,13.340163230895996,5141600,0.0,0.0
2008-08-19 00:00:00-04:00,13.05448763585411,13.954797925092631,13.05448763585411,13.63449478149414,6757700,0.0,0.0
2008-08-20 00:00:00-04:00,13.90285730581367,14.050023363179008,13.288223664037117,13.625839233398438,7152400,0.0,0.0
2008-08-21 00:00:00-04:00,14.56077564460492,15.106156404124802,14.41360959137107,14.907048225402832,9989200,0.0,0.0
2008-08-22 00:00:00-04:00,14.638686555647887,14.829136054152587,14.16256198380722,14.378982543945312,5202600,0.0,0.0
2008-08-25 00:00:00-04:00,14.257784474499157,14.733910649644503,14.101963073833176,14.188529968261719,3891300,0.0,0.0
2008-08-26 00:00:00-04:00,14.075994599230354,14.54346218937294,14.067337577966494,14.240474700927734,3432400,0.0,0.0
2008-08-27 00:00:00-04:00,14.638690259553382,14.742572881213666,14.283760583214647,14.456897735595703,3291200,0.0,0.0
2008-08-28 00:00:00-04:00,14.98496014985438,15.045557646665786,14.205846410128679,14.604061126708984,5196300,0.0,0.0
2008-08-29 00:00:00-04:00,14.586747295692238,14.751227397389618,14.075994599230354,14.240474700927734,4101300,0.0,0.0
2008-09-02 00:00:00-04:00,12.872695979617623,13.218969402434746,12.742843962048072,12.976577758789062,8007200,0.0,0.0
2008-09-03 00:00:00-04:00,12.985234969207859,13.31419435416394,12.370600480975527,12.734187126159668,8974500,0.0,0.0
2008-09-04 00:00:00-04:00,12.838067563301186,13.011203846322253,11.84253331674586,11.989699363708496,8521800,0.0,0.0
2008-09-05 00:00:00-04:00,12.249402705920772,12.422539805057403,11.721336865174898,12.284029960632324,8303000,0.0,0.0
2008-09-08 00:00:00-04:00,12.69956058384398,12.855383676468511,11.556860106141553,11.643427848815918,7792000,0.0,0.0
2008-09-09 00:00:00-04:00,11.098046322245605,11.297153671584024,10.275648339380945,10.301618576049805,13667500,0.0,0.0
2008-09-10 00:00:00-04:00,10.405500538230658,10.91625234755239,9.929375158632848,10.89893913269043,10804900,0.0,0.0
2008-09-11 00:00:00-04:00,10.725805238603938,11.072077868546497,10.111170701271591,10.665206909179688,11727500,0.0,0.0
2008-09-12 00:00:00-04:00,11.132674156506768,12.007013483592251,10.907597384416004,11.929101943969727,9025100,0.0,0.0
2008-09-15 00:00:00-04:00,11.87715949066478,12.180147751937442,11.080731835788846,11.253868103027344,10334200,0.0,0.0
2008-09-16 00:00:00-04:00,10.422814450015307,11.62611309700973,10.422814450015307,11.548201560974121,10584100,0.0,0.0
2008-09-17 00:00:00-04:00,11.678053919611083,12.777470826603778,11.444320130098765,12.638961791992188,16457400,0.0,0.0
2008-09-18 00:00:00-04:00,13.253595593753735,14.22315961344056,12.777470191748698,13.158370018005371,23586600,0.0,0.0
2008-09-19 00:00:00-04:00,13.193089005644495,14.356164932250977,13.097613000424506,14.356164932250977,9030600,0.04,0.0
2008-09-22 00:00:00-04:00,15.085258041506865,15.779632280842614,15.085258041506865,15.293571472167969,12278300,0.0,0.0
2008-09-23 00:00:00-04:00,15.371685370800416,15.415084687557679,14.252009486697556,14.694672584533691,12973800,0.0,0.0
2008-09-24 00:00:00-04:00,15.02450038355594,15.336968868546327,14.581837248324492,15.067899703979492,7649200,0.0,0.0
2008-09-25 00:00:00-04:00,14.894307866705425,15.293573394217034,14.32144999917945,14.425606727600098,8174400,0.0,0.0
2008-09-26 00:00:00-04:00,14.79882316439291,15.128651250079518,14.24332532178072,14.408239364624023,9127100,0.0,0.0
2008-09-29 00:00:00-04:00,14.278049931231967,15.119976860532692,13.92218379009864,14.234650611877441,11367800,0.0,0.0
2008-09-30 00:00:00-04:00,14.069737440106529,14.685994571589626,13.548957989762087,13.991621971130371,8846100,0.0,0.0
2008-10-01 00:00:00-04:00,14.243329623346105,15.345647436260714,13.99162020821261,14.694672584533691,12320100,0.0,0.0
2008-10-02 00:00:00-04:00,13.95689785813968,14.069732747261071,12.186246662040084,12.255683898925781,12481600,0.0,0.0
2008-10-03 00:00:00-04:00,11.94321901754758,13.331964895182223,11.94321901754758,12.307765007019043,10046900,0.0,0.0
2008-10-06 00:00:00-04:00,13.01081408944231,13.141009525603968,10.597868109010893,11.717544555664062,14025200,0.0,0.0
2008-10-07 00:00:00-04:00,12.316444562669972,12.620233175972297,11.76962638313759,11.821703910827637,13676900,0.0,0.0
2008-10-08 00:00:00-04:00,12.36852101956963,14.147851451407181,12.351161294499386,14.061056137084961,19087400,0.0,0.0
2008-10-09 00:00:00-04:00,13.82670445725142,14.043696048468762,13.028175335351019,13.687829971313477,10383000,0.0,0.0
2008-10-10 00:00:00-04:00,13.375362330764116,13.644432283789364,10.415596986272767,11.370360374450684,16547300,0.0,0.0
2008-10-13 00:00:00-04:00,12.064730589250852,12.30776173614958,10.684664941878893,11.422435760498047,7514600,0.0,0.0
2008-10-14 00:00:00-04:00,11.99529529445666,12.958738521100194,11.59603072029746,12.411919593811035,13672500,0.0,0.0
2008-10-15 00:00:00-04:00,12.229647123780618,12.654950475562893,11.127329361020559,11.153368949890137,10846300,0.0,0.0
2008-10-16 00:00:00-04:00,11.28356340188437,11.28356340188437,9.139686123754302,9.625747680664062,17230500,0.0,0.0
2008-10-17 00:00:00-04:00,8.87061692105483,10.962415831781136,8.87061692105483,9.330638885498047,10315800,0.0,0.0
2008-10-20 00:00:00-04:00,9.512913004088993,10.389559379820879,9.252522884952336,10.346160888671875,6878500,0.0,0.0
2008-10-21 00:00:00-04:00,9.599705707244516,9.920853074181453,9.026847369396922,9.035527229309082,7699600,0.0,0.0
2008-10-22 00:00:00-04:00,8.705701335908948,8.766459536843382,7.750938948769701,7.881133556365967,10656000,0.0,0.0
2008-10-23 00:00:00-04:00,7.481869465850021,8.271718672656506,6.744098187790037,6.900331974029541,14019300,0.0,0.0
2008-10-24 00:00:00-04:00,5.94557083632919,7.837737782756031,5.94557083632919,7.646785736083984,12401000,0.0,0.0
2008-10-27 00:00:00-04:00,7.438471273416807,7.638103962171301,6.6399425877918485,6.648622035980225,9161100,0.0,0.0
2008-10-28 00:00:00-04:00,7.212801373153483,7.455831740960657,6.648622698904504,7.369034767150879,9773100,0.0,0.0
2008-10-29 00:00:00-04:00,7.803016586282972,9.243840465299913,7.7596181071334085,8.992130279541016,17834900,0.0,0.0
2008-10-30 00:00:00-04:00,9.547631425497109,9.851420029229503,8.72306342248292,9.790661811828613,16078200,0.0,0.0
2008-10-31 00:00:00-04:00,9.504231921830348,9.755942144915558,8.983452578080225,9.052889823913574,11805300,0.0,0.0
2008-11-03 00:00:00-05:00,9.321958550847912,9.972933323858362,9.139685581294696,9.33931827545166,7712000,0.0,0.0
2008-11-04 00:00:00-05:00,9.773303445699963,11.26620529952864,9.773303445699963,11.14469051361084,8836700,0.0,0.0
2008-11-05 00:00:00-05:00,10.875620293074109,11.474517657028764,10.467676623562397,11.196767807006836,11813800,0.0,0.0
2008-11-06 00:00:00-05:00,11.743584267587114,12.056052677600746,10.328799043795394,10.415596008300781,14133700,0.0,0.0
2008-11-07 00:00:00-05:00,10.597871232646103,11.58735336253645,10.467676585867778,10.919018745422363,9743700,0.0,0.0
2008-11-10 00:00:00-05:00,11.700186528447139,11.925857988288433,11.196766088959489,11.804343223571777,9192900,0.0,0.0
2008-11-11 00:00:00-05:00,11.41375763360674,11.995295177877166,11.083931135676492,11.639429092407227,9816700,0.0,0.0
2008-11-12 00:00:00-05:00,11.179407614318022,11.179407614318022,9.842739357592892,9.903496742248535,13697500,0.0,0.0
2008-11-13 00:00:00-05:00,10.215965392738939,11.760945423655041,9.209123627356375,11.708867073059082,13809700,0.0,0.0
2008-11-14 00:00:00-05:00,11.717546376021867,12.316442826583122,10.580510030135438,10.615228652954102,17490300,0.0,0.0
2008-11-17 00:00:00-05:00,10.259361856302508,11.283562400626275,10.051050133721906,10.563150405883789,11627000,0.0,0.0
2008-11-18 00:00:00-05:00,10.458996766966893,11.023174675774316,10.085770897220744,10.44163703918457,10777600,0.0,0.0
2008-11-19 00:00:00-05:00,10.632588469143666,11.083931397402234,9.625747571037348,9.660466194152832,13546200,0.0,0.0
2008-11-20 00:00:00-05:00,9.408756217589357,10.224644296184202,9.044210251390707,9.261201858520508,13394700,0.0,0.0
2008-11-21 00:00:00-05:00,10.189926061608075,12.099452111780089,9.877458433391416,11.951898574829102,19168200,0.0,0.0
2008-11-24 00:00:00-05:00,12.672308693818351,13.436118332459804,12.368520148540789,12.394558906555176,14344500,0.0,0.0
2008-11-25 00:00:00-05:00,13.002140047208718,13.002140047208718,11.353003739819636,11.856424331665039,12680900,0.0,0.0
2008-11-26 00:00:00-05:00,11.951897651680323,12.967417571886383,11.59603073455694,12.871941566467285,9160900,0.0,0.0
2008-11-28 00:00:00-05:00,13.01081530990595,13.01081530990595,12.281723447831917,12.80250358581543,3191300,0.0,0.0
2008-12-01 00:00:00-05:00,12.411917899542717,12.86325993216323,11.760943193214501,11.813020706176758,10280600,0.0,0.0
2008-12-02 00:00:00-05:00,12.325121163195451,12.967416019693783,12.151528070595518,12.897978782653809,11247500,0.0,0.0
2008-12-03 00:00:00-05:00,12.351162214273703,12.72438805350508,11.821702976561888,12.429279327392578,12758500,0.0,0.0
2008-12-04 00:00:00-05:00,12.177567934763367,12.741746571706233,11.509234260547645,11.726225852966309,10338000,0.0,0.0
2008-12-05 00:00:00-05:00,11.370359212943688,11.847740030509875,10.528431644119339,11.769623756408691,11312600,0.0,0.0
2008-12-08 00:00:00-05:00,12.715708898633759,13.14101311288778,12.507397137217927,12.976099014282227,9916600,0.0,0.0
2008-12-09 00:00:00-05:00,12.672309334464918,13.314604249672216,12.437958017216257,12.845902442932129,11870900,0.0,0.0
2008-12-10 00:00:00-05:00,13.58367456499569,14.590515511115184,13.58367456499569,14.156532287597656,15541400,0.0,0.0
2008-12-11 00:00:00-05:00,14.859584079256871,15.102613588549671,13.288564680872957,13.601032257080078,11705700,0.0,0.0
2008-12-12 00:00:00-05:00,13.201770146591699,14.451641509098604,13.167051520626433,14.182572364807129,9274200,0.0,0.0
2008-12-15 00:00:00-05:00,14.555798043354471,15.172053440042083,14.069735630049554,14.52975845336914,12521800,0.0,0.0
2008-12-16 00:00:00-05:00,14.75543064244327,15.892466304875656,14.529759151602958,15.849068641662598,10555100,0.0,0.0
2008-12-17 00:00:00-05:00,15.970586317414364,16.55212404964076,15.36301064474718,15.44112777709961,9911400,0.0,0.0
2008-12-18 00:00:00-05:00,15.44112441850202,15.588677130279061,13.922183083946303,14.182572364807129,12090300,0.0,0.0
2008-12-19 00:00:00-05:00,13.679154637929882,14.798830758448869,13.679154637929882,14.495043754577637,9975500,0.0,0.0
2008-12-22 00:00:00-05:00,15.13733912934358,15.571322462652047,14.061060661400383,14.425606727600098,7967500,0.0,0.0
2008-12-23 00:00:00-05:00,14.408245333855426,15.059220258678579,12.620233842794566,14.48636245727539,9067600,0.0,0.0
2008-12-24 00:00:00-05:00,14.512399010158441,14.972421842462877,14.191252338306882,14.755430221557617,2106400,0.0,0.0
2008-12-26 00:00:00-05:00,14.998458124178487,15.718870080434792,14.408240780640439,15.536596298217773,2575500,0.0,0.0
2008-12-29 00:00:00-05:00,15.849064366288138,16.031336489231727,15.389041644955677,15.875103950500488,6551800,0.0,0.0
2008-12-30 00:00:00-05:00,15.883781396113886,15.883781396113886,15.415080491325941,15.78830623626709,5062700,0.0,0.0
2008-12-31 00:00:00-05:00,15.753589468309675,16.04869816999603,15.241489171590091,15.987940788269043,5236800,0.0,0.0
2009-01-02 00:00:00-05:00,15.779634694857348,16.500046981600395,15.666798098027607,16.118141174316406,8318200,0.0,0.0
2009-01-05 00:00:00-05:00,15.449800233398252,15.684151543183122,15.0418566484321,15.389042854309082,9649100,0.0,0.0
2009-01-06 00:00:00-05:00,15.232814083032066,16.204937461867026,15.076581476277616,15.935868263244629,10319900,0.0,0.0
2009-01-07 00:00:00-05:00,15.831703578169959,15.831703578169959,14.538434115237406,14.703348159790039,8676700,0.0,0.0
2009-01-08 00:00:00-05:00,15.206773848959994,15.840389012121305,15.067899338007233,15.796991348266602,8036800,0.0,0.0
2009-01-09 00:00:00-05:00,15.458478675099094,16.07473558248176,15.041855266327701,15.415081024169922,9681800,0.0,0.0
2009-01-12 00:00:00-05:00,14.94638196004651,15.015819211159405,14.3301265633589,14.52975845336914,8513700,0.0,0.0
2009-01-13 00:00:00-05:00,14.712031887232119,15.198092632302465,14.399563437643877,14.946381568908691,10616100,0.0,0.0
2009-01-14 00:00:00-05:00,14.764109462728042,15.024498734632711,13.922182605089299,14.156532287597656,9448900,0.0,0.0
2009-01-15 00:00:00-05:00,14.104456699696483,14.538439982764068,13.453481775095106,14.469002723693848,10602200,0.0,0.0
2009-01-16 00:00:00-05:00,15.119972405932913,15.588673328271272,14.47767756834967,15.527915954589844,18441900,0.0,0.0
2009-01-20 00:00:00-05:00,15.606040008339104,16.9513893124811,15.406408075668132,15.935868263244629,22114800,0.0,0.0
2009-01-21 00:00:00-05:00,15.067899712265723,15.614717905784811,14.460322470120248,15.180734634399414,23113300,0.0,0.0
2009-01-22 00:00:00-05:00,14.946381037789886,15.423763558309785,14.573156870784286,14.712031364440918,18164700,0.0,0.0
2009-01-23 00:00:00-05:00,15.102614630336854,15.901143763484132,14.920342485794015,15.823026657104492,21857900,0.0,0.0
2009-01-26 00:00:00-05:00,16.35248751455477,16.552119394189134,14.9897804975943,15.267529487609863,15714600,0.0,0.0
2009-01-27 00:00:00-05:00,15.04185934036463,15.180733847568787,14.703352935993838,14.798828125,11372600,0.0,0.0
2009-01-28 00:00:00-05:00,15.111291685247418,15.128651406887522,14.547113976057458,14.703348159790039,12938000,0.0,0.0
2009-01-29 00:00:00-05:00,14.521078357673312,15.779630376409074,14.382203857669802,15.571318626403809,14976400,0.0,0.0
2009-01-30 00:00:00-05:00,15.996624667811071,16.031342470867205,15.015821484873056,15.345649719238281,12831800,0.0,0.0
2009-02-02 00:00:00-05:00,14.781471252527261,15.5713206971532,14.607877276680197,14.876946449279785,11993600,0.0,0.0
2009-02-03 00:00:00-05:00,15.102615032404913,15.215451591519257,14.49503954557251,14.781468391418457,11126100,0.0,0.0
2009-02-04 00:00:00-05:00,15.02449967252291,15.406405396602532,14.91166475579117,15.111296653747559,8765100,0.0,0.0
2009-02-05 00:00:00-05:00,15.510561252246738,15.753590799693855,15.336967299343401,15.666793823242188,10714700,0.0,0.0
2009-02-06 00:00:00-05:00,15.267528339055524,16.239649730978698,15.241488752382523,16.109455108642578,12378800,0.0,0.0
2009-02-09 00:00:00-05:00,15.86642567997783,16.09209713256944,15.432442499343459,15.649434089660645,7879200,0.0,0.0
2009-02-10 00:00:00-05:00,16.05737783749024,16.178892599468778,15.172051743180818,15.397723197937012,10502500,0.0,0.0
2009-02-11 00:00:00-05:00,15.58867492200277,16.82118721080924,15.49319974881988,16.656274795532227,16817500,0.0,0.0
2009-02-12 00:00:00-05:00,16.621557956918036,16.890627105347107,16.204934438928245,16.673635482788086,9922700,0.0,0.0
2009-02-13 00:00:00-05:00,16.63892150746206,16.66496110413801,16.092103221387802,16.413249969482422,6234000,0.0,0.0
2009-02-17 00:00:00-05:00,16.89930721157765,17.038181719568424,16.500043414982862,16.638917922973633,11625500,0.0,0.0
2009-02-18 00:00:00-05:00,16.66495474051159,17.04685874616903,15.901143418167818,16.916664123535156,11146800,0.0,0.0
2009-02-19 00:00:00-05:00,16.404562665701352,16.647593824602126,15.484518855350522,15.701510429382324,11272700,0.0,0.0
2009-02-20 00:00:00-05:00,16.265688940860475,16.62155500624238,15.770948394135115,16.395883560180664,12110700,0.0,0.0
2009-02-23 00:00:00-05:00,15.996624220848325,16.5868417559454,15.788312441787275,15.90982723236084,9275200,0.0,0.0
2009-02-24 00:00:00-05:00,15.788307438048554,15.90982219011083,14.53843550428538,14.659950256347656,10201700,0.0,0.0
2009-02-25 00:00:00-05:00,14.460319863064296,15.119974515302514,13.965579287764255,14.026336669921875,12215300,0.0,0.0
2009-02-26 00:00:00-05:00,13.844067937641768,14.590518960573593,13.661794907561525,14.495043754577637,8586300,0.0,0.0
2009-02-27 00:00:00-05:00,14.79015009544605,14.92034474058253,13.114973641859024,13.696511268615723,14877800,0.0,0.0
2009-03-02 00:00:00-05:00,13.9742571854785,14.01765483648514,12.72438530141892,13.071572303771973,11730300,0.0,0.0
2009-03-03 00:00:00-05:00,13.054214484129567,14.069734399798387,12.733067018874085,13.86142349243164,11970300,0.0,0.0
2009-03-04 00:00:00-05:00,14.225968626312584,14.243328351465324,13.33196347487781,13.514236450195312,7587300,0.0,0.0
2009-03-05 00:00:00-05:00,13.548959143439706,14.573160885720242,13.548959143439706,14.495043754577637,7893200,0.0,0.0
2009-03-06 00:00:00-05:00,14.633917319280846,15.015821429053124,14.225971960162191,14.477683067321777,8637800,0.0,0.0
2009-03-09 00:00:00-04:00,14.182571621395473,14.347485706904141,13.444799823608886,13.618392944335938,7696300,0.0,0.0
2009-03-10 00:00:00-04:00,13.331965458067316,13.627074207504617,12.437960173645257,12.594194412231445,11204800,0.0,0.0
2009-03-11 00:00:00-04:00,12.698349704081004,13.436120715563142,12.550795336233108,13.245168685913086,7582400,0.0,0.0
2009-03-12 00:00:00-04:00,13.557638526935703,13.644435520178684,13.08893658449005,13.470842361450195,6590700,0.0,0.0
2009-03-13 00:00:00-04:00,13.696508100597866,13.948218296662944,13.410079285343024,13.818023681640625,5139700,0.0,0.0
2009-03-16 00:00:00-04:00,13.670469447980519,13.974257989038515,13.462157731244444,13.783305168151855,3550400,0.0,0.0
2009-03-17 00:00:00-04:00,13.774623808713592,13.83538117921652,13.262523606597206,13.644429206848145,4873100,0.0,0.0
2009-03-18 00:00:00-04:00,13.522918662711776,15.14601682522709,13.088935391565037,15.067899703979492,11763800,0.0,0.0
2009-03-19 00:00:00-04:00,15.796984883165175,16.387200485404364,15.692828214820565,16.18756866455078,13982000,0.0,0.0
2009-03-20 00:00:00-04:00,16.0918925115852,16.0918925115852,15.491707947964034,15.578691482543945,10821000,0.04,0.0
2009-03-23 00:00:00-04:00,15.56998754410135,16.004903406557098,15.387323678224663,15.761351585388184,7560100,0.0,0.0
2009-03-24 00:00:00-04:00,15.543898606753515,16.326747076790383,15.178569099526593,16.013607025146484,7984500,0.0,0.0
2009-03-25 00:00:00-04:00,16.161479248033064,16.89213829486507,15.77005416613272,16.631189346313477,11149800,0.0,0.0
2009-03-26 00:00:00-04:00,16.81385015095135,16.831247186704896,16.17887327760062,16.257158279418945,6084900,0.0,0.0
2009-03-27 00:00:00-04:00,15.94402100052123,16.057098434124065,15.422121452114691,15.578691482543945,4950000,0.0,0.0
2009-03-30 00:00:00-04:00,15.282948782580666,15.917925777975357,15.039396871510354,15.456915855407715,5572900,0.0,0.0
2009-03-31 00:00:00-04:00,15.69177201443354,15.917926902381623,15.19596631957575,15.543900489807129,5839300,0.0,0.0
2009-04-01 00:00:00-04:00,16.126688424362403,16.231067350478916,15.700469222321772,16.17017936706543,5338800,0.0,0.0
2009-04-02 00:00:00-04:00,15.639577538657976,15.743958099151657,14.795841172702223,14.987203598022461,10435500,0.0,0.0
2009-04-03 00:00:00-04:00,14.987202492367095,15.135073974365087,13.71724877797354,13.926008224487305,9322600,0.0,0.0
2009-04-06 00:00:00-04:00,13.525887948052363,13.551982676133562,13.047480175702644,13.473697662353516,9711900,0.0,0.0
2009-04-07 00:00:00-04:00,13.812931663461239,13.812931663461239,13.160557691613779,13.169256210327148,7942200,0.0,0.0
2009-04-08 00:00:00-04:00,13.412810714988844,13.543285194931299,12.960497636053503,13.282336235046387,5930300,0.0,0.0
2009-04-09 00:00:00-04:00,13.186653929630308,13.37801721557588,12.91700645490093,13.012687683105469,4783800,0.0,0.0
2009-04-13 00:00:00-04:00,13.2910322802171,13.41280905474996,12.83002156800966,12.85611629486084,6693900,0.0,0.0
2009-04-14 00:00:00-04:00,12.986591825744224,13.090971564594703,7.315286874779899,12.838720321655273,4943900,0.0,0.0
2009-04-15 00:00:00-04:00,12.873514175415039,13.0909721823324,12.673452377692106,12.873514175415039,4769100,0.0,0.0
2009-04-16 00:00:00-04:00,12.951798035250546,12.96049572430364,12.134155537639623,12.203742027282715,10306200,0.0,0.0
2009-04-17 00:00:00-04:00,11.960191375948721,12.282029153429866,11.847113103395367,11.99498462677002,9996000,0.0,0.0
2009-04-20 00:00:00-04:00,12.160252100808377,12.951799991759048,12.151554410441403,12.699548721313477,6939500,0.0,0.0
2009-04-21 00:00:00-04:00,13.003987261352519,13.108366994000205,12.186345607510784,12.421199798583984,7651000,0.0,0.0
2009-04-22 00:00:00-04:00,12.577772197150352,13.073576228618597,12.542978946337431,12.569073677062988,6603000,0.0,0.0
2009-04-23 00:00:00-04:00,12.75173824482963,13.351922848559253,12.569073473634072,13.264939308166504,7944100,0.0,0.0
2009-04-24 00:00:00-04:00,13.56068232791276,14.073883390411552,13.465000267729685,13.952107429504395,7175500,0.0,0.0
2009-04-27 00:00:00-04:00,13.786836468526518,14.065182421607863,13.543282930043965,13.69985294342041,4593900,0.0,0.0
2009-04-28 00:00:00-04:00,13.056179667632176,13.41281068627894,12.951799917994332,13.177955627441406,3871400,0.0,0.0
2009-04-29 00:00:00-04:00,13.630266950394127,13.943406988524691,13.412808959264082,13.752043724060059,5264800,0.0,0.0
2009-04-30 00:00:00-04:00,13.351920161567934,13.630266107550899,13.23014339543221,13.438902854919434,5412500,0.0,0.0
2009-05-01 00:00:00-04:00,13.317127358525523,13.673758320988933,13.317127358525523,13.499792098999023,2855700,0.0,0.0
2009-05-04 00:00:00-04:00,13.708551617778166,14.343528537852182,13.699853099261333,14.265243530273438,4402400,0.0,0.0
2009-05-05 00:00:00-04:00,14.752349669613118,14.830634680990899,14.065183264163853,14.195657730102539,6092900,0.0,0.0
2009-05-06 00:00:00-04:00,14.500100478196355,14.813240550087116,14.439212499567148,14.665369033813477,5347400,0.0,0.0
2009-05-07 00:00:00-04:00,14.717556321162709,15.048091724552732,13.995595885664873,14.186958312988281,5801700,0.0,0.0
2009-05-08 00:00:00-04:00,14.343532160274052,14.560990200895077,14.10867707822578,14.474006652832031,6231700,0.0,0.0
2009-05-11 00:00:00-04:00,14.23045332761277,14.4914022873951,14.07388328811416,14.326133728027344,5150100,0.0,0.0
2009-05-12 00:00:00-04:00,14.526195676935519,15.1263785877432,14.33483156704935,15.082887649536133,6994000,0.0,0.0
2009-05-13 00:00:00-04:00,14.821942137281358,15.45691927307536,14.613180940100683,14.639276504516602,7240500,0.0,0.0
2009-05-14 00:00:00-04:00,14.630577345144799,14.943717468189428,14.308740360080716,14.804544448852539,4918300,0.0,0.0
2009-05-15 00:00:00-04:00,14.874129072092664,15.135078035485867,14.543591948783357,14.691463470458984,5504500,0.0,0.0
2009-05-18 00:00:00-04:00,14.804541666684184,14.848032604901382,14.091279661855276,14.682764053344727,3302200,0.0,0.0
2009-05-19 00:00:00-04:00,14.856727126326595,15.448213017716652,14.647967692731132,15.195960998535156,5349300,0.0,0.0
2009-05-20 00:00:00-04:00,15.543893719362556,16.405026931548466,15.422116149194924,16.248456954956055,8655000,0.0,0.0
2009-05-21 00:00:00-04:00,16.187575431371215,16.613792948630074,15.683072894710419,16.352842330932617,7930600,0.0,0.0
2009-05-22 00:00:00-04:00,16.64858223947384,16.953023740025685,16.483315370977365,16.68337631225586,5919000,0.0,0.0
2009-05-26 00:00:00-04:00,16.004904016049892,16.63988080123887,15.874429584158959,16.57899284362793,5397900,0.0,0.0
2009-05-27 00:00:00-04:00,16.700773875725854,16.987818348945858,16.34414291381836,16.34414291381836,6173000,0.0,0.0
2009-05-28 00:00:00-04:00,16.67468060990255,17.21397721558556,16.613792631324607,16.979122161865234,7306900,0.0,0.0
2009-05-29 00:00:00-04:00,17.58800506591797,17.8228601391232,17.309659049855377,17.58800506591797,8373700,0.0,0.0
2009-06-01 00:00:00-04:00,17.492323233493458,17.97942872188442,17.274865218791938,17.553211212158203,12604600,0.0,0.0
2009-06-02 00:00:00-04:00,17.718474945658457,18.249071228954843,17.483619955520812,18.231674194335938,7019100,0.0,0.0
2009-06-03 00:00:00-04:00,17.49232047650375,17.666285865402237,16.361537982836314,16.761661529541016,8381100,0.0,0.0
2009-06-04 00:00:00-04:00,16.900834830714228,17.396638770213677,16.892136312240392,17.30095672607422,4731700,0.0,0.0
2009-06-05 00:00:00-04:00,16.526812474245144,16.735572011673124,15.996214279694861,16.15278434753418,9265000,0.0,0.0
2009-06-08 00:00:00-04:00,15.822246383525746,16.21366983357632,15.543900376625855,16.204971313476562,5708600,0.0,0.0
2009-06-09 00:00:00-04:00,16.57900132462078,16.58769984573956,15.978818299084207,16.031007766723633,4291600,0.0,0.0
2009-06-10 00:00:00-04:00,16.248467391619478,16.344149474122464,15.709170643520963,15.978819847106934,5504000,0.0,0.0
2009-06-11 00:00:00-04:00,15.84834125510881,16.352843838272644,15.700469722505282,16.022308349609375,4770800,0.0,0.0
2009-06-12 00:00:00-04:00,15.509106130318076,15.674374692299326,15.239458646402495,15.369933128356934,5121200,0.0,0.0
2009-06-15 00:00:00-04:00,15.222061348773943,15.265552288998373,14.87412884975943,15.013301849365234,4692400,0.0,0.0
2009-06-16 00:00:00-04:00,15.448219745833779,15.596091283083343,15.02200217589638,15.204666137695312,5191200,0.0,0.0
2009-06-17 00:00:00-04:00,15.1263785877432,15.248156201054293,14.656670150629669,15.082887649536133,5051300,0.0,0.0
2009-06-18 00:00:00-04:00,15.13507723518005,15.630881234854064,14.795843268892138,14.882826805114746,8685100,0.0,0.0
2009-06-19 00:00:00-04:00,15.030696860820496,15.526500812395813,14.987204267391997,15.509103775024414,6662500,0.0,0.0
2009-06-22 00:00:00-04:00,15.021997942250923,15.039394979159216,14.447908996859287,14.465304374694824,7540700,0.0,0.0
2009-06-23 00:00:00-04:00,14.543589977027974,15.187265437327854,14.32613198399128,15.10898208618164,5941300,0.0,0.0
2009-06-24 00:00:00-04:00,15.561294246790917,16.0049087743662,15.456915333874914,15.900529861450195,7710100,0.0,0.0
2009-06-25 00:00:00-04:00,16.0049069298281,16.692074940133963,15.857035437678274,16.665979385375977,5881000,0.0,0.0
2009-06-26 00:00:00-04:00,16.752963064563488,16.93562697234927,16.405030626586242,16.45722007751465,5506000,0.0,0.0
2009-06-29 00:00:00-04:00,16.439826347539242,16.69207845273096,16.117989399828577,16.318050384521484,3942000,0.0,0.0
2009-06-30 00:00:00-04:00,16.274555272707676,16.396332876006465,15.66567389250498,15.787449836730957,4094300,0.0,0.0
2009-07-01 00:00:00-04:00,16.187568790219114,17.126986978561284,16.13537769264786,16.857337951660156,7325500,0.0,0.0
2009-07-02 00:00:00-04:00,16.204966038940462,16.55290009338973,15.97011270898149,16.4746150970459,7374300,0.0,0.0
2009-07-06 00:00:00-04:00,16.031004648195726,16.031004648195726,15.474312677473664,15.961418151855469,8322600,0.0,0.0
2009-07-07 00:00:00-04:00,15.926624806704265,16.361540843603354,15.778753287795654,16.065797805786133,7148800,0.0,0.0
2009-07-08 00:00:00-04:00,15.900526920604333,15.952716367409755,15.039393582488188,15.50040340423584,9015200,0.0,0.0
2009-07-09 00:00:00-04:00,15.6308812691618,15.961418375718601,15.430820296761768,15.456915855407715,4992200,0.0,0.0
2009-07-10 00:00:00-04:00,15.265546040074762,15.630875429261334,15.056786626121342,15.465608596801758,4181500,0.0,0.0
2009-07-13 00:00:00-04:00,15.361234584917414,15.839641571044922,14.969809480578146,15.839641571044922,6243500,0.0,0.0
2009-07-14 00:00:00-04:00,16.08319813202202,16.23976820275228,15.90923267715656,16.213672637939453,3285600,0.0,0.0
2009-07-15 00:00:00-04:00,16.744264863525665,17.179180834006853,16.744264863525665,17.109594345092773,4943000,0.0,0.0
2009-07-16 00:00:00-04:00,16.935627402379318,17.205276500347264,16.813851460763324,17.09219741821289,3714700,0.0,0.0
2009-07-17 00:00:00-04:00,17.170485714927,17.431436344322464,17.00521714888385,17.353151321411133,3818500,0.0,0.0
2009-07-20 00:00:00-04:00,17.848952459496363,18.049013414832693,17.52711389993863,17.822856903076172,4688900,0.0,0.0
2009-07-21 00:00:00-04:00,17.814156990724957,17.892441994788722,17.057404163538813,17.48362159729004,5005600,0.0,0.0
2009-07-22 00:00:00-04:00,17.396641787804935,17.744574291746424,17.1443896855267,17.387943267822266,5181600,0.0,0.0
2009-07-23 00:00:00-04:00,17.17918608696437,17.918543794673695,17.17048756580623,17.64019775390625,4915000,0.0,0.0
2009-07-24 00:00:00-04:00,17.640192571770275,17.918538530768398,17.58800146015354,17.66628646850586,3519500,0.0,0.0
2009-07-27 00:00:00-04:00,17.93593924506933,17.996827228698884,17.492324659817154,17.58800506591797,3754100,0.0,0.0
2009-07-28 00:00:00-04:00,17.109594353517213,17.283561405424454,16.152778886172936,16.518108367919922,9754200,0.0,0.0
2009-07-29 00:00:00-04:00,16.335444679348953,16.439823584658498,15.944019636756193,16.004907608032227,4951900,0.0,0.0
2009-07-30 00:00:00-04:00,16.45722259601033,16.57030003350522,16.24846310127692,16.291954040527344,5387900,0.0,0.0
2009-07-31 00:00:00-04:00,16.352840897460005,17.10959546565141,16.18757401238572,17.083499908447266,5375400,0.0,0.0
2009-08-03 00:00:00-04:00,17.396638870239258,17.727174278781785,17.335750899645063,17.396638870239258,4507600,0.0,0.0
2009-08-04 00:00:00-04:00,17.396638703145307,17.918538196054218,17.13568978622723,17.718477249145508,6052300,0.0,0.0
2009-08-05 00:00:00-04:00,17.66628667651693,18.022917648066514,17.396639232946644,17.744571685791016,5026400,0.0,0.0
2009-08-06 00:00:00-04:00,17.892440795898438,18.022915240904656,17.50971431935063,17.892440795898438,4986600,0.0,0.0
2009-08-07 00:00:00-04:00,17.753269946892143,17.918538481747436,17.33575100953719,17.379241943359375,6279000,0.0,0.0
2009-08-10 00:00:00-04:00,17.04870637467705,17.11829286359113,16.75296338202402,17.109594345092773,5274200,0.0,0.0
2009-08-11 00:00:00-04:00,16.94432677694248,17.013913269820303,16.535506338669364,16.813852310180664,4365700,0.0,0.0
2009-08-12 00:00:00-04:00,16.665985182354525,17.23137579285731,16.648588139797937,16.935632705688477,4969000,0.0,0.0
2009-08-13 00:00:00-04:00,17.41403608085333,17.41403608085333,16.892136577729808,17.074800491333008,4760700,0.0,0.0
2009-08-14 00:00:00-04:00,17.205281185090737,17.22267656786326,16.422430892764314,16.544208526611328,8241600,0.0,0.0
2009-08-17 00:00:00-04:00,16.06580132647276,16.08319836993866,15.630885194265415,15.830947875976562,6232300,0.0,0.0
2009-08-18 00:00:00-04:00,15.90922869436851,16.083194105682686,15.804848120321653,15.961418151855469,4281500,0.0,0.0
2009-08-19 00:00:00-04:00,15.752655646283987,16.3789339934173,15.62217953894267,16.17887306213379,6264300,0.0,0.0
2009-08-20 00:00:00-04:00,16.15277736969122,16.457218852410428,16.074492369589922,16.387632369995117,5074500,0.0,0.0
2009-08-21 00:00:00-04:00,16.883440831967857,17.118295895805737,16.665982808208277,16.796457290649414,4888900,0.0,0.0
2009-08-24 00:00:00-04:00,16.970424174323004,17.283564255768884,16.631190192138657,16.718172073364258,4347100,0.0,0.0
2009-08-25 00:00:00-04:00,16.970425072709862,17.213978666624772,16.857345966613497,17.013916015625,4951500,0.0,0.0
2009-08-26 00:00:00-04:00,16.892135882727043,16.90953291923237,16.57029734366941,16.665979385375977,3304000,0.0,0.0
2009-08-27 00:00:00-04:00,16.70947305476986,16.926931069490383,16.1440825483111,16.866043090820312,3470100,0.0,0.0
2009-08-28 00:00:00-04:00,17.066100939558584,17.32704982041836,16.909530947413707,17.161781311035156,4453400,0.0,0.0
2009-08-31 00:00:00-04:00,16.735568765501792,16.735568765501792,16.231066233140048,16.483318328857422,7059400,0.0,0.0
2009-09-01 00:00:00-04:00,16.083196315803796,16.587698898366654,16.02230833052308,16.30935287475586,10092200,0.0,0.0
2009-09-02 00:00:00-04:00,16.535512178274374,18.049020177175194,16.483322704953228,17.927244186401367,14740100,0.0,0.0
2009-09-03 00:00:00-04:00,18.022921346815014,19.22329062931452,17.79676479128506,18.9101505279541,17482100,0.0,0.0
2009-09-04 00:00:00-04:00,18.762277720858815,19.36246232126177,18.51002728009835,19.031925201416016,10331800,0.0,0.0
2009-09-08 00:00:00-04:00,19.98004303989717,20.25839070970021,18.936245499659865,18.962339401245117,10879600,0.0,0.0
2009-09-09 00:00:00-04:00,19.031929806290986,19.353768484108926,18.249081075827107,18.501333236694336,14109500,0.0,0.0
2009-09-10 00:00:00-04:00,18.257769587759423,19.14499843675079,18.257769587759423,19.04931640625,9069900,0.0,0.0
2009-09-11 00:00:00-04:00,19.50163311844932,19.893058174292502,19.031923051437502,19.545124053955078,11114100,0.0,0.0
2009-09-14 00:00:00-04:00,19.11021008033596,19.640808176707573,18.997132640638135,19.16240119934082,7374600,0.0,0.0
2009-09-15 00:00:00-04:00,19.11890651050348,19.893058100398488,19.11020799162007,19.849565505981445,7932900,0.0,0.0
2009-09-16 00:00:00-04:00,20.21489481983629,20.562827276643496,20.09311887472197,20.171403884887695,10611600,0.0,0.0
2009-09-17 00:00:00-04:00,20.014837663119486,20.571529699664133,19.545127512980088,19.884363174438477,9680300,0.0,0.0
2009-09-18 00:00:00-04:00,19.945243417141366,20.01482989470063,19.162395129831538,19.292869567871094,6905800,0.0,0.0
2009-09-21 00:00:00-04:00,18.621592500751323,19.336466083683572,18.447232360260834,19.28415870666504,5610300,0.05,0.0
2009-09-22 00:00:00-04:00,19.789799221336807,19.87697762040221,19.458515318731326,19.632875442504883,5338500,0.0,0.0
2009-09-23 00:00:00-04:00,19.580567019972175,19.78108166742835,18.944155375094184,18.961591720581055,7523200,0.0,0.0
2009-09-24 00:00:00-04:00,19.0836382428562,19.153381945278795,18.150815599396097,18.368764877319336,6899400,0.0,0.0
2009-09-25 00:00:00-04:00,17.924148879161184,18.272867405444263,17.723635934401052,17.9328670501709,6861900,0.0,0.0
2009-09-28 00:00:00-04:00,18.037492008640694,18.630314616368096,17.87185000640583,17.89800453186035,5162200,0.0,0.0
2009-09-29 00:00:00-04:00,18.01132718968224,18.891842422905892,17.880557962788238,18.795944213867188,5917000,0.0,0.0
2009-09-30 00:00:00-04:00,19.275443748050876,19.327751133793054,18.58672290735462,18.918006896972656,8747700,0.0,0.0
2009-10-01 00:00:00-04:00,19.005176231536943,19.048767084497136,17.924148020439453,18.02004623413086,6592200,0.0,0.0
2009-10-02 00:00:00-04:00,17.714923285026458,18.569284356424486,17.714923285026458,17.810821533203125,7787200,0.0,0.0
2009-10-05 00:00:00-04:00,18.081077841513018,18.543131061235698,17.863128491934287,18.37748908996582,6012700,0.0,0.0
2009-10-06 00:00:00-04:00,18.970309241037057,20.051337681730946,18.918001869196438,19.231847763061523,13194400,0.0,0.0
2009-10-07 00:00:00-04:00,19.45851840691691,19.650314906071372,18.996466832382918,19.55441665649414,9884100,0.0,0.0
2009-10-08 00:00:00-04:00,19.772361599433996,20.278003930335693,19.467232233947172,19.938003540039062,8198600,0.0,0.0
2009-10-09 00:00:00-04:00,19.815953220713673,20.251851892508455,19.74620949973937,20.12980079650879,6715600,0.0,0.0
2009-10-12 00:00:00-04:00,20.33902522227269,20.56569265606256,19.946715882478504,20.155948638916016,4041400,0.0,0.0
2009-10-13 00:00:00-04:00,20.14723911451819,20.722625284581774,19.876980714320418,20.591856002807617,8744900,0.0,0.0
2009-10-14 00:00:00-04:00,20.76621145500816,20.844673345166342,20.37390366703866,20.443647384643555,6397100,0.0,0.0
2009-10-15 00:00:00-04:00,20.077494873867792,20.330315257130355,19.885698380197994,19.999032974243164,5207700,0.0,0.0
2009-10-16 00:00:00-04:00,19.763637818960405,20.391331052800243,19.71133046517895,20.173381805419922,5904700,0.0,0.0
2009-10-19 00:00:00-04:00,20.295445509773604,20.443651144795783,19.84211043055026,20.3303165435791,4105100,0.0,0.0
2009-10-20 00:00:00-04:00,20.33903375156746,20.33903375156746,19.397492604041457,19.60672378540039,7193800,0.0,0.0
2009-10-21 00:00:00-04:00,19.41492670052513,19.964158280060722,19.240566571530838,19.249284744262695,10268200,0.0,0.0
2009-10-22 00:00:00-04:00,19.15338910619937,19.31903108493986,18.778517604787012,18.926721572875977,9180600,0.0,0.0
2009-10-23 00:00:00-04:00,19.118514150558198,19.19697603687189,18.48210255074384,18.630308151245117,9420400,0.0,0.0
2009-10-26 00:00:00-04:00,18.61287649237578,18.84826221057005,17.549282504752078,17.73236083984375,11251900,0.0,0.0
2009-10-27 00:00:00-04:00,17.3749190874597,17.3749190874597,16.42465997222953,16.660045623779297,16955400,0.0,0.0
2009-10-28 00:00:00-04:00,16.503121087368427,16.72978855650773,15.561580187847337,15.692349433898926,18646800,0.0,0.0
2009-10-29 00:00:00-04:00,15.962607616812404,16.642610088954786,15.831838358313846,16.22414779663086,13656600,0.0,0.0
2009-10-30 00:00:00-04:00,16.102097890380154,16.3462017687425,15.613891796477104,16.197996139526367,15297600,0.0,0.0
2009-11-02 00:00:00-05:00,16.433377315570585,16.56414656112046,15.552861956730377,15.945171356201172,12162900,0.0,0.0
2009-11-03 00:00:00-05:00,15.657484735054535,16.093383552794208,15.204151228350014,15.735946655273438,21647300,0.0,0.0
2009-11-04 00:00:00-05:00,16.093378345929587,16.77338088021084,16.006199940845047,16.44209861755371,20023300,0.0,0.0
2009-11-05 00:00:00-05:00,16.476972140580184,16.599024919248187,16.15440800218028,16.346202850341797,7846400,0.0,0.0
2009-11-06 00:00:00-05:00,16.302609122839854,16.79081511373751,16.197992721951145,16.267736434936523,7500600,0.0,0.0
2009-11-09 00:00:00-05:00,17.017483315974307,17.33132920626414,16.877995884107417,16.921585083007812,9610800,0.0,0.0
2009-11-10 00:00:00-05:00,16.921581178311015,17.12209410749815,16.50311897927153,16.86055564880371,6340300,0.0,0.0
2009-11-11 00:00:00-05:00,17.46210418233024,17.601591646578306,17.01748726648138,17.095949172973633,8104500,0.0,0.0
2009-11-12 00:00:00-05:00,16.851837552443083,17.000043123106078,16.302606121645503,16.4072208404541,7378700,0.0,0.0
2009-11-13 00:00:00-05:00,16.311325789122083,16.869277161201165,16.24158207546486,16.72978973388672,7059400,0.0,0.0
2009-11-16 00:00:00-05:00,17.113378212974624,17.435943906893478,17.034917995189097,17.15696907043457,7689500,0.0,0.0
2009-11-17 00:00:00-05:00,16.956459432754855,17.043637839092124,16.703637398476538,17.026203155517578,5128600,0.0,0.0
2009-11-18 00:00:00-05:00,17.209276572877133,17.2615839394222,16.58158318587274,16.70363426208496,6865600,0.0,0.0
2009-11-19 00:00:00-05:00,16.564147783652945,16.991328237482282,16.154403673936145,16.965173721313477,6701100,0.0,0.0
2009-11-20 00:00:00-05:00,16.729793874016213,16.869281335849685,16.311329825694095,16.686203002929688,6473700,0.0,0.0
2009-11-23 00:00:00-05:00,17.235435998945643,17.619025680011564,16.965177592004416,17.07851219177246,8251700,0.0,0.0
2009-11-24 00:00:00-05:00,17.217994758069604,17.217994758069604,16.72978879001301,16.9913272857666,4913900,0.0,0.0
2009-11-25 00:00:00-05:00,17.348764504118783,17.706201234562432,17.2441497679418,17.69748306274414,5804800,0.0,0.0
2009-11-27 00:00:00-05:00,16.69491280233204,17.35747874508314,16.293886966436336,16.886709213256836,6196100,0.0,0.0
2009-11-30 00:00:00-05:00,16.81696718118285,17.59286608303012,16.764658156943835,17.453378677368164,9240200,0.0,0.0
2009-12-01 00:00:00-05:00,18.081074715238667,18.717486306893836,18.081074715238667,18.394922256469727,15723100,0.0,0.0
2009-12-02 00:00:00-05:00,18.743644782741523,19.580569519072338,18.656464707001653,19.15338897705078,14102300,0.0,0.0
2009-12-03 00:00:00-05:00,18.935437302097245,19.109797432241592,18.543129503504616,18.73492431640625,9718300,0.0,0.0
2009-12-04 00:00:00-05:00,18.342619542258014,18.438516133110134,17.383641993984835,17.845693588256836,12090200,0.0,0.0
2009-12-07 00:00:00-05:00,17.296456187713193,17.897996707624404,17.200557965791084,17.435943603515625,8227500,0.0,0.0
2009-12-08 00:00:00-05:00,17.095948877034502,17.27902554713279,16.61645927201295,16.686203002929688,7536200,0.0,0.0
2009-12-09 00:00:00-05:00,16.764654489068526,17.331322158443786,16.75593632026944,17.226707458496094,8299700,0.0,0.0
2009-12-10 00:00:00-05:00,17.401075546673106,17.5667175205556,16.9738950142996,17.287742614746094,5669500,0.0,0.0
2009-12-11 00:00:00-05:00,17.444664285978064,17.444664285978064,16.546712462523143,16.76466178894043,6192500,0.0,0.0
2009-12-14 00:00:00-05:00,16.843133536593655,17.000057409502176,16.538003968474012,16.712364196777344,4685100,0.0,0.0
2009-12-15 00:00:00-05:00,16.59901726297149,16.773375681926147,16.337477140308042,16.4072208404541,5144600,0.0,0.0
2009-12-16 00:00:00-05:00,16.616456275751503,16.712354512027886,16.389788775439126,16.537994384765625,6765800,0.0,0.0
2009-12-17 00:00:00-05:00,16.206709824250105,16.29388987543308,15.59645112879043,15.63132381439209,10365600,0.0,0.0
2009-12-18 00:00:00-05:00,15.404660486312034,15.779533643167888,15.256454858318364,15.674917221069336,10536400,0.0,0.0
2009-12-21 00:00:00-05:00,15.927738554490109,15.962609585072851,15.413377966527678,15.62260913848877,5573800,0.0,0.0
2009-12-22 00:00:00-05:00,15.535425754575419,15.840555105502137,15.439527530987288,15.753375053405762,5278200,0.0,0.0
2009-12-23 00:00:00-05:00,15.971326321770738,16.555430581178836,15.892864431490441,16.415943145751953,6195600,0.0,0.0
2009-12-24 00:00:00-05:00,16.5118435516699,16.54671458369977,16.293894197312987,16.363637924194336,1918900,0.0,0.0
2009-12-28 00:00:00-05:00,16.45081488538231,16.590302312748687,16.049787284588007,16.154403686523438,2471600,0.0,0.0
2009-12-29 00:00:00-05:00,16.328767165116155,16.442101773997656,15.997484838861675,16.014921188354492,2988700,0.0,0.0
2009-12-30 00:00:00-05:00,15.831839388154808,16.02363420224061,15.718506466836251,15.97132682800293,2358900,0.0,0.0
2009-12-31 00:00:00-05:00,16.12825100584136,16.215431073572365,15.962609043434593,16.04107093811035,2280100,0.0,0.0
2010-01-04 00:00:00-05:00,16.590298860271254,16.729786258609998,16.37234959251435,16.45952796936035,4284200,0.0,0.0
2010-01-05 00:00:00-05:00,16.47696764994676,16.912866273822715,16.468249477930687,16.90414810180664,5485700,0.0,0.0
2010-01-06 00:00:00-05:00,17.13081838449106,17.697486355544356,17.069792833229847,17.505691528320312,7241900,0.0,0.0
2010-01-07 00:00:00-05:00,17.479536126094807,17.680050779464136,17.34004868372922,17.592870712280273,5480000,0.0,0.0
2010-01-08 00:00:00-05:00,17.767225275261932,17.863123494349935,17.453379430392204,17.819534301757812,4139400,0.0,0.0
2010-01-11 00:00:00-05:00,18.115954296965704,18.412365606961572,17.836977674811656,17.967748641967773,4507900,0.0,0.0
2010-01-12 00:00:00-05:00,17.75851608503576,17.95902911410191,17.261590105475335,17.46210479736328,6070800,0.0,0.0
2010-01-13 00:00:00-05:00,17.514406133591248,17.784662803898534,17.148251237798284,17.741073608398438,4743800,0.0,0.0
2010-01-14 00:00:00-05:00,17.653890700286066,17.819532609483556,17.47953062083387,17.714916229248047,3816400,0.0,0.0
2010-01-15 00:00:00-05:00,17.566715785895205,17.61902315986389,16.70363663271542,16.83440589904785,8595000,0.0,0.0
2010-01-19 00:00:00-05:00,16.660044830822162,16.843121442544035,16.599019293581538,16.75594139099121,4329700,0.0,0.0
2010-01-20 00:00:00-05:00,16.250297691280867,16.354914076720732,15.831835475163489,16.136964797973633,6372800,0.0,0.0
2010-01-21 00:00:00-05:00,16.04978786565238,16.22414798758351,15.456965446472168,15.456965446472168,10330500,0.0,0.0
2010-01-22 00:00:00-05:00,15.273890069963464,15.945174432886652,15.204146348024787,15.491839408874512,8489500,0.0,0.0
2010-01-25 00:00:00-05:00,15.570303629444208,15.64876553619675,15.073379328559264,15.160557746887207,5660600,0.0,0.0
2010-01-26 00:00:00-05:00,14.942607367486334,15.387224254819008,14.794401738375441,15.125685691833496,6427000,0.0,0.0
2010-01-27 00:00:00-05:00,14.994916471714095,15.143122101431585,14.515426887182626,14.837992668151855,7843600,0.0,0.0
2010-01-28 00:00:00-05:00,15.012352652767943,15.055943526336122,14.07952957509233,14.681070327758789,11375500,0.0,0.0
2010-01-29 00:00:00-05:00,14.681064977834264,14.811834225241599,14.088242615911744,14.175422668457031,7843700,0.0,0.0
2010-02-01 00:00:00-05:00,14.271326207552054,14.846712440690078,14.219017158850912,14.803121566772461,7019600,0.0,0.0
2010-02-02 00:00:00-05:00,15.064656335396235,15.273887465535196,14.855425205257271,15.099527359008789,8929000,0.0,0.0
2010-02-03 00:00:00-05:00,15.082090778963876,15.378501957711617,14.933885189590006,15.151834487915039,7085800,0.0,0.0
2010-02-04 00:00:00-05:00,14.715933876206023,14.811832086440436,14.201575132385791,14.288753509521484,10135000,0.0,0.0
2010-02-05 00:00:00-05:00,14.192861685906585,15.029786357273096,14.062090751036747,14.977478981018066,11364400,0.0,0.0
2010-02-08 00:00:00-05:00,15.003630751340287,15.090810814000408,14.471835528474191,14.515424728393555,7367000,0.0,0.0
2010-02-09 00:00:00-05:00,14.820548357282366,15.4220887267854,14.811830188121945,15.256446838378906,8800900,0.0,0.0
2010-02-10 00:00:00-05:00,15.256452000998994,15.456964971077866,14.80311702817791,15.300041198730469,7276900,0.0,0.0
2010-02-11 00:00:00-05:00,15.413375690520454,15.919018030466429,15.212862721519066,15.840556144714355,7277300,0.0,0.0
2010-02-12 00:00:00-05:00,15.544148684875985,15.971329241825353,15.369788527303236,15.866714477539062,7249900,0.0,0.0
2010-02-16 00:00:00-05:00,16.38107338823549,16.520560834476026,16.18927690253861,16.398508071899414,6201900,0.0,0.0
2010-02-17 00:00:00-05:00,16.320044930311663,16.52055957395193,15.945173486406487,16.128250122070312,6337000,0.0,0.0
2010-02-18 00:00:00-05:00,16.259020308668894,16.965175699346915,16.259020308668894,16.44209861755371,9541200,0.0,0.0
2010-02-19 00:00:00-05:00,16.26773755766791,16.398506820687984,15.953889996162616,16.128250122070312,7035000,0.0,0.0
2010-02-22 00:00:00-05:00,16.17183981493192,16.26773805338555,15.901583108078869,15.97132682800293,4899700,0.0,0.0
2010-02-23 00:00:00-05:00,15.866711156172533,16.023633269753585,15.300041594092454,15.395939826965332,6655900,0.0,0.0
2010-02-24 00:00:00-05:00,15.36106967963729,15.640044559065919,15.221580577101529,15.334915161132812,5649400,0.0,0.0
2010-02-25 00:00:00-05:00,15.003631052648013,15.892864716560618,14.933887333683577,15.76209545135498,8243900,0.0,0.0
2010-02-26 00:00:00-05:00,15.936451090341999,15.936451090341999,15.596449101211642,15.796963691711426,4606200,0.0,0.0
2010-03-01 00:00:00-05:00,15.89286351309551,16.197992884017445,15.648761346615,16.154403686523438,5052100,0.0,0.0
2010-03-02 00:00:00-05:00,16.346201074999765,16.7995361172236,16.232868145854585,16.52056121826172,5501200,0.0,0.0
2010-03-03 00:00:00-05:00,16.67748157717562,16.87799621943675,16.529275970019853,16.642610549926758,5032400,0.0,0.0
2010-03-04 00:00:00-05:00,16.572862519773675,16.72106808836121,16.346195081767977,16.45952796936035,5039700,0.0,0.0
2010-03-05 00:00:00-05:00,16.51184349459543,16.808254748521993,16.485688973547223,16.651330947875977,4403800,0.0,0.0
2010-03-08 00:00:00-05:00,16.703636835700546,16.80825324773067,16.285174513222966,16.433380126953125,5462700,0.0,0.0
2010-03-09 00:00:00-05:00,16.259023290827027,16.45953631981307,16.102099472378196,16.189279556274414,4044200,0.0,0.0
2010-03-10 00:00:00-05:00,16.18055547957469,16.35491558376744,15.674913172801144,15.753375053405762,6675400,0.0,0.0
2010-03-11 00:00:00-05:00,15.63132642998736,15.709788322898978,15.352351549777806,15.683633804321289,6614400,0.0,0.0
2010-03-12 00:00:00-05:00,15.788246923368035,15.83183611575275,15.474399417170556,15.587732315063477,5173800,0.0,0.0
2010-03-15 00:00:00-04:00,15.535430149420584,15.552866497336696,15.195429679164699,15.36978816986084,3856500,0.0,0.0
2010-03-16 00:00:00-04:00,15.61388552373349,15.936451174023563,15.57029633499041,15.83183479309082,6664600,0.0,0.0
2010-03-17 00:00:00-04:00,15.90158288928385,15.980044780971516,15.709788077837011,15.76209545135498,6561700,0.0,0.0
2010-03-18 00:00:00-04:00,15.727224423283475,16.006199299141212,15.579018812631375,15.76209545135498,4353500,0.0,0.0
2010-03-19 00:00:00-04:00,15.64004135131836,15.98004170803579,15.483117598119206,15.64004135131836,6127500,0.0,0.0
2010-03-22 00:00:00-04:00,15.37777583851112,15.683758064943506,15.307837186823917,15.56136417388916,4634700,0.05,0.0
2010-03-23 00:00:00-04:00,15.473940750551241,15.832376517394476,15.30783584208499,15.578847885131836,4368400,0.0,0.0
2010-03-24 00:00:00-04:00,15.24663466659682,15.290345680227928,14.748321774341731,14.809517860412598,7525500,0.0,0.0
2010-03-25 00:00:00-04:00,14.984368472685844,15.036823707124345,14.669645403398995,14.695871353149414,5326600,0.0,0.0
2010-03-26 00:00:00-04:00,14.730839978655078,15.054305553401397,14.643416264477898,14.861974716186523,4580500,0.0,0.0
2010-03-29 00:00:00-04:00,15.080537915860447,15.202930153761349,14.975629092324542,15.115508079528809,4067600,0.0,0.0
2010-03-30 00:00:00-04:00,15.185443080901463,15.202926491054338,14.861975814775958,14.96688461303711,4989500,0.0,0.0
2010-03-31 00:00:00-04:00,15.141731980744666,15.220413170855727,14.853234839493764,14.940658569335938,4327900,0.0,0.0
2010-04-01 00:00:00-04:00,15.150467888867226,15.386511355880305,15.08052926910056,15.334057807922363,5125800,0.0,0.0
2010-04-05 00:00:00-04:00,15.613815487288704,15.683754121390404,15.369029434198472,15.535134315490723,3268400,0.0,0.0
2010-04-06 00:00:00-04:00,15.438968476694459,15.81488927023573,15.430225938766917,15.51764965057373,3686500,0.0,0.0
2010-04-07 00:00:00-04:00,15.666275427401342,16.190816230561573,15.613821847326093,15.998483657836914,7660600,0.0,0.0
2010-04-08 00:00:00-04:00,15.998474159693538,16.103382925029937,15.779915760421941,16.06841278076172,4619800,0.0,0.0
2010-04-09 00:00:00-04:00,16.16458553815873,16.348175534773862,16.042193318727925,16.217039108276367,4942300,0.0,0.0
2010-04-12 00:00:00-04:00,16.182066685054494,16.479306289272387,16.059674495365428,16.12087059020996,3332800,0.0,0.0
2010-04-13 00:00:00-04:00,16.015967157153472,16.06842073204362,15.70124237287442,15.954771041870117,3902100,0.0,0.0
2010-04-14 00:00:00-04:00,16.147101194745076,16.321948659729795,15.91105928472541,16.15584373474121,4167400,0.0,0.0
2010-04-15 00:00:00-04:00,16.059675241908476,16.225778459216887,15.832374259442194,15.87608528137207,3845400,0.0,0.0
2010-04-16 00:00:00-04:00,15.718721609413317,15.823630387657431,15.132984960599124,15.465194702148438,7619300,0.0,0.0
2010-04-19 00:00:00-04:00,15.1679581334058,15.52639389038086,15.12424543897665,15.52639389038086,4143700,0.0,0.0
2010-04-20 00:00:00-04:00,15.657527055164337,15.83237448025968,15.552619934082031,15.552619934082031,3353900,0.0,0.0
2010-04-21 00:00:00-04:00,15.648783914799147,15.867342354021114,15.561360205616648,15.709980010986328,3469700,0.0,0.0
2010-04-22 00:00:00-04:00,15.53513804102727,15.823635184315876,15.395260739279399,15.779922485351562,4951000,0.0,0.0
2010-04-23 00:00:00-04:00,15.578845663336827,15.954766454820728,15.526392103527254,15.87608528137207,5139900,0.0,0.0
2010-04-26 00:00:00-04:00,15.902309685992249,16.04218692890354,15.701234690272537,15.849854469299316,4146200,0.0,0.0
2010-04-27 00:00:00-04:00,15.66627121067491,16.199554411554292,15.640043593962076,16.059677124023438,7133100,0.0,0.0
2010-04-28 00:00:00-04:00,16.0684177948897,16.776548430078023,15.849859327417231,16.592958450317383,9986700,0.0,0.0
2010-04-29 00:00:00-04:00,16.680381301883518,16.802773503702422,16.39188420654704,16.48805046081543,6759100,0.0,0.0
2010-04-30 00:00:00-04:00,16.654155719317618,17.021334037053023,16.584217071533203,16.584217071533203,7019400,0.0,0.0
2010-05-03 00:00:00-04:00,16.81151992286127,16.916428739686843,16.26075322006696,16.348176956176758,6086500,0.0,0.0
2010-05-04 00:00:00-04:00,16.17332650944625,16.409370053290136,15.823633296789817,16.24326515197754,8338000,0.0,0.0
2010-05-05 00:00:00-04:00,15.561359275781376,15.76243429512689,15.106759016639442,15.465194702148438,13717500,0.0,0.0
2010-05-06 00:00:00-04:00,15.220412104426723,15.622560566536317,14.958142600745258,15.508909225463867,14014900,0.0,0.0
2010-05-07 00:00:00-04:00,15.526395759577868,15.7362117156908,14.958144003338388,15.176702499389648,10585700,0.0,0.0
2010-05-10 00:00:00-04:00,15.307835131652965,15.360288696508908,14.975625330138216,15.185442924499512,8756400,0.0,0.0
2010-05-11 00:00:00-04:00,15.570102573775399,16.62792627517721,15.473937995443267,16.35691261291504,13142400,0.0,0.0
2010-05-12 00:00:00-04:00,16.732836530033286,17.082531428556404,16.540505669820657,16.8115177154541,10442900,0.0,0.0
2010-05-13 00:00:00-04:00,16.71534917731293,16.872709843577333,16.391881972698883,16.461820602416992,5475200,0.0,0.0
2010-05-14 00:00:00-04:00,16.767801934351034,16.925164260591234,16.007217913346185,16.566728591918945,6570600,0.0,0.0
2010-05-17 00:00:00-04:00,16.610441838567507,16.645411990191526,15.867342791243132,16.015962600708008,6985200,0.0,0.0
2010-05-18 00:00:00-04:00,15.972249953737592,16.173323302714046,15.692495439080192,15.902311325073242,6451900,0.0,0.0
2010-05-19 00:00:00-04:00,15.67500912980616,15.67500912980616,14.730836883507004,15.159211158752441,8951500,0.0,0.0
2010-05-20 00:00:00-04:00,14.687128351407424,15.054306643566047,14.442343934947525,14.5035400390625,10028100,0.0,0.0
2010-05-21 00:00:00-04:00,14.346174742381134,14.695867885445121,14.215040022165693,14.538505554199219,7040700,0.0,0.0
2010-05-24 00:00:00-04:00,14.888204059490322,15.063049840679025,14.54725170135498,14.54725170135498,3498200,0.0,0.0
2010-05-25 00:00:00-04:00,14.36366251019699,14.888203156900794,14.26749625251848,14.827005386352539,6402000,0.0,0.0
2010-05-26 00:00:00-04:00,15.150474161126931,15.167959240174435,14.730842268800352,14.774553298950195,4122600,0.0,0.0
2010-05-27 00:00:00-04:00,14.975622982574459,15.316575269362652,14.923169425941085,15.124242782592773,4030900,0.0,0.0
2010-05-28 00:00:00-04:00,15.036825686083274,15.159217914276514,14.870720756771696,15.04556655883789,4159300,0.0,0.0
2010-06-01 00:00:00-04:00,15.290347181889924,15.447709514365693,14.984365054016866,15.001850128173828,6048000,0.0,0.0
2010-06-02 00:00:00-04:00,15.02808159848837,15.220412461198489,14.861976686279839,15.211669921875,3511100,0.0,0.0
2010-06-03 00:00:00-04:00,15.14172718008506,15.229150882209693,14.80951911297357,15.010592460632324,3207000,0.0,0.0
2010-06-04 00:00:00-04:00,14.765810125783206,15.089277404405442,14.634675373492133,14.730841636657715,4219400,0.0,0.0
2010-06-07 00:00:00-04:00,14.730839286647342,15.34280192220225,14.582219479768414,14.993108749389648,5940400,0.0,0.0
2010-06-08 00:00:00-04:00,15.167956376385536,15.526392091840247,15.063047589376758,15.237895011901855,7158100,0.0,0.0
2010-06-09 00:00:00-04:00,15.220410925724885,15.482680409095627,14.966883980795663,15.054306030273438,5532800,0.0,0.0
2010-06-10 00:00:00-04:00,15.063047589376758,15.377772282934494,15.054305051503643,15.237895011901855,4753200,0.0,0.0
2010-06-11 00:00:00-04:00,15.255383997655462,15.438972337639399,15.16796026398591,15.264124870300293,3245200,0.0,0.0
2010-06-14 00:00:00-04:00,15.290346973456407,15.334059658252936,14.975622312795101,15.010592460632324,3432700,0.0,0.0
2010-06-15 00:00:00-04:00,15.167958523244934,15.465198183127479,15.063049721387456,15.438970565795898,2913800,0.0,0.0
2010-06-16 00:00:00-04:00,15.31657490565921,15.613814498637664,15.31657490565921,15.465194702148438,4069400,0.0,0.0
2010-06-17 00:00:00-04:00,15.692493734687908,16.15583647396401,15.683751198620854,16.06841278076172,6925800,0.0,0.0
2010-06-18 00:00:00-04:00,16.304464254387323,16.514280220569397,16.243268139351184,16.348176956176758,8166100,0.0,0.0
2010-06-21 00:00:00-04:00,16.49679409661938,16.49679409661938,15.648786163406218,15.806148529052734,5581200,0.0,0.0
2010-06-22 00:00:00-04:00,15.823630097144319,16.094642073718997,15.727463857808479,15.762434005737305,2888900,0.0,0.0
2010-06-23 00:00:00-04:00,15.570106347253267,16.024708406252955,15.482682617835028,15.928542137145996,4294400,0.0,0.0
2010-06-24 00:00:00-04:00,15.814888795499039,16.120870943903505,15.692496603124676,15.709980010986328,3735000,0.0,0.0
2010-06-25 00:00:00-04:00,16.04219021442602,16.234521045952317,15.91105548077316,16.015962600708008,4786000,0.0,0.0
2010-06-28 00:00:00-04:00,16.015960562198114,16.243261516417583,15.640039817430079,15.7362060546875,5445400,0.0,0.0
2010-06-29 00:00:00-04:00,15.473938693186637,15.526392253502879,14.993109109970463,15.089275360107422,6217000,0.0,0.0
2010-06-30 00:00:00-04:00,14.958143648798163,15.220413170855727,14.905688410411486,14.940658569335938,4854600,0.0,0.0
2010-07-01 00:00:00-04:00,14.844488654299571,14.870716267052014,13.98773998067564,14.223783493041992,6734300,0.0,0.0
2010-07-02 00:00:00-04:00,14.48605498968255,14.608447198150891,14.18007280104292,14.250011444091797,3934600,0.0,0.0
2010-07-06 00:00:00-04:00,14.41611682829043,14.442344445610843,13.830380047885244,13.952773094177246,5456100,0.0,0.0
2010-07-07 00:00:00-04:00,13.944029776388238,14.162589073181152,13.83912181416826,14.162589073181152,5058900,0.0,0.0
2010-07-08 00:00:00-04:00,14.284984236616536,14.293726777045274,13.71673161476673,13.83912467956543,6876600,0.0,0.0
2010-07-09 00:00:00-04:00,14.118876251134111,14.381147404890168,14.083907764447874,14.127618789672852,4541200,0.0,0.0
2010-07-12 00:00:00-04:00,14.083909334414008,14.267497661786411,13.97900052772341,14.10139274597168,3071300,0.0,0.0
2010-07-13 00:00:00-04:00,14.451085303493269,14.521023940742277,14.188814163208008,14.188814163208008,4168300,0.0,0.0
2010-07-14 00:00:00-04:00,14.215042637423956,14.416116023245317,14.092650431701168,14.162589073181152,3246200,0.0,0.0
2010-07-15 00:00:00-04:00,14.223785992023945,14.267497020155744,13.874091930828618,14.0576810836792,3682500,0.0,0.0
2010-07-16 00:00:00-04:00,13.777925688326201,13.821637547611877,13.63804840559954,13.734213829040527,3691800,0.0,0.0
2010-07-19 00:00:00-04:00,13.59433573919974,13.638047595890184,13.314580356621502,13.515654563903809,4027300,0.0,0.0
2010-07-20 00:00:00-04:00,13.480686994867872,13.83038022630715,13.436975132504354,13.804153442382812,3785000,0.0,0.0
2010-07-21 00:00:00-04:00,13.987741038745021,13.987741038745021,13.585593450531729,13.64678955078125,3295200,0.0,0.0
2010-07-22 00:00:00-04:00,13.707985867188732,14.32869104743388,13.707985867188732,14.276237487792969,7098500,0.0,0.0
2010-07-23 00:00:00-04:00,14.363658905029297,14.599702386921226,14.302462817309536,14.363658905029297,5056000,0.0,0.0
2010-07-26 00:00:00-04:00,14.538508652755759,14.538508652755759,14.101391713897009,14.14510440826416,3721900,0.0,0.0
2010-07-27 00:00:00-04:00,14.118873482293097,14.145101092765845,13.66427240597673,13.874088287353516,6179800,0.0,0.0
2010-07-28 00:00:00-04:00,13.821637000508597,14.03145208255909,13.690501427842326,14.005226135253906,5548600,0.0,0.0
2010-07-29 00:00:00-04:00,14.13636302947998,14.39863254733065,13.961516406334711,14.13636302947998,5890300,0.0,0.0
2010-07-30 00:00:00-04:00,14.197554855832513,14.407370740306677,14.145101301581079,14.328689575195312,4188000,0.0,0.0
2010-08-02 00:00:00-04:00,14.564736302307223,14.61718986819761,14.145104440246536,14.284981727600098,2754400,0.0,0.0
2010-08-03 00:00:00-04:00,13.471942912307457,13.76044000362835,13.34955071219213,13.506912231445312,21996700,0.0,0.0
2010-08-04 00:00:00-04:00,13.944030511596429,13.961515589755523,13.646790852767154,13.74295711517334,11700400,0.0,0.0
2010-08-05 00:00:00-04:00,13.900316745104917,13.909059282986432,13.646788982681105,13.812893867492676,8676200,0.0,0.0
2010-08-06 00:00:00-04:00,13.93528605071691,13.952771126464656,13.690500826388561,13.777924537658691,7706000,0.0,0.0
2010-08-09 00:00:00-04:00,13.786667823791504,13.856606463109745,13.576851072102432,13.786667823791504,4879800,0.0,0.0
2010-08-10 00:00:00-04:00,13.53313865866792,13.751697106000936,13.436973241985745,13.699243545532227,9159300,0.0,0.0
2010-08-11 00:00:00-04:00,13.594337074606797,13.63804893559117,13.21841623736936,13.323324203491211,6222200,0.0,0.0
2010-08-12 00:00:00-04:00,13.384520031329984,13.603078484375166,13.384520031329984,13.506912231445312,7653300,0.0,0.0
2010-08-13 00:00:00-04:00,13.46320244459224,13.603080576389821,13.253386497497559,13.253386497497559,8131800,0.0,0.0
2010-08-16 00:00:00-04:00,13.37577955017002,13.42823312007646,13.209674633419219,13.253386497497559,4520200,0.0,0.0
2010-08-17 00:00:00-04:00,13.340808098656977,13.367034879428719,13.22715760366699,13.262126922607422,4594000,0.0,0.0
2010-08-18 00:00:00-04:00,13.200930178301082,13.559365888371875,12.991113441169396,13.533138275146484,6839100,0.0,0.0
2010-08-19 00:00:00-04:00,13.55062507013212,13.865348965165001,13.506913209610621,13.611821174621582,6382000,0.0,0.0
2010-08-20 00:00:00-04:00,13.463199640680685,13.585592667862977,13.323322371749088,13.533138275146484,4281400,0.0,0.0
2010-08-23 00:00:00-04:00,13.506912916458255,13.594336635603817,13.253385131417371,13.270870208740234,4274400,0.0,0.0
2010-08-24 00:00:00-04:00,13.017342449749943,13.44571684020485,12.973630590089686,13.375778198242188,7339300,0.0,0.0
2010-08-25 00:00:00-04:00,13.384520604293993,13.690501951415083,13.314581129289982,13.664275169372559,6351800,0.0,0.0
2010-08-26 00:00:00-04:00,13.681761481864154,14.101393392941361,13.681761481864154,14.013971328735352,7227700,0.0,0.0
2010-08-27 00:00:00-04:00,14.119206855469512,14.443684577941895,13.90873357605843,14.443684577941895,8344800,0.05,0.0
2010-08-30 00:00:00-04:00,14.320908015907873,14.513840651843706,14.189362960829525,14.250750541687012,4690500,0.0,0.0
2010-08-31 00:00:00-04:00,14.312137893850734,14.847089671665623,14.215670741081203,14.838319778442383,9230700,0.0,0.0
2010-09-01 00:00:00-04:00,15.022485330187726,15.17157019751835,14.408607743821825,14.698007583618164,10671200,0.0,0.0
2010-09-02 00:00:00-04:00,14.864631889948214,15.127722038942224,14.619079857583795,14.908479690551758,7230700,0.0,0.0
2010-09-03 00:00:00-04:00,14.996171373259719,15.294340989715845,14.873394566510534,15.285571098327637,13403400,0.0,0.0
2010-09-07 00:00:00-04:00,15.487278268766097,15.56620564245825,14.969866229089204,15.031253814697266,6423100,0.0,0.0
2010-09-08 00:00:00-04:00,15.171569839545768,15.285576797413182,14.899709795893774,14.908479690551758,4905000,0.0,0.0
2010-09-09 00:00:00-04:00,14.969863978032166,15.022481661685925,14.513839592536897,14.610306739807129,5259000,0.0,0.0
2010-09-10 00:00:00-04:00,14.513841022239154,14.899707976644333,14.42614543173967,14.7857027053833,5059500,0.0,0.0
2010-09-13 00:00:00-04:00,14.750622919870187,14.803240607953857,14.496302700227329,14.505072593688965,3582900,0.0,0.0
2010-09-14 00:00:00-04:00,14.733083590904975,15.19787792270231,14.698005688654227,14.961095809936523,7895400,0.0,0.0
2010-09-15 00:00:00-04:00,14.978637189991034,15.706521720462135,14.87340012667719,15.417121887207031,14534500,0.0,0.0
2010-09-16 00:00:00-04:00,15.767906207770547,16.44317291005478,15.74159820163353,16.267778396606445,20688800,0.0,0.0
2010-09-17 00:00:00-04:00,16.565955691929325,16.66242288600281,15.960847854614258,15.960847854614258,13140600,0.0,0.0
2010-09-20 00:00:00-04:00,16.118693545012555,16.601027620144688,16.074845753039654,16.504560470581055,10802100,0.0,0.0
2010-09-21 00:00:00-04:00,16.337940090727702,16.65364962746969,16.048540239609707,16.54841423034668,13568600,0.0,0.0
2010-09-22 00:00:00-04:00,16.87288407119735,17.083356439355562,16.504557008749057,16.557174682617188,10484200,0.0,0.0
2010-09-23 00:00:00-04:00,16.36424124360991,16.741338177493233,16.294083791214334,16.671180725097656,9308700,0.0,0.0
2010-09-24 00:00:00-04:00,16.969354100727575,16.969354100727575,16.478251824425044,16.66241455078125,11994700,0.0,0.0
2010-09-27 00:00:00-04:00,16.653644470506222,16.653644470506222,16.346704924019058,16.408092498779297,4283000,0.0,0.0
2010-09-28 00:00:00-04:00,16.22392995733964,16.71503223364217,16.083615021253202,16.66241455078125,8573400,0.0,0.0
2010-09-29 00:00:00-04:00,16.662410280054797,16.732567730116024,16.495785708902293,16.601022720336914,5971600,0.0,0.0
2010-09-30 00:00:00-04:00,16.557180018130275,16.662417072464628,16.259011988336454,16.478254318237305,6115700,0.0,0.0
2010-10-01 00:00:00-04:00,16.60102433423231,16.732569356799786,16.504557203762833,16.57471466064453,5165700,0.0,0.0
2010-10-04 00:00:00-04:00,16.434409067333092,16.609803645351786,16.232706473492257,16.53964614868164,4847100,0.0,0.0
2010-10-05 00:00:00-04:00,16.750112757122384,17.214905382099115,16.723803077851862,17.030742645263672,11159200,0.0,0.0
2010-10-06 00:00:00-04:00,17.16228656542016,17.28506171522079,17.074589312982866,17.144746780395508,6433400,0.0,0.0
2010-10-07 00:00:00-04:00,17.22367393854542,17.249983615774184,16.416862236408832,16.60979652404785,9021600,0.0,0.0
2010-10-08 00:00:00-04:00,16.583487190146883,16.71503223364217,16.469481931833894,16.66241455078125,5474700,0.0,0.0
2010-10-11 00:00:00-04:00,16.644879421636205,16.83781376723866,16.416867168542858,16.785194396972656,3506300,0.0,0.0
2010-10-12 00:00:00-04:00,16.574716954409507,16.706261995181418,16.416862236408832,16.60979652404785,6331000,0.0,0.0
2010-10-13 00:00:00-04:00,16.89919916075612,17.45168909516163,16.776422318798936,17.2412166595459,10232600,0.0,0.0
2010-10-14 00:00:00-04:00,17.249986061574972,17.39907090830415,16.899198678884602,16.934276580810547,6964600,0.0,0.0
2010-10-15 00:00:00-04:00,16.87288907939697,16.995664245759876,16.59225917188964,16.679956436157227,8526200,0.0,0.0
2010-10-18 00:00:00-04:00,16.51333002040866,16.574717596969666,16.320397397976073,16.451942443847656,6901500,0.0,0.0
2010-10-19 00:00:00-04:00,15.838065912326893,16.004690556334037,15.29434585478863,15.557435989379883,11092200,0.0,0.0
2010-10-20 00:00:00-04:00,15.5749699396994,16.04853233899338,15.56620004880878,15.908217430114746,6587400,0.0,0.0
2010-10-21 00:00:00-04:00,15.855600337467889,15.952067468107922,15.241721334153409,15.364498138427734,9376900,0.0,0.0
2010-10-22 00:00:00-04:00,15.417120170505433,15.513587328410942,15.259265429455033,15.434659957885742,3702300,0.0,0.0
2010-10-25 00:00:00-04:00,15.78544512104614,15.78544512104614,15.47850557582194,15.53989315032959,3982300,0.0,0.0
2010-10-26 00:00:00-04:00,15.346961987999805,15.688979462758532,15.303114194251394,15.478507041931152,6009400,0.0,0.0
2010-10-27 00:00:00-04:00,15.285575723857818,15.32942352138179,14.776933578222971,15.031253814697266,7723200,0.0,0.0
2010-10-28 00:00:00-04:00,15.303113346505894,15.73282805764268,15.15402851425958,15.487276077270508,6242500,0.0,0.0
2010-10-29 00:00:00-04:00,15.601277517191571,15.873137407548688,15.601277517191571,15.741592407226562,3659700,0.0,0.0
2010-11-01 00:00:00-04:00,15.899452531949292,15.916992319238355,15.592514617821571,15.688980102539062,4104000,0.0,0.0
2010-11-02 00:00:00-04:00,15.802979962531193,15.881907297261554,15.688973068949368,15.741592407226562,4617100,0.0,0.0
2010-11-03 00:00:00-04:00,15.732825196072888,15.908218002135047,15.303110563094881,15.618818283081055,7549400,0.0,0.0
2010-11-04 00:00:00-04:00,16.153775169447684,16.530872250003235,15.943302730397525,16.52210235595703,9210100,0.0,0.0
2010-11-05 00:00:00-04:00,16.38178739659026,16.8378118508754,16.35547771445164,16.52210235595703,5486100,0.0,0.0
2010-11-08 00:00:00-05:00,16.49579455125542,16.91674114995122,16.355479575918967,16.785194396972656,5435600,0.0,0.0
2010-11-09 00:00:00-05:00,17.013200005543013,17.363987306883796,16.092383130437735,16.19761848449707,11467200,0.0,0.0
2010-11-10 00:00:00-05:00,16.364246654843843,16.495791712498402,15.952071694809916,16.39055633544922,8658400,0.0,0.0
2010-11-11 00:00:00-05:00,16.373018170160638,16.50456324084501,16.14500593372077,16.364248275756836,4924600,0.0,0.0
2010-11-12 00:00:00-05:00,16.03099856981113,16.434403623875642,15.908221736789924,16.083616256713867,6339000,0.0,0.0
2010-11-15 00:00:00-05:00,16.13623342689111,16.171312998827,15.741598278728679,15.776676177978516,4491100,0.0,0.0
2010-11-16 00:00:00-05:00,15.460964774403152,15.645129158503865,15.136487138285759,15.276802062988281,7572600,0.0,0.0
2010-11-17 00:00:00-05:00,15.250494482940653,15.636361415238014,15.224186476372562,15.294343948364258,4264800,0.0,0.0
2010-11-18 00:00:00-05:00,15.557434421685842,15.767906842687182,15.54866452839169,15.610052108764648,4482600,0.0,0.0
2010-11-19 00:00:00-05:00,15.566205788952717,15.767908335759229,15.469738626268613,15.680211067199707,4697200,0.0,0.0
2010-11-22 00:00:00-05:00,15.671438794098577,15.952068642786546,15.54866198078321,15.873141288757324,5548300,0.0,0.0
2010-11-23 00:00:00-05:00,15.802983088864899,16.0046855741077,15.697746064176702,15.785443305969238,5510400,0.0,0.0
2010-11-24 00:00:00-05:00,15.925760977254098,16.048536133379457,15.776676142236429,15.881913185119629,3251700,0.0,0.0
2010-11-26 00:00:00-05:00,15.592511525052075,15.741596342065835,15.513584170592681,15.645129203796387,1711500,0.0,0.0
2010-11-29 00:00:00-05:00,15.601284924212578,15.627592933155997,15.189108275445959,15.224187850952148,9445000,0.0,0.0
2010-11-30 00:00:00-05:00,15.373268339523982,15.496043473587417,15.232953422684128,15.285571098327637,7666500,0.0,0.0
2010-12-01 00:00:00-05:00,15.487273260363006,15.68897574004306,15.215413323720945,15.618818283081055,7179100,0.0,0.0
2010-12-02 00:00:00-05:00,15.811753407274768,16.039765573018034,15.724056163114158,15.952068328857422,7677500,0.0,0.0
2010-12-03 00:00:00-05:00,16.145000921076086,16.548407574971012,15.960838213833437,16.44317054748535,7570800,0.0,0.0
2010-12-06 00:00:00-05:00,16.416860279604343,16.864114703067195,16.37301249546878,16.837806701660156,10683100,0.0,0.0
2010-12-07 00:00:00-05:00,17.004433177557537,17.17982769617109,16.22393108236803,16.311628341674805,9558700,0.0,0.0
2010-12-08 00:00:00-05:00,16.25901198064268,16.399326937897925,15.969610499531717,15.995920181274414,6772400,0.0,0.0
2010-12-09 00:00:00-05:00,16.197620337334616,16.259009585691608,15.916990464160882,16.17131233215332,4244800,0.0,0.0
2010-12-10 00:00:00-05:00,16.066075293370176,16.232699907824326,15.890682458979585,16.17131233215332,6429900,0.0,0.0
2010-12-13 00:00:00-05:00,16.408091899457514,16.539638609351396,15.97837721914562,16.074844360351562,5714500,0.0,0.0
2010-12-14 00:00:00-05:00,16.197622489646168,16.469484179007964,16.03099952573744,16.21516227722168,5446700,0.0,0.0
2010-12-15 00:00:00-05:00,16.074847038324062,16.23270177834565,16.039769136478252,16.188852310180664,7403600,0.0,0.0
2010-12-16 00:00:00-05:00,16.197626961941047,16.320403836183097,15.8906889580526,16.031003952026367,7954900,0.0,0.0
2010-12-17 00:00:00-05:00,16.074843989868146,16.513328552246094,15.829292032769585,16.513328552246094,18285500,0.0,0.0
2010-12-20 00:00:00-05:00,16.311629000061078,16.46071384509428,16.074846892181377,16.15377426147461,4718500,0.0,0.0
2010-12-21 00:00:00-05:00,16.13623595217205,16.180085423954246,15.960843083102219,16.092388153076172,4522100,0.0,0.0
2010-12-22 00:00:00-05:00,16.066074468179576,16.32039632310946,15.995917003489593,16.074844360351562,3497400,0.0,0.0
2010-12-23 00:00:00-05:00,15.99591844803084,16.34670580315927,15.978378662102907,16.250240325927734,2931100,0.0,0.0
2010-12-27 00:00:00-05:00,16.136234474368077,16.223931737214578,15.969609842228342,16.15377426147461,1649800,0.0,0.0
2010-12-28 00:00:00-05:00,16.3116323081925,16.662419758034883,16.276552726865013,16.592262268066406,3166800,0.0,0.0
2010-12-29 00:00:00-05:00,16.601026728140393,16.636104625296703,16.39932421960523,16.618566513061523,2593700,0.0,0.0
2010-12-30 00:00:00-05:00,16.601029442966652,16.653647133648857,16.38178711365687,16.495792388916016,2969200,0.0,0.0
2010-12-31 00:00:00-05:00,16.548412705198825,16.715035680734896,16.48702344440065,16.627338409423828,2001900,0.0,0.0
2011-01-03 00:00:00-05:00,16.750115605848965,16.890430573783263,16.223933639752165,16.416866302490234,5088600,0.0,0.0
2011-01-04 00:00:00-05:00,16.364243201920743,16.43440066271207,15.557431566477579,15.952068328857422,8794700,0.0,0.0
2011-01-05 00:00:00-05:00,15.820526202452102,15.855604102942602,15.592513994862456,15.610052108764648,7014400,0.0,0.0
2011-01-06 00:00:00-05:00,15.645130487130489,15.69774817019091,15.294343145584376,15.329421043395996,6666100,0.0,0.0
2011-01-07 00:00:00-05:00,15.33818846479344,15.618818292816385,15.17156387714767,15.364498138427734,7110700,0.0,0.0
2011-01-10 00:00:00-05:00,15.390810816547882,15.408350604300978,15.118950797119801,15.224187850952148,5328000,0.0,0.0
2011-01-11 00:00:00-05:00,15.382040995219908,15.56620372941096,15.30311363122773,15.513586044311523,4915700,0.0,0.0
2011-01-12 00:00:00-05:00,15.522353213130048,15.653898239135742,15.382038295699207,15.653898239135742,5579200,0.0,0.0
2011-01-13 00:00:00-05:00,15.627590423317196,15.627590423317196,15.013713004725467,15.154027938842773,6199300,0.0,0.0
2011-01-14 00:00:00-05:00,14.952326052267997,15.057563105350289,14.698005822405632,14.733083724975586,7285400,0.0,0.0
2011-01-18 00:00:00-05:00,14.882169824023904,14.98740688594243,14.689237161974019,14.759394645690918,4294500,0.0,0.0
2011-01-19 00:00:00-05:00,14.873397827148438,14.908477400391636,14.733082879547876,14.873397827148438,5586900,0.0,0.0
2011-01-20 00:00:00-05:00,14.575232241256584,15.03125506043266,14.417377480789852,14.926019668579102,8781600,0.0,0.0
2011-01-21 00:00:00-05:00,14.917247048408528,15.101409786848665,14.80324010992894,14.829549789428711,7967200,0.0,0.0
2011-01-24 00:00:00-05:00,14.820778896010145,15.013713187281859,14.469991556451546,14.566458702087402,7002700,0.0,0.0
2011-01-25 00:00:00-05:00,14.426144540664984,14.46122244016085,14.031507717048566,14.312137603759766,9692700,0.0,0.0
2011-01-26 00:00:00-05:00,14.2419818403943,15.066333486003208,14.224442052199453,15.040023803710938,8354100,0.0,0.0
2011-01-27 00:00:00-05:00,14.969865204358557,15.031252785764462,14.50507256075034,14.654155731201172,8513100,0.0,0.0
2011-01-28 00:00:00-05:00,14.531382351890045,15.07510410320712,14.496304446504038,14.864631652832031,9669800,0.0,0.0
2011-01-31 00:00:00-05:00,14.847092510520596,14.89094031233466,14.513843195062599,14.59277057647705,5797000,0.0,0.0
2011-02-01 00:00:00-05:00,14.750622855771635,14.961095279877856,14.65415570079898,14.890937805175781,6025600,0.0,0.0
2011-02-02 00:00:00-05:00,14.803240543626655,14.952325386454328,14.733083068924582,14.890937805175781,4680400,0.0,0.0
2011-02-03 00:00:00-05:00,14.97863725310786,15.20664949734334,14.733085219465101,15.180339813232422,8861900,0.0,0.0
2011-02-04 00:00:00-05:00,15.28557655358221,15.28557655358221,14.838321969277764,14.864631652832031,5360500,0.0,0.0
2011-02-07 00:00:00-05:00,14.987401945047672,14.987401945047672,14.715541994354515,14.750619888305664,5652800,0.0,0.0
2011-02-08 00:00:00-05:00,14.952327764474878,15.110182525831323,14.864632161664767,15.06633472442627,6555900,0.0,0.0
2011-02-09 00:00:00-05:00,15.110180547296716,15.118950440966673,14.645387891592256,14.68923568725586,6705300,0.0,0.0
2011-02-10 00:00:00-05:00,14.627847042348101,14.689234620895206,14.45245252705403,14.548919677734375,5160300,0.0,0.0
2011-02-11 00:00:00-05:00,14.531377952398701,14.741850339051586,14.391063027963446,14.417372703552246,6841200,0.0,0.0
2011-02-14 00:00:00-05:00,14.461221405158717,14.592766446054043,14.417373615755592,14.434911727905273,4108600,0.0,0.0
2011-02-15 00:00:00-05:00,14.627850156077438,14.733085549505759,14.505074972848922,14.59277057647705,6717300,0.0,0.0
2011-02-16 00:00:00-05:00,14.706775155692512,14.908477687669244,14.513840844509422,14.899707794189453,6026000,0.0,0.0
2011-02-17 00:00:00-05:00,14.627850156077438,14.636620050977534,14.469995393248535,14.59277057647705,9660900,0.0,0.0
2011-02-18 00:00:00-05:00,14.706776386291537,14.724316174718771,14.417376567987333,14.443684577941895,7469600,0.0,0.0
2011-02-22 00:00:00-05:00,14.592767989265734,14.601537882610982,13.584253672168098,13.62810230255127,11926900,0.0,0.0
2011-02-23 00:00:00-05:00,13.698259238635641,14.0227377525785,13.584253138654146,13.926271438598633,9631500,0.0,0.0
2011-02-24 00:00:00-05:00,14.00520096736431,14.049049602801972,13.540406602605517,13.70703125,7421900,0.0,0.0
2011-02-25 00:00:00-05:00,13.724566998326623,14.066586107626335,13.689488265434363,14.031506538391113,5461900,0.0,0.0
2011-02-28 00:00:00-05:00,14.075356208670323,14.110435782594552,13.759647570439927,13.908732414245605,7887800,0.0,0.0
2011-03-01 00:00:00-05:00,13.952580779002156,14.066587719393763,13.7859569877577,13.873653411865234,8560400,0.0,0.0
2011-03-02 00:00:00-05:00,13.961350215393306,13.978889165103581,13.496556757440116,13.680720329284668,8406900,0.0,0.0
2011-03-03 00:00:00-05:00,13.470248276804567,13.733339236610064,13.154539626843833,13.715800285339355,11454400,0.0,0.0
2011-03-04 00:00:00-05:00,13.803496714379117,13.94381166991722,13.654411865034104,13.715800285339355,9305400,0.0,0.0
2011-03-07 00:00:00-05:00,13.72456934786022,14.136745993505707,13.72456934786022,13.847345352172852,9378700,0.0,0.0
2011-03-08 00:00:00-05:00,13.891193248507237,13.917502092199916,13.531635984782742,13.62810230255127,7677000,0.0,0.0
2011-03-09 00:00:00-05:00,13.698260442350305,13.847345291092642,13.400090744865633,13.470248222351074,7626900,0.0,0.0
2011-03-10 00:00:00-05:00,13.312391816917273,13.36500949698138,13.066839855474957,13.145767211914062,8193400,0.0,0.0
2011-03-11 00:00:00-05:00,13.040533463666977,13.540405699836514,13.014224618695712,13.470248222351074,5139900,0.0,0.0
2011-03-14 00:00:00-04:00,13.47024735033689,13.575483559752447,13.25977493150578,13.347472190856934,5127400,0.0,0.0
2011-03-15 00:00:00-04:00,12.786213366952653,12.996685815347332,12.724825778589997,12.970376968383789,7276100,0.0,0.0
2011-03-16 00:00:00-04:00,12.900217868288713,13.189617657635214,12.540660604939609,12.637126922607422,12500400,0.0,0.0
2011-03-17 00:00:00-04:00,12.794979583872296,12.847597262676079,12.514349733337646,12.742361068725586,6296100,0.0,0.0
2011-03-18 00:00:00-04:00,12.838829649666984,13.12822942463335,12.838829649666984,12.926526069641113,11343100,0.0,0.0
2011-03-21 00:00:00-04:00,13.207157091867286,13.593023188584556,13.031762575198215,13.45270824432373,9178000,0.0,0.0
2011-03-22 00:00:00-04:00,13.523096978609399,14.253362589586493,13.505500671820968,13.96301555633545,12356200,0.05,0.0
2011-03-23 00:00:00-04:00,13.971812190093303,14.464521297956772,13.954215046669116,14.429327011108398,8836100,0.0,0.0
2011-03-24 00:00:00-04:00,14.58770078902665,14.781264369953934,14.367741487818071,14.490918159484863,10393300,0.0,0.0
2011-03-25 00:00:00-04:00,14.55250534540824,14.631689134551333,14.13018229376129,14.138980865478516,6329400,0.0,0.0
2011-03-28 00:00:00-04:00,13.875031418596901,14.12138473166864,13.681467022368766,13.70786190032959,6035600,0.0,0.0
2011-03-29 00:00:00-04:00,13.655075081548352,13.743058306701876,13.391123727931339,13.4967041015625,8272600,0.0,0.0
2011-03-30 00:00:00-04:00,13.690264619781248,13.901425306586393,13.575885704658965,13.883828163146973,6443700,0.0,0.0
2011-03-31 00:00:00-04:00,14.00700761029651,14.033402490071673,13.778249748036846,13.85743522644043,6202500,0.0,0.0
2011-04-01 00:00:00-04:00,13.866234784031683,13.927823120906476,13.479105937474863,13.514299392700195,6738600,0.0,0.0
2011-04-04 00:00:00-04:00,13.575885777396156,13.82223991332208,13.48790173788362,13.540692329406738,4671700,0.0,0.0
2011-04-05 00:00:00-04:00,13.540693140308708,14.297352736933721,13.470306240114661,14.279755592346191,12106300,0.0,0.0
2011-04-06 00:00:00-04:00,14.570098847241336,14.640485733337933,14.33254415551266,14.420526504516602,8582300,0.0,0.0
2011-04-07 00:00:00-04:00,14.402934975459207,14.54370878610172,14.262159486660499,14.385337829589844,5970000,0.0,0.0
2011-04-08 00:00:00-04:00,14.63169017381917,14.728472791427004,14.543707806709593,14.60529613494873,7230200,0.0,0.0
2011-04-11 00:00:00-04:00,14.578901430421336,14.605297149281032,14.033402493492463,14.16537857055664,7147400,0.0,0.0
2011-04-12 00:00:00-04:00,14.086191131119836,14.103788274576507,13.681466061474211,13.778247833251953,8831400,0.0,0.0
2011-04-13 00:00:00-04:00,13.919021610429988,13.945417325588137,13.593482008514673,13.66386890411377,6621000,0.0,0.0
2011-04-14 00:00:00-04:00,13.690264601416262,13.866231840184495,13.549489971323695,13.804642677307129,8255400,0.0,0.0
2011-04-15 00:00:00-04:00,13.778245954617816,13.892624854256912,13.637472182470578,13.787044525146484,8058600,0.0,0.0
2011-04-18 00:00:00-04:00,13.681466112463513,13.751853008396557,13.329530793720313,13.391119956970215,8192500,0.0,0.0
2011-04-19 00:00:00-04:00,13.470306322812975,13.514297506395803,13.144765858569373,13.408717155456543,8023600,0.0,0.0
2011-04-20 00:00:00-04:00,13.663869885907982,13.79584595394769,13.479104061914823,13.523096084594727,7498600,0.0,0.0
2011-04-21 00:00:00-04:00,13.611079230113324,13.663868982576794,13.426313418335209,13.505498886108398,5295200,0.0,0.0
2011-04-25 00:00:00-04:00,13.611081065448827,13.63747594523968,13.294339151646179,13.399919509887695,7496300,0.0,0.0
2011-04-26 00:00:00-04:00,13.461507784575973,13.505499807348315,13.311935410596837,13.382322311401367,4700000,0.0,0.0
2011-04-27 00:00:00-04:00,13.51429471230281,13.883826283728244,13.215150866028866,13.787044525146484,8513600,0.0,0.0
2011-04-28 00:00:00-04:00,13.848634696768682,14.103788241830097,13.760651496923556,13.804642677307129,7355100,0.0,0.0
2011-04-29 00:00:00-04:00,13.804640856604745,14.050995797466353,13.699060527268859,13.936616897583008,4876500,0.0,0.0
2011-05-02 00:00:00-04:00,13.892627732581042,13.95421606088608,13.364725138578294,13.523096084594727,8940100,0.0,0.0
2011-05-03 00:00:00-04:00,13.373522730103268,13.426313321263049,13.039184556965939,13.14476490020752,10574600,0.0,0.0
2011-05-04 00:00:00-04:00,13.24154666291188,13.857432378589145,13.091974309794525,13.646271705627441,12390000,0.0,0.0
2011-05-05 00:00:00-04:00,13.435112896646169,13.540693247775183,12.79283137843045,13.003992080688477,11818600,0.0,0.0
2011-05-06 00:00:00-04:00,13.259145808602465,13.391121886804877,13.047985090372332,13.206356048583984,11386200,0.0,0.0
2011-05-09 00:00:00-04:00,13.294337309293535,13.373522776770537,13.056781745940517,13.232748985290527,5191800,0.0,0.0
2011-05-10 00:00:00-04:00,13.206356055277865,13.320734987480021,13.04798509698594,13.285541534423828,7147000,0.0,0.0
2011-05-11 00:00:00-04:00,13.267941473097748,13.399916683291089,12.757636096369215,12.801628112792969,11518800,0.0,0.0
2011-05-12 00:00:00-04:00,12.66085528858842,12.775234204305413,12.458492333372824,12.696048736572266,9672500,0.0,0.0
2011-05-13 00:00:00-04:00,12.748839394616962,12.810428562272138,12.17694561448578,12.52888011932373,9466900,0.0,0.0
2011-05-16 00:00:00-04:00,12.449692834537203,12.73124123652036,12.388104514921164,12.55527400970459,6665100,0.0,0.0
2011-05-17 00:00:00-04:00,12.46729178012037,12.907210330331877,12.229735360248693,12.863218307495117,10805900,0.0,0.0
2011-05-18 00:00:00-04:00,12.91600797707237,13.100773788482844,12.82802393770434,13.056781768798828,7732200,0.0,0.0
2011-05-19 00:00:00-04:00,13.047983137551977,13.276740967603406,12.959999098585126,13.07437801361084,5875300,0.0,0.0
2011-05-20 00:00:00-04:00,13.074378004713132,13.215152634779887,12.819225298776484,13.14476490020752,6888800,0.0,0.0
2011-05-23 00:00:00-04:00,13.091974262559456,13.285538631614944,12.880813590359606,13.021587371826172,5725900,0.0,0.0
2011-05-24 00:00:00-04:00,13.153563472744231,13.47030534156695,13.100773720659097,13.364724159240723,5894600,0.0,0.0
2011-05-25 00:00:00-04:00,13.426314373582906,13.558289603209264,13.347128900175873,13.470306396484375,5615300,0.0,0.0
2011-05-26 00:00:00-04:00,13.461507824088471,13.584684481318927,13.311935449670306,13.470306396484375,4454900,0.0,0.0
2011-05-27 00:00:00-04:00,13.549490090923454,14.253360730365333,13.52309521464473,14.174175262451172,11463600,0.0,0.0
2011-05-31 00:00:00-04:00,14.332547145622963,14.34134403983401,13.690265627148982,13.831039428710938,12143200,0.0,0.0
2011-06-01 00:00:00-04:00,13.91902355894184,14.165378567103678,13.76065344121277,13.85743522644043,9091000,0.0,0.0
2011-06-02 00:00:00-04:00,13.839835220994823,13.998206145079887,13.549489086224158,13.89262580871582,7316800,0.0,0.0
2011-06-03 00:00:00-04:00,13.707859976426093,14.130181320838465,13.66386795994699,13.989407539367676,6228200,0.0,0.0
2011-06-06 00:00:00-04:00,13.99820804057551,14.156578986105561,13.637474966048643,13.734256744384766,6594900,0.0,0.0
2011-06-07 00:00:00-04:00,13.769449228739138,13.857433267657042,13.54948997052236,13.584683418273926,4269700,0.0,0.0
2011-06-08 00:00:00-04:00,13.49670125664309,13.62867648609392,13.171161630130076,13.276741981506348,8647800,0.0,0.0
2011-06-09 00:00:00-04:00,13.373523722213967,13.892627744303129,13.30313682149795,13.751853942871094,6092500,0.0,0.0
2011-06-10 00:00:00-04:00,13.602281563389624,13.68146703643153,13.285540510300052,13.63747501373291,7797700,0.0,0.0
2011-06-13 00:00:00-04:00,13.540693235058386,13.778248815106053,13.5054997847151,13.63747501373291,6149400,0.0,0.0
2011-06-14 00:00:00-04:00,13.787048334590109,13.901427265832787,13.523097019343783,13.593483924865723,12849000,0.0,0.0
2011-06-15 00:00:00-04:00,13.452708198975051,13.778247800446525,13.443909627267663,13.584683418273926,9380700,0.0,0.0
2011-06-16 00:00:00-04:00,13.540692236210923,13.549489968839236,12.995193376590432,13.14476490020752,8803200,0.0,0.0
2011-06-17 00:00:00-04:00,13.171160715971094,13.37352283229427,13.047983228375692,13.250346183776855,10411100,0.0,0.0
2011-06-20 00:00:00-04:00,13.135969145523372,13.373524743817288,13.039186520337093,13.0919771194458,4452400,0.0,0.0
2011-06-21 00:00:00-04:00,13.206355031639902,13.558289534923041,13.179959314585135,13.523096084594727,5755800,0.0,0.0
2011-06-22 00:00:00-04:00,13.540694151904193,13.9454192777951,13.505500699177944,13.85743522644043,7514900,0.0,0.0
2011-06-23 00:00:00-04:00,13.523094226860819,13.68146515112106,13.267941537262612,13.646271705627441,10430200,0.0,0.0
2011-06-24 00:00:00-04:00,13.663868978518122,13.751853018035087,13.26794247884776,13.320733070373535,5717500,0.0,0.0
2011-06-27 00:00:00-04:00,13.259144781856415,13.487902628430497,13.153564430917156,13.408717155456543,7477900,0.0,0.0
2011-06-28 00:00:00-04:00,13.39991668104742,13.461505839661532,13.206353151339988,13.33832836151123,7179600,0.0,0.0
2011-06-29 00:00:00-04:00,13.496699352510086,13.769448345316139,13.426312461522853,13.646271705627441,6396100,0.0,0.0
2011-06-30 00:00:00-04:00,13.734256796814831,13.910224887665773,13.628676445751093,13.901426315307617,4779200,0.0,0.0
2011-07-01 00:00:00-04:00,13.804641775540134,13.89262580871582,13.567086228490465,13.89262580871582,5286200,0.0,0.0
2011-07-05 00:00:00-04:00,14.17417529626194,14.719673323020737,14.077392684545773,14.552505493164062,9895200,0.0,0.0
2011-07-06 00:00:00-04:00,14.614095616794247,14.825256331679697,14.55250728472218,14.666885375976562,8011500,0.0,0.0
2011-07-07 00:00:00-04:00,14.746070872381456,14.860448963779747,14.5613041977766,14.596498489379883,5961000,0.0,0.0
2011-07-08 00:00:00-04:00,14.74607085382813,14.913240382421014,14.55250728472218,14.666885375976562,5879600,0.0,0.0
2011-07-11 00:00:00-04:00,14.710873596569602,14.772463594381364,14.20936679005048,14.350140571594238,6805700,0.0,0.0
2011-07-12 00:00:00-04:00,14.244564800320006,14.816458647195454,14.235766226902687,14.71967601776123,6899200,0.0,0.0
2011-07-13 00:00:00-04:00,14.957231477264449,15.221181949718408,14.904441718404891,15.018819808959961,11882700,0.0,0.0
2011-07-14 00:00:00-04:00,15.221180081807281,15.282770084100775,14.913238461119667,14.966028213500977,8149500,0.0,0.0
2011-07-15 00:00:00-04:00,15.027618337297662,15.309165954589844,14.939634287354812,15.309165954589844,6819900,0.0,0.0
2011-07-18 00:00:00-04:00,15.335560731457155,15.59951118692368,15.168391214645117,15.537922859191895,12354100,0.0,0.0
2011-07-19 00:00:00-04:00,15.66989620664623,15.678694777860157,15.229977714885145,15.335558891296387,7390400,0.0,0.0
2011-07-20 00:00:00-04:00,15.22998137864175,15.52912615925466,15.150795896823258,15.370755195617676,6779700,0.0,0.0
2011-07-21 00:00:00-04:00,15.48513130744667,15.529122485536067,15.177188026353255,15.282769203186035,6487000,0.0,0.0
2011-07-22 00:00:00-04:00,15.361954783423462,15.56431858948965,15.25637527240778,15.467535972595215,5517600,0.0,0.0
2011-07-25 00:00:00-04:00,15.61710828991437,15.669898045236016,15.185988318782785,15.300366401672363,6603500,0.0,0.0
2011-07-26 00:00:00-04:00,15.265172958374023,15.432342465624908,15.098003451123137,15.265172958374023,5334700,0.0,0.0
2011-07-27 00:00:00-04:00,15.37075130503894,15.467533909021292,14.640486685009176,14.702075004577637,8424600,0.0,0.0
2011-07-28 00:00:00-04:00,14.710877444343911,14.834055794030093,14.446926954449486,14.71967601776123,6885100,0.0,0.0
2011-07-29 00:00:00-04:00,14.6228903575328,14.69327724404866,14.332544240885406,14.376535415649414,6972200,0.0,0.0
2011-08-01 00:00:00-04:00,14.482118693673717,14.74607084575313,14.385337748251835,14.587699890136719,6685800,0.0,0.0
2011-08-02 00:00:00-04:00,14.54370581051725,15.071606653342156,14.464520348462344,14.790059089660645,8411600,0.0,0.0
2011-08-03 00:00:00-04:00,15.001219725470696,15.089203758443409,14.702075020256983,14.92203426361084,12308300,0.0,0.0
2011-08-04 00:00:00-04:00,14.97482784637094,14.97482784637094,13.655072196228742,13.875031471252441,14852000,0.0,0.0
2011-08-05 00:00:00-04:00,13.98940852026411,14.26215753121865,13.417514783170024,13.778247833251953,12760100,0.0,0.0
2011-08-08 00:00:00-04:00,13.927821253056724,14.14778052848602,13.417515801187003,13.470306396484375,14482000,0.0,0.0
2011-08-09 00:00:00-04:00,13.769449225977006,14.068593951344292,13.259143814142684,14.059795379638672,16946500,0.0,0.0
2011-08-10 00:00:00-04:00,14.02460107881879,14.446923265142216,13.637473177177084,14.30614948272705,17906500,0.0,0.0
2011-08-11 00:00:00-04:00,14.288554277954248,14.288554277954248,13.4703063469399,13.716660499572754,25472300,0.0,0.0
2011-08-12 00:00:00-04:00,13.6990633816736,13.848635755834549,13.479104106622565,13.725459098815918,11017000,0.0,0.0
2011-08-15 00:00:00-04:00,13.751852931758858,14.561302230477873,13.655071160159777,14.429327011108398,8791000,0.0,0.0
2011-08-16 00:00:00-04:00,14.46452037457928,14.64048676312002,14.306149450183515,14.367737770080566,6927000,0.0,0.0
2011-08-17 00:00:00-04:00,14.367741547339644,14.948433970683435,14.341345826949,14.746071815490723,6932000,0.0,0.0
2011-08-18 00:00:00-04:00,14.816453934708298,14.886840821503473,14.367736902080647,14.464519500732422,8378800,0.0,0.0
2011-08-19 00:00:00-04:00,14.631692115222737,14.869248565513331,14.578902352321375,14.772467613220215,8692400,0.0,0.0
2011-08-22 00:00:00-04:00,14.904437072045123,15.546717585437584,14.816453049270182,15.529120445251465,11006700,0.0,0.0
2011-08-23 00:00:00-04:00,15.062810732582726,15.467534961958593,14.746068863919204,15.010019302368164,10424500,0.0,0.0
2011-08-24 00:00:00-04:00,14.851650327100222,15.01002128232251,14.446926044337648,14.728473663330078,9443500,0.0,0.0
2011-08-25 00:00:00-04:00,14.446924138660535,15.010019302368164,14.376537243197081,15.010019302368164,9880100,0.0,0.0
2011-08-26 00:00:00-04:00,14.957235034588141,15.529128979691079,14.614099003157694,15.511531829833984,8252500,0.0,0.0
2011-08-29 00:00:00-04:00,15.441141190426032,15.60831071750183,15.185989291563557,15.309165954589844,6961800,0.0,0.0
2011-08-30 00:00:00-04:00,15.423543847544352,15.511526208632858,15.18598744503106,15.397148132324219,9312600,0.0,0.0
2011-08-31 00:00:00-04:00,15.326766151623234,15.379555920836417,15.010024180031126,15.212388038635254,11169200,0.0,0.0
2011-09-01 00:00:00-04:00,15.177189799999447,15.317963600123768,14.939633382981128,15.168391227722168,8652900,0.0,0.0
2011-09-02 00:00:00-04:00,15.397150996950195,15.634707443660647,15.273974325984602,15.476336479187012,8658700,0.0,0.0
2011-09-06 00:00:00-04:00,15.47633349056159,16.013034615823262,15.309163984992946,15.581912994384766,14737600,0.0,0.0
2011-09-07 00:00:00-04:00,15.29156703025278,15.669897226290292,15.133197772564591,15.643503189086914,7331700,0.0,0.0
2011-09-08 00:00:00-04:00,15.837068575162334,16.05702786092848,15.740285952415256,15.995439529418945,7744900,0.0,0.0
2011-09-09 00:00:00-04:00,15.7754784179412,16.03063028725974,15.66109866281263,15.793075561523438,7447000,0.0,0.0
2011-09-12 00:00:00-04:00,15.546722440748283,15.705093395572002,14.851650289723334,15.098005294799805,8057600,0.0,0.0
2011-09-13 00:00:00-04:00,15.071607681371908,15.098003396575939,14.622892269995168,15.027616500854492,10734600,0.0,0.0
2011-09-14 00:00:00-04:00,14.9836263396681,15.16839132419791,14.807658249315452,14.825255393981934,8443600,0.0,0.0
2011-09-15 00:00:00-04:00,14.73727038230734,14.97482678525719,14.429327083463754,14.966028213500977,8195300,0.0,0.0
2011-09-16 00:00:00-04:00,15.027615611432454,15.361952926782298,14.939631577449063,15.335558891296387,10007300,0.0,0.0
2011-09-19 00:00:00-04:00,15.22117808368022,15.423541851196324,14.869243650410965,14.948429107666016,6059700,0.0,0.0
2011-09-20 00:00:00-04:00,14.974823954633944,15.713887060894407,14.886839931859003,15.529120445251465,8834600,0.0,0.0
2011-09-21 00:00:00-04:00,15.617406122803326,15.802801311532248,14.99941879261357,15.008247375488281,10493800,0.06,0.0
2011-09-22 00:00:00-04:00,14.116581224282397,14.25783518764677,13.65750584334819,13.90470027923584,12881700,0.0,0.0
2011-09-23 00:00:00-04:00,13.445625304971996,13.613365033499143,13.021863375526785,13.427968978881836,12218000,0.0,0.0
2011-09-26 00:00:00-04:00,13.286713343382674,13.507422864561988,12.924749863359,13.480937957763672,10945900,0.0,0.0
2011-09-27 00:00:00-04:00,14.072439415364594,14.081267998726203,13.17194496098179,13.260229110717773,12918200,0.0,0.0
2011-09-28 00:00:00-04:00,13.30437218397479,13.42796984231382,12.668729248934492,12.677556991577148,9778000,0.0,0.0
2011-09-29 00:00:00-04:00,12.862951892478833,13.03952020037407,12.589272530733375,12.739355087280273,11366200,0.0,0.0
2011-09-30 00:00:00-04:00,12.651072327818522,13.233745450666687,12.545131836567963,13.048349380493164,8942400,0.0,0.0
2011-10-03 00:00:00-04:00,13.154287590218702,13.304370137277871,12.492159003289439,12.50981616973877,8496600,0.0,0.0
2011-10-04 00:00:00-04:00,12.359734762160786,12.377391930237984,11.300329093792168,11.865345001220703,18200000,0.0,0.0
2011-10-05 00:00:00-04:00,11.88300408568622,12.200825584870278,11.688779415214725,12.165512084960938,12749100,0.0,0.0
2011-10-06 00:00:00-04:00,12.068397923441369,12.492159843444824,11.883001872954834,12.492159843444824,9255800,0.0,0.0
2011-10-07 00:00:00-04:00,12.615757628481882,12.659899706114688,11.909486912177305,12.077226638793945,6913600,0.0,0.0
2011-10-10 00:00:00-04:00,12.439189798236212,12.580443769002317,12.191995349395528,12.42153263092041,6500400,0.0,0.0
2011-10-11 00:00:00-04:00,12.30676379295829,12.553959088233732,12.18316698726066,12.492159843444824,5509000,0.0,0.0
2011-10-12 00:00:00-04:00,12.854124150636142,12.915922553235422,12.642242349549875,12.739355087280273,6330000,0.0,0.0
2011-10-13 00:00:00-04:00,12.651070672814416,12.677555581677273,12.430361134430438,12.518645286560059,7326300,0.0,0.0
2011-10-14 00:00:00-04:00,12.686385918558111,12.924752657086726,12.571616841704355,12.915924072265625,4193900,0.0,0.0
2011-10-17 00:00:00-04:00,12.951235581463838,12.977720489921252,12.553958586842382,12.598100662231445,4233900,0.0,0.0
2011-10-18 00:00:00-04:00,12.456847144593034,12.96006550911688,12.086055019971313,12.871781349182129,7815500,0.0,0.0
2011-10-19 00:00:00-04:00,12.818810937903814,12.854124431867458,11.944800488908475,11.962457656860352,8186900,0.0,0.0
2011-10-20 00:00:00-04:00,11.8476884798878,12.050740857789526,11.591665440567308,11.94480037689209,7886800,0.0,0.0
2011-10-21 00:00:00-04:00,12.227311126222832,12.2891095394923,11.96245946059045,12.094884872436523,5057300,0.0,0.0
2011-10-24 00:00:00-04:00,12.227308242069762,12.571614568431356,12.18316616788647,12.50981616973877,4981500,0.0,0.0
2011-10-25 00:00:00-04:00,12.474505643783932,12.92475339197861,12.0860563089704,12.695215225219727,8965700,0.0,0.0
2011-10-26 00:00:00-04:00,12.898265924842896,13.02186357714817,12.386219831198382,12.783496856689453,7224300,0.0,0.0
2011-10-27 00:00:00-04:00,12.951235390243632,13.251400488129367,12.827637749367138,13.110146522521973,8719100,0.0,0.0
2011-10-28 00:00:00-04:00,12.986551284790039,13.313201351188324,12.915924288916909,12.986551284790039,6750100,0.0,0.0
2011-10-31 00:00:00-04:00,12.889439354322757,12.898267097336934,12.61575911431842,12.668729782104492,4416500,0.0,0.0
2011-11-01 00:00:00-04:00,12.183168042101363,12.783497480750531,12.015428302788381,12.677556991577148,8089200,0.0,0.0
2011-11-02 00:00:00-04:00,12.898265698398035,13.171945908719165,12.606929162023343,12.712869644165039,8884100,0.0,0.0
2011-11-03 00:00:00-04:00,13.04834828679242,13.057176870808341,12.58927286318595,12.845295906066895,8744000,0.0,0.0
2011-11-04 00:00:00-04:00,12.589273142857829,12.765840617398165,12.430361994801462,12.651071548461914,4903000,0.0,0.0
2011-11-07 00:00:00-05:00,12.801153881848274,13.145461082458496,12.721698309250522,13.145461082458496,6753500,0.0,0.0
2011-11-08 00:00:00-05:00,13.013034594734329,13.277886217602674,12.889437788151842,12.924751281738281,5758800,0.0,0.0
2011-11-09 00:00:00-05:00,12.801153308809374,13.021862848616433,12.42153263092041,12.42153263092041,6990100,0.0,0.0
2011-11-10 00:00:00-05:00,12.606929393855724,12.633415146333286,12.121368210322082,12.200823783874512,6937800,0.0,0.0
2011-11-11 00:00:00-05:00,12.324420879847532,12.69521297839123,12.236136726121854,12.589272499084473,4249400,0.0,0.0
2011-11-14 00:00:00-05:00,12.500989047849288,12.695213691796136,12.280279493072456,12.38621997833252,4706300,0.0,0.0
2011-11-15 00:00:00-05:00,12.315591926353909,12.483331645008871,12.16550937469002,12.350905418395996,4584700,0.0,0.0
2011-11-16 00:00:00-05:00,12.147851290029903,12.377389376025047,12.006597342322104,12.10370922088623,4626800,0.0,0.0
2011-11-17 00:00:00-05:00,12.02425608913743,12.05956958318426,11.476896510441495,11.547523498535156,9134300,0.0,0.0
2011-11-18 00:00:00-05:00,11.653464702130051,11.715263951993018,11.300329739799508,11.326814651489258,7511600,0.0,0.0
2011-11-21 00:00:00-05:00,11.114934382370334,11.141419295747788,10.664686645252534,10.938366889953613,8584700,0.0,0.0
2011-11-22 00:00:00-05:00,11.097274095246492,11.618148683031963,10.929535235048787,11.565178871154785,12630200,0.0,0.0
2011-11-23 00:00:00-05:00,11.441584055074083,11.556353131630173,11.220874486760108,11.432755470275879,8165500,0.0,0.0
2011-11-25 00:00:00-05:00,11.265017400392043,11.574010313677285,11.203218144182795,11.247360229492188,3995800,0.0,0.0
2011-11-28 00:00:00-05:00,11.626979070382943,11.86534494470905,11.459239342208912,11.529867172241211,4594400,0.0,0.0
2011-11-29 00:00:00-05:00,11.529868015231347,11.600495008487329,11.370956859435301,11.512210845947266,4718800,0.0,0.0
2011-11-30 00:00:00-05:00,11.944798914100877,12.38621795141958,11.935971173228902,12.333248138427734,8308900,0.0,0.0
2011-12-01 00:00:00-05:00,12.403875117043526,12.589271146394982,12.21847908769207,12.333248138427734,7255500,0.0,0.0
2011-12-02 00:00:00-05:00,12.456846169901837,12.492159662724589,12.077226332542274,12.13902473449707,9135000,0.0,0.0
2011-12-05 00:00:00-05:00,12.147853824476035,12.359734790243147,11.935972858708924,12.015427589416504,6614500,0.0,0.0
2011-12-06 00:00:00-05:00,11.962458014467751,12.342077875440289,11.768233370891485,12.218481063842773,6310900,0.0,0.0
2011-12-07 00:00:00-05:00,12.244966085784972,12.297936749764883,12.04191369806562,12.25379467010498,4384500,0.0,0.0
2011-12-08 00:00:00-05:00,12.068400932946814,12.112543021106607,11.591668233089718,11.626981735229492,7031700,0.0,0.0
2011-12-09 00:00:00-05:00,11.618149381581828,11.909485890243072,11.574007307736785,11.794716835021973,5061500,0.0,0.0
2011-12-12 00:00:00-05:00,11.547524421343782,11.547524421343782,11.07962037734617,11.229702949523926,7716700,0.0,0.0
2011-12-13 00:00:00-05:00,11.150248526112861,11.344473199981046,10.629373761885617,10.700000762939453,8859800,0.0,0.0
2011-12-14 00:00:00-05:00,10.311551945929391,10.488119443234982,10.090842363812342,10.426321029663086,13804000,0.0,0.0
2011-12-15 00:00:00-05:00,10.59405851905713,10.67351409266048,10.28506480880858,10.320378303527832,8696700,0.0,0.0
2011-12-16 00:00:00-05:00,10.435148571608485,10.70000023342367,10.373350159229691,10.673515319824219,7935400,0.0,0.0
2011-12-19 00:00:00-05:00,10.594058839401416,10.691170742330808,10.214438128235349,10.240923881530762,8469000,0.0,0.0
2011-12-20 00:00:00-05:00,10.541088841438999,10.700000003501463,10.408663434347082,10.47046184539795,6438600,0.0,0.0
2011-12-21 00:00:00-05:00,10.532261954901204,10.567575455793518,10.320380107607043,10.417492866516113,5584900,0.0,0.0
2011-12-22 00:00:00-05:00,10.338035913598159,10.4792898985109,10.152639847915145,10.443976402282715,5487200,0.0,0.0
2011-12-23 00:00:00-05:00,10.479289251290352,10.505774161340693,10.329206691104902,10.399833679199219,3238400,0.0,0.0
2011-12-27 00:00:00-05:00,10.329206122991325,10.346863290013802,10.108496586850741,10.205609321594238,2560400,0.0,0.0
2011-12-28 00:00:00-05:00,10.240924486539926,10.285065727426401,9.799505342153553,9.834818840026855,6048900,0.0,0.0
2011-12-29 00:00:00-05:00,9.720051624723878,10.011388248510993,9.534655514864772,10.002559661865234,6699700,0.0,0.0
2011-12-30 00:00:00-05:00,10.082010153548952,10.2674061695471,10.00255459784404,10.064352989196777,5263300,0.0,0.0
2012-01-03 00:00:00-05:00,10.355690769555018,10.867737655029714,10.338034444919362,10.83242416381836,7268500,0.0,0.0
2012-01-04 00:00:00-05:00,10.726483039156067,10.938364832135342,10.691169547316198,10.770625114440918,6939800,0.0,0.0
2012-01-05 00:00:00-05:00,10.69999801671523,10.770624999642191,10.505773392696062,10.735311508178711,5597100,0.0,0.0
2012-01-06 00:00:00-05:00,10.761796869861044,11.070790564644472,10.735311960632206,10.858909606933594,6546800,0.0,0.0
2012-01-09 00:00:00-05:00,10.956020170923148,11.070789219557264,10.841251122289032,11.035475730895996,5910600,0.0,0.0
2012-01-10 00:00:00-05:00,11.256188609079084,11.388614020645097,11.247360023790621,11.309159278869629,5858800,0.0,0.0
2012-01-11 00:00:00-05:00,11.326815607506322,11.388614020645097,11.088449698299451,11.309159278869629,4648500,0.0,0.0
2012-01-12 00:00:00-05:00,11.415100843837108,11.574011184186597,11.247361075433357,11.344473838806152,6262600,0.0,0.0
2012-01-13 00:00:00-05:00,11.132589451981397,11.25618710366915,10.964850563635276,11.167902946472168,4166800,0.0,0.0
2012-01-17 00:00:00-05:00,9.905442647746067,9.91427038791807,8.996118896775434,9.066746711730957,29597100,0.0,0.0
2012-01-18 00:00:00-05:00,9.093232917691456,9.358084525379567,9.013777351191019,9.172688484191895,13984600,0.0,0.0
2012-01-19 00:00:00-05:00,9.208003550249233,9.26097337568024,8.79306932198543,8.916666984558105,16432200,0.0,0.0
2012-01-20 00:00:00-05:00,8.96963660504605,9.163861258382452,8.863696114664425,9.013778686523438,15409300,0.0,0.0
2012-01-23 00:00:00-05:00,9.17268555142814,9.472849712767745,9.163856970875267,9.419879913330078,13324400,0.0,0.0
2012-01-24 00:00:00-05:00,9.331597862495265,9.419882003735927,9.234485980682512,9.340426445007324,12879100,0.0,0.0
2012-01-25 00:00:00-05:00,9.331600352269838,10.020214817021058,9.128547951955637,9.94958782196045,18240400,0.0,0.0
2012-01-26 00:00:00-05:00,10.152638627136907,10.54991562241947,9.993727492247858,10.073183059692383,19382500,0.0,0.0
2012-01-27 00:00:00-05:00,10.09084235649216,10.382178937320102,10.002558186933289,10.29389476776123,9425800,0.0,0.0
2012-01-30 00:00:00-05:00,10.134983696958834,10.143812282387811,9.89661778395815,10.029043197631836,6874000,0.0,0.0
2012-01-31 00:00:00-05:00,10.214437653603202,10.276236899814068,9.799504307870844,9.967243194580078,8029500,0.0,0.0
2012-02-01 00:00:00-05:00,10.037869530497634,10.134981422603115,9.89661556309328,9.923100471496582,6561200,0.0,0.0
2012-02-02 00:00:00-05:00,10.002557023112642,10.126154677726142,9.852474457489159,10.055527687072754,10708200,0.0,0.0
2012-02-03 00:00:00-05:00,9.940756564584795,9.96724147012718,9.720047053871669,9.887785911560059,6837100,0.0,0.0
2012-02-06 00:00:00-05:00,9.843646049499512,9.896616714408475,9.737705561621741,9.843646049499512,8044100,0.0,0.0
2012-02-07 00:00:00-05:00,9.843645827619271,9.940758570773378,9.658249767527044,9.755362510681152,8945200,0.0,0.0
2012-02-08 00:00:00-05:00,9.83481723890935,9.923100548249897,9.675906103380273,9.790675163269043,8976600,0.0,0.0
2012-02-09 00:00:00-05:00,9.887788110345562,9.993728598013462,9.640593639120466,9.675907135009766,6802800,0.0,0.0
2012-02-10 00:00:00-05:00,9.534650686994855,9.587620496167418,9.375739575597294,9.516993522644043,8379800,0.0,0.0
2012-02-13 00:00:00-05:00,9.55230886393856,9.587622357556183,9.208002511651742,9.216830253601074,9443600,0.0,0.0
2012-02-14 00:00:00-05:00,9.234486883941102,9.269800375503513,8.996120184439787,9.172688484191895,10049100,0.0,0.0
2012-02-15 00:00:00-05:00,9.313942215701905,9.428711270872226,9.084404105361264,9.10206127166748,7413800,0.0,0.0
2012-02-16 00:00:00-05:00,9.16385876169263,9.923099156876278,9.119716692241731,9.7995023727417,19651200,0.0,0.0
2012-02-17 00:00:00-05:00,9.834817745880374,9.861302655853791,9.561137536354698,9.667078018188477,6603400,0.0,0.0
2012-02-21 00:00:00-05:00,9.790677284631153,10.090842453694437,9.764192370284466,10.029043197631836,7788900,0.0,0.0
2012-02-22 00:00:00-05:00,9.931929016218827,10.232094116752737,9.81715995766527,10.187952041625977,8740800,0.0,0.0
2012-02-23 00:00:00-05:00,10.240922778061949,10.311549762025956,10.01138465920889,10.073183059692383,7207200,0.0,0.0
2012-02-24 00:00:00-05:00,10.073185279100283,10.143812278625418,9.817162195336604,9.878960609436035,6377200,0.0,0.0
2012-02-27 00:00:00-05:00,9.878960079236231,9.914273577103538,9.720049759803452,9.8524751663208,5064500,0.0,0.0
2012-02-28 00:00:00-05:00,9.923100508283849,10.179123535638395,9.85247352431984,10.073183059692383,7475400,0.0,0.0
2012-02-29 00:00:00-05:00,10.12615616906939,10.2144394994181,9.69356473518173,9.781848907470703,13175600,0.0,0.0
2012-03-01 00:00:00-05:00,9.852475488046093,10.046700153628644,9.711221491964322,9.958415985107422,6055800,0.0,0.0
2012-03-02 00:00:00-05:00,9.79067512652296,9.85247352702341,9.569965591089854,9.640592575073242,7138800,0.0,0.0
2012-03-05 00:00:00-05:00,9.55230772951337,9.578793478036236,9.331598210129494,9.4287109375,8500600,0.0,0.0
2012-03-06 00:00:00-05:00,9.20800242993983,9.34925640315684,8.996120628174223,9.331599235534668,11184500,0.0,0.0
2012-03-07 00:00:00-05:00,9.296287123512975,9.516996699943562,9.155033129307837,9.455198287963867,9895400,0.0,0.0
2012-03-08 00:00:00-05:00,9.64942253508533,9.781847938460189,9.446369295711676,9.631765365600586,6992200,0.0,0.0
2012-03-09 00:00:00-05:00,9.605280469630518,9.887788446344885,9.534653475451925,9.764191627502441,7578100,0.0,0.0
2012-03-12 00:00:00-04:00,9.711220944401573,9.773019353717816,9.569966956284343,9.631765365600586,5596200,0.0,0.0
2012-03-13 00:00:00-04:00,9.587621722652418,9.67590587182025,9.208001901886856,9.305113792419434,9526000,0.0,0.0
2012-03-14 00:00:00-04:00,9.14620261452859,9.17268836430928,8.572358173654262,8.740097045898438,23876900,0.0,0.0
2012-03-15 00:00:00-04:00,8.766583330317024,8.925493628992255,8.651814266754858,8.748926162719727,11699300,0.0,0.0
2012-03-16 00:00:00-04:00,8.740098749695775,8.907838496579226,8.704785251710872,8.801898002624512,8392500,0.0,0.0
2012-03-19 00:00:00-04:00,8.890181216812806,9.022607464075737,8.748927226617838,8.766584396362305,8093800,0.0,0.0
2012-03-20 00:00:00-04:00,8.660643612107922,9.084405568424557,8.60767294659826,8.996121406555176,11316400,0.0,0.0
2012-03-21 00:00:00-04:00,9.09400327780094,9.111799319972265,8.9160386130754,8.951631546020508,6930200,0.08,0.0
2012-03-22 00:00:00-04:00,8.82705354896748,8.907137839310083,8.720274778044757,8.844849586486816,6837900,0.0,0.0
2012-03-23 00:00:00-04:00,8.898240855922246,9.031714129320129,8.818156552442565,8.924935340881348,7227600,0.0,0.0
2012-03-26 00:00:00-04:00,9.120697875697473,9.21857823033002,8.969427696700146,9.085104942321777,8734700,0.0,0.0
2012-03-27 00:00:00-04:00,9.094002756850259,9.129595687756424,8.773665530092371,8.809258460998535,11252500,0.0,0.0
2012-03-28 00:00:00-04:00,8.755867818702471,8.800359185998765,8.586800792697005,8.657986640930176,9831900,0.0,0.0
2012-03-29 00:00:00-04:00,8.640190970980877,8.649089414539386,8.4622263428221,8.604598045349121,8193400,0.0,0.0
2012-03-30 00:00:00-04:00,8.684682660801084,8.738071626918643,8.560106992189587,8.711377143859863,7102200,0.0,0.0
2012-04-02 00:00:00-04:00,8.791463383506843,8.978326503397465,8.711379068039074,8.87154769897461,6385300,0.0,0.0
2012-04-03 00:00:00-04:00,8.94273126315194,9.00501867085694,8.542310637644121,8.604598045349121,13132100,0.0,0.0
2012-04-04 00:00:00-04:00,8.39993804650047,8.426633377048832,8.124093086318965,8.221973419189453,17230900,0.0,0.0
2012-04-05 00:00:00-04:00,8.310959628691473,8.355451016254158,8.124096479810305,8.177485466003418,6839100,0.0,0.0
2012-04-09 00:00:00-04:00,8.195279517155615,8.355448117370479,8.150788145029004,8.239770889282227,6070500,0.0,0.0
2012-04-10 00:00:00-04:00,8.24867077527203,8.373245620679059,8.124095081262514,8.319856643676758,9665300,0.0,0.0
2012-04-11 00:00:00-04:00,8.328755674554966,8.346552569021092,8.106299585344177,8.177485466003418,9001500,0.0,0.0
2012-04-12 00:00:00-04:00,8.141889948147945,8.524514572013622,8.132992352334279,8.471125602722168,9018700,0.0,0.0
2012-04-13 00:00:00-04:00,8.435533436676145,8.586803626239549,8.346551521322839,8.462228775024414,7264900,0.0,0.0
2012-04-16 00:00:00-04:00,8.444430331278596,8.533413078885438,8.29316016950839,8.346549987792969,7220600,0.0,0.0
2012-04-17 00:00:00-04:00,8.391041940555644,8.569006599446034,8.328753673492184,8.39993953704834,7661300,0.0,0.0
2012-04-18 00:00:00-04:00,8.310959722301241,8.426636991826088,8.124096571315357,8.213078498840332,6823900,0.0,0.0
2012-04-19 00:00:00-04:00,8.257568732850316,8.373245986208447,8.124095435915374,8.141891479492188,7334300,0.0,0.0
2012-04-20 00:00:00-04:00,8.168582760283124,8.266463072843049,7.999515762968039,8.070701599121094,7726200,0.0,0.0
2012-04-23 00:00:00-04:00,7.9283321428487685,7.955026626716966,7.670283202516623,7.937230587005615,9067400,0.0,0.0
2012-04-24 00:00:00-04:00,7.937230668914191,8.02621341419623,7.768163622598787,7.874943256378174,6903500,0.0,0.0
2012-04-25 00:00:00-04:00,7.919433722078993,8.079602322965854,7.812654937688533,8.017314910888672,10736900,0.0,0.0
2012-04-26 00:00:00-04:00,8.070704150398878,8.088501039364074,7.830452089585349,7.946129322052002,9972400,0.0,0.0
2012-04-27 00:00:00-04:00,8.052909562114973,8.132993879694196,7.946130754876853,8.044011116027832,8933900,0.0,0.0
2012-04-30 00:00:00-04:00,7.972823806115025,8.12409396789485,7.883841058502526,7.963925361633301,11697300,0.0,0.0
2012-05-01 00:00:00-04:00,8.026211036731702,8.088498430817411,7.901635399958186,7.972821235656738,6625900,0.0,0.0
2012-05-02 00:00:00-04:00,7.9283314523831345,7.93722989576503,7.750366827756573,7.883840084075928,6069600,0.0,0.0
2012-05-03 00:00:00-04:00,7.785960333848548,7.812654817384519,7.5724027683561195,7.59909725189209,10090200,0.0,0.0
2012-05-04 00:00:00-04:00,7.563504675675157,7.705876392617369,7.438928999049536,7.4656243324279785,10358200,0.0,0.0
2012-05-07 00:00:00-04:00,7.4300303151072296,7.501216163153578,7.2342688086786495,7.36774206161499,10815000,0.0,0.0
2012-05-08 00:00:00-04:00,7.234268882182755,7.269861806567573,6.816051384209459,6.922830581665039,23141300,0.0,0.0
2012-05-09 00:00:00-04:00,6.6113932082025935,7.0563052782531335,6.326649754923024,6.842747688293457,24676900,0.0,0.0
2012-05-10 00:00:00-04:00,6.940628491225256,7.154186082068512,6.896137114315637,7.020712375640869,12560300,0.0,0.0
2012-05-11 00:00:00-04:00,6.967322792692893,7.1808803778583865,6.878340465540604,7.029610633850098,9513200,0.0,0.0
2012-05-14 00:00:00-04:00,6.9050357701440515,7.020712589897068,6.807154992536519,6.8516459465026855,9845800,0.0,0.0
2012-05-15 00:00:00-04:00,6.8694421114773325,6.913933487792181,6.486817887514235,6.504614353179932,11656100,0.0,0.0
2012-05-16 00:00:00-04:00,6.549105062257108,6.753764608712054,6.424529390988068,6.513512134552002,12026800,0.0,0.0
2012-05-17 00:00:00-04:00,6.58469790550469,7.0118134567888095,6.558002997917675,6.878339767456055,12985000,0.0,0.0
2012-05-18 00:00:00-04:00,7.029610983867809,7.118593315450698,6.807154942759976,6.8338494300842285,10593400,0.0,0.0
2012-05-21 00:00:00-04:00,6.878340629031918,7.234270370402374,6.798256320540731,7.163084506988525,7966500,0.0,0.0
2012-05-22 00:00:00-04:00,7.118591785430908,7.314353297138894,7.029609472973249,7.118591785430908,12284400,0.0,0.0
2012-05-23 00:00:00-04:00,7.011813451700591,7.385539611840641,6.76266253684017,7.341048240661621,11979400,0.0,0.0
2012-05-24 00:00:00-04:00,7.412233674284448,7.501216411590576,7.20757456652354,7.501216411590576,14499600,0.0,0.0
2012-05-25 00:00:00-04:00,7.456724795974049,7.54570668173086,7.252064846389113,7.36774206161499,7425900,0.0,0.0
2012-05-29 00:00:00-04:00,7.456726315203768,7.527912177753488,7.118593043791386,7.225371837615967,7706100,0.0,0.0
2012-05-30 00:00:00-04:00,7.1096942313651965,7.358845586014518,6.922831563980581,7.260964393615723,8583400,0.0,0.0
2012-05-31 00:00:00-04:00,7.207575140205862,7.3855397803808245,6.958424219659745,7.091897487640381,8443600,0.0,0.0
2012-06-01 00:00:00-04:00,7.234268345717539,7.661383406662156,7.2075738665590485,7.590197563171387,12143100,0.0,0.0
2012-06-04 00:00:00-04:00,7.643589496612549,7.679182428260238,7.385540530016193,7.643589496612549,9689700,0.0,0.0
2012-06-05 00:00:00-04:00,7.652487955102759,7.750368305155048,7.554606756448043,7.741469860076904,5979600,0.0,0.0
2012-06-06 00:00:00-04:00,7.97282462590812,8.070704979464365,7.519014093906292,7.670284271240234,13803000,0.0,0.0
2012-06-07 00:00:00-04:00,7.661385151029032,7.714774970104157,7.100796293752142,7.198677062988281,16237300,0.0,0.0
2012-06-08 00:00:00-04:00,7.074100226273243,7.438927909661339,6.9584234353484895,7.36774206161499,8537900,0.0,0.0
2012-06-11 00:00:00-04:00,7.376640393144205,7.456724683135032,7.2520647366471165,7.314352989196777,6772700,0.0,0.0
2012-06-12 00:00:00-04:00,7.421135425567626,7.536812696185659,7.341051096016477,7.421135425567627,6753200,0.0,0.0
2012-06-13 00:00:00-04:00,7.4567258445511015,7.501217217987081,7.269862755001881,7.323251724243164,9195300,0.0,0.0
2012-06-14 00:00:00-04:00,7.3766420978973235,7.874943990441765,7.252066412610606,7.741469860076904,17222000,0.0,0.0
2012-06-15 00:00:00-04:00,7.777061309299991,8.035110227159072,7.625791166216847,7.883840084075928,28537900,0.0,0.0
2012-06-18 00:00:00-04:00,7.812653512473807,8.248667863281675,7.750366111759336,8.159685134887695,12370300,0.0,0.0
2012-06-19 00:00:00-04:00,8.239773563698071,8.239773563698071,8.061808866031264,8.168587684631348,8777700,0.0,0.0
2012-06-20 00:00:00-04:00,7.963925444858354,8.186381467611954,7.750367866679472,7.919434070587158,9605400,0.0,0.0
2012-06-21 00:00:00-04:00,7.705876778024102,7.803757974769145,7.438929371104988,7.4478278160095215,6772700,0.0,0.0
2012-06-22 00:00:00-04:00,7.510114053688553,7.536809384209707,7.252065132200022,7.358844757080078,6368300,0.0,0.0
2012-06-25 00:00:00-04:00,7.305454794854192,7.536809229680323,7.207574464090336,7.483419418334961,5380600,0.0,0.0
2012-06-26 00:00:00-04:00,7.43003060793193,7.49231801527673,7.252065132200022,7.358844757080078,5110000,0.0,0.0
2012-06-27 00:00:00-04:00,7.412234095107124,7.474521505596358,7.21647257108083,7.341048240661621,5312200,0.0,0.0
2012-06-28 00:00:00-04:00,7.243168397169194,7.305455811908455,6.87834023179111,7.038508415222168,8744300,0.0,0.0
2012-06-29 00:00:00-04:00,7.323251033070234,7.421132215111776,7.18977777396195,7.252065181732178,7174900,0.0,0.0
2012-07-02 00:00:00-04:00,7.24316831255518,7.48342037274457,7.189778494400665,7.4656243324279785,6255300,0.0,0.0
2012-07-03 00:00:00-04:00,7.5457076861439285,7.874943337935824,7.5368100904054565,7.84824800491333,5927800,0.0,0.0
2012-07-05 00:00:00-04:00,7.821550981324035,7.848245457078141,7.688077753951419,7.732568264007568,7240400,0.0,0.0
2012-07-06 00:00:00-04:00,7.6079952350615585,7.661384198899307,7.323250983051873,7.358844757080078,8017800,0.0,0.0
2012-07-09 00:00:00-04:00,7.376640504771346,7.4300303151072296,7.225370365522295,7.36774206161499,6689400,0.0,0.0
2012-07-10 00:00:00-04:00,7.412233286652709,7.465623095964755,6.949524858923522,7.011812686920166,6044900,0.0,0.0
2012-07-11 00:00:00-04:00,6.994017362254122,7.074101240639047,6.8694416860088,7.002915382385254,5976600,0.0,0.0
2012-07-12 00:00:00-04:00,6.744866434064662,7.109694169765944,6.718171949370081,7.002915382385254,8675500,0.0,0.0
2012-07-13 00:00:00-04:00,7.047405878656513,7.599096635748025,7.0118129539603595,7.483419418334961,11967900,0.0,0.0
2012-07-16 00:00:00-04:00,7.483420162809553,7.527911535256455,7.278761037597091,7.412234306335449,7346000,0.0,0.0
2012-07-17 00:00:00-04:00,7.421132072088085,7.430030515484418,7.047405935464781,7.118591785430908,10750900,0.0,0.0
2012-07-18 00:00:00-04:00,7.0385083115121505,7.127491058630576,6.985118917821806,7.002915382385254,7066900,0.0,0.0
2012-07-19 00:00:00-04:00,7.118591891628357,7.278760480742726,7.091896985342249,7.136388778686523,6789800,0.0,0.0
2012-07-20 00:00:00-04:00,7.118592077377075,7.252065339386974,7.074100707173008,7.145286560058594,5431800,0.0,0.0
2012-07-23 00:00:00-04:00,6.9673213205938325,7.074100090615695,6.824949627231348,7.011812686920166,6883400,0.0,0.0
2012-07-24 00:00:00-04:00,7.065202114056276,7.109693056346765,6.842746129700478,6.887237071990967,7525500,0.0,0.0
2012-07-25 00:00:00-04:00,7.0918980330052355,7.305456041938909,6.958424754760544,7.189778804779053,10804700,0.0,0.0
2012-07-26 00:00:00-04:00,7.2965571000073925,7.554606042675625,7.189778314965609,7.492318630218506,8584700,0.0,0.0
2012-07-27 00:00:00-04:00,7.581301480618554,7.661384934059711,7.4300313208924305,7.52791166305542,8132200,0.0,0.0
2012-07-30 00:00:00-04:00,7.563503084012897,7.6168928909320694,7.465622761363637,7.590197563171387,6447400,0.0,0.0
2012-07-31 00:00:00-04:00,7.5635059269536,7.652488689064647,7.385541251334018,7.394439697265625,6569600,0.0,0.0
2012-08-01 00:00:00-04:00,7.394438419296772,7.456725832847964,6.816052262741535,7.0652031898498535,22815700,0.0,0.0
2012-08-02 00:00:00-04:00,7.056304631741282,7.13638935709047,6.6469855308532715,6.6469855308532715,21445100,0.0,0.0
2012-08-03 00:00:00-04:00,6.85164456953948,6.922830845321375,6.753764235904018,6.869441032409668,13389300,0.0,0.0
2012-08-06 00:00:00-04:00,6.967321657157299,7.02960948816282,6.780458588441874,6.8961358070373535,8782700,0.0,0.0
2012-08-07 00:00:00-04:00,7.002916048666268,7.029610960201876,6.913933717382948,6.976221561431885,7566100,0.0,0.0
2012-08-08 00:00:00-04:00,6.96732234954834,7.234269738327681,6.949525885249795,6.96732234954834,11470700,0.0,0.0
2012-08-09 00:00:00-04:00,6.824950599881061,7.207575216773701,6.7270698345944355,7.171982288360596,10877500,0.0,0.0
2012-08-10 00:00:00-04:00,7.127489930832658,7.349945914826669,7.127489930832658,7.332149028778076,9182800,0.0,0.0
2012-08-13 00:00:00-04:00,7.349947610600485,7.465624850798595,7.127491575281602,7.163084506988525,8326400,0.0,0.0
2012-08-14 00:00:00-04:00,7.136388778686523,7.2520651501554765,7.091896985342249,7.136388778686523,5870600,0.0,0.0
2012-08-15 00:00:00-04:00,7.171981734389673,7.252065180681671,7.1185919215927225,7.234269142150879,4862700,0.0,0.0
2012-08-16 00:00:00-04:00,7.269863160930917,7.492319191929776,7.234270229915196,7.4478278160095215,7318200,0.0,0.0
2012-08-17 00:00:00-04:00,7.483421610774161,7.510116099966471,7.314355381086185,7.394439697265625,3705600,0.0,0.0
2012-08-20 00:00:00-04:00,7.394439600940657,7.483421513290055,7.305456839988761,7.474523067474365,4114600,0.0,0.0
2012-08-21 00:00:00-04:00,7.634688629253587,7.7592642747969665,7.492316947833816,7.563502788543701,7883600,0.0,0.0
2012-08-22 00:00:00-04:00,7.554604926798541,7.830450717196895,7.501215966464811,7.803756237030029,7763800,0.0,0.0
2012-08-23 00:00:00-04:00,7.919433967718987,8.008416715105554,7.750367766007358,7.866044998168945,12208700,0.0,0.0
2012-08-24 00:00:00-04:00,7.8749427308569615,8.044008917287664,7.821552917530148,8.035110473632812,8543200,0.0,0.0
2012-08-27 00:00:00-04:00,8.070704129114727,8.070704129114727,7.830452068934793,7.866044998168945,6953700,0.0,0.0
2012-08-28 00:00:00-04:00,7.892739566343298,7.999518355174042,7.759266292455464,7.821553707122803,7568900,0.0,0.0
2012-08-29 00:00:00-04:00,7.866044658331986,7.883840697879034,7.625791759929334,7.6791815757751465,8347100,0.0,0.0
2012-08-30 00:00:00-04:00,7.741470614562855,7.768165103796508,7.5101161115978305,7.572404384613037,4985500,0.0,0.0
2012-08-31 00:00:00-04:00,7.670283562711795,8.035111304251316,7.563504773622354,7.919434070587158,8811200,0.0,0.0
2012-09-04 00:00:00-04:00,7.955027189093245,7.972824078665078,7.794859425958752,7.892739772796631,8646100,0.0,0.0
2012-09-05 00:00:00-04:00,7.839350513393923,7.919433967718987,7.688080351998185,7.866044998168945,4061300,0.0,0.0
2012-09-06 00:00:00-04:00,8.008415836257987,8.141889094088041,7.883840173308265,8.124093055725098,9048800,0.0,0.0
2012-09-07 00:00:00-04:00,8.337649471028262,8.711375560325338,8.319853435091439,8.595698356628418,17887000,0.0,0.0
2012-09-10 00:00:00-04:00,8.604599531224114,8.657988504590016,8.364346605270262,8.39993953704834,11792100,0.0,0.0
2012-09-11 00:00:00-04:00,8.560108744061493,8.631294612521682,8.364347181494725,8.417737007141113,6395500,0.0,0.0
2012-09-12 00:00:00-04:00,8.480023301985327,8.622395019969181,8.221974350988996,8.506718635559082,12356000,0.0,0.0
2012-09-13 00:00:00-04:00,8.453329151936893,8.951631033225603,8.355448804095545,8.809258460998535,19692100,0.0,0.0
2012-09-14 00:00:00-04:00,8.898239704867992,9.396541501725597,8.853748336623198,9.138492584228516,25861700,0.0,0.0
2012-09-17 00:00:00-04:00,9.2541705726676,9.271967462520045,8.916038151495297,9.067307472229004,12726200,0.0,0.0
2012-09-18 00:00:00-04:00,9.147393614103509,9.218579490586603,8.942734431365258,9.09400463104248,15560000,0.0,0.0
2012-09-19 00:00:00-04:00,9.228525484117467,9.300272941589355,9.049156840437748,9.300272941589355,11026200,0.08,0.0
2012-09-20 00:00:00-04:00,9.237496011490082,9.246464659324968,9.049158683444167,9.219558715820312,11042200,0.0,0.0
2012-09-21 00:00:00-04:00,9.380993227396038,9.452740716855097,9.21059315375516,9.264403343200684,19455400,0.0,0.0
2012-09-24 00:00:00-04:00,9.111936851565869,9.201621612862075,8.8966944508117,8.914630889892578,10391900,0.0,0.0
2012-09-25 00:00:00-04:00,9.049160714878346,9.076065809125557,8.654548674530808,8.708359718322754,12528100,0.0,0.0
2012-09-26 00:00:00-04:00,8.582800828744542,8.89669671797471,8.475179600942125,8.771138191223145,10152200,0.0,0.0
2012-09-27 00:00:00-04:00,8.905665361344353,9.102970517864785,8.789075484147284,9.094002723693848,9656400,0.0,0.0
2012-09-28 00:00:00-04:00,9.049160915595074,9.228529640050876,8.914633730780062,9.156782150268555,12576900,0.0,0.0
2012-10-01 00:00:00-04:00,9.318210233605907,9.372020399061244,9.255430566845135,9.300272941589355,10430200,0.0,0.0
2012-10-02 00:00:00-04:00,9.488612795492857,9.551391623921905,9.327180544906861,9.443770408630371,12395300,0.0,0.0
2012-10-03 00:00:00-04:00,9.443772723676865,9.578299917242322,9.318215036039557,9.35408878326416,9588900,0.0,0.0
2012-10-04 00:00:00-04:00,9.488614285820764,10.044657746477275,9.461709191596382,9.937036514282227,16851200,0.0,0.0
2012-10-05 00:00:00-04:00,9.883224466642714,9.93703464496893,9.659013394589628,9.721792221069336,10590600,0.0,0.0
2012-10-08 00:00:00-04:00,9.61417293548584,9.730762818949932,9.43480421296321,9.61417293548584,7354700,0.0,0.0
2012-10-09 00:00:00-04:00,9.59623275135191,9.712822599773888,9.318211528827963,9.34511661529541,8542400,0.0,0.0
2012-10-10 00:00:00-04:00,9.219560907879087,9.560361908958148,9.111939674164256,9.372024536132812,7982300,0.0,0.0
2012-10-11 00:00:00-04:00,9.488616109581615,9.52448986054175,9.219562549731753,9.2733736038208,6813800,0.0,0.0
2012-10-12 00:00:00-04:00,9.273371101906017,9.327181286179625,9.094002395498228,9.129876136779785,5903800,0.0,0.0
2012-10-15 00:00:00-04:00,9.058129565642249,9.156782150268555,8.932571030874415,9.156782150268555,6820000,0.0,0.0
2012-10-16 00:00:00-04:00,9.228531201296208,9.354089757305529,9.192657450336073,9.2733736038208,5206700,0.0,0.0
2012-10-17 00:00:00-04:00,9.318215036039557,9.425836277713364,9.156782745880049,9.35408878326416,5041700,0.0,0.0
2012-10-18 00:00:00-04:00,9.255432796696093,9.345117567791698,9.058127668761545,9.076064109802246,7078600,0.0,0.0
2012-10-19 00:00:00-04:00,9.013285967978986,9.129875837141993,8.887727449965569,9.058128356933594,10723200,0.0,0.0
2012-10-22 00:00:00-04:00,9.102970810540079,9.201624247269653,9.013286878864806,9.165750503540039,7831700,0.0,0.0
2012-10-23 00:00:00-04:00,9.004317643193483,9.031222735415588,8.860822677612305,8.860822677612305,5574500,0.0,0.0
2012-10-24 00:00:00-04:00,8.941536193202964,8.968441277552401,8.636609052918628,8.663514137268066,7585700,0.0,0.0
2012-10-25 00:00:00-04:00,8.878758484503637,8.905664430095408,8.645579609790076,8.744232177734375,7431900,0.0,0.0
2012-10-26 00:00:00-04:00,8.762170165950062,8.84288544319995,8.600737900855354,8.645580291748047,6358600,0.0,0.0
2012-10-31 00:00:00-04:00,8.878759382924953,9.03122300218284,8.833917846329385,8.95947551727295,9625100,0.0,0.0
2012-11-01 00:00:00-04:00,8.9774118531224,8.98638050159842,8.851853340350289,8.878758430480957,6045900,0.0,0.0
2012-11-02 00:00:00-04:00,8.798044904270787,8.807012699227247,8.34065400488629,8.403432846069336,11794700,0.0,0.0
2012-11-05 00:00:00-05:00,8.448273374925295,8.49311576098743,8.268904685974121,8.268904685974121,7330400,0.0,0.0
2012-11-06 00:00:00-05:00,8.385496697524125,8.466211986773232,8.295811902406102,8.394464492797852,9591900,0.0,0.0
2012-11-07 00:00:00-05:00,8.448273689458007,8.493116077189645,8.053661703776486,8.421368598937988,14164900,0.0,0.0
2012-11-08 00:00:00-05:00,8.807011927786649,9.192655301954064,8.73526444263422,9.094002723693848,25590200,0.0,0.0
2012-11-09 00:00:00-05:00,9.156782402584513,9.336151131982838,9.138845101995898,9.2554349899292,15884700,0.0,0.0
2012-11-12 00:00:00-05:00,9.228529341242483,9.255434435215314,9.067097066810467,9.165750503540039,6996200,0.0,0.0
2012-11-13 00:00:00-05:00,9.03122300218284,9.111939136530836,8.94153907369422,8.95947551727295,8633100,0.0,0.0
2012-11-14 00:00:00-05:00,8.977411615669775,9.004316705088803,8.528989467298226,8.564863204956055,9601400,0.0,0.0
2012-11-15 00:00:00-05:00,8.609706209303653,8.65454774312396,8.33168408101161,8.358589172363281,9977500,0.0,0.0
2012-11-16 00:00:00-05:00,8.32271701223394,8.537960349804523,8.250969518142943,8.52899169921875,11316700,0.0,0.0
2012-11-19 00:00:00-05:00,8.735263851982387,8.789074889856913,8.573832448953667,8.627642631530762,5560500,0.0,0.0
2012-11-20 00:00:00-05:00,8.582798028922541,8.744230245613592,8.52001921367478,8.663514137268066,4958600,0.0,0.0
2012-11-21 00:00:00-05:00,8.600736599335006,8.9236002253691,8.564862863108996,8.896695137023926,5829000,0.0,0.0
2012-11-23 00:00:00-05:00,8.923600512118137,9.120906495350049,8.833916596319897,9.076064109802246,3206200,0.0,0.0
2012-11-26 00:00:00-05:00,9.022253580539097,9.363053644736206,8.878757781306701,9.327179908752441,8214200,0.0,0.0
2012-11-27 00:00:00-05:00,9.237497956674261,9.434803974102735,9.183686913631037,9.192655563354492,9859000,0.0,0.0
2012-11-28 00:00:00-05:00,8.860825040130397,9.291310051652024,8.85185638856594,9.2733736038208,8691100,0.0,0.0
2012-11-29 00:00:00-05:00,9.300273306585504,9.372020766873174,9.11193600950607,9.210589408874512,6101600,0.0,0.0
2012-11-30 00:00:00-05:00,9.111938174047598,9.192654299869647,8.968443219385021,9.040190696716309,6127300,0.0,0.0
2012-12-03 00:00:00-05:00,9.022252626291348,9.12987382285998,8.83391531847193,8.842883110046387,5219400,0.0,0.0
2012-12-04 00:00:00-05:00,8.73526386366625,8.950506304857395,8.68145368101718,8.869791030883789,7533900,0.0,0.0
2012-12-05 00:00:00-05:00,8.798045229708784,8.833918976754282,8.511054398047204,8.52899169921875,10162100,0.0,0.0
2012-12-06 00:00:00-05:00,8.537959359369903,8.717328073789965,8.528990709824527,8.636611938476562,6419900,0.0,0.0
2012-12-07 00:00:00-05:00,8.735263559746418,8.789074595820711,8.618673694333285,8.717327117919922,5309400,0.0,0.0
2012-12-10 00:00:00-05:00,8.798043875408771,8.842885410839902,8.70835909395158,8.753201484680176,4964200,0.0,0.0
2012-12-11 00:00:00-05:00,8.833916004746172,8.860821092154175,8.744231239656413,8.824947357177734,6240400,0.0,0.0
2012-12-12 00:00:00-05:00,8.896697911812865,9.058130202827659,8.8608241643982,9.031224250793457,9885200,0.0,0.0
2012-12-13 00:00:00-05:00,8.842884377670531,8.923600500491942,8.636610601835695,8.72629451751709,7613000,0.0,0.0
2012-12-14 00:00:00-05:00,8.726295242342442,8.851853761082399,8.68145370842579,8.76216983795166,5042800,0.0,0.0
2012-12-17 00:00:00-05:00,8.735263529203785,8.798043213620518,8.672484700084448,8.744232177734375,4686900,0.0,0.0
2012-12-18 00:00:00-05:00,8.7442318932452,8.7621691897228,8.511052170820625,8.564863204956055,6436300,0.0,0.0
2012-12-19 00:00:00-05:00,8.475178718566895,8.555894844839491,8.40343124083512,8.475178718566895,5450500,0.0,0.0
2012-12-20 00:00:00-05:00,8.367557171821186,8.44827329490907,8.197157132755828,8.430335998535156,5191800,0.0,0.0
2012-12-21 00:00:00-05:00,8.394462947825161,8.591768947592747,8.349621413816678,8.412400245666504,9569100,0.0,0.0
2012-12-24 00:00:00-05:00,8.439305634626031,8.502084468688881,8.385495449800008,8.484148025512695,2056000,0.0,0.0
2012-12-26 00:00:00-05:00,8.520020513564178,8.555894249935713,8.385494215995259,8.493115425109863,3417800,0.0,0.0
2012-12-27 00:00:00-05:00,8.439304045774065,8.672483750246442,8.439304045774065,8.555893898010254,9446000,0.0,0.0
2012-12-28 00:00:00-05:00,8.546927191976168,8.654548421111206,8.448274612426758,8.448274612426758,5078500,0.0,0.0
2012-12-31 00:00:00-05:00,8.44827364814326,8.744232208308366,8.44827364814326,8.717327117919922,6051500,0.0,0.0
2013-01-02 00:00:00-05:00,8.932567868168867,8.959472953486715,8.807009377856842,8.842883110046387,6433800,0.0,0.0
2013-01-03 00:00:00-05:00,8.815980692462514,8.860823085093156,8.403432219796118,8.448274612426758,7609600,0.0,0.0
2013-01-04 00:00:00-05:00,8.313746993294176,8.44827329490907,8.25096731128284,8.430335998535156,7566000,0.0,0.0
2013-01-07 00:00:00-05:00,8.376525219504455,8.46620912905259,8.34065148462574,8.36755657196045,3611700,0.0,0.0
2013-01-08 00:00:00-05:00,8.394464152197637,8.537959989623737,8.295811565808656,8.511054039001465,5698400,0.0,0.0
2013-01-09 00:00:00-05:00,8.457241336805891,8.520020159019316,8.331682837081734,8.36755657196045,5090500,0.0,0.0
2013-01-10 00:00:00-05:00,8.47517963880922,8.546927124331399,8.430337246533485,8.502084732055664,8081300,0.0,0.0
2013-01-11 00:00:00-05:00,8.493117268561384,8.528991012719402,8.394463830653693,8.466211318969727,5911600,0.0,0.0
2013-01-14 00:00:00-05:00,8.493117268561384,8.564864756877418,8.448274874539482,8.466211318969727,4588600,0.0,0.0
2013-01-15 00:00:00-05:00,8.51105241107862,8.762169437069561,8.466210023916137,8.690421104431152,13365400,0.0,0.0
2013-01-16 00:00:00-05:00,8.627642631530762,8.68145366940529,8.546926502367686,8.627642631530762,5966000,0.0,0.0
2013-01-17 00:00:00-05:00,8.591770180273159,8.69042276666214,8.47518029346933,8.511054039001465,10087600,0.0,0.0
2013-01-18 00:00:00-05:00,8.493115368190763,8.582799280869885,8.466209424619425,8.54692554473877,5558900,0.0,0.0
2013-01-22 00:00:00-05:00,8.564862538075277,8.878757504316322,8.502082860589224,8.851852416992188,11214700,0.0,0.0
2013-01-23 00:00:00-05:00,8.798044858556105,8.887728794737663,8.493117593884177,8.511054039001465,8523900,0.0,0.0
2013-01-24 00:00:00-05:00,8.439303667059995,8.46620875320027,8.04469260091265,8.05366039276123,10708100,0.0,0.0
2013-01-25 00:00:00-05:00,7.972945632739363,8.026755808383655,7.596270982040035,7.650081157684326,16770200,0.0,0.0
2013-01-28 00:00:00-05:00,7.641115048972133,7.6769887924054405,7.354124246208162,7.4438090324401855,10850500,0.0,0.0
2013-01-29 00:00:00-05:00,7.551428947598326,7.685955248220021,7.515555210412717,7.5873026847839355,14648500,0.0,0.0
2013-01-30 00:00:00-05:00,7.703894306372352,7.757704496808687,7.4617458835161745,7.49761962890625,11165900,0.0,0.0
2013-01-31 00:00:00-05:00,7.488650727760321,7.497618521309893,7.246502340675859,7.381028652191162,12707400,0.0,0.0
2013-02-01 00:00:00-05:00,7.470714785035707,7.5245258325800375,7.291346052050577,7.452778339385986,10237200,0.0,0.0
2013-02-04 00:00:00-05:00,7.372059612423842,7.488649461833516,7.3451536704311815,7.38999605178833,7233400,0.0,0.0
2013-02-05 00:00:00-05:00,7.443807292175516,7.4886496748079665,7.318248791864117,7.3720598220825195,4468200,0.0,0.0
2013-02-06 00:00:00-05:00,7.381027404457443,7.4348384331454795,7.354122317762068,7.38999605178833,5361500,0.0,0.0
2013-02-07 00:00:00-05:00,7.345154213460078,7.524523752149506,7.282375388097187,7.416902542114258,8040900,0.0,0.0
2013-02-08 00:00:00-05:00,7.461743988520133,7.461743988520133,7.300312602910934,7.3092803955078125,4952300,0.0,0.0
2013-02-11 00:00:00-05:00,7.246502745124568,7.2823764872173635,7.14784974054501,7.156818389892578,6870900,0.0,0.0
2013-02-12 00:00:00-05:00,7.156818045060184,7.237533747055532,7.094038785598276,7.165786266326904,5883300,0.0,0.0
2013-02-13 00:00:00-05:00,7.1747557448453385,7.201660839405199,7.067134511308363,7.0761027336120605,6641500,0.0,0.0
2013-02-14 00:00:00-05:00,7.15681771121073,7.578334354652977,7.147849062713659,7.470713138580322,12770300,0.0,0.0
2013-02-15 00:00:00-05:00,7.354123617063913,7.4707134870722935,7.111975655780433,7.165786266326904,13194600,0.0,0.0
2013-02-19 00:00:00-05:00,7.14784876817297,7.246501759332069,7.022290687928732,7.12991189956665,6853100,0.0,0.0
2013-02-20 00:00:00-05:00,7.013323354816913,7.031260225692712,6.636648638776413,6.690459251403809,15762400,0.0,0.0
2013-02-21 00:00:00-05:00,6.7173635493506225,6.923637753848166,6.708395328797868,6.807048320770264,8105900,0.0,0.0
2013-02-22 00:00:00-05:00,6.8070492244401635,6.887764930725098,6.74426996164189,6.887764930725098,5906500,0.0,0.0
2013-02-25 00:00:00-05:00,6.941574424027226,7.085069797604521,6.941574424027226,7.04022741317749,10724400,0.0,0.0
2013-02-26 00:00:00-05:00,7.05816458597852,7.14784893105379,6.905700985526214,7.111975193023682,11070100,0.0,0.0
2013-02-27 00:00:00-05:00,7.085071383564525,7.129913350380548,7.022292116843572,7.0761027336120605,7186000,0.0,0.0
2013-02-28 00:00:00-05:00,7.040229057881714,7.058165930313117,6.798081066233385,6.833954811096191,10846900,0.0,0.0
2013-03-01 00:00:00-05:00,6.887764799025463,6.932607189830914,6.8070490942838795,6.878796577453613,10828100,0.0,0.0
2013-03-04 00:00:00-05:00,6.771174593084411,6.869827157551231,6.7083953385293285,6.753237724304199,11831000,0.0,0.0
2013-03-05 00:00:00-05:00,6.824985814626824,6.887764647192083,6.753238333038686,6.762206554412842,9112100,0.0,0.0
2013-03-06 00:00:00-05:00,6.744269047659276,7.058164463814091,6.726332178954677,7.049196243286133,17804800,0.0,0.0
2013-03-07 00:00:00-05:00,7.058165435781298,7.156818441066258,6.968481079908035,6.995386600494385,9024300,0.0,0.0
2013-03-08 00:00:00-05:00,6.995384688446064,7.2106270837096975,6.93260544266986,7.103005886077881,9971200,0.0,0.0
2013-03-11 00:00:00-04:00,7.12991325780512,7.12991325780512,6.941575887736417,6.959513187408447,5681300,0.0,0.0
2013-03-12 00:00:00-04:00,7.05816538531302,7.246502745124568,7.049197163614191,7.156818389892578,5649000,0.0,0.0
2013-03-13 00:00:00-04:00,7.174752814756275,7.201657898328398,6.9326049243641945,6.941573143005371,9112400,0.0,0.0
2013-03-14 00:00:00-04:00,6.914670273393775,7.165786462830192,6.905701624232396,7.120944499969482,6558700,0.0,0.0
2013-03-15 00:00:00-04:00,7.129913183829363,7.219597970663951,7.067134346223659,7.094039440155029,5085700,0.0,0.0
2013-03-18 00:00:00-04:00,7.228566301726909,7.2823764872173635,7.067134034660589,7.156818389892578,8126000,0.0,0.0
2013-03-19 00:00:00-04:00,7.193055847222519,7.310825953855223,7.147759353301138,7.229292869567871,6789400,0.08,0.0
2013-03-20 00:00:00-04:00,7.21117383284429,7.265529794380233,7.1386997934354985,7.165877342224121,5742400,0.0,0.0
2013-03-21 00:00:00-04:00,7.238349647323396,7.392357160156531,7.2021126363013925,7.347060680389404,6961200,0.0,0.0
2013-03-22 00:00:00-04:00,7.29270598960671,7.401417028542593,7.229291000904477,7.365180015563965,6546900,0.0,0.0
2013-03-25 00:00:00-04:00,7.310825421041702,7.32894436287325,7.102462773731103,7.165877342224121,5966900,0.0,0.0
2013-03-26 00:00:00-04:00,7.165877600232749,7.165877600232749,7.066226008447363,7.129640579223633,4818900,0.0,0.0
2013-03-27 00:00:00-04:00,7.120580903841872,7.238350995610789,7.07528441563737,7.2202324867248535,5226000,0.0,0.0
2013-03-28 00:00:00-04:00,7.183994770050049,7.2292912538478316,7.111520741557023,7.183994770050049,3762200,0.0,0.0
2013-04-01 00:00:00-04:00,7.183996198442552,7.202114709168308,7.066226094714822,7.12058162689209,4250300,0.0,0.0
2013-04-02 00:00:00-04:00,7.066225491700425,7.075284530300541,6.758210403668454,6.794447422027588,9100700,0.0,0.0
2013-04-03 00:00:00-04:00,6.749150417924957,6.812565411202629,6.29618729103122,6.386780261993408,18320900,0.0,0.0
2013-04-04 00:00:00-04:00,6.332424621607105,6.5860841753558335,6.2508915484565994,6.477373123168945,13726200,0.0,0.0
2013-04-05 00:00:00-04:00,6.595143187595989,6.667617217353205,6.314305674317841,6.404898643493652,13337000,0.0,0.0
2013-04-08 00:00:00-04:00,6.386780908597665,6.432076966685277,6.30524739926888,6.359602928161621,8392600,0.0,0.0
2013-04-09 00:00:00-04:00,6.395840350639296,6.631381422669844,6.350544289696064,6.577025890350342,9944700,0.0,0.0
2013-04-10 00:00:00-04:00,6.522668495460479,6.522668495460479,6.323364920668099,6.368661403656006,10752900,0.0,0.0
2013-04-11 00:00:00-04:00,6.359602906405706,6.423017905886637,6.124062282009598,6.160299301147461,11880700,0.0,0.0
2013-04-12 00:00:00-04:00,6.0515884930773804,6.0515884930773804,5.680158789106911,5.725455284118652,23334200,0.0,0.0
2013-04-15 00:00:00-04:00,5.281550497491189,5.363084006392624,4.873883816942694,4.928239345550537,28030200,0.0,0.0
2013-04-16 00:00:00-04:00,5.154720607626938,5.181898154237623,4.774231499242839,4.901061058044434,23325900,0.0,0.0
2013-04-17 00:00:00-04:00,4.91012022254381,4.91012022254381,4.502453160949926,4.5296311378479,20583900,0.0,0.0
2013-04-18 00:00:00-04:00,4.638341904692566,4.855764410964013,4.556808842822628,4.783290386199951,19252400,0.0,0.0
2013-04-19 00:00:00-04:00,4.919180083568038,5.009773067071979,4.747054019681654,4.828587532043457,16991500,0.0,0.0
2013-04-22 00:00:00-04:00,4.864824902289746,5.018832466939784,4.8557658624758915,4.982595443725586,14862200,0.0,0.0
2013-04-23 00:00:00-04:00,4.937298642771265,4.964476624487486,4.801410030128252,4.892002582550049,12298100,0.0,0.0
2013-04-24 00:00:00-04:00,5.009773807832879,5.172840424688667,4.937299323917548,5.127543926239014,10821400,0.0,0.0
2013-04-25 00:00:00-04:00,5.227195963640597,5.299670015576503,5.091306900271061,5.127543926239014,15334800,0.0,0.0
2013-04-26 00:00:00-04:00,5.14566209228919,5.181899115813949,4.882943455744987,4.973536014556885,13759600,0.0,0.0
2013-04-29 00:00:00-04:00,4.973535403400736,5.082246892595764,4.801409778798903,4.928239345550537,14171900,0.0,0.0
2013-04-30 00:00:00-04:00,4.855765307406746,4.928239345550537,4.747053818211718,4.928239345550537,21994600,0.0,0.0
2013-05-01 00:00:00-04:00,4.819528710067277,4.946358287917122,4.765173176703058,4.8648247718811035,16638300,0.0,0.0
2013-05-02 00:00:00-04:00,4.910120430839124,4.964475954961634,4.828586928665706,4.846705436706543,12263500,0.0,0.0
2013-05-03 00:00:00-04:00,4.855764906716614,4.928238938879961,4.801409382594104,4.846705436706543,11681500,0.0,0.0
2013-05-06 00:00:00-04:00,4.87388314717593,4.87388314717593,4.810468156524901,4.819527626037598,7255500,0.0,0.0
2013-05-07 00:00:00-04:00,4.765171880008936,4.837645904772998,4.728934435647643,4.783290386199951,15643400,0.0,0.0
2013-05-08 00:00:00-04:00,4.928240203383194,5.190958853374149,4.901062218358873,5.073188304901123,19224300,0.0,0.0
2013-05-09 00:00:00-04:00,5.0369508927947715,5.344966016851013,4.973535887259844,5.064128875732422,14215000,0.0,0.0
2013-05-10 00:00:00-04:00,4.9191805660307875,4.9916550463379545,4.837647477651752,4.964477062225342,12830600,0.0,0.0
2013-05-13 00:00:00-04:00,4.919180083568038,4.928239554710176,4.8195284928806785,4.828587532043457,6273400,0.0,0.0
2013-05-14 00:00:00-04:00,4.8014099409167335,4.955417061182612,4.783291430769021,4.837646961212158,9221700,0.0,0.0
2013-05-15 00:00:00-04:00,4.774230917114813,4.855764410964013,4.756112410923797,4.783290386199951,20997200,0.0,0.0
2013-05-16 00:00:00-04:00,4.710816921978498,4.955417023081625,4.6926984119700945,4.910120964050293,17236300,0.0,0.0
2013-05-17 00:00:00-04:00,4.810468536742686,4.882942570655452,4.756113011308111,4.765172481536865,19116800,0.0,0.0
2013-05-20 00:00:00-04:00,4.783291251131967,5.200016968879172,4.756113270941392,5.136602401733398,13820100,0.0,0.0
2013-05-21 00:00:00-04:00,4.9282400380614595,5.09130664679893,4.837647477651752,4.964477062225342,12901500,0.0,0.0
2013-05-22 00:00:00-04:00,5.046009769658102,5.417439423489289,5.036950299086936,5.145661354064941,17501100,0.0,0.0
2013-05-23 00:00:00-04:00,5.308729214599265,5.417440286903288,5.272492190497924,5.2996697425842285,12660700,0.0,0.0
2013-05-24 00:00:00-04:00,5.263432112570663,5.344965623402461,5.200017111703781,5.254373073577881,9360700,0.0,0.0
2013-05-28 00:00:00-04:00,5.281550117486988,5.281550117486988,5.0369500403608445,5.118483543395996,9755600,0.0,0.0
2013-05-29 00:00:00-04:00,5.154721604575513,5.30872917175293,5.118484580766638,5.30872917175293,8479500,0.0,0.0
2013-05-30 00:00:00-04:00,5.426499316037291,5.797929460298949,5.40838080402302,5.770751476287842,16882900,0.0,0.0
2013-05-31 00:00:00-04:00,5.689217198146034,5.816046755715795,5.5805057168212135,5.806987285614014,12967200,0.0,0.0
2013-06-03 00:00:00-04:00,5.879461648283023,6.024410154186335,5.8432246298020285,5.970054626464844,15663800,0.0,0.0
2013-06-04 00:00:00-04:00,5.870401152092361,5.90663816157608,5.7526306552806625,5.834164142608643,7306000,0.0,0.0
2013-06-05 00:00:00-04:00,5.879460731557665,6.024409214860613,5.816046175093188,5.897579669952393,8758700,0.0,0.0
2013-06-06 00:00:00-04:00,5.88852115983031,6.006291686701958,5.825106161058037,5.960995197296143,11221200,0.0,0.0
2013-06-07 00:00:00-04:00,5.816046199271325,5.879460755999425,5.589564652146923,5.68015718460083,9867000,0.0,0.0
2013-06-10 00:00:00-04:00,5.63486229409517,5.834166353771562,5.571447719454001,5.725455284118652,7101800,0.0,0.0
2013-06-11 00:00:00-04:00,5.326846223268194,5.535209269034852,5.272490702456797,5.38120174407959,14928500,0.0,0.0
2013-06-12 00:00:00-04:00,5.26343301831089,5.480855607283672,5.22719599214533,5.326848030090332,10293300,0.0,0.0
2013-06-13 00:00:00-04:00,5.227195192546622,5.462736258571708,5.209076682235413,5.444617748260498,8952200,0.0,0.0
2013-06-14 00:00:00-04:00,5.471795059836153,5.489913569359611,5.263431984326726,5.272491455078125,7170300,0.0,0.0
2013-06-17 00:00:00-04:00,5.290611521465755,5.47179667001754,5.263433533193253,5.317789077758789,7117200,0.0,0.0
2013-06-18 00:00:00-04:00,5.272491755286367,5.344965797506766,5.154721220688537,5.2271952629089355,7374700,0.0,0.0
2013-06-19 00:00:00-04:00,5.227195521775257,5.272492016395907,4.982595401178402,4.991654872894287,10930300,0.0,0.0
2013-06-20 00:00:00-04:00,4.620224342433496,4.77423189251117,4.484335302248526,4.574928283691406,40216600,0.0,0.0
2013-06-21 00:00:00-04:00,4.565868941403087,4.6564614934191475,4.402802347774178,4.556809902191162,15780700,0.0,0.0
2013-06-24 00:00:00-04:00,4.4843354618276114,4.529631954160967,4.375624398602796,4.411861419677734,19647900,0.0,0.0
2013-06-25 00:00:00-04:00,4.402802247489582,4.475276287451657,4.348446717518026,4.366565227508545,8186900,0.0,0.0
2013-06-26 00:00:00-04:00,4.230675897958501,4.257853445100456,4.103846336677625,4.13102388381958,16962400,0.0,0.0
2013-06-27 00:00:00-04:00,4.22161687416591,4.294090916850058,4.112905810139689,4.203498363494873,11897000,0.0,0.0
2013-06-28 00:00:00-04:00,4.140083733848269,4.665520967890149,4.112905752234664,4.620224475860596,20926100,0.0,0.0
2013-07-01 00:00:00-04:00,4.719876499137996,4.792350540801792,4.529631923780851,4.620224475860596,8969800,0.0,0.0
2013-07-02 00:00:00-04:00,4.5839863242439485,4.638341842083293,4.384682758833019,4.439038276672363,10668400,0.0,0.0
2013-07-03 00:00:00-04:00,4.484334751035429,4.593046229008232,4.457157205526701,4.583986759185791,5773000,0.0,0.0
2013-07-05 00:00:00-04:00,4.411861724576834,4.429980236366455,4.1944395831013885,4.303150653839111,11482900,0.0,0.0
2013-07-08 00:00:00-04:00,4.348445657708665,4.366564163283316,4.158201133185209,4.16726016998291,8292900,0.0,0.0
2013-07-09 00:00:00-04:00,4.28503223339382,4.28503223339382,4.121965623811134,4.158202648162842,11246400,0.0,0.0
2013-07-10 00:00:00-04:00,4.1763204665641425,4.294090560153405,4.121964939066175,4.185379505157471,12364700,0.0,0.0
2013-07-11 00:00:00-04:00,4.4480974557907365,4.484334468841553,4.348445885890627,4.484334468841553,9663000,0.0,0.0
2013-07-12 00:00:00-04:00,4.457157559191352,4.475276068294596,4.348446504571887,4.393742561340332,5129000,0.0,0.0
2013-07-15 00:00:00-04:00,4.384682464139508,4.44809701470037,4.339385986328125,4.339385986328125,5998700,0.0,0.0
2013-07-16 00:00:00-04:00,4.375624369255604,4.629283947058251,4.339387348423706,4.620224475860596,10429200,0.0,0.0
2013-07-17 00:00:00-04:00,4.683639424871247,4.837646977639448,4.484335380590272,4.49339485168457,9006400,0.0,0.0
2013-07-18 00:00:00-04:00,4.520571736016833,4.583986728410277,4.411860690753181,4.4480977058410645,5508900,0.0,0.0
2013-07-19 00:00:00-04:00,4.5024527707307955,4.692697296590614,4.448097253625026,4.656460285186768,7469800,0.0,0.0
2013-07-22 00:00:00-04:00,4.882942533515131,5.091305595419154,4.819527970313458,5.046009540557861,15526800,0.0,0.0
2013-07-23 00:00:00-04:00,5.00977283546251,5.163779949944633,4.93729836561409,5.136602401733398,14101400,0.0,0.0
2013-07-24 00:00:00-04:00,5.082246430470442,5.100364938358886,4.756112856499152,4.855764865875244,12048200,0.0,0.0
2013-07-25 00:00:00-04:00,4.819528710067277,4.991654781710328,4.810469238516885,4.8648247718811035,11761200,0.0,0.0
2013-07-26 00:00:00-04:00,4.810469072257913,4.964476627456763,4.756113540772325,4.955417156219482,7129900,0.0,0.0
2013-07-29 00:00:00-04:00,4.910120389540575,4.9735349511604765,4.855764865875244,4.855764865875244,5937400,0.0,0.0
2013-07-30 00:00:00-04:00,4.855765023927823,4.882942570655452,4.683638977395344,4.765172481536865,8789300,0.0,0.0
2013-07-31 00:00:00-04:00,4.792351162845391,4.91012171182527,4.6564621010977945,4.737995624542236,12399300,0.0,0.0
2013-08-01 00:00:00-04:00,4.79235090027533,4.810469412050345,4.538691735425108,4.638343334197998,15976400,0.0,0.0
2013-08-02 00:00:00-04:00,4.683639478306098,4.7651729911675496,4.602105965444647,4.620224475860596,9918500,0.0,0.0
2013-08-05 00:00:00-04:00,4.638342986276545,4.701757988722047,4.620224475860596,4.620224475860596,5866700,0.0,0.0
2013-08-06 00:00:00-04:00,4.638342933358473,4.638342933358473,4.484335380590272,4.49339485168457,14295600,0.0,0.0
2013-08-07 00:00:00-04:00,4.46621561050415,4.583986109631939,4.439038068846498,4.46621561050415,8240000,0.0,0.0
2013-08-08 00:00:00-04:00,4.529632511723766,4.756114137309955,4.5115139989560475,4.737995624542236,17866000,0.0,0.0
2013-08-09 00:00:00-04:00,4.710817078813393,4.846706124390184,4.65646154697855,4.747054100036621,17914000,0.0,0.0
2013-08-12 00:00:00-04:00,4.928239020355736,5.127542612099914,4.928239020355736,5.046009540557861,13089300,0.0,0.0
2013-08-13 00:00:00-04:00,5.04600968836341,5.064128197234508,4.846705658801991,4.8829426765441895,9947100,0.0,0.0
2013-08-14 00:00:00-04:00,4.919179663980661,5.272491232759431,4.901061155221185,5.2362542152404785,15191600,0.0,0.0
2013-08-15 00:00:00-04:00,5.2000168848229364,5.535209952518174,5.127542848125372,5.489913463592529,17066600,0.0,0.0
2013-08-16 00:00:00-04:00,5.562387438106741,5.643920944469684,5.3087283125009845,5.363083839416504,16704800,0.0,0.0
2013-08-19 00:00:00-04:00,5.444617727165557,5.444617727165557,5.14566166021985,5.172839641571045,13092300,0.0,0.0
2013-08-20 00:00:00-04:00,5.190957365928956,5.399320418145204,5.163779388692361,5.3540239334106445,16062600,0.0,0.0
2013-08-21 00:00:00-04:00,5.299669293631644,5.299669293631644,5.009773125378984,5.027891635894775,15133100,0.0,0.0
2013-08-22 00:00:00-04:00,5.127542931010093,5.326846967129401,5.046009854397049,5.136602401733398,12354500,0.0,0.0
2013-08-23 00:00:00-04:00,5.136600904496162,5.35402295472834,5.091304428041518,5.2906084060668945,11035800,0.0,0.0
2013-08-26 00:00:00-04:00,5.335905987224617,5.4355580049359915,5.218135892088635,5.34496545791626,11619200,0.0,0.0
2013-08-27 00:00:00-04:00,5.489912709787782,5.544268229847549,5.091305130703548,5.109423637390137,19747100,0.0,0.0
2013-08-28 00:00:00-04:00,5.136603008375625,5.254373549811465,4.9372989487181425,4.982595443725586,17673400,0.0,0.0
2013-08-29 00:00:00-04:00,4.973535929462517,5.055069446987932,4.783291775202197,4.991654872894287,17932400,0.0,0.0
2013-08-30 00:00:00-04:00,4.882943413896845,5.091306513368181,4.828587879075547,4.982595443725586,12312400,0.0,0.0
2013-09-03 00:00:00-04:00,5.091305595419154,5.127542612099914,4.973535075217029,5.046009540557861,9998500,0.0,0.0
2013-09-04 00:00:00-04:00,4.9735362691178375,5.091306817590865,4.937299243738355,5.073188304901123,7876300,0.0,0.0
2013-09-05 00:00:00-04:00,5.000713383694328,5.046009873523868,4.910120836014589,4.928239345550537,9552300,0.0,0.0
2013-09-06 00:00:00-04:00,5.046010188717309,5.091306249396876,4.973535714067139,5.018832206726074,8405200,0.0,0.0
2013-09-09 00:00:00-04:00,5.027891938733029,5.055069490153983,4.9372989487181425,4.982595443725586,7000100,0.0,0.0
2013-09-10 00:00:00-04:00,4.892001922798288,4.928238938879961,4.846705436706543,4.846705436706543,10486700,0.0,0.0
2013-09-11 00:00:00-04:00,4.873883858148685,4.919179916381836,4.774231838868799,4.919179916381836,9682500,0.0,0.0
2013-09-12 00:00:00-04:00,4.719876456286558,4.819528478659224,4.629283905029297,4.629283905029297,10797000,0.0,0.0
2013-09-13 00:00:00-04:00,4.583987417102472,4.7108169889647735,4.5749283779591305,4.6926984786987305,9023400,0.0,0.0
2013-09-16 00:00:00-04:00,4.728934497847474,4.828586499198416,4.692697484988817,4.701756954193115,11287300,0.0,0.0
2013-09-17 00:00:00-04:00,4.719875994351728,4.774231519786302,4.674579507166591,4.765172481536865,7393800,0.0,0.0
2013-09-18 00:00:00-04:00,4.719876453566431,5.245313682535086,4.692698472215236,5.172839641571045,21737600,0.0,0.0
2013-09-19 00:00:00-04:00,5.209076741052688,5.236254722816057,4.937298651336453,5.027891635894775,14926500,0.0,0.0
2013-09-20 00:00:00-04:00,4.946357006978687,4.955416044203718,4.665519941334458,4.701756954193115,21191000,0.0,0.0
2013-09-23 00:00:00-04:00,4.656461454416796,4.78329145815632,4.602105923662439,4.629283905029297,14583600,0.0,0.0
2013-09-24 00:00:00-04:00,4.583987271954154,4.629283762174663,4.5115132331848145,4.5115132331848145,18476200,0.0,0.0
2013-09-25 00:00:00-04:00,4.556809905394456,4.728935538356289,4.529631923780851,4.620224475860596,11358400,0.0,0.0
2013-09-26 00:00:00-04:00,4.602106487270761,4.656462024681902,4.493395412448478,4.547750949859619,7351800,0.0,0.0
2013-09-27 00:00:00-04:00,4.6202246902551165,4.665521184386586,4.47527660020143,4.520572662353516,6115500,0.0,0.0
2013-09-30 00:00:00-04:00,4.466216792355821,4.583987322648084,4.448098282463115,4.574928283691406,9421400,0.0,0.0
2013-10-01 00:00:00-04:00,4.48433411560233,4.50245262070051,4.41186009520961,4.46621561050415,12869700,0.0,0.0
2013-10-02 00:00:00-04:00,4.502453972365081,4.547750464698437,4.411861419677734,4.411861419677734,12165700,0.0,0.0
2013-10-03 00:00:00-04:00,4.4209196663720105,4.484334219698077,4.366564149815704,4.384682655334473,9600000,0.0,0.0
2013-10-04 00:00:00-04:00,4.38468569882097,4.411863259973917,4.28503363330789,4.357507705688477,8411700,0.0,0.0
2013-10-07 00:00:00-04:00,4.384683145426915,4.4480977058410645,4.375623675665296,4.4480977058410645,5461000,0.0,0.0
2013-10-08 00:00:00-04:00,4.448097101029255,4.520571121350664,4.2940895918566415,4.330327033996582,8790000,0.0,0.0
2013-10-09 00:00:00-04:00,4.312208568194807,4.38468258917636,4.212556573355551,4.321267604827881,13175300,0.0,0.0
2013-10-10 00:00:00-04:00,4.285030967148907,4.366564463836457,4.221615977283115,4.266912460327148,7388400,0.0,0.0
2013-10-11 00:00:00-04:00,4.194439282173856,4.248794813643012,4.140083750704699,4.212557792663574,11870200,0.0,0.0
2013-10-14 00:00:00-04:00,4.266912485198489,4.275971522672533,4.158201443634276,4.194438457489014,4837900,0.0,0.0
2013-10-15 00:00:00-04:00,4.158202269496727,4.357505885281565,4.158202269496727,4.348446846008301,9561500,0.0,0.0
2013-10-16 00:00:00-04:00,4.330328945970286,4.375625012681159,4.239735948589687,4.257854461669922,5619400,0.0,0.0
2013-10-17 00:00:00-04:00,4.411860901814259,4.493394405652165,4.375623884992815,4.420920372009277,11352900,0.0,0.0
2013-10-18 00:00:00-04:00,4.420920978241469,4.493395021822579,4.393742995908865,4.402802467346191,6219100,0.0,0.0
2013-10-21 00:00:00-04:00,4.4299798130946595,4.565868854522705,4.402802263996663,4.565868854522705,5781800,0.0,0.0
2013-10-22 00:00:00-04:00,4.629283782220091,4.756113350615625,4.611165272449301,4.710816860198975,11755000,0.0,0.0
2013-10-23 00:00:00-04:00,4.692697876550673,4.747053400374121,4.502453327178955,4.502453327178955,11720200,0.0,0.0
2013-10-24 00:00:00-04:00,4.565867756677152,4.656460285186768,4.538690214113892,4.656460285186768,11928400,0.0,0.0
2013-10-25 00:00:00-04:00,4.62928390875726,4.74705400949686,4.5749283779591305,4.6926984786987305,7201300,0.0,0.0
2013-10-28 00:00:00-04:00,4.719875398541767,4.846704941878874,4.647401373777705,4.783290386199951,10405400,0.0,0.0
2013-10-29 00:00:00-04:00,4.79235121238931,4.855766223721625,4.665521621704102,4.665521621704102,8915400,0.0,0.0
2013-10-30 00:00:00-04:00,4.76517296196593,4.846706042348373,4.602105937242324,4.828587532043457,14333500,0.0,0.0
2013-10-31 00:00:00-04:00,4.701757721509014,4.737994740281469,4.574928155805424,4.59304666519165,10520000,0.0,0.0
2013-11-01 00:00:00-04:00,4.529631817423214,4.556809798398668,4.294090755567117,4.366565227508545,14307500,0.0,0.0
2013-11-04 00:00:00-05:00,4.393743001369189,4.565869071077922,4.3665654509821845,4.538691520690918,8994300,0.0,0.0
2013-11-05 00:00:00-05:00,4.5115126571465565,4.574927648962459,4.420920120251905,4.457157135009766,6805000,0.0,0.0
2013-11-06 00:00:00-05:00,4.538691263905995,4.593046793584112,4.51151328307726,4.574928283691406,6159600,0.0,0.0
2013-11-07 00:00:00-05:00,4.484334848519194,4.574927820795788,4.411860816281363,4.42997932434082,8519800,0.0,0.0
2013-11-08 00:00:00-05:00,4.384682553551958,4.46621561050415,4.312208533159237,4.46621561050415,8765100,0.0,0.0
2013-11-11 00:00:00-05:00,4.420921409038966,4.484335987362196,4.35750639873632,4.475276947021484,6569200,0.0,0.0
2013-11-12 00:00:00-05:00,4.420919770725916,4.493393794511708,4.411860301763063,4.439038276672363,6068100,0.0,0.0
2013-11-13 00:00:00-05:00,4.4662167429643045,4.5115132331848145,4.429979723579636,4.5115132331848145,5848900,0.0,0.0
2013-11-14 00:00:00-05:00,4.620224564903082,4.692698607963621,4.574928503979931,4.674580097198486,13381600,0.0,0.0
2013-11-15 00:00:00-05:00,4.692698517524391,4.719876499137996,4.6111654366423025,4.620224475860596,7371100,0.0,0.0
2013-11-18 00:00:00-05:00,4.611164663720319,4.620223701420139,4.411860650572795,4.457157135009766,8849900,0.0,0.0
2013-11-19 00:00:00-05:00,4.429978949265329,4.5115124446193,4.429978949265329,4.484334468841553,4929200,0.0,0.0
2013-11-20 00:00:00-05:00,4.420921196461342,4.529632267199065,4.23067660668063,4.303150653839111,11682400,0.0,0.0
2013-11-21 00:00:00-05:00,4.257853723080095,4.285031703975724,4.167261173393586,4.230676174163818,11920200,0.0,0.0
2013-11-22 00:00:00-05:00,4.266913586729381,4.321269121543715,4.212558051915049,4.2397356033325195,6262900,0.0,0.0
2013-11-25 00:00:00-05:00,4.185378963639599,4.303149473970665,4.121964405753085,4.266912460327148,9784500,0.0,0.0
2013-11-26 00:00:00-05:00,4.239735384836947,4.294090916850058,4.176320813478002,4.203498363494873,7129100,0.0,0.0
2013-11-27 00:00:00-05:00,4.248794813643012,4.285031834622449,4.167261300449595,4.212557792663574,5401100,0.0,0.0
2013-11-29 00:00:00-05:00,4.285030967148907,4.33032745019294,4.24879395350539,4.266912460327148,4116900,0.0,0.0
2013-12-02 00:00:00-05:00,4.185379182835213,4.221616198376525,4.085727606086255,4.094786643981934,8513000,0.0,0.0
2013-12-03 00:00:00-05:00,4.103846199800488,4.140083216100683,4.0494902433708875,4.085727691650391,9260400,0.0,0.0
2013-12-04 00:00:00-05:00,4.121964939066175,4.266913012394088,4.076668450161536,4.185379505157471,11128500,0.0,0.0
2013-12-05 00:00:00-05:00,4.103846336677625,4.239734936346045,4.076668357556347,4.13102388381958,7292300,0.0,0.0
2013-12-06 00:00:00-05:00,4.203498536234512,4.257854070481323,4.103846939438386,4.112905979156494,5821400,0.0,0.0
2013-12-09 00:00:00-05:00,4.131023757121108,4.185379281717257,4.121964719011405,4.149142265319824,9171700,0.0,0.0
2013-12-10 00:00:00-05:00,4.266912153472854,4.393741692104234,4.257852684723846,4.384682655334473,11120000,0.0,0.0
2013-12-11 00:00:00-05:00,4.366564163283316,4.420919680007269,4.149141664408259,4.16726016998291,10635700,0.0,0.0
2013-12-12 00:00:00-05:00,4.067608173332707,4.2125566499091605,4.058549136535005,4.16726016998291,8809400,0.0,0.0
2013-12-13 00:00:00-05:00,4.203498712612775,4.257854249140337,4.140084135986988,4.158202648162842,5967300,0.0,0.0
2013-12-16 00:00:00-05:00,4.176319950561645,4.2125569644163825,4.140082936706907,4.194438457489014,10532900,0.0,0.0
2013-12-17 00:00:00-05:00,4.149141664408259,4.203497181132212,4.1129046532589575,4.16726016998291,5790800,0.0,0.0
2013-12-18 00:00:00-05:00,4.13102330428228,4.239734341557778,4.040430773219366,4.076667785644531,13391200,0.0,0.0
2013-12-19 00:00:00-05:00,4.013253099631024,4.031371607205774,3.9770160844815248,3.9951345920562744,14151900,0.0,0.0
2013-12-20 00:00:00-05:00,4.004194192633773,4.02231270080038,3.8411271871550072,3.8773646354675293,23667000,0.0,0.0
2013-12-23 00:00:00-05:00,3.8864235471893953,3.9226605623443174,3.8683050396119345,3.8954830169677734,12904800,0.0,0.0
2013-12-24 00:00:00-05:00,3.8954843943812665,3.986076964301412,3.886424921399528,3.967958450317383,7308000,0.0,0.0
2013-12-26 00:00:00-05:00,4.013253684913006,4.049490705347214,3.868305603176177,3.9498391151428223,7087700,0.0,0.0
2013-12-27 00:00:00-05:00,3.986074686050415,4.004193189678768,3.9317191751653566,3.986074686050415,15357900,0.0,0.0
2013-12-30 00:00:00-05:00,3.958897706227603,3.977016214394209,3.8683051653945713,3.8773646354675293,11205300,0.0,0.0
2013-12-31 00:00:00-05:00,3.841128420449732,3.967958450317383,3.832069379447441,3.967958450317383,16215700,0.0,0.0
2014-01-02 00:00:00-05:00,4.031371428000648,4.10384588705726,4.022312390605619,4.058549404144287,12241000,0.0,0.0
2014-01-03 00:00:00-05:00,4.094786729735785,4.185379270486272,4.076668221585687,4.085727691650391,11086400,0.0,0.0
2014-01-06 00:00:00-05:00,4.131023158833608,4.19443814433451,4.1129046532589575,4.16726016998291,6856200,0.0,0.0
2014-01-07 00:00:00-05:00,4.121965623811134,4.158202648162842,4.0766691273817965,4.158202648162842,6073500,0.0,0.0
2014-01-08 00:00:00-05:00,4.085729331158242,4.1582033928407816,4.058551342037549,4.121966361999512,8686400,0.0,0.0
2014-01-09 00:00:00-05:00,4.094787643592952,4.094787643592952,3.9951356105378486,4.022313594818115,10213100,0.0,0.0
2014-01-10 00:00:00-05:00,4.0676083165486085,4.103845760953037,4.031371304123443,4.076667785644531,11320000,0.0,0.0
2014-01-13 00:00:00-05:00,4.103846210812689,4.149142265319824,4.031371746038514,4.149142265319824,15423000,0.0,0.0
2014-01-14 00:00:00-05:00,4.094786061385276,4.212556561128076,4.040430545806885,4.040430545806885,9320100,0.0,0.0
2014-01-15 00:00:00-05:00,4.01325279791086,4.1219642671656205,4.0041937607942,4.076667785644531,6753000,0.0,0.0
2014-01-16 00:00:00-05:00,4.131024490572098,4.140083962269593,4.058550444909684,4.112905979156494,5614100,0.0,0.0
2014-01-17 00:00:00-05:00,4.158201677391367,4.375623772742373,4.14008316944545,4.294090270996094,13027500,0.0,0.0
2014-01-21 00:00:00-05:00,4.275972371925358,4.402802377585984,4.221616840347675,4.348446846008301,9283500,0.0,0.0
2014-01-22 00:00:00-05:00,4.357505019835332,4.366564489288656,4.158201443634276,4.194438457489014,9878400,0.0,0.0
2014-01-23 00:00:00-05:00,4.257853814025573,4.339387326474619,4.23973530370127,4.285031795501709,9117600,0.0,0.0
2014-01-24 00:00:00-05:00,4.339387366091605,4.357505876581325,4.131024279470158,4.212557792663574,11932700,0.0,0.0
2014-01-27 00:00:00-05:00,4.158203270235981,4.17632178512239,4.067610263824463,4.067610263824463,9081900,0.0,0.0
2014-01-28 00:00:00-05:00,4.103846210812689,4.1672607735185405,4.04949025423723,4.149142265319824,6458200,0.0,0.0
2014-01-29 00:00:00-05:00,4.221616703205491,4.239735213142794,4.112905643581681,4.230676174163818,7397200,0.0,0.0
2014-01-30 00:00:00-05:00,4.121964122035907,4.2125566499091605,4.094786147684307,4.16726016998291,8263200,0.0,0.0
2014-01-31 00:00:00-05:00,4.176320243607554,4.230675768203703,4.085727702613973,4.149142265319824,7477900,0.0,0.0
2014-02-03 00:00:00-05:00,4.212557389204091,4.230675897958501,4.121964845432036,4.13102388381958,8901800,0.0,0.0
2014-02-04 00:00:00-05:00,4.112905083848801,4.185379113734883,4.085727538631167,4.1763200759887695,6906700,0.0,0.0
2014-02-05 00:00:00-05:00,4.2306763431300665,4.257853893131769,4.1400837898254395,4.1400837898254395,7544600,0.0,0.0
2014-02-06 00:00:00-05:00,4.158201735408838,4.185379281717257,4.085727702613973,4.149142265319824,4576200,0.0,0.0
2014-02-07 00:00:00-05:00,4.194439166608941,4.4209207574801015,4.1763206566184214,4.366565227508545,9554300,0.0,0.0
2014-02-10 00:00:00-05:00,4.439038996306808,4.629283555575623,4.4299795258752805,4.6111650466918945,15785300,0.0,0.0
2014-02-11 00:00:00-05:00,4.638343166873834,4.892002754552903,4.62928412730282,4.8648247718811035,17443700,0.0,0.0
2014-02-12 00:00:00-05:00,4.910121762586715,4.928240275541744,4.638343636281845,4.665521621704102,14167600,0.0,0.0
2014-02-13 00:00:00-05:00,4.538692031018893,4.71987716056919,4.439039993776518,4.665521621704102,22570200,0.0,0.0
2014-02-14 00:00:00-05:00,4.810468749445884,4.837646729354551,4.665520675211222,4.728935241699219,15471900,0.0,0.0
2014-02-18 00:00:00-05:00,4.792350589978418,4.801410061269037,4.6111654839597005,4.6836395263671875,8703500,0.0,0.0
2014-02-19 00:00:00-05:00,4.620224603831305,4.719876629868861,4.502454066875955,4.538691520690918,10291600,0.0,0.0
2014-02-20 00:00:00-05:00,4.556808842822628,4.819527398581982,4.529630867546474,4.783290386199951,15186500,0.0,0.0
2014-02-21 00:00:00-05:00,4.810469103166954,4.864824635001797,4.710817078813393,4.747054100036621,8498500,0.0,0.0
2014-02-24 00:00:00-05:00,4.810467969716251,4.873882957904637,4.77423095703125,4.77423095703125,6887000,0.0,0.0
2014-02-25 00:00:00-05:00,4.7651719426854,4.846705005627745,4.692697484988817,4.701756954193115,9020400,0.0,0.0
2014-02-26 00:00:00-05:00,4.665521621704102,4.747054714012023,4.629284595794042,4.665521621704102,7963800,0.0,0.0
2014-02-27 00:00:00-05:00,4.6836395263671875,4.774232079376546,4.620224523270953,4.6836395263671875,7011600,0.0,0.0
2014-02-28 00:00:00-05:00,4.737994712328553,4.783291201516553,4.67457971386122,4.728935241699219,7349900,0.0,0.0
2014-03-03 00:00:00-05:00,4.855764474832044,4.892001487690701,4.674578978559488,4.701756954193115,10644900,0.0,0.0
2014-03-04 00:00:00-05:00,4.656462149236875,4.710817688101964,4.611166082839012,4.665521621704102,8026700,0.0,0.0
2014-03-05 00:00:00-05:00,4.665520259670569,4.701757275001738,4.565868251520207,4.583986759185791,10739200,0.0,0.0
2014-03-06 00:00:00-05:00,4.574928628103031,4.6202246902551165,4.4662171285833825,4.520572662353516,16133500,0.0,0.0
2014-03-07 00:00:00-05:00,4.4390387943602025,4.511512826598033,4.393742308221905,4.42997932434082,9782500,0.0,0.0
2014-03-10 00:00:00-04:00,4.439038627630835,4.529631164525487,4.411860650572795,4.457157135009766,6928800,0.0,0.0
2014-03-11 00:00:00-04:00,4.502453972365081,4.529631954160967,4.375624398602796,4.411861419677734,9535500,0.0,0.0
2014-03-12 00:00:00-04:00,4.484334468841553,4.520571481892369,4.439038418517668,4.484334468841553,7788200,0.0,0.0
2014-03-13 00:00:00-04:00,4.49339548618833,4.737995624542236,4.466217501047042,4.737995624542236,13112700,0.0,0.0
2014-03-14 00:00:00-04:00,4.783291550667165,4.801410061269037,4.656461544474697,4.6836395263671875,10301300,0.0,0.0
2014-03-17 00:00:00-04:00,4.6836400586108455,4.6836400586108455,4.466217474701357,4.475276947021484,9125500,0.0,0.0
2014-03-18 00:00:00-04:00,4.402802300638381,4.5386913431973435,4.375624319334845,4.49339485168457,9877800,0.0,0.0
2014-03-19 00:00:00-04:00,4.420920888111878,4.475276419689561,4.330328335482407,4.348446846008301,15079800,0.0,0.0
2014-03-20 00:00:00-04:00,4.303150353703883,4.448098437911037,4.294090882451252,4.348446846008301,10623700,0.0,0.0
2014-03-21 00:00:00-04:00,4.402802377585984,4.439039398637773,4.312209824956512,4.348446846008301,23056700,0.0,0.0
2014-03-24 00:00:00-04:00,4.275971953854866,4.312209403343012,4.085727827923215,4.13102388381958,12791600,0.0,0.0
2014-03-25 00:00:00-04:00,4.149143796803041,4.1853808265758605,4.040432707484583,4.067610263824463,15368100,0.0,0.0
2014-03-26 00:00:00-04:00,4.0947869116830855,4.103846382150336,3.804890336420987,3.850186824798584,17305100,0.0,0.0
2014-03-27 00:00:00-04:00,3.82300908934474,3.9045426008358133,3.632764949164494,3.678061008453369,26643800,0.0,0.0
2014-03-28 00:00:00-04:00,3.7867720805591993,3.9045426126288216,3.7052390008012246,3.8139500617980957,21065700,0.0,0.0
2014-03-31 00:00:00-04:00,3.850186542388003,3.850186542388003,3.6961790115757953,3.7505345344543457,13253000,0.0,0.0
2014-04-01 00:00:00-04:00,3.8230086788713233,3.8501866571100547,3.7052385917816437,3.768653154373169,14097900,0.0,0.0
2014-04-02 00:00:00-04:00,3.850187172544364,3.958898236094098,3.832068661952742,3.8683056831359863,15115700,0.0,0.0
2014-04-03 00:00:00-04:00,3.841127611057635,3.8683055922965313,3.7777130414658053,3.8139500617980957,11372300,0.0,0.0
2014-04-04 00:00:00-04:00,3.9407790699217786,3.9770160850767007,3.8683050396119345,3.8954830169677734,17773800,0.0,0.0
2014-04-07 00:00:00-04:00,3.8954827901753544,3.949838309743195,3.7958307883113442,3.859245777130127,10921100,0.0,0.0
2014-04-08 00:00:00-04:00,3.9226617232521614,3.9317211957116815,3.786772660215323,3.832069158554077,14838000,0.0,0.0
2014-04-09 00:00:00-04:00,3.8230085546786343,3.9407790699217786,3.7958310093020904,3.8954830169677734,8697000,0.0,0.0
2014-04-10 00:00:00-04:00,3.895483242190408,3.9226607891382588,3.7867717584610454,3.8230087757110596,11037200,0.0,0.0
2014-04-11 00:00:00-04:00,3.804891241230093,3.850187740379268,3.7505357014387406,3.7867727279663086,13043800,0.0,0.0
2014-04-14 00:00:00-04:00,3.8320680347618192,3.8592460121907424,3.732416026828162,3.7505345344543457,9147900,0.0,0.0
2014-04-15 00:00:00-04:00,3.696179499852741,3.7414759908916566,3.641823969793654,3.7142980098724365,9688400,0.0,0.0
2014-04-16 00:00:00-04:00,3.7324161529541016,3.768653169430991,3.70523860658609,3.7324161529541016,10397400,0.0,0.0
2014-04-17 00:00:00-04:00,3.7324167377440305,3.7505352488212584,3.659942693435118,3.6871206760406494,6329300,0.0,0.0
2014-04-21 00:00:00-04:00,3.6871204608325696,3.7142980098724365,3.6055869497542625,3.7142980098724365,8477300,0.0,0.0
2014-04-22 00:00:00-04:00,3.696179499852741,3.732416519892132,3.669001950812874,3.7142980098724365,9234500,0.0,0.0
2014-04-23 00:00:00-04:00,3.723357099947695,3.8501866571100547,3.7142976298750146,3.768653154373169,9016300,0.0,0.0
2014-04-24 00:00:00-04:00,3.723357088815616,3.8048901593294255,3.6961791106581408,3.7052385807037354,7561700,0.0,0.0
2014-04-25 00:00:00-04:00,3.7324171881749564,3.7867727279663086,3.7052396342689957,3.7867727279663086,5547600,0.0,0.0
2014-04-28 00:00:00-04:00,3.7777131628055236,3.786772202189893,3.6508835875687558,3.659942626953125,8077300,0.0,0.0
2014-04-29 00:00:00-04:00,3.678060628238767,3.777712639539869,3.678060628238767,3.7324161529541016,7027400,0.0,0.0
2014-04-30 00:00:00-04:00,3.705238989610179,3.7324165387876334,3.659942498341948,3.678061008453369,6026200,0.0,0.0
2014-05-01 00:00:00-04:00,3.650883459275915,3.7233574997216,3.614646223063395,3.678061008453369,5261500,0.0,0.0
2014-05-02 00:00:00-04:00,3.696179136477212,3.768653169430991,3.6599421200003226,3.7324161529541016,5029700,0.0,0.0
2014-05-05 00:00:00-04:00,3.7777125982031774,3.786771636233618,3.6961790960326812,3.7414755821228027,5975600,0.0,0.0
2014-05-06 00:00:00-04:00,3.741475879645721,3.750534918396538,3.6690018417218213,3.6961793899536133,3744600,0.0,0.0
2014-05-07 00:00:00-04:00,3.696179735060978,3.705239206637007,3.6055871791975975,3.6146464347839355,7895200,0.0,0.0
2014-05-08 00:00:00-04:00,3.650883673118978,3.696179735060978,3.5965279236112595,3.6146464347839355,6093500,0.0,0.0
2014-05-09 00:00:00-04:00,3.614645603853601,3.678060378380256,3.605586350349793,3.669001340866089,5360700,0.0,0.0
2014-05-12 00:00:00-04:00,3.7142978994345883,3.741475879645721,3.6690018417218213,3.6961793899536133,6189900,0.0,0.0
2014-05-13 00:00:00-04:00,3.7052383548813204,3.732415899403103,3.650882833858473,3.669001340866089,3789700,0.0,0.0
2014-05-14 00:00:00-04:00,3.705239008741384,3.7324165580591635,3.6418240070343018,3.6418240070343018,7191600,0.0,0.0
2014-05-15 00:00:00-04:00,3.6237051003619096,3.6327645704628835,3.578408829805317,3.596527338027954,6704200,0.0,0.0
2014-05-16 00:00:00-04:00,3.5965278348975573,3.6055870902604354,3.5512315580831673,3.560290813446045,7175300,0.0,0.0
2014-05-19 00:00:00-04:00,3.6146460908458327,3.6871203446302117,3.5602905624998007,3.6327648162841797,10037300,0.0,0.0
2014-05-20 00:00:00-04:00,3.6055870056152344,3.63276498705552,3.542172219563821,3.6055870056152344,7060700,0.0,0.0
2014-05-21 00:00:00-04:00,3.596527640569799,3.6055868954431873,3.551231366202859,3.587468385696411,5471900,0.0,0.0
2014-05-22 00:00:00-04:00,3.5874684953148304,3.6418240262160415,3.5874684953148304,3.6055870056152344,4008200,0.0,0.0
2014-05-23 00:00:00-04:00,3.6055868954431873,3.614646150316575,3.5784091308230233,3.587468385696411,2679800,0.0,0.0
2014-05-27 00:00:00-04:00,3.5512317750934144,3.5602910310098896,3.4244019762730646,3.460638999938965,12261200,0.0,0.0
2014-05-28 00:00:00-04:00,3.451578638373917,3.46063789138843,3.3338083491852473,3.3791046142578125,12773400,0.0,0.0
2014-05-29 00:00:00-04:00,3.3700453612432995,3.451578638373917,3.3700453612432995,3.3791046142578125,5410400,0.0,0.0
2014-05-30 00:00:00-04:00,3.3791047775836636,3.424401044845581,3.3156900034169783,3.424401044845581,8239500,0.0,0.0
2014-06-02 00:00:00-04:00,3.3881645662820534,3.4515793504667025,3.3609868016314897,3.415342330932617,6566400,0.0,0.0
2014-06-03 00:00:00-04:00,3.433461059846773,3.487816592617245,3.3791055270763017,3.4515795707702637,7115600,0.0,0.0
2014-06-04 00:00:00-04:00,3.4425199669779483,3.4606384760681217,3.3972236942525145,3.4334607124328613,5434200,0.0,0.0
2014-06-05 00:00:00-04:00,3.4606391065326347,3.5512318844774984,3.4606391065326347,3.5149948596954346,8742600,0.0,0.0
2014-06-06 00:00:00-04:00,3.533112828409873,3.5602905928142974,3.487816338412828,3.5240535736083984,5255700,0.0,0.0
2014-06-09 00:00:00-04:00,3.514993707649801,3.569349227007775,3.505934238433838,3.505934238433838,4866700,0.0,0.0
2014-06-10 00:00:00-04:00,3.542172219563821,3.6055870056152344,3.542172219563821,3.6055870056152344,4816400,0.0,0.0
2014-06-11 00:00:00-04:00,3.6418239652148685,3.6690019461999186,3.605586945221037,3.650883436203003,7640900,0.0,0.0
2014-06-12 00:00:00-04:00,3.6780605879924937,3.7414755821228027,3.659942079952306,3.7414755821228027,7310200,0.0,0.0
2014-06-13 00:00:00-04:00,3.7505346201532435,3.7595940901629903,3.669001549962053,3.7414755821228027,6027100,0.0,0.0
2014-06-16 00:00:00-04:00,3.759594131301424,3.768653169430991,3.70523860658609,3.7324161529541016,7485500,0.0,0.0
2014-06-17 00:00:00-04:00,3.6871204608325696,3.750535029911828,3.641823969793654,3.7142980098724365,4835700,0.0,0.0
2014-06-18 00:00:00-04:00,3.7142986749111726,3.7867727279663086,3.6961801616473884,3.7867727279663086,7532400,0.0,0.0
2014-06-19 00:00:00-04:00,3.841127251435879,4.022312768113372,3.8320682131906287,4.004194259643555,18437900,0.0,0.0
2014-06-20 00:00:00-04:00,4.031371994124075,4.031371994124075,3.8592463716335303,3.940779447555542,11996000,0.0,0.0
2014-06-23 00:00:00-04:00,3.9407797730580265,3.977016794678563,3.8864242406272216,3.931720733642578,5393300,0.0,0.0
2014-06-24 00:00:00-04:00,3.9588989125081238,3.986076899028848,3.7777137756347656,3.7777137756347656,11881100,0.0,0.0
2014-06-25 00:00:00-04:00,3.8048907400825205,3.8501872332656304,3.759594678878784,3.759594678878784,6857600,0.0,0.0
2014-06-26 00:00:00-04:00,3.7505346462071176,3.8230086788713233,3.7414756081137464,3.768653154373169,8430200,0.0,0.0
2014-06-27 00:00:00-04:00,3.795831516178328,3.8139500261752435,3.6327649262060873,3.650883436203003,12694900,0.0,0.0
2014-06-30 00:00:00-04:00,3.6327644508738013,3.777712511883269,3.6146457272579697,3.7505345344543457,10330000,0.0,0.0
2014-07-01 00:00:00-04:00,3.759594572704855,3.8411276533607706,3.741476062339167,3.8048906326293945,10215700,0.0,0.0
2014-07-02 00:00:00-04:00,3.7686530713253306,3.895483057672114,3.759594033431589,3.8864235877990723,9014300,0.0,0.0
2014-07-03 00:00:00-04:00,3.8320683158434106,3.850186824798584,3.7686533185106406,3.850186824798584,6582400,0.0,0.0
2014-07-07 00:00:00-04:00,3.7867722292051513,3.8230092509598896,3.759594678878784,3.759594678878784,5325700,0.0,0.0
2014-07-08 00:00:00-04:00,3.795831228763209,3.8501867546382305,3.7505347412110313,3.8230087757110596,9836600,0.0,0.0
2014-07-09 00:00:00-04:00,3.850186900987009,3.977016466182955,3.795831373045889,3.940779447555542,11931600,0.0,0.0
2014-07-10 00:00:00-04:00,4.04949078905221,4.04949078905221,3.8411277012588694,3.8683056831359863,18118000,0.0,0.0
2014-07-11 00:00:00-04:00,3.868305603176177,3.9679576253599262,3.859246564057304,3.9498391151428223,7653600,0.0,0.0
2014-07-14 00:00:00-04:00,3.8320678013565717,3.9226603339696395,3.813949294833958,3.859245777130127,7347900,0.0,0.0
2014-07-15 00:00:00-04:00,3.87736465084097,3.9226607054474267,3.723357114824535,3.7324161529541016,10742500,0.0,0.0
2014-07-16 00:00:00-04:00,3.759595174060348,3.8230097544938766,3.741476660796564,3.7867727279663086,7370400,0.0,0.0
2014-07-17 00:00:00-04:00,3.7867717584610454,3.841127284336067,3.732416232586024,3.8230087757110596,12016700,0.0,0.0
2014-07-18 00:00:00-04:00,3.7958312034606934,3.813949711964925,3.7233571694437675,3.7958312034606934,9012900,0.0,0.0
2014-07-21 00:00:00-04:00,3.8048901707052716,3.813949640777952,3.7414756081137464,3.768653154373169,5083200,0.0,0.0
2014-07-22 00:00:00-04:00,3.768653169430991,3.777712639539869,3.70523860658609,3.7324161529541016,7550200,0.0,0.0
2014-07-23 00:00:00-04:00,3.7324161268819025,3.768653143105664,3.6871200725918545,3.7052385807037354,4967700,0.0,0.0
2014-07-24 00:00:00-04:00,3.6780608739162033,3.6871203446302117,3.6237053455701713,3.6327648162841797,6804700,0.0,0.0
2014-07-25 00:00:00-04:00,3.6418236117618776,3.7414756230629793,3.623705103523433,3.7324161529541016,8097800,0.0,0.0
2014-07-28 00:00:00-04:00,3.7233569890047185,3.768653042080529,3.6961790115757953,3.7505345344543457,4657100,0.0,0.0
2014-07-29 00:00:00-04:00,3.777712639539869,3.7867716776694356,3.723357114824535,3.7324161529541016,3633300,0.0,0.0
2014-07-30 00:00:00-04:00,3.714298028676212,3.759594519944443,3.678061008453369,3.678061008453369,8035000,0.0,0.0
2014-07-31 00:00:00-04:00,3.6690021842916543,3.6871206954643303,3.6055871791975975,3.6146464347839355,7910600,0.0,0.0
2014-08-01 00:00:00-04:00,3.678061046816849,3.696179557117253,3.569349985014427,3.6055870056152344,10675200,0.0,0.0
2014-08-04 00:00:00-04:00,3.5874683572187216,3.6327648472157663,3.4968755932143027,3.5240535736083984,8783200,0.0,0.0
2014-08-05 00:00:00-04:00,3.5421718915474782,3.58746816310391,3.4696976410675284,3.5512311458587646,9990400,0.0,0.0
2014-08-06 00:00:00-04:00,3.6237056054569057,3.7052391198130845,3.6146463500828507,3.659942626953125,9345700,0.0,0.0
2014-08-07 00:00:00-04:00,3.659942116807184,3.659942116807184,3.569349575693998,3.596527338027954,12893000,0.0,0.0
2014-08-08 00:00:00-04:00,3.5965281654550774,3.632765406226846,3.5059353875102137,3.5149948596954346,10407100,0.0,0.0
2014-08-11 00:00:00-04:00,3.533113047357411,3.5874685795346792,3.5059350652790915,3.560290813446045,5643300,0.0,0.0
2014-08-12 00:00:00-04:00,3.5874684764193847,3.6780610274442465,3.5784092213168988,3.6418240070343018,8643500,0.0,0.0
2014-08-13 00:00:00-04:00,3.669002164963421,3.7052391871178774,3.6327651428089647,3.6871206760406494,6496700,0.0,0.0
2014-08-14 00:00:00-04:00,3.6871206760406494,3.768653759898487,3.659942693435118,3.6871206760406494,9259300,0.0,0.0
2014-08-15 00:00:00-04:00,3.6418240070343018,3.705239008741384,3.6146462417268435,3.6418240070343018,7010400,0.0,0.0
2014-08-18 00:00:00-04:00,3.6418239882305268,3.6871204794987578,3.6237054781191054,3.678061008453369,4330500,0.0,0.0
2014-08-19 00:00:00-04:00,3.659942475211784,3.714298005202531,3.6418239652148685,3.650883436203003,5649600,0.0,0.0
2014-08-20 00:00:00-04:00,3.6690019693873364,3.714298028676212,3.6418239882305268,3.678061008453369,5024000,0.0,0.0
2014-08-21 00:00:00-04:00,3.623705470124915,3.6508834512217683,3.5421721748033885,3.578409194946289,11727000,0.0,0.0
2014-08-22 00:00:00-04:00,3.578409194946289,3.61464621508919,3.5421721748033885,3.578409194946289,5072700,0.0,0.0
2014-08-25 00:00:00-04:00,3.5512307205551172,3.569349227007775,3.505934238433838,3.505934238433838,5312800,0.0,0.0
2014-08-26 00:00:00-04:00,3.5693498759496354,3.587468385696411,3.5240536015826955,3.587468385696411,5808900,0.0,0.0
2014-08-27 00:00:00-04:00,3.5874682749651154,3.614646038746407,3.5240534928087692,3.569349765777588,3886500,0.0,0.0
2014-08-28 00:00:00-04:00,3.6055868014564454,3.6146460560936857,3.5240535097212797,3.5331127643585205,8168500,0.0,0.0
2014-08-29 00:00:00-04:00,3.542172001996297,3.5874682749651154,3.533112747402533,3.569349765777588,5270800,0.0,0.0
2014-09-02 00:00:00-04:00,3.5240530238379066,3.5512307840024597,3.496875047683716,3.496875047683716,8365500,0.0,0.0
2014-09-03 00:00:00-04:00,3.514994751427514,3.5331132632604643,3.4334612321895395,3.460638999938965,13006100,0.0,0.0
2014-09-04 00:00:00-04:00,3.469697144402943,3.5149936254651375,3.3700453612432995,3.3791046142578125,8764100,0.0,0.0
2014-09-05 00:00:00-04:00,3.3881638672723255,3.4244008793303777,3.324749096170734,3.3791046142578125,9641200,0.0,0.0
2014-09-08 00:00:00-04:00,3.3609866145321,3.3609866145321,3.279453109129542,3.306631088256836,9198100,0.0,0.0
2014-09-09 00:00:00-04:00,3.3066311651159594,3.4153422201933608,3.2885126559363926,3.397223711013794,13904000,0.0,0.0
2014-09-10 00:00:00-04:00,3.397224342575316,3.4334613676710997,3.333809548657695,3.3428688049316406,14004500,0.0,0.0
2014-09-11 00:00:00-04:00,3.324749096170734,3.4244008793303777,3.315689843156221,3.3791046142578125,10084700,0.0,0.0
2014-09-12 00:00:00-04:00,3.3519272804260254,3.39722355124469,3.3247495179348268,3.3519272804260254,9365000,0.0,0.0
2014-09-15 00:00:00-04:00,3.370046010742717,3.4244015393055824,3.3338089917008067,3.388164520263672,7858200,0.0,0.0
2014-09-16 00:00:00-04:00,3.3791053113985323,3.4787571151172663,3.3609868016314897,3.415342330932617,9905800,0.0,0.0
2014-09-17 00:00:00-04:00,3.424402111397154,3.4425206239450454,3.333809548657695,3.3428688049316406,10128000,0.0,0.0
2014-09-18 00:00:00-04:00,3.342867928583236,3.370045690280297,3.2975716590881348,3.2975716590881348,8649000,0.0,0.0
2014-09-19 00:00:00-04:00,3.279453070511424,3.297571795046145,3.1435642564234603,3.2069790363311768,17014200,0.0,0.0
2014-09-22 00:00:00-04:00,3.170741759110631,3.1798010126399325,3.0710899702883103,3.1073269844055176,13102900,0.0,0.0
2014-09-23 00:00:00-04:00,3.161682605743408,3.216038128641202,3.1163863366619133,3.161682605743408,10882900,0.0,0.0
2014-09-24 00:00:00-04:00,3.143564112037206,3.1798011274629365,3.107327096611476,3.125445604324341,10182000,0.0,0.0
2014-09-25 00:00:00-04:00,3.0892085888986105,3.1526233658936387,3.080149335042178,3.125445604324341,10467400,0.0,0.0
2014-09-26 00:00:00-04:00,3.107327720948813,3.1163869766254693,3.0529719708991823,3.0710906982421875,10589300,0.0,0.0
2014-09-29 00:00:00-04:00,3.0801498217583165,3.098268332334215,3.043912584616836,3.052971839904785,7111700,0.0,0.0
2014-09-30 00:00:00-04:00,3.0439120735816907,3.0439120735816907,2.926141774610525,2.9895565509796143,14786700,0.0,0.0
2014-10-01 00:00:00-04:00,3.007675315220478,3.062031058451496,2.953319787979126,2.953319787979126,11841300,0.0,0.0
2014-10-02 00:00:00-04:00,2.980497881110268,3.016734903277372,2.90802383677606,3.0076756477355957,10056200,0.0,0.0
2014-10-03 00:00:00-04:00,2.9080234208874094,2.9352011836259315,2.8355493869180175,2.8989641666412354,20389600,0.0,0.0
2014-10-06 00:00:00-04:00,2.908023942405659,2.953320221759858,2.8536684071806198,2.926142454147339,8510800,0.0,0.0
2014-10-07 00:00:00-04:00,2.935201440251508,2.944260695289735,2.8083716537266454,2.8264901638031006,9869800,0.0,0.0
2014-10-08 00:00:00-04:00,2.8627276630514595,2.971438733501538,2.699660841386645,2.926142454147339,20213200,0.0,0.0
2014-10-09 00:00:00-04:00,2.9442602255690753,2.9442602255690753,2.654363894605528,2.7540156841278076,24811700,0.0,0.0
2014-10-10 00:00:00-04:00,2.7449567846798053,2.7540160394415336,2.6181272180156054,2.6362457275390625,17665700,0.0,0.0
2014-10-13 00:00:00-04:00,2.6815416185712286,2.7902526601940214,2.663423111634097,2.690600872039795,12151000,0.0,0.0
2014-10-14 00:00:00-04:00,2.7177790024679958,2.735897511871942,2.6543642195541834,2.67248272895813,11147700,0.0,0.0
2014-10-15 00:00:00-04:00,2.6996608656375582,2.735897889446433,2.627186818019809,2.654364585876465,15393700,0.0,0.0
2014-10-16 00:00:00-04:00,2.6271869888796067,2.6996610412107254,2.609068475796827,2.663424015045166,7770700,0.0,0.0
2014-10-17 00:00:00-04:00,2.672483097780902,2.672483097780902,2.6000088341734533,2.654364585876465,11655000,0.0,0.0
2014-10-20 00:00:00-04:00,2.6543642195541834,2.67248272895813,2.600008475352675,2.67248272895813,11600000,0.0,0.0
2014-10-21 00:00:00-04:00,2.708719831631063,2.708719831631063,2.5818900458869742,2.6271865367889404,16565800,0.0,0.0
2014-10-22 00:00:00-04:00,2.600007851615496,2.600007851615496,2.4912968212713973,2.518474578857422,12766800,0.0,0.0
2014-10-23 00:00:00-04:00,2.4550604180072946,2.500356691847164,2.418823398935399,2.4641196727752686,17815000,0.0,0.0
2014-10-24 00:00:00-04:00,2.4731789920335503,2.4822382470377518,2.4278827170125408,2.4550604820251465,9751400,0.0,0.0
2014-10-27 00:00:00-04:00,2.436941623687744,2.482237892234243,2.4278823699784446,2.436941623687744,11254000,0.0,0.0
2014-10-28 00:00:00-04:00,2.4731792750717,2.4912977871536413,2.409764482784906,2.482238531112671,12932700,0.0,0.0
2014-10-29 00:00:00-04:00,2.4460008271110207,2.491297094726298,2.373526582936936,2.409763813018799,15854600,0.0,0.0
2014-10-30 00:00:00-04:00,2.391645655274591,2.391645655274591,2.1379860876025583,2.2557566165924072,18791400,0.0,0.0
2014-10-31 00:00:00-04:00,2.1108080766810358,2.128926584258497,1.875267262184395,1.9477415084838867,38815500,0.0,0.0
2014-11-03 00:00:00-05:00,1.9658605169247843,2.0564530778933308,1.9205640204508083,2.0111567974090576,18482900,0.0,0.0
2014-11-04 00:00:00-05:00,2.0292747980393804,2.065511813291747,1.8752672672271729,1.8752672672271729,16496700,0.0,0.0
2014-11-05 00:00:00-05:00,1.8390302160474903,1.9749192365787849,1.8118524551391602,1.8118524551391602,16830800,0.0,0.0
2014-11-06 00:00:00-05:00,1.9115043714830307,2.1742231762747033,1.8843266087783042,2.0020971298217773,25844400,0.0,0.0
2014-11-07 00:00:00-05:00,2.24669706165173,2.2919933298322803,2.1470450556648757,2.26481556892395,23774900,0.0,0.0
2014-11-10 00:00:00-05:00,2.228579087284622,2.2466975988893996,2.0836307784567043,2.1198678016662598,13160900,0.0,0.0
2014-11-11 00:00:00-05:00,2.156104316629699,2.246696844223542,2.119867089602539,2.1923413276672363,11148300,0.0,0.0
2014-11-12 00:00:00-05:00,2.2014008064364874,2.2648155822627434,2.137985814620586,2.228578567504883,11586100,0.0,0.0
2014-11-13 00:00:00-05:00,2.2466974071444543,2.328230702407475,2.1651641118814338,2.2829344272613525,19219000,0.0,0.0
2014-11-14 00:00:00-05:00,2.2285788909304234,2.4912975020419537,2.2014011259178177,2.4550604820251465,20206600,0.0,0.0
2014-11-17 00:00:00-05:00,2.4460012270209446,2.4731789920335503,2.3463492059850473,2.4550604820251465,13271700,0.0,0.0
2014-11-18 00:00:00-05:00,2.5094158684861103,2.7087196831660116,2.4912973595142707,2.681541919708252,32394600,0.0,0.0
2014-11-19 00:00:00-05:00,2.663423867921785,2.690601636044697,2.455060762989759,2.482238531112671,20119900,0.0,0.0
2014-11-20 00:00:00-05:00,2.536594193643542,2.60906846156916,2.491297911183601,2.563771963119507,12201700,0.0,0.0
2014-11-21 00:00:00-05:00,2.6271865328160025,2.6724828076597937,2.5456530221075027,2.590949296951294,15031100,0.0,0.0
2014-11-24 00:00:00-05:00,2.5818904341749147,2.6181276755441054,2.5094163834159495,2.5365941524505615,11354500,0.0,0.0
2014-11-25 00:00:00-05:00,2.545652914888295,2.7630752409706556,2.5365936603010995,2.7449567317962646,18797300,0.0,0.0
2014-11-26 00:00:00-05:00,2.754016096764796,2.835549607307097,2.7268383319139207,2.763075351715088,12130800,0.0,0.0
2014-11-28 00:00:00-05:00,2.654364700923588,2.69060172630307,2.5094163834159495,2.5365941524505615,12574000,0.0,0.0
2014-12-01 00:00:00-05:00,2.5909489034653435,2.781193444906611,2.581889649872409,2.7540156841278076,16474100,0.0,0.0
2014-12-02 00:00:00-05:00,2.6543642195541834,2.8264900588916744,2.627186455448264,2.67248272895813,13736800,0.0,0.0
2014-12-03 00:00:00-05:00,2.7087195735233527,2.889904871897455,2.6906010652849077,2.799312114715576,15643700,0.0,0.0
2014-12-04 00:00:00-05:00,2.7811940814034157,2.9261423880525017,2.7449570587385677,2.835549831390381,20347200,0.0,0.0
2014-12-05 00:00:00-05:00,2.772134525148687,2.8717865426612295,2.7177789970453015,2.8083715438842773,10789700,0.0,0.0
2014-12-08 00:00:00-05:00,2.8536681172076803,2.871786627108264,2.6996605670630456,2.763075351715088,19989700,0.0,0.0
2014-12-09 00:00:00-05:00,2.8808450618206027,3.025793099755477,2.8808450618206027,2.9170820713043213,16463000,0.0,0.0
2014-12-10 00:00:00-05:00,2.9170828160807174,2.971438344184103,2.79931228920038,2.8083715438842773,12995600,0.0,0.0
2014-12-11 00:00:00-05:00,2.7540155592636566,2.8808453198040556,2.7358970528992614,2.7721340656280518,9278300,0.0,0.0
2014-12-12 00:00:00-05:00,2.763075210081531,2.7811937190533706,2.672482665222332,2.681541919708252,13089200,0.0,0.0
2014-12-15 00:00:00-05:00,2.6362458673504805,2.6906013988035586,2.4460012912750244,2.4460012912750244,15643500,0.0,0.0
2014-12-16 00:00:00-05:00,2.491297469370089,2.52753448891167,2.3010529007871163,2.3554084300994873,18541300,0.0,0.0
2014-12-17 00:00:00-05:00,2.328230713877838,2.446001245827648,2.282934438508557,2.418823480606079,16767800,0.0,0.0
2014-12-18 00:00:00-05:00,2.4822380759345064,2.6362456163797154,2.4641195671750307,2.6181271076202393,18777700,0.0,0.0
2014-12-19 00:00:00-05:00,2.609067853240501,2.6906011426581435,2.545652856592673,2.6181271076202393,48333300,0.0,0.0
2014-12-22 00:00:00-05:00,2.563771122910741,2.5728303764337968,2.355408075890825,2.409763813018799,15092700,0.0,0.0
2014-12-23 00:00:00-05:00,2.37352700474843,2.464119772068324,2.3372899842163437,2.3463492393493652,8910300,0.0,0.0
2014-12-24 00:00:00-05:00,2.3644677781057246,2.464119801759384,2.3101122466526465,2.4460012912750244,8145400,0.0,0.0
2014-12-26 00:00:00-05:00,2.5094157384120246,2.572830516526396,2.4731787223466695,2.527534246444702,7432600,0.0,0.0
2014-12-29 00:00:00-05:00,2.4731786385249435,2.4731786385249435,2.4007046088505453,2.436941623687744,10965400,0.0,0.0
2014-12-30 00:00:00-05:00,2.4912978707262083,2.6362461882338466,2.473179358036467,2.5365941524505615,16319200,0.0,0.0
2014-12-31 00:00:00-05:00,2.545652565351774,2.5728303253816573,2.464119285262123,2.5547118186950684,14826200,0.0,0.0
2015-01-02 00:00:00-05:00,2.500356751044852,2.645305046753857,2.473178986097478,2.6271865367889404,13063700,0.0,0.0
2015-01-05 00:00:00-05:00,2.663423474256157,2.7177790024679958,2.5818899659487284,2.67248272895813,14252300,0.0,0.0
2015-01-06 00:00:00-05:00,2.7087195125399135,3.062030847214533,2.6906010047093845,3.0167343616485596,19435900,0.0,0.0
2015-01-07 00:00:00-05:00,2.9533203961274586,3.052972216590261,2.8989648576932026,2.93520188331604,14340600,0.0,0.0
2015-01-08 00:00:00-05:00,3.0348523521264066,3.089208082341598,2.9080228189333917,2.9170820713043213,11830900,0.0,0.0
2015-01-09 00:00:00-05:00,2.9714389403206067,3.1254465168338674,2.9533204273178364,3.098268747329712,10478400,0.0,0.0
2015-01-12 00:00:00-05:00,3.1254456676141,3.21603820801291,3.107327159534338,3.1163864135742188,18129700,0.0,0.0
2015-01-13 00:00:00-05:00,3.1888605185084615,3.1888605185084615,2.8717864039027137,2.8989641666412354,17211600,0.0,0.0
2015-01-14 00:00:00-05:00,3.0076752175953234,3.034852980333845,2.808371408189837,2.8989641666412354,13919200,0.0,0.0
2015-01-15 00:00:00-05:00,3.0620309831044454,3.179801289229415,3.0076752412109533,3.1707420349121094,16790400,0.0,0.0
2015-01-16 00:00:00-05:00,3.1616825786717055,3.297571600742297,3.1616825786717055,3.234156608581543,22755000,0.0,0.0
2015-01-20 00:00:00-05:00,3.306631258111258,3.3156905129558227,3.2160384936759367,3.2794532775878906,12752300,0.0,0.0
2015-01-21 00:00:00-05:00,3.324749557863738,3.3609865749538614,3.161682764968522,3.2069790363311768,14867300,0.0,0.0
2015-01-22 00:00:00-05:00,3.234156608581543,3.279452877275191,3.1616825786717055,3.234156608581543,12329600,0.0,0.0
2015-01-23 00:00:00-05:00,3.179801629925758,3.197920140501657,3.016734818752988,3.052971839904785,12344000,0.0,0.0
2015-01-26 00:00:00-05:00,2.9080238800726814,3.0982684652721564,2.871786857366056,3.0710906982421875,11434500,0.0,0.0
2015-01-27 00:00:00-05:00,3.107327034052329,3.152623302422552,3.0529712960184168,3.134504795074463,16881200,0.0,0.0
2015-01-28 00:00:00-05:00,3.0982682397460337,3.152623769849377,2.971438453515223,2.9986162185668945,12914700,0.0,0.0
2015-01-29 00:00:00-05:00,2.9170825208435125,3.0257935660476654,2.8989640133094867,2.9895565509796143,10639200,0.0,0.0
2015-01-30 00:00:00-05:00,2.9714386698092756,3.1254462323021253,2.926142391425994,3.0710906982421875,9692200,0.0,0.0
2015-02-02 00:00:00-05:00,3.052971670230662,3.125445924496059,3.0076753963083336,3.0801496505737305,8231500,0.0,0.0
2015-02-03 00:00:00-05:00,3.0076750585136396,3.0529713273487036,2.926141774610525,2.9895565509796143,8806500,0.0,0.0
2015-02-04 00:00:00-05:00,3.0167342986725343,3.062030783292918,2.9895565374940913,3.0257935523986816,9341700,0.0,0.0
2015-02-05 00:00:00-05:00,3.0257934866521596,3.1435639985227253,3.007674979593556,3.1073269844055176,7018200,0.0,0.0
2015-02-06 00:00:00-05:00,3.0167351909674234,3.071090945391389,2.917083370504621,2.93520188331604,10932600,0.0,0.0
2015-02-09 00:00:00-05:00,2.962378776315649,3.034852806124829,2.9442602688633537,3.0257935523986816,8791900,0.0,0.0
2015-02-10 00:00:00-05:00,2.971438908938877,3.034853703778842,2.908024114098912,2.93520188331604,11853100,0.0,0.0
2015-02-11 00:00:00-05:00,2.8446092667828853,2.87178703549865,2.681542438498591,2.7087202072143555,15554100,0.0,0.0
2015-02-12 00:00:00-05:00,2.763075567653659,2.7721348233119456,2.627186732779363,2.6996607780456543,11732500,0.0,0.0
2015-02-13 00:00:00-05:00,2.754015933886912,2.7811936971304414,2.536593611949016,2.5456528663635254,16831900,0.0,0.0
2015-02-17 00:00:00-05:00,2.49129743707919,2.5275344561510855,2.436941908471347,2.4641196727752686,8451100,0.0,0.0
2015-02-18 00:00:00-05:00,2.455060571359936,2.5184753586968873,2.3916457840229843,2.509416103363037,8779900,0.0,0.0
2015-02-19 00:00:00-05:00,2.536593934884311,2.5547124460200092,2.473179145909368,2.500356912612915,8048200,0.0,0.0
2015-02-20 00:00:00-05:00,2.5094160120503575,2.5275345220587613,2.4369419720167427,2.4550604820251465,7191700,0.0,0.0
2015-02-23 00:00:00-05:00,2.446001163239321,2.4731789275432425,2.3916456346314776,2.4641196727752686,7240000,0.0,0.0
2015-02-24 00:00:00-05:00,2.4369419720167427,2.4912975020419537,2.418823462008339,2.4550604820251465,6161200,0.0,0.0
2015-02-25 00:00:00-05:00,2.509416233469892,2.5456532566840906,2.4731792102556938,2.491297721862793,6393500,0.0,0.0
2015-02-26 00:00:00-05:00,2.5365938693645877,2.5637716353661384,2.500356848029187,2.509416103363037,6920400,0.0,0.0
2015-02-27 00:00:00-05:00,2.536593658706469,2.581889931613971,2.500356640380467,2.5728306770324707,6001100,0.0,0.0
2015-03-02 00:00:00-05:00,2.5818893465581465,2.600007851615496,2.500356073800072,2.518474578857422,9976000,0.0,0.0
2015-03-03 00:00:00-05:00,2.536594067358495,2.6271868437579022,2.455060762989759,2.482238531112671,7188000,0.0,0.0
2015-03-04 00:00:00-05:00,2.482238312243743,2.518475333212462,2.436942036032845,2.4460012912750244,5539200,0.0,0.0
2015-03-05 00:00:00-05:00,2.4731792102556938,2.763075611958977,2.3735271804269527,2.491297721862793,16339800,0.0,0.0
2015-03-06 00:00:00-05:00,2.3825867657417983,2.400705278212179,2.2648162186946195,2.2738754749298096,17090300,0.0,0.0
2015-03-09 00:00:00-04:00,2.301052360779848,2.3101116135392328,2.1108078368431547,2.1923413276672363,13116400,0.0,0.0
2015-03-10 00:00:00-04:00,2.1561049297502315,2.210460461763342,2.0836306710763997,2.1017491817474365,8780000,0.0,0.0
2015-03-11 00:00:00-04:00,2.101748865633254,2.1561046054606576,2.0111563259036687,2.147045135498047,13287800,0.0,0.0
2015-03-12 00:00:00-04:00,2.1742236626201747,2.1923421751428673,2.0836308840170052,2.137986421585083,10079800,0.0,0.0
2015-03-13 00:00:00-04:00,2.1470455690734265,2.1561050408655107,2.020215987839982,2.1198678016662598,10208400,0.0,0.0
2015-03-16 00:00:00-04:00,2.1198678016662598,2.1379863132710373,2.029275243642371,2.1198678016662598,10734300,0.0,0.0
2015-03-17 00:00:00-04:00,2.0655117156108114,2.1108079825341464,2.0111561953028096,2.0292747020721436,11392100,0.0,0.0
2015-03-18 00:00:00-04:00,2.0292753464489275,2.1470456778464295,1.9930383214035423,2.137986421585083,14046000,0.0,0.0
2015-03-19 00:00:00-04:00,2.101749396539698,2.137986421585083,2.011156833926235,2.137986421585083,10887000,0.0,0.0
2015-03-20 00:00:00-04:00,2.183282074907852,2.246696844223542,2.1470448478806916,2.1923413276672363,23389100,0.0,0.0
2015-03-23 00:00:00-04:00,2.2285789156330473,2.255756680946904,2.174223385005334,2.246697425842285,9913900,0.0,0.0
2015-03-24 00:00:00-04:00,2.2829341257601037,2.319171141091272,2.1923415874321823,2.2919933795928955,9683600,0.0,0.0
2015-03-25 00:00:00-04:00,2.3101118507100695,2.3191711043995347,2.1923415527470222,2.228578567504883,9806700,0.0,0.0
2015-03-26 00:00:00-04:00,2.2648162252336377,2.2738754814949838,2.101749396539698,2.137986421585083,10069800,0.0,0.0
2015-03-27 00:00:00-04:00,2.1198679090623904,2.1923421751428673,2.0564531152329666,2.137986421585083,10939800,0.0,0.0
2015-03-30 00:00:00-04:00,2.0836303867592703,2.119867403156703,2.0473933703618377,2.074571132659912,9972000,0.0,0.0
2015-03-31 00:00:00-04:00,2.0836302223801453,2.101748729149479,2.0111561953028096,2.0292747020721436,11372000,0.0,0.0
2015-04-01 00:00:00-04:00,2.0564531152329666,2.156105150097482,2.0564531152329666,2.137986421585083,12014200,0.0,0.0
2015-04-02 00:00:00-04:00,2.128926947753992,2.1561049297502315,2.0564529050698446,2.1017491817474365,12548700,0.0,0.0
2015-04-06 00:00:00-04:00,2.156104660772473,2.2195194402099996,2.110808173756011,2.2104601860046387,14755500,0.0,0.0
2015-04-07 00:00:00-04:00,2.1742230722698594,2.2014008336745268,2.119867333470877,2.156104564666748,9294600,0.0,0.0
2015-04-08 00:00:00-04:00,2.183282875558503,2.183282875558503,2.083630842671389,2.1108086109161377,11060600,0.0,0.0
2015-04-09 00:00:00-04:00,2.074571132659912,2.1017488949579866,2.0473933703618377,2.074571132659912,8252100,0.0,0.0
2015-04-10 00:00:00-04:00,2.1017490071617297,2.119867516327719,2.0564527342467573,2.0926897525787354,6027000,0.0,0.0
2015-04-13 00:00:00-04:00,2.0836310520708508,2.110808823046894,1.9839792251586914,1.9839792251586914,13853400,0.0,0.0
2015-04-14 00:00:00-04:00,2.002097455331436,2.101749268117256,2.002097455331436,2.056452989578247,9777900,0.0,0.0
2015-04-15 00:00:00-04:00,2.065511579416804,2.0926893377787805,2.0292745682675024,2.083630084991455,13460400,0.0,0.0
2015-04-16 00:00:00-04:00,2.1017489594186114,2.1198674681730223,2.0292749244009682,2.06551194190979,10767500,0.0,0.0
2015-04-17 00:00:00-04:00,2.1017489594186114,2.1017489594186114,2.047393433155379,2.06551194190979,5736900,0.0,0.0
2015-04-20 00:00:00-04:00,2.056452624461196,2.0926896408586284,2.0383341162624795,2.074571132659912,7126500,0.0,0.0
2015-04-21 00:00:00-04:00,2.074571522654315,2.1289270574686485,2.074571522654315,2.1198678016662598,12777800,0.0,0.0
2015-04-22 00:00:00-04:00,2.110807843353431,2.128926348928082,2.0473930738421533,2.083630084991455,9029900,0.0,0.0
2015-04-23 00:00:00-04:00,2.0926897525787354,2.119867516327719,2.0655119888297517,2.0926897525787354,7945100,0.0,0.0
2015-04-24 00:00:00-04:00,2.083630084991455,2.101748590566106,2.038333821054828,2.083630084991455,10239000,0.0,0.0
2015-04-27 00:00:00-04:00,2.083630084991455,2.1379856017154073,2.083630084991455,2.083630084991455,11330400,0.0,0.0
2015-04-28 00:00:00-04:00,2.101748865633254,2.165163859433616,2.083630357687337,2.147045135498047,13164400,0.0,0.0
2015-04-29 00:00:00-04:00,2.1561043675236133,2.23763764428263,2.147044898560761,2.2195191383361816,13413100,0.0,0.0
2015-04-30 00:00:00-04:00,2.137986229549937,2.2104604891207345,2.1289269741022983,2.2014012336730957,13735600,0.0,0.0
2015-05-01 00:00:00-04:00,2.165163914977834,2.2285786944153605,2.1470451905774546,2.2104601860046387,10660900,0.0,0.0
2015-05-04 00:00:00-04:00,2.2376381069000724,2.2648158714385747,2.228578852053905,2.2557566165924072,5312300,0.0,0.0
2015-05-05 00:00:00-04:00,2.2829343811309095,2.3010528908232444,2.228578852053905,2.2557566165924072,7806600,0.0,0.0
2015-05-06 00:00:00-04:00,2.2648159756336224,2.3101122519483583,2.147045441225626,2.1742234230041504,7360400,0.0,0.0
2015-05-07 00:00:00-04:00,2.137986229549937,2.2104604891207345,2.137986229549937,2.2014012336730957,8952800,0.0,0.0
2015-05-08 00:00:00-04:00,2.2014008064364874,2.246697074883813,2.174223045368092,2.228578567504883,2821500,0.0,0.0
2015-05-11 00:00:00-04:00,2.246697706224239,2.2829347311649997,2.2376384499890487,2.2738754749298096,5813800,0.0,0.0
2015-05-12 00:00:00-04:00,2.3010526334256878,2.31011188725848,2.2738748719273114,2.2919933795928955,6500400,0.0,0.0
2015-05-13 00:00:00-04:00,2.3191714931382723,2.373527024386119,2.291993727514349,2.310112237930298,11091900,0.0,0.0
2015-05-14 00:00:00-04:00,2.3282305723308676,2.355408335900139,2.2648157906692354,2.3010528087615967,8354300,0.0,0.0
2015-05-15 00:00:00-04:00,2.2738750451923258,2.3463490813770482,2.2738750451923258,2.3010528087615967,7173100,0.0,0.0
2015-05-18 00:00:00-04:00,2.3372893954443454,2.346348648295307,2.2919931311895376,2.328230142593384,6426000,0.0,0.0
2015-05-19 00:00:00-04:00,2.273874835952209,2.2919933433311392,2.2104600601259525,2.228578567504883,9955600,0.0,0.0
2015-05-20 00:00:00-04:00,2.264815711236804,2.264815711236804,2.2104601860046387,2.2104601860046387,6445300,0.0,0.0
2015-05-21 00:00:00-04:00,2.192341677593917,2.2285786944153605,2.156104660772473,2.2104601860046387,6179400,0.0,0.0
2015-05-22 00:00:00-04:00,2.165164103763754,2.1923418687495317,2.1470453777835585,2.1832826137542725,4908100,0.0,0.0
2015-05-26 00:00:00-04:00,2.1198670961407564,2.128926348928082,2.065511579416804,2.083630084991455,8713700,0.0,0.0
2015-05-27 00:00:00-04:00,2.0926896408586284,2.1017488949579866,2.056452624461196,2.074571132659912,4565200,0.0,0.0
2015-05-28 00:00:00-04:00,2.0564523266294787,2.0926893377787805,2.0292745682675024,2.083630084991455,7195400,0.0,0.0
2015-05-29 00:00:00-04:00,2.1198679742948436,2.165164472985143,2.110808717754727,2.128927230834961,5090100,0.0,0.0
2015-06-01 00:00:00-04:00,2.156105150097482,2.21046068766556,2.137986421585083,2.137986421585083,8320700,0.0,0.0
2015-06-02 00:00:00-04:00,2.1742230722698594,2.192341579872971,2.156104564666748,2.156104564666748,4697400,0.0,0.0
2015-06-03 00:00:00-04:00,2.1651642118825407,2.219519744568373,2.1108084632070208,2.2014012336730957,6095200,0.0,0.0
2015-06-04 00:00:00-04:00,2.156104660772473,2.2557564570314432,2.1470451905774546,2.2104601860046387,10947400,0.0,0.0
2015-06-05 00:00:00-04:00,2.165163791678627,2.2557563285732782,2.1561045379891617,2.228578567504883,8266000,0.0,0.0
2015-06-08 00:00:00-04:00,2.237637856596143,2.3010526334256878,2.201400841264974,2.2919933795928955,5841900,0.0,0.0
2015-06-09 00:00:00-04:00,2.3010525834683904,2.3463488516489406,2.23763780801562,2.26481556892395,6834000,0.0,0.0
2015-06-10 00:00:00-04:00,2.310112282451541,2.3463493039818104,2.2738752609212716,2.337290048599243,8640300,0.0,0.0
2015-06-11 00:00:00-04:00,2.3010529564699986,2.3191714666792365,2.2195196605284284,2.246697425842285,7769100,0.0,0.0
2015-06-12 00:00:00-04:00,2.219519943926906,2.2285792001882525,2.1198679090623904,2.137986421585083,12727500,0.0,0.0
2015-06-15 00:00:00-04:00,2.128927165323737,2.183282918881521,2.0926901402783518,2.137986421585083,7272100,0.0,0.0
2015-06-16 00:00:00-04:00,2.1108082617447246,2.119867516327719,2.074571243412746,2.0926897525787354,6093800,0.0,0.0
2015-06-17 00:00:00-04:00,2.0926899523117433,2.2014012336730957,2.0655121859688266,2.2014012336730957,7729200,0.0,0.0
2015-06-18 00:00:00-04:00,2.2466967898598766,2.2466967898598766,2.1470447959283208,2.165163516998291,9232800,0.0,0.0
2015-06-19 00:00:00-04:00,2.1198677795328593,2.15610501835376,2.0383344781626436,2.056452989578247,24307400,0.0,0.0
2015-06-22 00:00:00-04:00,2.0383338928222656,2.0836301583537233,2.0292746397159744,2.0383338928222656,7964700,0.0,0.0
2015-06-23 00:00:00-04:00,2.0292749244009682,2.0745711962869953,2.020215670023763,2.06551194190979,5842500,0.0,0.0
2015-06-24 00:00:00-04:00,2.047393649734326,2.1198676924184734,2.047393649734326,2.1017491817474365,5579100,0.0,0.0
2015-06-25 00:00:00-04:00,2.0926893377787805,2.128926348928082,2.0745708322041296,2.083630084991455,5398600,0.0,0.0
2015-06-26 00:00:00-04:00,2.0836306710763997,2.1198676924184734,2.065512160405363,2.1017491817474365,4417700,0.0,0.0
2015-06-29 00:00:00-04:00,2.110807843353431,2.128926348928082,2.0292745682675024,2.083630084991455,6849200,0.0,0.0
2015-06-30 00:00:00-04:00,2.047393649734326,2.1198676924184734,1.9930381177212153,2.1017491817474365,12828400,0.0,0.0
2015-07-01 00:00:00-04:00,2.083630846183895,2.1017493583776043,1.9658605169247843,2.0111567974090576,13569900,0.0,0.0
2015-07-02 00:00:00-04:00,2.0473937338704453,2.065512245286049,2.002097455331436,2.056452989578247,6776900,0.0,0.0
2015-07-06 00:00:00-04:00,2.0383341162624795,2.137985911355419,2.020215608063763,2.074571132659912,7214700,0.0,0.0
2015-07-07 00:00:00-04:00,2.0292747020721436,2.0745709689954785,1.9839784351488088,2.0292747020721436,9104500,0.0,0.0
2015-07-08 00:00:00-04:00,2.029274525499841,2.065511535885435,2.002096767710645,2.0202152729034424,5327100,0.0,0.0
2015-07-09 00:00:00-04:00,2.047394024102793,2.047394024102793,1.9568014541826477,1.9839792251586914,7697000,0.0,0.0
2015-07-10 00:00:00-04:00,1.9839786383452183,1.9839786383452183,1.884326624918019,1.9115043878555298,11943300,0.0,0.0
2015-07-13 00:00:00-04:00,1.866208259946066,1.9024452799854574,1.8390304949165226,1.8571490049362183,14507000,0.0,0.0
2015-07-14 00:00:00-04:00,1.8571488223578283,1.9024450929539403,1.848089568238606,1.8662080764770508,6197400,0.0,0.0
2015-07-15 00:00:00-04:00,1.8390305137221232,1.8662082790295818,1.8027934933121785,1.8209120035171509,7543400,0.0,0.0
2015-07-16 00:00:00-04:00,1.8118528027284528,1.9024453564690014,1.7846750366062882,1.8299713134765625,8485600,0.0,0.0
2015-07-17 00:00:00-04:00,1.7846749638279744,1.7937342188325966,1.7212600708007812,1.7212600708007812,10183600,0.0,0.0
2015-07-20 00:00:00-04:00,1.6578453840676795,1.6669046396094553,1.5038378238677979,1.5038378238677979,18857500,0.0,0.0
2015-07-21 00:00:00-04:00,1.5581936301662411,1.5853713996703966,1.5038379831630737,1.549134373664856,15972800,0.0,0.0
2015-07-22 00:00:00-04:00,1.5038375745529966,1.5853709689067526,1.4766598124333536,1.5581932067871094,13174900,0.0,0.0
2015-07-23 00:00:00-04:00,1.5763119761968507,1.5944304872804027,1.494778568326022,1.5038378238677979,9917100,0.0,0.0
2015-07-24 00:00:00-04:00,1.4766598805846998,1.5763117876173889,1.4494821172107386,1.5310155153274536,16021900,0.0,0.0
2015-07-27 00:00:00-04:00,1.5400747022753176,1.6850228752440495,1.5128968320978833,1.5219560861587524,12610700,0.0,0.0
2015-07-28 00:00:00-04:00,1.5400747022753176,1.5853709725796628,1.5219560861587524,1.5219560861587524,7323200,0.0,0.0
2015-07-29 00:00:00-04:00,1.5400747308163083,1.6669043980137364,1.5310154765875514,1.621608018875122,9385300,0.0,0.0
2015-07-30 00:00:00-04:00,1.6850228713402704,1.6940821253801515,1.5310154446674664,1.5581932067871094,11055800,0.0,0.0
2015-07-31 00:00:00-04:00,1.6216079598521815,1.6759635912411281,1.5853709442561004,1.6487858295440674,11498600,0.0,0.0
2015-08-03 00:00:00-04:00,1.6578455596763346,1.675964072679105,1.5400751171634708,1.549134373664856,6953000,0.0,0.0
2015-08-04 00:00:00-04:00,1.5672525331594018,1.594430296533363,1.503837643958661,1.5310155153274536,9518000,0.0,0.0
2015-08-05 00:00:00-04:00,1.5400747697854407,1.585371042075376,1.503837643958661,1.5310155153274536,8212500,0.0,0.0
2015-08-06 00:00:00-04:00,1.5491339286600192,1.6850228451401486,1.512896805069113,1.6487858295440674,12928100,0.0,0.0
2015-08-07 00:00:00-04:00,1.648786048963238,1.7393786000094273,1.6397266858637798,1.6850230693817139,7930800,0.0,0.0
2015-08-10 00:00:00-04:00,1.6850228860977756,1.875267330596273,1.6759636319785534,1.8662080764770508,13563500,0.0,0.0
2015-08-11 00:00:00-04:00,1.8933857748533562,1.9296230060953712,1.8209117443486225,1.8752672672271729,13849800,0.0,0.0
2015-08-12 00:00:00-04:00,1.9386822546951563,1.9568007622726173,1.8933857697618561,1.9477415084838867,17658000,0.0,0.0
2015-08-13 00:00:00-04:00,1.8752675903468368,1.920563867217111,1.7937342919803432,1.8299713134765625,8448900,0.0,0.0
2015-08-14 00:00:00-04:00,1.8752674867086974,1.8933859964554733,1.7303193007396531,1.7937341928482056,8521000,0.0,0.0
2015-08-17 00:00:00-04:00,1.8299710600001613,1.875267330596273,1.7846747894040496,1.8662080764770508,9289400,0.0,0.0
2015-08-18 00:00:00-04:00,1.8118524551391602,1.8933857378641505,1.8027932015030501,1.8118524551391602,6623100,0.0,0.0
2015-08-19 00:00:00-04:00,1.839030306771456,1.9296230635913676,1.82997105268843,1.8843265771865845,13593100,0.0,0.0
2015-08-20 00:00:00-04:00,1.9386823177337646,1.965860079983674,1.9115043394942006,1.9386823177337646,12908800,0.0,0.0
2015-08-21 00:00:00-04:00,1.9658600213477382,1.9839785289739216,1.8480895057878977,1.8752672672271729,11925200,0.0,0.0
2015-08-24 00:00:00-04:00,1.7756156774520908,1.8390304613640447,1.6397266387939453,1.6397266387939453,14302600,0.0,0.0
2015-08-25 00:00:00-04:00,1.6940826299221952,1.6940826299221952,1.5219565359111569,1.5763121843338013,14180300,0.0,0.0
2015-08-26 00:00:00-04:00,1.5400751008985492,1.558193613709968,1.46760094165802,1.46760094165802,9160600,0.0,0.0
2015-08-27 00:00:00-04:00,1.4857190664732345,1.5944302229466336,1.4676005583934726,1.5581932067871094,13441600,0.0,0.0
2015-08-28 00:00:00-04:00,1.5400747783508535,1.6669044494628906,1.5400747783508535,1.6669044494628906,9762400,0.0,0.0
2015-08-31 00:00:00-04:00,1.5944302561888508,1.6306672731038792,1.5491339850450654,1.621608018875122,9881900,0.0,0.0
2015-09-01 00:00:00-04:00,1.639726568823298,1.666904440192091,1.5310155153274536,1.5310155153274536,8683600,0.0,0.0
2015-09-02 00:00:00-04:00,1.5310155705023996,1.576311844424728,1.4766599338007698,1.5400748252868652,8180900,0.0,0.0
2015-09-03 00:00:00-04:00,1.512897079409574,1.5944304872804027,1.494778568326022,1.5038378238677979,18099400,0.0,0.0
2015-09-04 00:00:00-04:00,1.5038378238677979,1.512897079409574,1.4313637795335898,1.5038378238677979,12188700,0.0,0.0
2015-09-08 00:00:00-04:00,1.5128966852582917,1.53101529961629,1.4223041534423828,1.4223041534423828,12100600,0.0,0.0
2015-09-09 00:00:00-04:00,1.4041857719421387,1.4404228986725636,1.3679487532065484,1.4041857719421387,10862100,0.0,0.0
2015-09-10 00:00:00-04:00,1.4223043329524552,1.4223043329524552,1.377007953332795,1.395126461982727,9053500,0.0,0.0
2015-09-11 00:00:00-04:00,1.3860670956568384,1.3860670956568384,1.2230004229891955,1.3770078420639038,24154600,0.0,0.0
2015-09-14 00:00:00-04:00,1.3770079777978055,1.422304358222237,1.3317117053682062,1.340770959854126,7999500,0.0,0.0
2015-09-15 00:00:00-04:00,1.3407706057027384,1.377007614074768,1.2954742372428978,1.3226521015167236,8408600,0.0,0.0
2015-09-16 00:00:00-04:00,1.377007656318987,1.4585410356521606,1.3679484039480574,1.4585410356521606,8709300,0.0,0.0
2015-09-17 00:00:00-04:00,1.4585413716687257,1.5491340242434277,1.4132449913839586,1.5310155153274536,13068900,0.0,0.0
2015-09-18 00:00:00-04:00,1.6669043860492798,1.6940821485404787,1.5853709905808553,1.6759636402130127,23505400,0.0,0.0
2015-09-21 00:00:00-04:00,1.6578450422725,1.685022803294634,1.5672523975372314,1.5672523975372314,10536200,0.0,0.0
2015-09-22 00:00:00-04:00,1.5219561666906898,1.531015529225748,1.4585413849091122,1.476659893989563,7777600,0.0,0.0
2015-09-23 00:00:00-04:00,1.5219561172900096,1.531015479531013,1.4313635748282698,1.4494820833206177,6237900,0.0,0.0
2015-09-24 00:00:00-04:00,1.5219564961658443,1.549134373664856,1.4857194701603034,1.549134373664856,10722300,0.0,0.0
2015-09-25 00:00:00-04:00,1.5128968320978833,1.5672524644579247,1.4947783239761452,1.5219560861587524,7926500,0.0,0.0
2015-09-28 00:00:00-04:00,1.4676005918129658,1.4857191003053136,1.4404228290744436,1.4494820833206177,7799800,0.0,0.0
2015-09-29 00:00:00-04:00,1.4585412538424556,1.5581931528249016,1.4585412538424556,1.5128967761993408,11104800,0.0,0.0
2015-09-30 00:00:00-04:00,1.4947783205131155,1.5763117148668715,1.4676005583934726,1.5581932067871094,9474500,0.0,0.0
2015-10-01 00:00:00-04:00,1.5853709725796628,1.61254873476227,1.5219560861587524,1.5219560861587524,7079400,0.0,0.0
2015-10-02 00:00:00-04:00,1.5853709978657629,1.66690439370884,1.5581932352496801,1.657845139503479,7699600,0.0,0.0
2015-10-05 00:00:00-04:00,1.648786040061922,1.8390305042266846,1.648786040061922,1.8390305042266846,11164000,0.0,0.0
2015-10-06 00:00:00-04:00,1.875267262184395,1.9749192698500784,1.857148754606934,1.9477415084838867,14515300,0.0,0.0
2015-10-07 00:00:00-04:00,1.9296232914041724,1.9839788223195822,1.9115045651093556,1.9568010568618774,14004100,0.0,0.0
2015-10-08 00:00:00-04:00,1.8752671530075877,2.0564524342233588,1.8752671530075877,1.9296228885650635,11739400,0.0,0.0
2015-10-09 00:00:00-04:00,2.0292747020721436,2.0655117156108114,1.9930376885334757,2.0292747020721436,16652000,0.0,0.0
2015-10-12 00:00:00-04:00,2.0655120247381764,2.0926897889596385,1.7846749117933944,1.8480896949768066,17253500,0.0,0.0
2015-10-13 00:00:00-04:00,1.8843271073512624,1.9477421197642217,1.8752678507193703,1.8933863639831543,7513900,0.0,0.0
2015-10-14 00:00:00-04:00,1.9477419210846254,2.0745715009938506,1.9477419210846254,2.056452989578247,14739000,0.0,0.0
2015-10-15 00:00:00-04:00,2.0292748142203108,2.0745710836469504,1.9658600370230153,2.047393321990967,15017800,0.0,0.0
2015-10-16 00:00:00-04:00,2.056452553948653,2.092689569103575,1.9477415084838867,1.9477415084838867,13286300,0.0,0.0
2015-10-19 00:00:00-04:00,1.9205635362926314,1.9839785289739216,1.8480895057878977,1.8752672672271729,12856000,0.0,0.0
2015-10-20 00:00:00-04:00,1.9115038607080195,2.01115584665356,1.9115038607080195,1.9930373430252075,9381100,0.0,0.0
2015-10-21 00:00:00-04:00,1.9568010634014423,1.9749195737671306,1.9024453163146973,1.9024453163146973,7426900,0.0,0.0
2015-10-22 00:00:00-04:00,1.9115041333445537,2.06551165214114,1.9115041333445537,2.0383338928222656,13034700,0.0,0.0
2015-10-23 00:00:00-04:00,2.0564530744266403,2.1289271230793037,1.9749197696923941,2.1108086109161377,10948700,0.0,0.0
2015-10-26 00:00:00-04:00,2.092690012409454,2.147045546656265,2.0473937338704453,2.056452989578247,9990100,0.0,0.0
2015-10-27 00:00:00-04:00,2.0383341787781735,2.1017489594186114,2.002097161269352,2.06551194190979,4943900,0.0,0.0
2015-10-28 00:00:00-04:00,2.0926899424931675,2.1742234571290613,1.956801111416155,1.965860366821289,20924300,0.0,0.0
2015-10-29 00:00:00-04:00,1.9568010634014423,1.9930380841328186,1.839030530034789,1.9024453163146973,10764100,0.0,0.0
2015-10-30 00:00:00-04:00,1.884326789234554,1.9477417909416361,1.8209120035171509,1.8209120035171509,9918200,0.0,0.0
2015-11-02 00:00:00-05:00,1.8118524905355307,1.9024450286664478,1.7846747290962555,1.8752672672271729,7123700,0.0,0.0
2015-11-03 00:00:00-05:00,1.811852729886979,1.8843267699657618,1.7846749648574356,1.8571490049362183,8653400,0.0,0.0
2015-11-04 00:00:00-05:00,1.8662082318353093,1.8933859964554733,1.7846749379748177,1.7937341928482056,8148300,0.0,0.0
2015-11-05 00:00:00-05:00,1.7574970853967729,1.7665563398167703,1.6487859243619742,1.703141450881958,12821900,0.0,0.0
2015-11-06 00:00:00-05:00,1.630667280983181,1.6578451517956034,1.5763117553479955,1.6034895181655884,10265900,0.0,0.0
2015-11-09 00:00:00-05:00,1.5944302520711238,1.66690439370884,1.567252489455041,1.657845139503479,9969100,0.0,0.0
2015-11-10 00:00:00-05:00,1.5944302638930574,1.630667280983181,1.5763117553479955,1.6034895181655884,8928400,0.0,0.0
2015-11-11 00:00:00-05:00,1.6125489376425337,1.6669045768412427,1.5763119168399546,1.6306674480438232,8054500,0.0,0.0
2015-11-12 00:00:00-05:00,1.5491339850450654,1.6669043980137364,1.5491339850450654,1.621608018875122,8044600,0.0,0.0
2015-11-13 00:00:00-05:00,1.5853709978657629,1.66690439370884,1.5853709978657629,1.657845139503479,7370100,0.0,0.0
2015-11-16 00:00:00-05:00,1.6850230693817139,1.7303193449048084,1.6578453040678571,1.6850230693817139,6203800,0.0,0.0
2015-11-17 00:00:00-05:00,1.666904414306633,1.6850229229412435,1.5853710174560547,1.5853710174560547,6847800,0.0,0.0
2015-11-18 00:00:00-05:00,1.5944301981551205,1.6487858295440674,1.5581931825590394,1.6487858295440674,6803800,0.0,0.0
2015-11-19 00:00:00-05:00,1.6759637506108809,1.7122007696527912,1.6487859863294483,1.694082260131836,7031900,0.0,0.0
2015-11-20 00:00:00-05:00,1.6940821772585488,1.7122006858931595,1.5853710174560547,1.5853710174560547,7990600,0.0,0.0
2015-11-23 00:00:00-05:00,1.5763117631387495,1.6306672890425815,1.5581932545041388,1.5853710174560547,5857300,0.0,0.0
2015-11-24 00:00:00-05:00,1.6397263751888271,1.7665561386130455,1.6216078684124584,1.748437523841858,12823400,0.0,0.0
2015-11-25 00:00:00-05:00,1.7303190170654892,1.811852405553967,1.7122005102891207,1.748437523841858,6866200,0.0,0.0
2015-11-27 00:00:00-05:00,1.703141450881958,1.73031921414195,1.6940821964619608,1.703141450881958,3468500,0.0,0.0
2015-11-30 00:00:00-05:00,1.7212601795654698,1.8027935877539207,1.7122009239884024,1.7393786907196045,7251200,0.0,0.0
2015-12-01 00:00:00-05:00,1.7484378368232059,1.866208259946066,1.739378581813358,1.8571490049362183,8234100,0.0,0.0
2015-12-02 00:00:00-05:00,1.811852757957819,1.8571490337088283,1.7484378639115656,1.8027935028076172,8273500,0.0,0.0
2015-12-03 00:00:00-05:00,1.829971258619637,1.8571490239270956,1.7574972177997477,1.8209120035171509,9840600,0.0,0.0
2015-12-04 00:00:00-05:00,1.8390301399623605,1.9386821418263702,1.8390301399623605,1.9296228885650635,9926400,0.0,0.0
2015-12-07 00:00:00-05:00,1.8843264842280405,1.9115042451363706,1.77561544059472,1.8118524551391602,8109800,0.0,0.0
2015-12-08 00:00:00-05:00,1.811852405553967,1.8299709123303358,1.7122005102891207,1.748437523841858,7526700,0.0,0.0
2015-12-09 00:00:00-05:00,1.7846748272406685,1.8118525901745273,1.7303191933781212,1.7756155729293823,6454700,0.0,0.0
2015-12-10 00:00:00-05:00,1.7665563821792603,1.8299711646399444,1.7393785102727044,1.7665563821792603,7539000,0.0,0.0
2015-12-11 00:00:00-05:00,1.7484379071152263,1.8752675903468368,1.7303193963671164,1.8299713134765625,11727800,0.0,0.0
2015-12-14 00:00:00-05:00,1.8027934252524023,1.8118526800128798,1.6759637506108809,1.694082260131836,10605200,0.0,0.0
2015-12-15 00:00:00-05:00,1.7393782827799413,1.7393782827799413,1.6397263868089023,1.7122005224227905,8800100,0.0,0.0
2015-12-16 00:00:00-05:00,1.748438065657349,1.7665566860432331,1.6578455037021904,1.7574974298477173,11101300,0.0,0.0
2015-12-17 00:00:00-05:00,1.6850230973698728,1.6850230973698728,1.5853711815690112,1.6125489473342896,8303800,0.0,0.0
2015-12-18 00:00:00-05:00,1.666904433201969,1.7574970853967729,1.621608053107151,1.703141450881958,16262500,0.0,0.0
2015-12-21 00:00:00-05:00,1.7212600708007812,1.7665564538187302,1.6940823057869148,1.7212600708007812,8518100,0.0,0.0
2015-12-22 00:00:00-05:00,1.6940823057869148,1.7393785808100255,1.6850230507822925,1.7212600708007812,6370000,0.0,0.0
2015-12-23 00:00:00-05:00,1.7122005224227905,1.7574968976795282,1.703141268970407,1.7122005224227905,5708600,0.0,0.0
2015-12-24 00:00:00-05:00,1.7212600009982233,1.7846748914537414,1.7212600009982233,1.7665563821792603,4001800,0.0,0.0
2015-12-28 00:00:00-05:00,1.7393784273517272,1.7574970437572779,1.648785885298118,1.657845139503479,4893000,0.0,0.0
2015-12-29 00:00:00-05:00,1.7031415148923137,1.7393785339342238,1.6578452410899258,1.694082260131836,5738000,0.0,0.0
2015-12-30 00:00:00-05:00,1.657845139503479,1.6940821563249227,1.6397265230979283,1.657845139503479,5548000,0.0,0.0
2015-12-31 00:00:00-05:00,1.6487858295440674,1.666904337342108,1.6125487059531611,1.6487858295440674,5319500,0.0,0.0
2016-01-04 00:00:00-05:00,1.6759635086132563,1.7303190293275577,1.6578450017084891,1.7122005224227905,7064200,0.0,0.0
2016-01-05 00:00:00-05:00,1.7212599110316773,1.7303191651954102,1.6669043860492798,1.6759636402130127,6007000,0.0,0.0
2016-01-06 00:00:00-05:00,1.7031415148923137,1.7574971514500144,1.6759637506108809,1.694082260131836,11064200,0.0,0.0
2016-01-07 00:00:00-05:00,1.7303190644193478,1.8299709624113802,1.6940820498749076,1.8118524551391602,16252100,0.0,0.0
2016-01-08 00:00:00-05:00,1.7393785339342238,1.7574971514500144,1.6578452410899258,1.694082260131836,14649200,0.0,0.0
2016-01-11 00:00:00-05:00,1.7031413794200325,1.7212598874997944,1.5219560826327587,1.5581932067871094,12892900,0.0,0.0
2016-01-12 00:00:00-05:00,1.5400749540297467,1.5491342095715226,1.4676008017006938,1.5038378238677979,10220400,0.0,0.0
2016-01-13 00:00:00-05:00,1.5038375780370143,1.5672524644579247,1.4676005617935381,1.5219560861587524,10842900,0.0,0.0
2016-01-14 00:00:00-05:00,1.4676005918129658,1.4947783545514877,1.4041857040949186,1.4494820833206177,8526900,0.0,0.0
2016-01-15 00:00:00-05:00,1.4947783941095958,1.4947783941095958,1.340770959854126,1.340770959854126,11368800,0.0,0.0
2016-01-19 00:00:00-05:00,1.3860673978190376,1.3951266533868865,1.1867635593366694,1.2501784563064575,17770700,0.0,0.0
2016-01-20 00:00:00-05:00,1.2864154914199761,1.3679489003393999,1.2773562357616899,1.3498303890228271,11951900,0.0,0.0
2016-01-21 00:00:00-05:00,1.2954744517326717,1.3860670956568384,1.2592374373609336,1.3770078420639038,9999500,0.0,0.0
2016-01-22 00:00:00-05:00,1.349830296633958,1.4313636999728439,1.3226525315192756,1.4132450819015503,15924400,0.0,0.0
2016-01-25 00:00:00-05:00,1.4313635872774213,1.4766598589022513,1.3679486990078291,1.395126461982727,12268800,0.0,0.0
2016-01-26 00:00:00-05:00,1.422304305680853,1.4947783388909468,1.4132449435347634,1.485719084739685,13427500,0.0,0.0
2016-01-27 00:00:00-05:00,1.485719015020898,1.531015391646459,1.4404227463901604,1.5128967761993408,8847800,0.0,0.0
2016-01-28 00:00:00-05:00,1.4857192887561004,1.5128970549418896,1.4404230117797852,1.4404230117797852,6398700,0.0,0.0
2016-01-29 00:00:00-05:00,1.4404228139833766,1.5219561013447318,1.4313635598321148,1.485719084739685,6462300,0.0,0.0
2016-02-01 00:00:00-05:00,1.5128967674981415,1.5672523975372314,1.5038375138240967,1.5672523975372314,8546900,0.0,0.0
2016-02-02 00:00:00-05:00,1.5310153985526815,1.5763116673877453,1.467600514188769,1.4947782754898071,5787700,0.0,0.0
2016-02-03 00:00:00-05:00,1.5219560589681334,1.6487858295440674,1.512896805069113,1.6487858295440674,14268100,0.0,0.0
2016-02-04 00:00:00-05:00,1.6940823153404754,1.9386825258291795,1.6940823153404754,1.8390305042266846,20882400,0.0,0.0
2016-02-05 00:00:00-05:00,1.7756152742327678,2.128926348928082,1.7393781550886542,2.083630084991455,19849000,0.0,0.0
2016-02-08 00:00:00-05:00,2.301052728058248,2.3463489990850523,2.2014009317992778,2.2104601860046387,28140400,0.0,0.0
2016-02-09 00:00:00-05:00,2.255756766358928,2.346349320835316,2.1470454849975757,2.2014012336730957,31122500,0.0,0.0
2016-02-10 00:00:00-05:00,2.1561043384251133,2.3372893954443454,2.083630099627795,2.328230142593384,17205700,0.0,0.0
2016-02-11 00:00:00-05:00,2.6543643017363148,2.790253126473185,2.518475261009768,2.6271865367889404,37840400,0.0,0.0
2016-02-12 00:00:00-05:00,2.536593616520899,2.735897429988995,2.5094158532283855,2.7177789211273193,22119700,0.0,0.0
2016-02-16 00:00:00-05:00,2.500356691847164,2.735897531804155,2.4550604180072946,2.4641196727752686,26856600,0.0,0.0
2016-02-17 00:00:00-05:00,2.5094158487054865,2.5728306296070547,2.4097640501458795,2.5456528663635254,16404600,0.0,0.0
2016-02-18 00:00:00-05:00,2.482238190696331,2.8536680694173078,2.4641196810991777,2.7358975410461426,23057500,0.0,0.0
2016-02-19 00:00:00-05:00,2.690600872039795,2.8174304205997194,2.645304604696965,2.690600872039795,14240900,0.0,0.0
2016-02-22 00:00:00-05:00,2.6000083975367643,2.735897429988995,2.5818898886750885,2.7177789211273193,15206100,0.0,0.0
2016-02-23 00:00:00-05:00,2.772134716325254,2.8264902481771963,2.726838439781969,2.781193971633911,10958300,0.0,0.0
2016-02-24 00:00:00-05:00,2.898964534350096,3.0439126206743055,2.7902532536172537,2.8808460235595703,18908300,0.0,0.0
2016-02-25 00:00:00-05:00,2.6362459884376492,2.717779289362227,2.6181274771210767,2.6996607780456543,29674900,0.0,0.0
2016-02-26 00:00:00-05:00,2.6000085558518906,2.708719831631063,2.5728307909045163,2.6271865367889404,22678600,0.0,0.0
2016-02-29 00:00:00-05:00,2.663424015045166,2.717779554293505,2.6362462454209967,2.663424015045166,15799000,0.0,0.0
2016-03-01 00:00:00-05:00,2.6996604628768575,2.7087197174775315,2.5547121732764064,2.609067916870117,19958500,0.0,0.0
2016-03-02 00:00:00-05:00,2.6000085558518906,2.6634235567187727,2.5728307909045163,2.6271865367889404,13756800,0.0,0.0
2016-03-03 00:00:00-05:00,2.627186631386742,2.8717867407101654,2.627186631386742,2.781193971633911,29300300,0.0,0.0
2016-03-04 00:00:00-05:00,2.7811942571230617,2.8989648042144145,2.672483182260003,2.7087202072143555,34046900,0.0,0.0
2016-03-07 00:00:00-05:00,2.790253069837601,2.835549559820155,2.6906012670532604,2.7358975410461426,21601600,0.0,0.0
2016-03-08 00:00:00-05:00,2.7630753573473763,2.817430887159926,2.518475257201228,2.590949296951294,18513500,0.0,0.0
2016-03-09 00:00:00-05:00,2.5365937671387444,2.6634235526910355,2.4278827075136453,2.590949296951294,23083000,0.0,0.0
2016-03-10 00:00:00-05:00,2.618127228664649,2.772134560240448,2.600008503077824,2.7358975410461426,15016900,0.0,0.0
2016-03-11 00:00:00-05:00,2.726838257169969,2.8174308041897014,2.6543642195541834,2.67248272895813,11354600,0.0,0.0
2016-03-14 00:00:00-04:00,2.6906011426581435,2.772134432075786,2.6000083828711014,2.6181271076202393,10901500,0.0,0.0
2016-03-15 00:00:00-04:00,2.5909492206507014,2.6996604930640498,2.527534437736889,2.67248272895813,11076400,0.0,0.0
2016-03-16 00:00:00-04:00,2.6181269228165513,2.8627269897937464,2.5547119306449484,2.853667736053467,16397600,0.0,0.0
2016-03-17 00:00:00-04:00,2.9261421852132803,2.980497715442645,2.8083716537266454,2.8264901638031006,17990700,0.0,0.0
2016-03-18 00:00:00-04:00,2.8446083068847656,2.9261415855190838,2.808371078168769,2.8446083068847656,21391700,0.0,0.0
2016-03-21 00:00:00-04:00,2.7902533796343576,2.917083176885781,2.7811941238299482,2.862727642059326,10070600,0.0,0.0
2016-03-22 00:00:00-04:00,2.898964599607021,2.953320133202165,2.844609066011876,2.8717868328094482,14028700,0.0,0.0
2016-03-23 00:00:00-04:00,2.772135093541844,2.7902536066246233,2.618127732338217,2.663424015045166,17317600,0.0,0.0
2016-03-24 00:00:00-04:00,2.681542012254684,2.8083715794347537,2.6453049930603783,2.7358975410461426,13110600,0.0,0.0
2016-03-28 00:00:00-04:00,2.7358975410461426,2.772134560240448,2.6543642478589544,2.7358975410461426,5975100,0.0,0.0
2016-03-29 00:00:00-04:00,2.735897318258303,3.062030896428897,2.735897318258303,3.043912172317505,19260000,0.0,0.0
2016-03-30 00:00:00-04:00,3.0529714193053983,3.1254456676141,2.944260370826826,3.1163864135742188,24597200,0.0,0.0
2016-03-31 00:00:00-04:00,3.179801453202853,3.2432162366941126,3.0801496505737305,3.0801496505737305,18174600,0.0,0.0
2016-04-01 00:00:00-04:00,2.9533205044426714,3.1616836254055665,2.9080242207528504,3.1526243686676025,14128500,0.0,0.0
2016-04-04 00:00:00-04:00,3.1254463421411303,3.1435648541311902,2.998616542221011,3.0892093181610107,12881800,0.0,0.0
2016-04-05 00:00:00-04:00,3.152623338277101,3.2160381147166253,3.071090054283428,3.1979196071624756,14137100,0.0,0.0
2016-04-06 00:00:00-04:00,3.1616827496914306,3.243216037750244,3.1254457327764023,3.243216037750244,15126200,0.0,0.0
2016-04-07 00:00:00-04:00,3.3247496578918203,3.487816239703382,3.315690403346734,3.4334607124328613,22451300,0.0,0.0
2016-04-08 00:00:00-04:00,3.4606386817850336,3.587468468945283,3.4515794267014215,3.5421721935272217,17374800,0.0,0.0
2016-04-11 00:00:00-04:00,3.6871201770131665,3.8501867546382305,3.6599421980859956,3.8230087757110596,16828600,0.0,0.0
2016-04-12 00:00:00-04:00,3.8501860252928966,4.049489582413664,3.7595934993289113,4.040430545806885,21590300,0.0,0.0
2016-04-13 00:00:00-04:00,3.8411277889603026,4.06760939251634,3.813950238442029,3.922661304473877,21919000,0.0,0.0
2016-04-14 00:00:00-04:00,3.886423646444302,3.949838640574611,3.605586555831744,3.7414755821228027,19713500,0.0,0.0
2016-04-15 00:00:00-04:00,3.786771827465814,3.895483313176181,3.714297791645121,3.850186824798584,8846200,0.0,0.0
2016-04-18 00:00:00-04:00,3.949839134334028,3.9679576446391644,3.8501871116660964,3.913602113723755,9271400,0.0,0.0
2016-04-19 00:00:00-04:00,4.02231270792881,4.176320243607554,4.004194199730094,4.149142265319824,13370300,0.0,0.0
2016-04-20 00:00:00-04:00,4.2125572487010725,4.330327767666359,4.05854971343559,4.085727691650391,22946800,0.0,0.0
2016-04-21 00:00:00-04:00,4.230676995881945,4.312210522425615,4.131024955881841,4.248795509338379,19247700,0.0,0.0
2016-04-22 00:00:00-04:00,4.22161687416591,4.312209859500463,4.149142831481763,4.203498363494873,13815200,0.0,0.0
2016-04-25 00:00:00-04:00,4.203497494963059,4.257853015745164,4.094786453398846,4.194438457489014,10433800,0.0,0.0
2016-04-26 00:00:00-04:00,4.2397356033325195,4.294091138146853,4.140084005495937,4.2397356033325195,10439700,0.0,0.0
2016-04-27 00:00:00-04:00,4.285032447279987,4.312210432890051,4.16726189626875,4.257854461669922,14814100,0.0,0.0
2016-04-28 00:00:00-04:00,4.339387392952258,4.692698565678439,4.312209843039134,4.6836395263671875,20263000,0.0,0.0
2016-04-29 00:00:00-04:00,4.810467711208881,5.163778781890869,4.801408674514083,5.163778781890869,24422500,0.0,0.0
2016-05-02 00:00:00-04:00,5.245312653529192,5.272490629548712,5.027890573290122,5.109423637390137,20920700,0.0,0.0
2016-05-03 00:00:00-04:00,5.0369500870358,5.163779645837395,4.8467055328437505,4.901061058044434,22651600,0.0,0.0
2016-05-04 00:00:00-04:00,4.783291229736705,4.9463578142127504,4.556809646419196,4.59304666519165,19712300,0.0,0.0
2016-05-05 00:00:00-04:00,4.737995235206378,4.901061836716151,4.692698741019527,4.792350769042969,17278800,0.0,0.0
2016-05-06 00:00:00-04:00,4.919180353363928,5.22719547742017,4.882943330766651,5.064128875732422,23219800,0.0,0.0
2016-05-09 00:00:00-04:00,4.792350370157205,4.892002389886226,4.701757821303254,4.710816860198975,17273600,0.0,0.0
2016-05-10 00:00:00-04:00,4.7017581754971225,5.055069358632924,4.611165619818633,5.00071382522583,17784600,0.0,0.0
2016-05-11 00:00:00-04:00,5.245313217481972,5.254372687788938,4.466216482235073,4.756113052368164,29572700,0.0,0.0
2016-05-12 00:00:00-04:00,4.78329109707698,4.828587153296639,4.538691011156979,4.6111650466918945,14844900,0.0,0.0
2016-05-13 00:00:00-04:00,4.656461458166644,4.819528482540391,4.602105927368515,4.6926984786987305,16478200,0.0,0.0
2016-05-16 00:00:00-04:00,4.828586476058752,4.901060501428756,4.692697462500363,4.77423095703125,12670500,0.0,0.0
2016-05-17 00:00:00-04:00,4.774231142432679,4.955416212893788,4.683638607202125,4.819527626037598,11235700,0.0,0.0
2016-05-18 00:00:00-04:00,4.7108162812178715,4.873883281092644,4.411860690753181,4.4480977058410645,17530700,0.0,0.0
2016-05-19 00:00:00-04:00,4.23973408078728,4.511512089239218,4.158201023835088,4.46621561050415,22878600,0.0,0.0
2016-05-20 00:00:00-04:00,4.484334819237806,4.538690775040557,4.357505263649761,4.502453327178955,12120300,0.0,0.0
2016-05-23 00:00:00-04:00,4.348446254062914,4.547749842716949,4.294090297905234,4.42997932434082,8691700,0.0,0.0
2016-05-24 00:00:00-04:00,4.149142520652836,4.30315006580901,3.931720408888357,3.940779447555542,22920700,0.0,0.0
2016-05-25 00:00:00-04:00,3.9045420541825266,4.0494901147805225,3.8230085541065066,3.9951345920562744,10689900,0.0,0.0
2016-05-26 00:00:00-04:00,4.176320232400878,4.23067575685117,4.05854971343559,4.085727691650391,10520700,0.0,0.0
2016-05-27 00:00:00-04:00,4.0585507862890005,4.131024838047468,3.823009686094557,3.832069158554077,17679200,0.0,0.0
2016-05-31 00:00:00-04:00,3.8320678013565717,4.040430842356263,3.8048898255830164,3.859245777130127,15739000,0.0,0.0
2016-06-01 00:00:00-04:00,3.913601565438897,3.9951346343997725,3.777712541198372,3.8864235877990723,12492600,0.0,0.0
2016-06-02 00:00:00-04:00,3.904542793468569,3.986076308982143,3.8592467319449875,3.922661304473877,11032600,0.0,0.0
2016-06-03 00:00:00-04:00,4.23973474604264,4.54774981302148,4.2125572001205684,4.502453327178955,17791300,0.0,0.0
2016-06-06 00:00:00-04:00,4.547750430999875,4.593046922997587,4.384683837370965,4.556809902191162,17612100,0.0,0.0
2016-06-07 00:00:00-04:00,4.457156573944678,4.50245262070051,4.41186009520961,4.46621561050415,10603900,0.0,0.0
2016-06-08 00:00:00-04:00,4.701756954193115,4.7651719426854,4.65646047213016,4.701756954193115,14541200,0.0,0.0
2016-06-09 00:00:00-04:00,4.674579640260935,4.828587182700115,4.6292835837654485,4.810468673706055,13980400,0.0,0.0
2016-06-10 00:00:00-04:00,4.855765503072477,4.973535603812077,4.647402419023303,4.6926984786987305,16066700,0.0,0.0
2016-06-13 00:00:00-04:00,4.837647126064071,4.855765636829205,4.556809993214796,4.674580097198486,14129400,0.0,0.0
2016-06-14 00:00:00-04:00,4.701757988722047,4.7832915015834985,4.538691394978507,4.620224475860596,14423000,0.0,0.0
2016-06-15 00:00:00-04:00,4.638342695302555,4.84670576800455,4.520572168997224,4.728935241699219,13198300,0.0,0.0
2016-06-16 00:00:00-04:00,4.928239721413184,4.928239721413184,4.5115135383245395,4.538691520690918,17916400,0.0,0.0
2016-06-17 00:00:00-04:00,4.638342801031158,4.683639291251668,4.411861213887301,4.5115132331848145,60866900,0.0,0.0
2016-06-20 00:00:00-04:00,4.330327829955668,4.466216427046424,4.2578533643334655,4.420920372009277,13476100,0.0,0.0
2016-06-21 00:00:00-04:00,4.312208568194807,4.375623120564046,4.266912089091716,4.321267604827881,9089800,0.0,0.0
2016-06-22 00:00:00-04:00,4.294089596081821,4.48433411560233,4.248793549325988,4.46621561050415,11152700,0.0,0.0
2016-06-23 00:00:00-04:00,4.411860301763063,4.493393794511708,4.375623289870167,4.439038276672363,8694800,0.0,0.0
2016-06-24 00:00:00-04:00,4.964476560670842,4.973535599806888,4.4933948621537265,4.629283905029297,23170400,0.0,0.0
2016-06-27 00:00:00-04:00,4.656462149236875,4.75611418647925,4.502454573129411,4.665521621704102,15860900,0.0,0.0
2016-06-28 00:00:00-04:00,4.547750382312284,4.6292838942435335,4.484335380590272,4.49339485168457,15584200,0.0,0.0
2016-06-29 00:00:00-04:00,4.5839874518062995,4.665520964610435,4.547750430999875,4.556809902191162,14602400,0.0,0.0
2016-06-30 00:00:00-04:00,4.656460891073695,4.665520361093077,4.411860816281363,4.42997932434082,16213900,0.0,0.0
2016-07-01 00:00:00-04:00,4.593046285503159,4.892001881652131,4.574927777614715,4.855764865875244,13405000,0.0,0.0
2016-07-05 00:00:00-04:00,4.901060594504725,5.190957133469425,4.855764543777889,5.109423637390137,30766100,0.0,0.0
2016-07-06 00:00:00-04:00,5.2090764461375025,5.263431974607503,5.0641283702175,5.200016975402832,18724900,0.0,0.0
2016-07-07 00:00:00-04:00,5.127542762293693,5.154720741590005,4.873883638098302,4.8829426765441895,14683700,0.0,0.0
2016-07-08 00:00:00-04:00,4.8829427807731,5.064128305330917,4.819528214360299,5.009772777557373,16420900,0.0,0.0
2016-07-11 00:00:00-04:00,4.9282381273707445,5.118482646462535,4.9101196223133945,5.036949157714844,11075600,0.0,0.0
2016-07-12 00:00:00-04:00,5.000713234133356,5.10942428809772,4.7379946377298126,4.810468673706055,18897100,0.0,0.0
2016-07-13 00:00:00-04:00,4.910121093034408,4.946358114003127,4.801410030128252,4.892002582550049,11670900,0.0,0.0
2016-07-14 00:00:00-04:00,4.801410030128252,4.964476624487486,4.756113537927671,4.892002582550049,10475800,0.0,0.0
2016-07-15 00:00:00-04:00,4.83764665318681,4.95541674565854,4.801409635198689,4.810468673706055,9841900,0.0,0.0
2016-07-18 00:00:00-04:00,4.846705283700659,4.937297821044922,4.7923497612941,4.937297821044922,7933300,0.0,0.0
2016-07-19 00:00:00-04:00,4.873883373763688,4.955416443272033,4.8376463579868005,4.855764865875244,6668700,0.0,0.0
2016-07-20 00:00:00-04:00,4.73799495549896,4.73799495549896,4.466216870381034,4.49339485168457,12372100,0.0,0.0
2016-07-21 00:00:00-04:00,4.538691394978507,4.71081702794034,4.5024539421672465,4.620224475860596,12048300,0.0,0.0
2016-07-22 00:00:00-04:00,4.5477496451201205,4.629283143834755,4.502453160949926,4.5296311378479,9620500,0.0,0.0
2016-07-25 00:00:00-04:00,4.484335953170837,4.484335953170837,4.239735818124781,4.275972843170166,11589600,0.0,0.0
2016-07-26 00:00:00-04:00,4.366564149815704,4.4209196663720105,4.294089695761383,4.384682655334473,11013100,0.0,0.0
2016-07-27 00:00:00-04:00,4.493395027406745,4.547750560160128,4.257853953496044,4.538691520690918,19990400,0.0,0.0
2016-07-28 00:00:00-04:00,4.565868941403087,4.6111654334007985,4.411861386986103,4.556809902191162,18036800,0.0,0.0
2016-07-29 00:00:00-04:00,4.674580055076568,4.7561135687746745,4.6111654839597005,4.6836395263671875,11163200,0.0,0.0
2016-08-01 00:00:00-04:00,4.683639439555389,4.728935499230817,4.5568098676930875,4.6926984786987305,8800300,0.0,0.0
2016-08-02 00:00:00-04:00,4.774232220039915,5.0097732967833695,4.72893572621098,5.00071382522583,21163400,0.0,0.0
2016-08-03 00:00:00-04:00,4.964476406594333,4.973535445449225,4.864824387314447,4.919179916381836,12546900,0.0,0.0
2016-08-04 00:00:00-04:00,4.937298906557753,5.0369509355355495,4.9191803951053705,4.991654872894287,13377400,0.0,0.0
2016-08-05 00:00:00-04:00,4.819527398581982,4.882941954260905,4.728934435647643,4.783290386199951,15448200,0.0,0.0
2016-08-08 00:00:00-04:00,4.756113537927671,4.964476624487486,4.747054066695809,4.892002582550049,12870500,0.0,0.0
2016-08-09 00:00:00-04:00,4.892002146969402,4.964476182453799,4.810468641059792,4.8829426765441895,12375100,0.0,0.0
2016-08-10 00:00:00-04:00,5.009772540425115,5.0369500870358,4.8648240412439785,4.901061058044434,17239000,0.0,0.0
2016-08-11 00:00:00-04:00,4.928238435728074,4.99165342338626,4.765171880008936,4.783290386199951,16865900,0.0,0.0
2016-08-12 00:00:00-04:00,4.928238867992722,4.955416413673405,4.701757304750295,4.719875812530518,15824900,0.0,0.0
2016-08-15 00:00:00-04:00,4.737995100866144,4.7742321223964135,4.647402547040469,4.674580097198486,16099200,0.0,0.0
2016-08-16 00:00:00-04:00,4.74705387416211,4.74705387416211,4.611165267030544,4.647402286529541,14989100,0.0,0.0
2016-08-17 00:00:00-04:00,4.602105874639603,4.629283855716953,4.41186130303621,4.565868854522705,17627700,0.0,0.0
2016-08-18 00:00:00-04:00,4.60210583254079,4.629283813369524,4.51151328307726,4.574928283691406,14975000,0.0,0.0
2016-08-19 00:00:00-04:00,4.48433411560233,4.556808567974287,4.420919563748318,4.46621561050415,15584700,0.0,0.0
2016-08-22 00:00:00-04:00,4.3665639594108,4.402800968868215,4.285030472142003,4.339385986328125,18080500,0.0,0.0
2016-08-23 00:00:00-04:00,4.393743390557375,4.411861903080067,4.230676777853141,4.275972843170166,20270600,0.0,0.0
2016-08-24 00:00:00-04:00,4.203498889805935,4.212558362265455,3.777713619735226,3.832069158554077,29077100,0.0,0.0
2016-08-25 00:00:00-04:00,3.823009236801596,3.977016794678563,3.7414761541450745,3.931720733642578,15337400,0.0,0.0
2016-08-26 00:00:00-04:00,3.9951345926541615,4.149142123052227,3.8048900471011735,3.8954830169677734,23773400,0.0,0.0
2016-08-29 00:00:00-04:00,3.841127537655289,4.0132535969340895,3.813949988915101,3.9588980674743652,14071100,0.0,0.0
2016-08-30 00:00:00-04:00,3.913601935704653,3.9498389546666033,3.6508833322408463,3.6961793899536133,21093300,0.0,0.0
2016-08-31 00:00:00-04:00,3.6237056903702736,3.696179735060978,3.5874686680249215,3.6146464347839355,24694200,0.0,0.0
2016-09-01 00:00:00-04:00,3.605587595328468,3.795832200587916,3.5602913121690083,3.7867727279663086,23418400,0.0,0.0
2016-09-02 00:00:00-04:00,3.9498385391090483,4.013253099631024,3.87736450881005,3.9951345920562744,17629500,0.0,0.0
2016-09-06 00:00:00-04:00,4.103846210812689,4.185379281717257,4.031371746038514,4.149142265319824,23390900,0.0,0.0
2016-09-07 00:00:00-04:00,4.167261117934738,4.1853796276309145,3.9770165501352106,4.103846549987793,22927100,0.0,0.0
2016-09-08 00:00:00-04:00,4.076668293522825,4.149142327402096,3.97701628094917,4.004194259643555,17261600,0.0,0.0
2016-09-09 00:00:00-04:00,3.9136022373261095,3.940779787652476,3.7142981856956743,3.759594678878784,26808100,0.0,0.0
2016-09-12 00:00:00-04:00,3.678060279924721,3.913601296697968,3.6418232668794936,3.859245777130127,18017700,0.0,0.0
2016-09-13 00:00:00-04:00,3.7867720886740805,3.804890598879053,3.5784092213168988,3.6418240070343018,21471300,0.0,0.0
2016-09-14 00:00:00-04:00,3.6961788853878716,3.7595938759041676,3.614645603853601,3.669001340866089,16747200,0.0,0.0
2016-09-15 00:00:00-04:00,3.6780605879924937,3.8320681223237396,3.5965273018116504,3.7414755821228027,19320200,0.0,0.0
2016-09-16 00:00:00-04:00,3.6961791106581408,3.795831121263139,3.6146458241546773,3.7052385807037354,20382300,0.0,0.0
2016-09-19 00:00:00-04:00,3.75959373645656,3.786771279970297,3.696178748292398,3.7233567237854004,11536300,0.0,0.0
2016-09-20 00:00:00-04:00,3.741476748260094,3.7958322893221013,3.696180248052034,3.7777137756347656,10237300,0.0,0.0
2016-09-21 00:00:00-04:00,3.8954845883933054,4.103847725576752,3.8230100968681975,4.067610263824463,19348000,0.0,0.0
2016-09-22 00:00:00-04:00,4.1491432245451385,4.176321209116047,3.949839588282977,4.013254165649414,16898800,0.0,0.0
2016-09-23 00:00:00-04:00,3.9770160850767007,4.031371607809083,3.8501865320344733,3.8954830169677734,13643500,0.0,0.0
2016-09-26 00:00:00-04:00,3.904541827447026,3.9770158535374804,3.850186307879185,3.859245777130127,12753800,0.0,0.0
2016-09-27 00:00:00-04:00,3.8230087757110596,3.8683052632632373,3.7505347412110313,3.8230087757110596,13673200,0.0,0.0
2016-09-28 00:00:00-04:00,3.823009638195764,3.9407801868174293,3.732417074632721,3.904543161392212,13898000,0.0,0.0
2016-09-29 00:00:00-04:00,3.859246643829859,3.913602175604726,3.777713130177875,3.8683056831359863,10727500,0.0,0.0
2016-09-30 00:00:00-04:00,3.940779632961112,3.958898143127257,3.7958315516319505,3.8139500617980957,14538600,0.0,0.0
2016-10-03 00:00:00-04:00,3.7867716776694356,3.84112720238477,3.678060628238767,3.7324161529541016,12348200,0.0,0.0
2016-10-04 00:00:00-04:00,3.560290367736058,3.578408876193572,3.22509752929273,3.243216037750244,30051100,0.0,0.0
2016-10-05 00:00:00-04:00,3.351927732881257,3.370046243654424,3.179801664546481,3.288512945175171,18285800,0.0,0.0
2016-10-06 00:00:00-04:00,3.1616827805948042,3.2432160694505523,3.098268000373667,3.1707420349121094,18166800,0.0,0.0
2016-10-07 00:00:00-04:00,3.3428679496561893,3.3428679496561893,3.125445638719454,3.1888604164123535,17496200,0.0,0.0
2016-10-10 00:00:00-04:00,3.2613344275024034,3.333808674684216,3.2250974119063223,3.2975716590881348,14386900,0.0,0.0
2016-10-11 00:00:00-04:00,3.2160384480547273,3.3066312112049423,3.1798014291905092,3.2522754669189453,14154100,0.0,0.0
2016-10-12 00:00:00-04:00,3.315690263771094,3.406282805408423,3.2160382519803754,3.3519272804260254,18508100,0.0,0.0
2016-10-13 00:00:00-04:00,3.33380892888531,3.4968755115014116,3.2885126559363926,3.397223711013794,16127500,0.0,0.0
2016-10-14 00:00:00-04:00,3.324749767800388,3.406283061401471,3.252275513054196,3.2794532775878906,14105400,0.0,0.0
2016-10-17 00:00:00-04:00,3.2885125163908753,3.3700458042391235,3.243216029374413,3.315690279006958,13082800,0.0,0.0
2016-10-18 00:00:00-04:00,3.397223711013794,3.4153422201933608,3.33380892888531,3.397223711013794,12109900,0.0,0.0
2016-10-19 00:00:00-04:00,3.4968758925933434,3.560290897622505,3.4153425923997376,3.478757381439209,17440500,0.0,0.0
2016-10-20 00:00:00-04:00,3.496875404001387,3.5512311458587646,3.3972236065772385,3.5512311458587646,11378900,0.0,0.0
2016-10-21 00:00:00-04:00,3.5059346583126736,3.560290400170051,3.4696976410675284,3.5512311458587646,14863200,0.0,0.0
2016-10-24 00:00:00-04:00,3.60558678256848,3.60558678256848,3.3156904197057426,3.397223711013794,22379000,0.0,0.0
2016-10-25 00:00:00-04:00,3.4425200019964466,3.5965275468192046,3.388164474173003,3.5331127643585205,20979700,0.0,0.0
2016-10-26 00:00:00-04:00,3.542171982963568,3.542171982963568,3.3338089124369072,3.4334607124328613,14566700,0.0,0.0
2016-10-27 00:00:00-04:00,3.4696978131079703,3.4787570678684476,3.324749736940329,3.388164520263672,13359100,0.0,0.0
2016-10-28 00:00:00-04:00,3.3519275012217618,3.4787570678684476,3.3156904821798516,3.388164520263672,13130800,0.0,0.0
2016-10-31 00:00:00-04:00,3.3972232604136883,3.5149937704497223,3.351926993472767,3.496875047683716,9569600,0.0,0.0
2016-11-01 00:00:00-04:00,3.6055868954431873,3.696179444177067,3.5693498759496354,3.587468385696411,12243000,0.0,0.0
2016-11-02 00:00:00-04:00,3.6961793478288514,3.7414758370047223,3.4696977659081685,3.5331127643585205,18947000,0.0,0.0
2016-11-03 00:00:00-04:00,3.641823999230038,3.8230091008914897,3.5331129382331667,3.8139500617980957,15038600,0.0,0.0
2016-11-04 00:00:00-04:00,3.8592457372918814,3.8683047744700385,3.705238217449821,3.7233567237854004,14937100,0.0,0.0
2016-11-07 00:00:00-05:00,3.5965275295588794,3.6690017822986563,3.569349765777588,3.569349765777588,10363500,0.0,0.0
2016-11-08 00:00:00-05:00,3.596527724028895,3.6780610197814045,3.48781644703587,3.5421721935272217,16080500,0.0,0.0
2016-11-09 00:00:00-05:00,3.8592465818002473,3.868305620960769,3.5059349829733333,3.6055870056152344,17821600,0.0,0.0
2016-11-10 00:00:00-05:00,3.578408876193572,3.587468130422329,3.2160382750639727,3.243216037750244,19799600,0.0,0.0
2016-11-11 00:00:00-05:00,3.2432159568960253,3.2613344649018403,2.9352011048075175,2.944260358810425,19059200,0.0,0.0
2016-11-14 00:00:00-05:00,2.8355493289175167,3.188860453281064,2.8083713507452552,3.043912172317505,21855100,0.0,0.0
2016-11-15 00:00:00-05:00,3.043912392460022,3.261334721635,3.0348531377439674,3.2522754669189453,14919200,0.0,0.0
2016-11-16 00:00:00-05:00,3.252275102598142,3.2794528637018447,3.1707418192870334,3.2703936100006104,12776100,0.0,0.0
2016-11-17 00:00:00-05:00,3.333809173719375,3.388164705249931,3.1254460868625586,3.225097894668579,20035500,0.0,0.0
2016-11-18 00:00:00-05:00,3.1254462323021253,3.197920277715376,3.016734948192557,3.0710906982421875,15009600,0.0,0.0
2016-11-21 00:00:00-05:00,3.1254454914641214,3.1979195196985364,3.0710899702883103,3.1073269844055176,12732300,0.0,0.0
2016-11-22 00:00:00-05:00,3.080149397414695,3.143564175693862,3.007675149105993,3.1163864135742188,12702200,0.0,0.0
2016-11-23 00:00:00-05:00,2.953320133202165,2.9804978999997376,2.817431083224613,2.8717868328094482,21872300,0.0,0.0
2016-11-25 00:00:00-05:00,2.908023855206211,2.9442608776029746,2.853668321611067,2.8717868328094482,5968400,0.0,0.0
2016-11-28 00:00:00-05:00,2.944260776449394,3.062031311182418,2.8899052447216986,3.052971839904785,16130400,0.0,0.0
2016-11-29 00:00:00-05:00,2.9623792870252927,3.107327587622164,2.953320031737343,3.052971839904785,10749100,0.0,0.0
2016-11-30 00:00:00-05:00,2.9986161080145295,3.043912381430675,2.9261420705486967,2.9804975986480713,13057000,0.0,0.0
2016-12-01 00:00:00-05:00,2.971438453515223,3.08920898472881,2.908023668394656,2.9986162185668945,15194300,0.0,0.0
2016-12-02 00:00:00-05:00,3.0348531882695458,3.1979199918630052,3.025793933402669,3.143564462661743,10758000,0.0,0.0
2016-12-05 00:00:00-05:00,3.034853566201131,3.1345055981361605,2.9352017502558017,3.0892093181610107,14862400,0.0,0.0
2016-12-06 00:00:00-05:00,3.0710906982421875,3.1526239993320946,3.03485345954587,3.0710906982421875,9759100,0.0,0.0
2016-12-07 00:00:00-05:00,3.1345051792805245,3.152623688849456,3.0348531606617306,3.0801496505737305,11399300,0.0,0.0
2016-12-08 00:00:00-05:00,3.0710901504897663,3.089208658611504,3.0076751560740287,3.043912172317505,10815500,0.0,0.0
2016-12-09 00:00:00-05:00,2.998615652029087,3.0257934119459797,2.8989638656671475,2.9080231189727783,13109100,0.0,0.0
2016-12-12 00:00:00-05:00,2.9352014334463274,3.0167347286013424,2.898964413377432,2.9986162185668945,12461700,0.0,0.0
2016-12-13 00:00:00-05:00,2.998616141523868,3.098268160142662,2.9895568867394022,3.0801496505737305,13983100,0.0,0.0
2016-12-14 00:00:00-05:00,3.1254454142975554,3.234156453965126,2.8989638656671475,2.9080231189727783,22911100,0.0,0.0
2016-12-15 00:00:00-05:00,2.790253337069628,2.8536683427228047,2.6996607804075072,2.835549831390381,22178600,0.0,0.0
2016-12-16 00:00:00-05:00,2.8717865120066697,2.8899050211810606,2.7449567317962646,2.7449567317962646,44597900,0.0,0.0
2016-12-19 00:00:00-05:00,2.7630753703414674,2.799312390386915,2.699660585261935,2.7268383502960205,27547400,0.0,0.0
2016-12-20 00:00:00-05:00,2.6724826950987,2.7449567317962646,2.618127167575526,2.7449567317962646,12012700,0.0,0.0
2016-12-21 00:00:00-05:00,2.7358978006787997,2.7540163119953727,2.6815422667290814,2.6996607780456543,5834300,0.0,0.0
2016-12-22 00:00:00-05:00,2.6181272180156054,2.6906012561094337,2.6090679632538767,2.6362457275390625,9900300,0.0,0.0
2016-12-23 00:00:00-05:00,2.6453055019623863,2.708720297752115,2.6271869888796067,2.663424015045166,13335800,0.0,0.0
2016-12-27 00:00:00-05:00,2.708719416163135,2.790252698499546,2.6815416553843314,2.7540156841278076,6805200,0.0,0.0
2016-12-28 00:00:00-05:00,2.7358976758485056,2.8355496995325438,2.69966065486874,2.8174309730529785,11180900,0.0,0.0
2016-12-29 00:00:00-05:00,2.8717864352777602,3.007675250454992,2.844608672242314,2.962378978729248,18270700,0.0,0.0
2016-12-30 00:00:00-05:00,2.9895570386965487,3.0620312966457623,2.808371717808037,2.8174309730529785,17449200,0.0,0.0
2017-01-03 00:00:00-05:00,2.853668033082864,2.9804975986480713,2.8355495237164057,2.9804975986480713,12834100,0.0,0.0
2017-01-04 00:00:00-05:00,3.034853126747446,3.043912381430675,2.953319834598384,2.9804975986480713,11124500,0.0,0.0
2017-01-05 00:00:00-05:00,3.0529712960184168,3.179801063444686,3.025793534996283,3.134504795074463,15066900,0.0,0.0
2017-01-06 00:00:00-05:00,3.0892087230561787,3.1254457400556035,2.9714382018183896,3.034852981567383,12129400,0.0,0.0
2017-01-09 00:00:00-05:00,3.098267798197508,3.1073270519236558,3.0167342986725343,3.0257935523986816,10297600,0.0,0.0
2017-01-10 00:00:00-05:00,3.0529719708991823,3.107327720948813,3.016734948192557,3.0710906982421875,8707900,0.0,0.0
2017-01-11 00:00:00-05:00,3.043912584616836,3.098268332334215,2.944260776449394,3.052971839904785,15343200,0.0,0.0
2017-01-12 00:00:00-05:00,3.134505259814929,3.161683024866601,2.9623791984979992,2.9986162185668945,14503000,0.0,0.0
2017-01-13 00:00:00-05:00,2.9352011235870763,3.052971426378374,2.9261418695262074,3.043912172317505,8183400,0.0,0.0
2017-01-17 00:00:00-05:00,3.2160386860928156,3.2975722005617545,3.170742409159897,3.288512945175171,15908300,0.0,0.0
2017-01-18 00:00:00-05:00,3.2794534261991357,3.3428684289744677,3.1707423631380225,3.225097894668579,14053600,0.0,0.0
2017-01-19 00:00:00-05:00,3.197919670368482,3.27039370201751,3.143564146631711,3.1888604164123535,11185200,0.0,0.0
2017-01-20 00:00:00-05:00,3.2069791933386727,3.2975719564888877,3.152623665042346,3.2522754669189453,9609000,0.0,0.0
2017-01-23 00:00:00-05:00,3.3066311651159594,3.4153422201933608,3.270393930767159,3.397223711013794,14993800,0.0,0.0
2017-01-24 00:00:00-05:00,3.4062833368226704,3.5421723864683705,3.3972240812456027,3.478757381439209,17825700,0.0,0.0
2017-01-25 00:00:00-05:00,3.4244014920428345,3.4425200013137225,3.297571927146619,3.3609867095947266,11050500,0.0,0.0
2017-01-26 00:00:00-05:00,3.261334721635,3.3428682300691603,3.225097702770782,3.2522754669189453,11223100,0.0,0.0
2017-01-27 00:00:00-05:00,3.2341565951956732,3.2794528637018447,3.197919580390736,3.2703936100006104,10334800,0.0,0.0
2017-01-30 00:00:00-05:00,3.288513267287965,3.4334613676710997,3.2703945387503666,3.3428688049316406,15085900,0.0,0.0
2017-01-31 00:00:00-05:00,3.4606385112709277,3.5421720189957613,3.4244014927219655,3.5331127643585205,16336100,0.0,0.0
2017-02-01 00:00:00-05:00,3.4062835693595392,3.5421726282819823,3.3881650569685076,3.5149948596954346,17437600,0.0,0.0
2017-02-02 00:00:00-05:00,3.6237051803490545,3.632764650650001,3.5331126372361923,3.5512311458587646,10843200,0.0,0.0
2017-02-03 00:00:00-05:00,3.5512311458587646,3.58746816310391,3.51499412861362,3.5512311458587646,8379500,0.0,0.0
2017-02-06 00:00:00-05:00,3.5874677102789194,3.7324157609635575,3.55123069760776,3.7233567237854004,9822100,0.0,0.0
2017-02-07 00:00:00-05:00,3.678060378380256,3.8230084344411823,3.650882833858473,3.669001340866089,15929800,0.0,0.0
2017-02-08 00:00:00-05:00,3.7233571694437675,3.8048902417231503,3.714297699201993,3.7958312034606934,13756000,0.0,0.0
2017-02-09 00:00:00-05:00,3.7958315209507436,3.832068540990135,3.6599424798133495,3.7142980098724365,12130900,0.0,0.0
2017-02-10 00:00:00-05:00,3.6508830563680927,3.7414755969274966,3.6237050782106177,3.7052385807037354,11248100,0.0,0.0
2017-02-13 00:00:00-05:00,3.6690020076563274,3.6690020076563274,3.5784092401646284,3.6055870056152344,11703900,0.0,0.0
2017-02-14 00:00:00-05:00,3.6780611331634603,3.6780611331634603,3.542172302720289,3.560290813446045,10992900,0.0,0.0
2017-02-15 00:00:00-05:00,3.5421721748033885,3.605586960053465,3.5059349386708103,3.578409194946289,9233700,0.0,0.0
2017-02-16 00:00:00-05:00,3.533113047357411,3.6055870902604354,3.4878165545533353,3.560290813446045,12317900,0.0,0.0
2017-02-17 00:00:00-05:00,3.56935039686853,3.614646677846109,3.496876131314698,3.5149948596954346,13004800,0.0,0.0
2017-02-21 00:00:00-05:00,3.4062826982815997,3.505934490948635,3.4062826982815997,3.4696974754333496,10838500,0.0,0.0
2017-02-22 00:00:00-05:00,3.451579173863902,3.469697682703897,3.2885125943039513,3.406282901763916,14301100,0.0,0.0
2017-02-23 00:00:00-05:00,3.50593478376183,3.514994254386942,3.3609867095947266,3.3609867095947266,10917800,0.0,0.0
2017-02-24 00:00:00-05:00,3.433461059846773,3.542172341377404,3.388164782538047,3.4515795707702637,11103100,0.0,0.0
2017-02-27 00:00:00-05:00,3.4515792866618145,3.5693498139601925,3.225097702770782,3.2522754669189453,14750900,0.0,0.0
2017-02-28 00:00:00-05:00,3.306631049318676,3.324749557863738,3.161682764968522,3.2069790363311768,12799300,0.0,0.0
2017-03-01 00:00:00-05:00,3.0982678290293157,3.225097382457501,3.0620308137641197,3.161682605743408,14889800,0.0,0.0
2017-03-02 00:00:00-05:00,3.089208608960327,3.1345048785366494,2.99861585381803,3.0167343616485596,15661000,0.0,0.0
2017-03-03 00:00:00-05:00,2.980497797601191,3.0892090770462657,2.9623792870252927,3.052971839904785,15906000,0.0,0.0
2017-03-06 00:00:00-05:00,3.0439124936530138,3.0710904746943624,2.9261421784291035,2.9986162185668945,9584900,0.0,0.0
2017-03-07 00:00:00-05:00,2.9623790425193515,3.007675315220478,2.8989642607377735,2.953319787979126,9085900,0.0,0.0
2017-03-08 00:00:00-05:00,2.9080233427987947,2.99861588282787,2.8989640887958874,2.944260358810425,7973900,0.0,0.0
2017-03-09 00:00:00-05:00,2.9442608113264117,2.9714385775122008,2.871786768164307,2.8808460235595703,7807800,0.0,0.0
2017-03-10 00:00:00-05:00,2.908023390420538,2.998615931933155,2.8899048821180147,2.97143816947937,10426800,0.0,0.0
2017-03-13 00:00:00-04:00,2.99861588282787,2.99861588282787,2.8989640887958874,2.944260358810425,10375700,0.0,0.0
2017-03-14 00:00:00-04:00,2.926142235080148,2.9804977662358314,2.862727448731851,2.8899052143096924,12284400,0.0,0.0
2017-03-15 00:00:00-04:00,2.926142129867022,3.161682972395497,2.853668090932006,3.143564462661743,19162100,0.0,0.0
2017-03-16 00:00:00-04:00,3.21603820801291,3.243215970132553,3.0710901433748137,3.1163864135742188,11170400,0.0,0.0
2017-03-17 00:00:00-04:00,3.1345051792805245,3.1616829436339215,3.0348531606617306,3.0801496505737305,13318800,0.0,0.0
2017-03-20 00:00:00-04:00,3.125445952927989,3.1526237175286203,3.0529716980033,3.143564462661743,8108100,0.0,0.0
2017-03-21 00:00:00-04:00,3.1526243686676025,3.216039165833352,3.1163873417157455,3.1526243686676025,11230600,0.0,0.0
2017-03-22 00:00:00-04:00,3.1798011133760062,3.188860367192305,3.0982678290293157,3.161682605743408,7448400,0.0,0.0
2017-03-23 00:00:00-04:00,3.1616825055813287,3.1888602661692342,3.052971247240065,3.1073269844055176,12119400,0.0,0.0
2017-03-24 00:00:00-04:00,3.107327720948813,3.1345054879787817,3.062031442565531,3.0710906982421875,7205700,0.0,0.0
2017-03-27 00:00:00-04:00,3.179802138881495,3.188861395619459,3.1163873417157455,3.1526243686676025,8754700,0.0,0.0
2017-03-28 00:00:00-04:00,3.1888607079873186,3.20697921755625,3.0439124154461963,3.0801496505737305,13176000,0.0,0.0
2017-03-29 00:00:00-04:00,3.0710904237267274,3.170742227262374,3.043912443136423,3.143564462661743,8422300,0.0,0.0
2017-03-30 00:00:00-04:00,3.1163873417157455,3.1979206523574235,3.1163873417157455,3.1526243686676025,7289900,0.0,0.0
2017-03-31 00:00:00-04:00,3.1435644448189826,3.2160384833426385,3.116386680372612,3.1798014640808105,9386800,0.0,0.0
2017-04-03 00:00:00-04:00,3.1707423631380225,3.2522756604338574,3.152623852627837,3.225097894668579,12716900,0.0,0.0
2017-04-04 00:00:00-04:00,3.243216037750244,3.2613345462077583,3.1798012581489448,3.243216037750244,7445700,0.0,0.0
2017-04-05 00:00:00-04:00,3.170742344081199,3.279453406488936,3.1526238336799093,3.2613348960876465,12118800,0.0,0.0
2017-04-06 00:00:00-04:00,3.2613343697977317,3.2613343697977317,3.197919593626624,3.234156608581543,5889900,0.0,0.0
2017-04-07 00:00:00-04:00,3.3066310333412017,3.370045812942501,3.1798012581489448,3.243216037750244,18844200,0.0,0.0
2017-04-10 00:00:00-04:00,3.2069791933386727,3.2703939763510546,3.1707421744744546,3.2522754669189453,6909400,0.0,0.0
2017-04-11 00:00:00-04:00,3.3066313530310953,3.3972239040772845,3.2613348615183213,3.3700461387634277,11922000,0.0,0.0
2017-04-12 00:00:00-04:00,3.351927970188596,3.48781681060791,3.3428687141606415,3.48781681060791,14422100,0.0,0.0
2017-04-13 00:00:00-04:00,3.5059349266339175,3.5240536526328383,3.424401631592318,3.4425201416015625,10663100,0.0,0.0
2017-04-17 00:00:00-04:00,3.4334612744401842,3.5331133067373823,3.415342762384276,3.48781681060791,8763800,0.0,0.0
2017-04-18 00:00:00-04:00,3.4606390425240474,3.4968760666358643,3.415342762384276,3.48781681060791,9146700,0.0,0.0
2017-04-19 00:00:00-04:00,3.424401669391141,3.43346092449576,3.297572097926476,3.3700461387634277,18935700,0.0,0.0
2017-04-20 00:00:00-04:00,3.37004552413128,3.424401044845581,3.3428677637741293,3.424401044845581,9643300,0.0,0.0
2017-04-21 00:00:00-04:00,3.4244010205782414,3.5059343010719,3.388164007025504,3.496875047683716,16655400,0.0,0.0
2017-04-24 00:00:00-04:00,3.4153421561839132,3.4878161915438914,3.3881643929239216,3.406282901763916,12130400,0.0,0.0
2017-04-25 00:00:00-04:00,3.3428682667487086,3.3700460311950793,3.1616829544498968,3.1798014640808105,18056900,0.0,0.0
2017-04-26 00:00:00-04:00,3.1888604164123535,3.2069789243246105,3.043912137124646,3.1888604164123535,21422900,0.0,0.0
2017-04-27 00:00:00-04:00,3.1345057733352526,3.1345057733352526,3.0348537358303034,3.098268747329712,15224200,0.0,0.0
2017-04-28 00:00:00-04:00,3.0892085752130165,3.1979196210086043,3.071090067580419,3.161682605743408,12428700,0.0,0.0
2017-05-01 00:00:00-04:00,3.1345051792805245,3.179801453202853,3.052971670230662,3.0801496505737305,10575200,0.0,0.0
2017-05-02 00:00:00-04:00,3.043912172317505,3.1254456748549804,3.034852918256636,3.043912172317505,14715700,0.0,0.0
2017-05-03 00:00:00-04:00,3.1073272020155804,3.551231088017806,3.0982679478518476,3.3519272804260254,35501700,0.0,0.0
2017-05-04 00:00:00-04:00,3.2703941512882913,3.2703941512882913,3.197920109683133,3.2613348960876465,15509200,0.0,0.0
2017-05-05 00:00:00-04:00,3.28851276256332,3.442520095583181,3.2703940368066036,3.415342330932617,10171600,0.0,0.0
2017-05-08 00:00:00-04:00,3.4425203153085184,3.460638826232009,3.3791055270763017,3.4515795707702637,7494500,0.0,0.0
2017-05-09 00:00:00-04:00,3.397223711013794,3.4244014747831444,3.3247496742955263,3.397223711013794,12349900,0.0,0.0
2017-05-10 00:00:00-04:00,3.4606385112709277,3.5784090375447235,3.4515792566336874,3.5331127643585205,14120200,0.0,0.0
2017-05-11 00:00:00-04:00,3.5602906747050236,3.7414759908916566,3.5512314196951755,3.7142980098724365,17286800,0.0,0.0
2017-05-12 00:00:00-04:00,3.732416026828162,3.8230085649590793,3.732416026828162,3.7505345344543457,13173400,0.0,0.0
2017-05-15 00:00:00-04:00,3.786772816488713,3.832069316696773,3.705239720885422,3.7777137756347656,12574100,0.0,0.0
2017-05-16 00:00:00-04:00,3.7686536118980185,3.8592465957058204,3.741476062339167,3.8048906326293945,9985600,0.0,0.0
2017-05-17 00:00:00-04:00,3.8773646354675293,3.9679571763005606,3.8501866572279653,3.8773646354675293,14313800,0.0,0.0
2017-05-18 00:00:00-04:00,3.850187082130386,3.9045426126288216,3.7777130414658053,3.8139500617980957,19531100,0.0,0.0
2017-05-19 00:00:00-04:00,3.8592462952658346,3.8773648042210076,3.8139498068882376,3.850186824798584,11340000,0.0,0.0
2017-05-22 00:00:00-04:00,3.850187671493694,3.9045432103125446,3.81395064561446,3.832069158554077,6542200,0.0,0.0
2017-05-23 00:00:00-04:00,3.8683063440714447,3.9136028442795046,3.768654302801377,3.7777137756347656,13616300,0.0,0.0
2017-05-24 00:00:00-04:00,3.777713064077068,3.841127634048462,3.669002002429514,3.841127634048462,13352100,0.0,0.0
2017-05-25 00:00:00-04:00,3.8230091429950828,3.8501871245332957,3.759594572704855,3.8048906326293945,7247600,0.0,0.0
2017-05-26 00:00:00-04:00,3.877364733565401,3.877364733565401,3.7867717584610454,3.8230087757110596,7773200,0.0,0.0
2017-05-30 00:00:00-04:00,3.804890613499277,3.958898166822992,3.804890613499277,3.841127634048462,11519800,0.0,0.0
2017-05-31 00:00:00-04:00,3.841128150908373,3.9498396591634424,3.7777135724039517,3.904543161392212,12778100,0.0,0.0
2017-06-01 00:00:00-04:00,3.8864246486796032,3.967958171876051,3.859247095600399,3.904543161392212,10263800,0.0,0.0
2017-06-02 00:00:00-04:00,3.9498396591634424,3.967958171876051,3.8954841210256164,3.904543161392212,9677300,0.0,0.0
2017-06-05 00:00:00-04:00,3.904542635999215,3.922661146273807,3.7958315743516606,3.841127634048462,11485700,0.0,0.0
2017-06-06 00:00:00-04:00,3.922660421599203,4.194438457489014,3.9045419146718348,4.194438457489014,22619300,0.0,0.0
2017-06-07 00:00:00-04:00,4.131024320810726,4.22161687416591,4.076668788797615,4.203498363494873,19026300,0.0,0.0
2017-06-08 00:00:00-04:00,4.131024089410866,4.1582020698847275,3.9407795220318693,4.0313720703125,18072500,0.0,0.0
2017-06-09 00:00:00-04:00,3.958898326484493,4.004194819987451,3.8954837539556033,3.922661304473877,13287700,0.0,0.0
2017-06-12 00:00:00-04:00,3.9136015245452347,3.9951345926541615,3.8683050396119345,3.8954830169677734,11111600,0.0,0.0
2017-06-13 00:00:00-04:00,3.886424193727609,3.913602175604726,3.8139501513611194,3.8683056831359863,12505900,0.0,0.0
2017-06-14 00:00:00-04:00,3.9588976786050516,3.9951346946854263,3.7142976040728684,3.7414755821228027,15650500,0.0,0.0
2017-06-15 00:00:00-04:00,3.7052385807037354,3.7324161268819025,3.6508830563680927,3.7052385807037354,9344100,0.0,0.0
2017-06-16 00:00:00-04:00,3.7414755969274966,3.768653143105664,3.6871200725918545,3.7052385807037354,14906300,0.0,0.0
2017-06-19 00:00:00-04:00,3.678061137701235,3.7233576305611944,3.6418241162050156,3.659942626953125,8052200,0.0,0.0
2017-06-20 00:00:00-04:00,3.6327648760530247,3.696179444177067,3.551231366202859,3.587468385696411,10032900,0.0,0.0
2017-06-21 00:00:00-04:00,3.578409180225664,3.6871204561968343,3.5602906702287482,3.650883436203003,10058600,0.0,0.0
2017-06-22 00:00:00-04:00,3.7324161529541016,3.759594131301424,3.6871200983476453,3.7324161529541016,8679400,0.0,0.0
2017-06-23 00:00:00-04:00,3.7505350826755,3.8501871051754377,3.723357533253291,3.841127634048462,9054900,0.0,0.0
2017-06-26 00:00:00-04:00,3.7867721032246844,3.8864241257246226,3.768653592950092,3.841127634048462,7739900,0.0,0.0
2017-06-27 00:00:00-04:00,3.87736465084097,3.895483159079415,3.723357114824535,3.7324161529541016,7727400,0.0,0.0
2017-06-28 00:00:00-04:00,3.77771224279214,3.7958307491277195,3.6780602419568185,3.7233567237854004,8750500,0.0,0.0
2017-06-29 00:00:00-04:00,3.6780604320949806,3.7233569162651747,3.6146456566422103,3.6237049102783203,13190300,0.0,0.0
2017-06-30 00:00:00-04:00,3.6418241823578894,3.7324167377440305,3.6146464157420475,3.6871206760406494,8796500,0.0,0.0
2017-07-03 00:00:00-04:00,3.596527338027954,3.6327645704628835,3.578408829805317,3.596527338027954,3766100,0.0,0.0
2017-07-05 00:00:00-04:00,3.5693498759496354,3.614646150316575,3.505934875846246,3.587468385696411,15000000,0.0,0.0
2017-07-06 00:00:00-04:00,3.5784092138616708,3.587468468945283,3.514994428276385,3.5421721935272217,7558500,0.0,0.0
2017-07-07 00:00:00-04:00,3.5149946197371684,3.5240538753142356,3.3791055700914683,3.478757381439209,12680500,0.0,0.0
2017-07-10 00:00:00-04:00,3.4515792898180675,3.6327648162841797,3.406283016196374,3.6327648162841797,9823700,0.0,0.0
2017-07-11 00:00:00-04:00,3.6146464347839355,3.6237056903702736,3.542172390093231,3.6146464347839355,6655800,0.0,0.0
2017-07-12 00:00:00-04:00,3.6508832906323163,3.6690017999067974,3.5240535097212797,3.5331127643585205,12676100,0.0,0.0
2017-07-13 00:00:00-04:00,3.5059351035407356,3.542172341377404,3.424401804385028,3.4515795707702637,11008600,0.0,0.0
2017-07-14 00:00:00-04:00,3.5331127643585205,3.6055868014564454,3.5240535097212797,3.5331127643585205,10134700,0.0,0.0
2017-07-17 00:00:00-04:00,3.5965279236112595,3.650883673118978,3.569350156852245,3.6146464347839355,5325000,0.0,0.0
2017-07-18 00:00:00-04:00,3.678061008453369,3.7233574997216,3.632764949164494,3.678061008453369,8125700,0.0,0.0
2017-07-19 00:00:00-04:00,3.705238566042428,3.7686531281934306,3.659942079952306,3.7414755821228027,6771200,0.0,0.0
2017-07-20 00:00:00-04:00,3.7324166965730434,3.813950211510892,3.723357657124046,3.759594678878784,8012200,0.0,0.0
2017-07-21 00:00:00-04:00,3.7867717584610454,3.841127284336067,3.759594211513195,3.8230087757110596,10567400,0.0,0.0
2017-07-24 00:00:00-04:00,3.8501866724936478,3.8501866724936478,3.696179136477212,3.7324161529541016,6441300,0.0,0.0
2017-07-25 00:00:00-04:00,3.7324157609635575,3.786771279970297,3.687119711114241,3.7233567237854004,11705500,0.0,0.0
2017-07-26 00:00:00-04:00,3.7052390878113854,3.940779725502476,3.6961796165258907,3.8683056831359863,13671400,0.0,0.0
2017-07-27 00:00:00-04:00,3.9407792136858713,3.9407792136858713,3.7142976447156566,3.7324161529541016,15539000,0.0,0.0
2017-07-28 00:00:00-04:00,3.7777130414658053,3.850187082130386,3.750535060226909,3.8139500617980957,10038800,0.0,0.0
2017-07-31 00:00:00-04:00,3.8139496560167583,3.84112720238477,3.723357114824535,3.7324161529541016,11212400,0.0,0.0
2017-08-01 00:00:00-04:00,3.7324161529541016,3.7867716776694356,3.678060628238767,3.7324161529541016,9067900,0.0,0.0
2017-08-02 00:00:00-04:00,3.70523860658609,3.832068164255203,3.6871200983476453,3.7324161529541016,15447200,0.0,0.0
2017-08-03 00:00:00-04:00,3.868305621971233,4.031372214717463,3.7958315807506864,3.913602113723755,16868900,0.0,0.0
2017-08-04 00:00:00-04:00,3.8773657262646597,3.9045432801706204,3.7142986749111726,3.7867727279663086,16249000,0.0,0.0
2017-08-07 00:00:00-04:00,3.7595940901629903,3.8320681223237396,3.723357074082615,3.7414755821228027,8508700,0.0,0.0
2017-08-08 00:00:00-04:00,3.786771636233618,3.823008652313993,3.705238566042428,3.7414755821228027,12200100,0.0,0.0
2017-08-09 00:00:00-04:00,3.8320682204691563,3.904542254486082,3.7686532247146873,3.7958312034606934,15652700,0.0,0.0
2017-08-10 00:00:00-04:00,3.868305333753757,3.8864238427089304,3.8230088453761604,3.850186824798584,8353700,0.0,0.0
2017-08-11 00:00:00-04:00,3.8592472130008755,3.9045432801706204,3.768654214702525,3.7867727279663086,16607000,0.0,0.0
2017-08-14 00:00:00-04:00,3.7324172754267053,3.8139508030094373,3.7142987617393697,3.7777137756347656,9110500,0.0,0.0
2017-08-15 00:00:00-04:00,3.7142987617393697,3.8139508030094373,3.705239720885422,3.7777137756347656,6952500,0.0,0.0
2017-08-16 00:00:00-04:00,3.786772878497645,4.013254519287731,3.786772878497645,3.967958450317383,14879000,0.0,0.0
2017-08-17 00:00:00-04:00,3.9860760481939015,4.0132535969340895,3.922661047834549,3.9588980674743652,7515300,0.0,0.0
2017-08-18 00:00:00-04:00,4.013253405395142,4.076668402727912,3.8230088453761604,3.850186824798584,14313000,0.0,0.0
2017-08-21 00:00:00-04:00,3.859246127300923,3.92266068989439,3.859246127300923,3.8773646354675293,7949900,0.0,0.0
2017-08-22 00:00:00-04:00,3.850187740379268,3.8773657262646597,3.777713687324132,3.7867727279663086,8473400,0.0,0.0
2017-08-23 00:00:00-04:00,3.804890613499277,3.841127634048462,3.768653592950092,3.841127634048462,6892100,0.0,0.0
2017-08-24 00:00:00-04:00,3.813950084626253,3.8592465763024135,3.804890613499277,3.841127634048462,5548100,0.0,0.0
2017-08-25 00:00:00-04:00,3.8592462952658346,3.895483313176181,3.786771827465814,3.850186824798584,6952300,0.0,0.0
2017-08-28 00:00:00-04:00,3.8954821679086513,3.986074686050415,3.850185692848169,3.986074686050415,11927000,0.0,0.0
2017-08-29 00:00:00-04:00,4.076668092132294,4.103846069484066,3.9317200315342986,3.9951345920562744,24029200,0.0,0.0
2017-08-30 00:00:00-04:00,3.9860760481939015,4.040431577653625,3.9407795576544573,3.9588980674743652,13431500,0.0,0.0
2017-08-31 00:00:00-04:00,3.9860758137842933,4.140083354186447,3.9588978346630155,4.13102388381958,13440900,0.0,0.0
2017-09-01 00:00:00-04:00,4.21255881489521,4.22161785634868,4.040432707484583,4.067610263824463,12810400,0.0,0.0
2017-09-05 00:00:00-04:00,4.121965915143342,4.275973063533312,4.112906442425407,4.248795509338379,11093400,0.0,0.0
2017-09-06 00:00:00-04:00,4.2397356033325195,4.294091138146853,4.140084005495937,4.2397356033325195,12313000,0.0,0.0
2017-09-07 00:00:00-04:00,4.285031259865159,4.448097832400278,4.285031259865159,4.42997932434082,14684300,0.0,0.0
2017-09-08 00:00:00-04:00,4.429980191495544,4.439039663288289,4.312210082045593,4.375624656677246,11748700,0.0,0.0
2017-09-11 00:00:00-04:00,4.257853723080095,4.321268723850327,4.176320644351913,4.230676174163818,10671200,0.0,0.0
2017-09-12 00:00:00-04:00,4.203498793079396,4.294091355692859,4.1672617680340105,4.275972843170166,7206600,0.0,0.0
2017-09-13 00:00:00-04:00,4.257854461669922,4.303150960360221,4.212558394959049,4.257854461669922,10773400,0.0,0.0
2017-09-14 00:00:00-04:00,4.257853861399464,4.37562439580746,4.194439290548516,4.348446846008301,8914200,0.0,0.0
2017-09-15 00:00:00-04:00,4.33938724653309,4.3846837374990635,4.285031716561535,4.366565227508545,11925000,0.0,0.0
2017-09-18 00:00:00-04:00,4.2487946275572055,4.321268666341912,4.058550059757678,4.103846549987793,14904400,0.0,0.0
2017-09-19 00:00:00-04:00,4.121964621627567,4.149142167293901,4.0766681362112775,4.094786643981934,5916400,0.0,0.0
2017-09-20 00:00:00-04:00,4.121965357511641,4.167261419035222,3.9136022649609115,3.922661304473877,13065100,0.0,0.0
2017-09-21 00:00:00-04:00,3.868306184433311,3.877365656892831,3.786772660215323,3.832069158554077,15833300,0.0,0.0
2017-09-22 00:00:00-04:00,3.895483313176181,3.9045423516641034,3.7958312979330646,3.850186824798584,5975600,0.0,0.0
2017-09-25 00:00:00-04:00,3.8230091116437386,3.9588981542616954,3.804890601426635,3.9498391151428223,8992500,0.0,0.0
2017-09-26 00:00:00-04:00,3.8864236735611777,3.931720159967348,3.859246127300923,3.8773646354675293,10780600,0.0,0.0
2017-09-27 00:00:00-04:00,3.7686536118980185,3.8592465957058204,3.723357551973479,3.8048906326293945,8096000,0.0,0.0
2017-09-28 00:00:00-04:00,3.8048906800756246,3.8954836650131033,3.795831640769497,3.8683056831359863,5191500,0.0,0.0
2017-09-29 00:00:00-04:00,3.86830561545003,3.904542635999215,3.841127634048462,3.841127634048462,4223300,0.0,0.0
2017-10-02 00:00:00-04:00,3.8320682204691563,3.8864237459818507,3.786771733218919,3.7958312034606934,8370200,0.0,0.0
2017-10-03 00:00:00-04:00,3.8230086789884012,3.904542181727784,3.804890170821795,3.8773646354675293,6259800,0.0,0.0
2017-10-04 00:00:00-04:00,3.895483603418618,3.9407796631917793,3.8773650931134815,3.913602113723755,4317800,0.0,0.0
2017-10-05 00:00:00-04:00,3.8954835968515984,3.904542635999215,3.8320685949008455,3.841127634048462,4672500,0.0,0.0
2017-10-06 00:00:00-04:00,3.832068149061359,3.904542181727784,3.7958311327281464,3.8773646354675293,8567700,0.0,0.0
2017-10-09 00:00:00-04:00,3.8320680644987224,3.9317200732056805,3.8320680644987224,3.8864235877990723,6833000,0.0,0.0
2017-10-10 00:00:00-04:00,3.9226605623443174,3.9407790699217786,3.8773645093903126,3.8954830169677734,9466600,0.0,0.0
2017-10-11 00:00:00-04:00,3.9317194490635208,3.977015495300293,3.886422970847518,3.977015495300293,7501100,0.0,0.0
2017-10-12 00:00:00-04:00,3.986076012161857,4.085728031260223,3.9498389928496045,4.0313720703125,7449200,0.0,0.0
2017-10-13 00:00:00-04:00,4.085728647178701,4.0947876873827305,4.004195125445385,4.013254165649414,4966800,0.0,0.0
2017-10-16 00:00:00-04:00,4.02231270080038,4.040431208966986,3.859246127300923,3.8773646354675293,6267900,0.0,0.0
2017-10-17 00:00:00-04:00,3.8501865722655055,3.895483057672114,3.813949556731939,3.8864235877990723,6274300,0.0,0.0
2017-10-18 00:00:00-04:00,3.850186824798584,3.8864238427089304,3.8411273543313333,3.850186824798584,3860100,0.0,0.0
2017-10-19 00:00:00-04:00,3.8773645093903126,3.9498385397001567,3.8773645093903126,3.8954830169677734,4646400,0.0,0.0
2017-10-20 00:00:00-04:00,3.8411271870373747,3.895483143514838,3.7505346462071176,3.768653154373169,9416000,0.0,0.0
2017-10-23 00:00:00-04:00,3.7414756230629793,3.759594131301424,3.678060628238767,3.7324161529541016,7582700,0.0,0.0
2017-10-24 00:00:00-04:00,3.6961794952056155,3.714298005202531,3.6418239652148685,3.650883436203003,7636300,0.0,0.0
2017-10-25 00:00:00-04:00,3.6237052933401706,3.632764763923601,3.5512312565900603,3.569349765777588,11283400,0.0,0.0
2017-10-26 00:00:00-04:00,3.569349227007775,3.5965269866867624,3.48781573198118,3.505934238433838,9016200,0.0,0.0
2017-10-27 00:00:00-04:00,3.48781642859936,3.605586960053465,3.460638663492184,3.578409194946289,11437900,0.0,0.0
2017-10-30 00:00:00-04:00,3.59652714936999,3.6690013944485145,3.56029013482555,3.6237049102783203,5077200,0.0,0.0
2017-10-31 00:00:00-04:00,3.61464621508919,3.61464621508919,3.5512314298391137,3.578409194946289,7816400,0.0,0.0
2017-11-01 00:00:00-04:00,3.6055868954431873,3.659942424683515,3.5421721113294713,3.587468385696411,9675700,0.0,0.0
2017-11-02 00:00:00-04:00,3.5874680839166353,3.687120095130795,3.569349575693998,3.596527338027954,8531600,0.0,0.0
2017-11-03 00:00:00-04:00,3.596527338027954,3.641823608584547,3.5602903215826798,3.596527338027954,7565400,0.0,0.0
2017-11-06 00:00:00-05:00,3.59652714936999,3.6690013944485145,3.57840864209777,3.6237049102783203,7718000,0.0,0.0
2017-11-07 00:00:00-05:00,3.605586216614499,3.7324157609635575,3.5965269634467094,3.7233567237854004,11032900,0.0,0.0
2017-11-08 00:00:00-05:00,3.759595174060348,3.804891241230093,3.72335814753278,3.7867727279663086,16579300,0.0,0.0
2017-11-09 00:00:00-05:00,3.9407795576544573,4.067609126393814,3.904542538014641,3.9588980674743652,24829000,0.0,0.0
2017-11-10 00:00:00-05:00,3.9951345926541615,4.02231257001,3.841127062256095,3.8954830169677734,12569100,0.0,0.0
2017-11-13 00:00:00-05:00,3.9045426425815064,3.949839134334028,3.8501871116660964,3.913602113723755,5642600,0.0,0.0
2017-11-14 00:00:00-05:00,3.8864235877990723,3.9317200732056805,3.859246042138547,3.8864235877990723,7093000,0.0,0.0
2017-11-15 00:00:00-05:00,3.9317214223493244,3.986076964301412,3.8954843943812665,3.967958450317383,9989300,0.0,0.0
2017-11-16 00:00:00-05:00,3.949838668133954,3.958897706227603,3.859246127300923,3.8773646354675293,5395100,0.0,0.0
2017-11-17 00:00:00-05:00,3.904542793468569,3.9498392869715273,3.8773652429502956,3.922661304473877,8399600,0.0,0.0
2017-11-20 00:00:00-05:00,3.8864241257246226,3.9136021071261906,3.8230091237738693,3.841127634048462,4925600,0.0,0.0
2017-11-21 00:00:00-05:00,3.8501866572279653,3.904542181727784,3.832068149061359,3.8773646354675293,6069800,0.0,0.0
2017-11-22 00:00:00-05:00,3.922661152886643,3.931720624028891,3.859246582808345,3.913602113723755,8074700,0.0,0.0
2017-11-24 00:00:00-05:00,3.9045422805132515,3.9226607891382588,3.8230087757110596,3.8230087757110596,3309700,0.0,0.0
2017-11-27 00:00:00-05:00,3.8683050396119345,3.9045420547668566,3.8230085546786343,3.8954830169677734,8893500,0.0,0.0
2017-11-28 00:00:00-05:00,3.8954841210256164,3.904543161392212,3.859247095600399,3.904543161392212,8480800,0.0,0.0
2017-11-29 00:00:00-05:00,3.850187740379268,3.886424766906836,3.768654214702525,3.7867727279663086,7146600,0.0,0.0
2017-11-30 00:00:00-05:00,3.768653154373169,3.813949640777952,3.7052385917816437,3.768653154373169,13927500,0.0,0.0
2017-12-01 00:00:00-05:00,3.7777126131512584,3.8048901593294255,3.6871200725918545,3.7052385807037354,11148100,0.0,0.0
2017-12-04 00:00:00-05:00,3.6871204561968343,3.6961794952056155,3.605586945221037,3.650883436203003,6873200,0.0,0.0
2017-12-05 00:00:00-05:00,3.632765072338755,3.632765072338755,3.560290813446045,3.560290813446045,5912700,0.0,0.0
2017-12-06 00:00:00-05:00,3.5512312736330016,3.5784090375447235,3.5149942550840394,3.5331127643585205,5933900,0.0,0.0
2017-12-07 00:00:00-05:00,3.4787576189236664,3.560291140673014,3.4696983627281504,3.5149948596954346,10812400,0.0,0.0
2017-12-08 00:00:00-05:00,3.5331133720864663,3.56935039686853,3.496876131314698,3.5149948596954346,6059800,0.0,0.0
2017-12-11 00:00:00-05:00,3.5059352795213403,3.5602910310098896,3.4425204881060147,3.460638999938965,8292700,0.0,0.0
2017-12-12 00:00:00-05:00,3.424401631592318,3.4606386516108065,3.424401631592318,3.4425201416015625,7176100,0.0,0.0
2017-12-13 00:00:00-05:00,3.5059343458182655,3.7052383548813204,3.478756585306842,3.669001340866089,12449300,0.0,0.0
2017-12-14 00:00:00-05:00,3.678061008453369,3.705238989610179,3.614646223063395,3.678061008453369,7710000,0.0,0.0
2017-12-15 00:00:00-05:00,3.7052391198130845,3.7052391198130845,3.6146463500828507,3.659942626953125,16781600,0.0,0.0
2017-12-18 00:00:00-05:00,3.687119711114241,3.75959373645656,3.6599417356212385,3.7233567237854004,9076400,0.0,0.0
2017-12-19 00:00:00-05:00,3.714297254627978,3.7414752301209804,3.6780602419568185,3.7233567237854004,8879100,0.0,0.0
2017-12-20 00:00:00-05:00,3.7142986084568554,3.841128199034174,3.7052395679767582,3.832069158554077,6589400,0.0,0.0
2017-12-21 00:00:00-05:00,3.813950084626253,3.8592465763024135,3.7958315743516606,3.841127634048462,4920900,0.0,0.0
2017-12-22 00:00:00-05:00,3.8592462952658346,3.8864238427089304,3.8320683158434106,3.850186824798584,7112800,0.0,0.0
2017-12-26 00:00:00-05:00,3.8864241322763697,3.958898173496916,3.8501871116660964,3.913602113723755,5560200,0.0,0.0
2017-12-27 00:00:00-05:00,3.8773645499053306,3.922660603332639,3.859246042138547,3.8864235877990723,8682200,0.0,0.0
2017-12-28 00:00:00-05:00,3.9226605623443174,3.9317200321226955,3.8592460018128514,3.8954830169677734,4227600,0.0,0.0
2017-12-29 00:00:00-05:00,3.9136021137237544,3.9407796631917793,3.8773650931134815,3.913602113723755,3759500,0.0,0.0
2018-01-02 00:00:00-05:00,3.9407788941539783,4.058549404144287,3.9407788941539783,4.058549404144287,8927900,0.0,0.0
2018-01-03 00:00:00-05:00,4.040430545806885,4.067608087606461,3.9588970564496786,4.040430545806885,12718000,0.0,0.0
2018-01-04 00:00:00-05:00,4.05854971343559,4.094786729735785,4.013253227070693,4.085727691650391,8780000,0.0,0.0
2018-01-05 00:00:00-05:00,4.040431541130236,4.085728031260223,3.995135051000248,4.0313720703125,6041100,0.0,0.0
2018-01-08 00:00:00-05:00,4.004194776883652,4.031372327109368,3.91360222283231,3.931720733642578,8440800,0.0,0.0
2018-01-09 00:00:00-05:00,3.904542765897738,3.904542765897738,3.750535207450413,3.759594678878784,12972900,0.0,0.0
2018-01-10 00:00:00-05:00,3.823008652313993,3.8320681223237396,3.723357074082615,3.7414755821228027,9026000,0.0,0.0
2018-01-11 00:00:00-05:00,3.7505346462071176,3.8048901707052716,3.678060613542912,3.768653154373169,11767300,0.0,0.0
2018-01-12 00:00:00-05:00,3.823009236801596,3.931720733642578,3.786772215181059,3.931720733642578,13440200,0.0,0.0
2018-01-16 00:00:00-05:00,4.076667556192478,4.1219640351640905,3.9588970564496786,4.040430545806885,21382000,0.0,0.0
2018-01-17 00:00:00-05:00,4.0132535969340895,4.067609126393814,3.9317205187341773,3.9588980674743652,27706600,0.0,0.0
2018-01-18 00:00:00-05:00,3.9407793695744497,3.9588978785296227,3.8320683158434106,3.850186824798584,7842200,0.0,0.0
2018-01-19 00:00:00-05:00,3.8501871245332957,3.8773651060715086,3.7958315934362314,3.8048906326293945,5882600,0.0,0.0
2018-01-22 00:00:00-05:00,3.8501871116660964,3.922661152886643,3.8048906199135746,3.913602113723755,8218900,0.0,0.0
2018-01-23 00:00:00-05:00,3.8683058590561523,4.121965450853989,3.8411278759430534,4.112905979156494,12881900,0.0,0.0
2018-01-24 00:00:00-05:00,4.248794105874851,4.330327605486341,4.09478657637728,4.1763200759887695,20684900,0.0,0.0
2018-01-25 00:00:00-05:00,4.212556561128076,4.212556561128076,4.00419353542129,4.040430545806885,13565600,0.0,0.0
2018-01-26 00:00:00-05:00,4.058549279431949,4.1219642671656205,4.040430773219366,4.076667785644531,6236200,0.0,0.0
2018-01-29 00:00:00-05:00,4.031372214717463,4.085728177612233,3.9045426425815064,3.913602113723755,9083300,0.0,0.0
2018-01-30 00:00:00-05:00,3.940778840492253,3.9679568162658088,3.8411268386282433,3.859245777130127,8056300,0.0,0.0
2018-01-31 00:00:00-05:00,3.904542793468569,3.958898326484493,3.832068749447337,3.922661304473877,7767800,0.0,0.0
2018-02-01 00:00:00-05:00,3.91360222283231,3.9860762660733835,3.877365201211773,3.931720733642578,6975800,0.0,0.0
2018-02-02 00:00:00-05:00,3.8230090699906105,3.8683055610295263,3.696179499852741,3.7142980098724365,10276900,0.0,0.0
2018-02-05 00:00:00-05:00,3.6961791106581408,3.750534634993783,3.6418235863224986,3.7052385807037354,10705200,0.0,0.0
2018-02-06 00:00:00-05:00,3.6418242015429496,3.741476228982359,3.5784094124385835,3.6146464347839355,12055100,0.0,0.0
2018-02-07 00:00:00-05:00,3.578409194946289,3.6690019612932185,3.5149944096962127,3.578409194946289,12516200,0.0,0.0
2018-02-08 00:00:00-05:00,3.578409194946289,3.659942490267816,3.5421721748033885,3.578409194946289,9663900,0.0,0.0
2018-02-09 00:00:00-05:00,3.5784096530640457,3.5874689092595617,3.4153428255550553,3.5149948596954346,13217000,0.0,0.0
2018-02-12 00:00:00-05:00,3.514993866645,3.6418234175505404,3.505934397019246,3.6237049102783203,9403800,0.0,0.0
2018-02-13 00:00:00-05:00,3.6237056009861917,3.659942622437704,3.533113047357411,3.560290813446045,6411500,0.0,0.0
2018-02-14 00:00:00-05:00,3.5602907870887233,3.8954836650131033,3.542172276497101,3.8683056831359863,21444300,0.0,0.0
2018-02-15 00:00:00-05:00,3.804890618919676,3.8320686003599613,3.4787572175227277,3.6055870056152344,23450200,0.0,0.0
2018-02-16 00:00:00-05:00,3.5874682749651154,3.614646038746407,3.533112747402533,3.569349765777588,10372800,0.0,0.0
2018-02-20 00:00:00-05:00,3.5240534738733946,3.5693497465988284,3.424401457887775,3.4334607124328613,13836000,0.0,0.0
2018-02-21 00:00:00-05:00,3.4606385105846105,3.478757019855498,3.3519274549592826,3.3609867095947266,14751100,0.0,0.0
2018-02-22 00:00:00-05:00,3.370046243654424,3.3881647544275917,3.2794534737989016,3.288512945175171,8451100,0.0,0.0
2018-02-23 00:00:00-05:00,3.2794532310671087,3.3066312112049423,3.2432162122028907,3.2522754669189453,7779300,0.0,0.0
2018-02-26 00:00:00-05:00,3.2703936100006104,3.3428678556001303,3.252275102598142,3.2703936100006104,8033000,0.0,0.0
2018-02-27 00:00:00-05:00,3.2432158623202727,3.2703936235364615,3.152623324932976,3.234156608581543,8882300,0.0,0.0
2018-02-28 00:00:00-05:00,3.234156783521487,3.270393800436515,3.2160382750639727,3.243216037750244,9429400,0.0,0.0
2018-03-01 00:00:00-05:00,3.2069790125529694,3.3609865500337626,3.1707419957315257,3.315690279006958,10810300,0.0,0.0
2018-03-02 00:00:00-05:00,3.3609864363812765,3.3881641980783375,3.2703936814014236,3.2975716590881348,8248500,0.0,0.0
2018-03-05 00:00:00-05:00,3.2975720032666933,3.306631258111258,3.2341570033650666,3.2794532775878906,6378200,0.0,0.0
2018-03-06 00:00:00-05:00,3.35192762855419,3.3881646489726656,3.3156906081357143,3.3700461387634277,10684300,0.0,0.0
2018-03-07 00:00:00-05:00,3.351927732881257,3.3972240098141753,3.261334963025734,3.288512945175171,8503500,0.0,0.0
2018-03-08 00:00:00-05:00,3.288512748422128,3.3156905129558227,3.225097748520502,3.2794532775878906,6841500,0.0,0.0
2018-03-09 00:00:00-05:00,3.2703936235364615,3.288512347003567,3.2069788473653538,3.234156608581543,8956600,0.0,0.0
2018-03-12 00:00:00-04:00,3.1979199386226185,3.261334721635,3.1798014291905092,3.2522754669189453,9175700,0.0,0.0
2018-03-13 00:00:00-04:00,3.2975719564888877,3.3156904659209965,3.2341569574868365,3.2522754669189453,7235300,0.0,0.0
2018-03-14 00:00:00-04:00,3.2703938547503313,3.351927360152889,3.2613346003711206,3.306631088256836,8795400,0.0,0.0
2018-03-15 00:00:00-04:00,3.306631088256836,3.3156903426360467,3.25227534599191,3.306631088256836,7021700,0.0,0.0
2018-03-16 00:00:00-04:00,3.2975720032666933,3.3428682774895173,3.2432162582096313,3.2794532775878906,17125100,0.0,0.0
2018-03-19 00:00:00-04:00,3.297571770596236,3.33380878741768,3.261334537785135,3.315690279006958,8647800,0.0,0.0
2018-03-20 00:00:00-04:00,3.3156906432811963,3.3247498984818407,3.234157130485712,3.2613348960876465,6879500,0.0,0.0
2018-03-21 00:00:00-04:00,3.297571755443628,3.3881642970809573,3.2794530311265055,3.3519272804260254,15645200,0.0,0.0
2018-03-22 00:00:00-04:00,3.351927732881257,3.3881647544275917,3.2703942184123176,3.288512945175171,10226700,0.0,0.0
2018-03-23 00:00:00-04:00,3.351927803360266,3.5240538753142356,3.342868547783199,3.478757381439209,13263200,0.0,0.0
2018-03-26 00:00:00-04:00,3.514994623334217,3.6418242015429496,3.5059351517581883,3.6146464347839355,16095300,0.0,0.0
2018-03-27 00:00:00-04:00,3.551231366202859,3.614646150316575,3.5240536015826955,3.587468385696411,10415500,0.0,0.0
2018-03-28 00:00:00-04:00,3.5421726282819823,3.6055874216505934,3.487816875119182,3.5149948596954346,8417900,0.0,0.0
2018-03-29 00:00:00-04:00,3.524053664731938,3.5965277050177398,3.5059349386708103,3.578409194946289,11441600,0.0,0.0
2018-04-02 00:00:00-04:00,3.6146458462505913,3.6237051003619096,3.5602903215826798,3.596527338027954,9168800,0.0,0.0
2018-04-03 00:00:00-04:00,3.551231366202859,3.641823914936739,3.505934875846246,3.587468385696411,10772800,0.0,0.0
2018-04-04 00:00:00-04:00,3.614646038746407,3.632764763923601,3.5512312565900603,3.569349765777588,9777000,0.0,0.0
2018-04-05 00:00:00-04:00,3.5331128564560834,3.596527640569799,3.5240536015826955,3.587468385696411,10659100,0.0,0.0
2018-04-06 00:00:00-04:00,3.6055868954431873,3.659942424683515,3.5602906210762475,3.587468385696411,12323800,0.0,0.0
2018-04-09 00:00:00-04:00,3.4425200807797305,3.5059348646916844,3.2432162582096313,3.2794532775878906,21790100,0.0,0.0
2018-04-10 00:00:00-04:00,3.2703939640933917,3.3700459815861583,3.2341569453649925,3.324749708175659,11164700,0.0,0.0
2018-04-11 00:00:00-04:00,3.388164031036047,3.469697312107499,3.3791047775836636,3.424401044845581,17243900,0.0,0.0
2018-04-12 00:00:00-04:00,3.3791053565692075,3.4606386516108065,3.342868336550719,3.4425201416015625,7140100,0.0,0.0
2018-04-13 00:00:00-04:00,3.46969825585544,3.5331132632604643,3.4425204881060147,3.460638999938965,7537200,0.0,0.0
2018-04-16 00:00:00-04:00,3.487816637016276,3.5149946197371684,3.451579614708007,3.478757381439209,12598500,0.0,0.0
2018-04-17 00:00:00-04:00,3.460637972302193,3.560289973781446,3.4515787190758638,3.505934238433838,8908200,0.0,0.0
2018-04-18 00:00:00-04:00,3.5693497829074827,3.6237053107309265,3.5240535097212797,3.5331127643585205,11439500,0.0,0.0
2018-04-19 00:00:00-04:00,3.5240530238379066,3.560290037390644,3.4696972875191627,3.496875047683716,6421900,0.0,0.0
2018-04-20 00:00:00-04:00,3.469697225528522,3.514993707649801,3.424400959396877,3.505934238433838,5620000,0.0,0.0
2018-04-23 00:00:00-04:00,3.442519465849535,3.5331122141024593,3.433460212623206,3.505934238433838,7149700,0.0,0.0
2018-04-24 00:00:00-04:00,3.5059349572030944,3.5602907036944464,3.4968757021194823,3.5421721935272217,5752200,0.0,0.0
2018-04-25 00:00:00-04:00,3.5059347844571307,3.5512312736330016,3.4878162751826496,3.5331127643585205,6636300,0.0,0.0
2018-04-26 00:00:00-04:00,3.5421721935272217,3.6055869791125073,3.5331129384436095,3.5421721935272217,7971700,0.0,0.0
2018-04-27 00:00:00-04:00,3.551231366202859,3.596527640569799,3.551231366202859,3.587468385696411,3457400,0.0,0.0
2018-04-30 00:00:00-04:00,3.5512318844774984,3.5784096530640457,3.5059353875102137,3.5149948596954346,7909000,0.0,0.0
2018-05-01 00:00:00-04:00,3.505934767631575,3.5874682749651154,3.46969774925652,3.569349765777588,8913500,0.0,0.0
2018-05-02 00:00:00-04:00,3.5874682749651154,3.641823802527698,3.5602905111838243,3.569349765777588,8407600,0.0,0.0
2018-05-03 00:00:00-04:00,3.6327648162841797,3.659942364467526,3.5965275813971553,3.6327648162841797,7182600,0.0,0.0
2018-05-04 00:00:00-04:00,3.605586945221037,3.6780609852087,3.578409180225664,3.650883436203003,8740400,0.0,0.0
2018-05-07 00:00:00-04:00,3.650883436203003,3.7052389661937495,3.623705455217953,3.650883436203003,7140500,0.0,0.0
2018-05-08 00:00:00-04:00,3.632764573632311,3.7324161529541016,3.5602903246888764,3.7324161529541016,10472700,0.0,0.0
2018-05-09 00:00:00-04:00,3.4878162924534557,3.5059348018176553,3.197919926636593,3.324749708175659,25608800,0.0,0.0
2018-05-10 00:00:00-04:00,3.3972237750241496,3.4515793035870153,3.370046010742717,3.388164520263672,10967900,0.0,0.0
2018-05-11 00:00:00-04:00,3.3972237750241496,3.4062830297846274,3.3609867559822395,3.388164520263672,6986700,0.0,0.0
2018-05-14 00:00:00-04:00,3.3881646489726656,3.43346092449576,3.35192762855419,3.3700461387634277,6693800,0.0,0.0
2018-05-15 00:00:00-04:00,3.2975716590881348,3.315690166886175,3.2613344275024034,3.2975716590881348,11632800,0.0,0.0
2018-05-16 00:00:00-04:00,3.297572152699004,3.3156906632091894,3.225097894668579,3.225097894668579,7643500,0.0,0.0
2018-05-17 00:00:00-04:00,3.2522756604338574,3.26133491568895,3.1707423631380225,3.225097894668579,8614900,0.0,0.0
2018-05-18 00:00:00-04:00,3.2160384480547273,3.2794532310671087,3.188860683906564,3.2522754669189453,7546800,0.0,0.0
2018-05-21 00:00:00-04:00,3.2432162582096313,3.288512748422128,3.225097748520502,3.2794532775878906,5769000,0.0,0.0
2018-05-22 00:00:00-04:00,3.288512701772833,3.3156904659209965,3.225097702770782,3.2522754669189453,6392600,0.0,0.0
2018-05-23 00:00:00-04:00,3.234157130485712,3.279453406488936,3.2250978752850674,3.2613348960876465,4359700,0.0,0.0
2018-05-24 00:00:00-04:00,3.279452935300444,3.3247494207851958,3.2613344275024034,3.2975716590881348,4868900,0.0,0.0
2018-05-25 00:00:00-04:00,3.297572132879907,3.297572132879907,3.234157130485712,3.2613348960876465,5156800,0.0,0.0
2018-05-29 00:00:00-04:00,3.2250973548428132,3.288512347003567,3.2069788473653538,3.234156608581543,6805100,0.0,0.0
2018-05-30 00:00:00-04:00,3.2522757076391504,3.3247499667215057,3.225097941479399,3.288512945175171,4399200,0.0,0.0
2018-05-31 00:00:00-04:00,3.3066313880805516,3.3156906432811963,3.2613348960876465,3.2613348960876465,3981400,0.0,0.0
2018-06-01 00:00:00-04:00,3.243216037750244,3.2794530546652725,3.2160382750639727,3.243216037750244,6712900,0.0,0.0
2018-06-04 00:00:00-04:00,3.2613349811024404,3.270394236539237,3.216038703918457,3.216038703918457,2949600,0.0,0.0
2018-06-05 00:00:00-04:00,3.2432158623202727,3.279452877275191,3.197919593626624,3.234156608581543,4504400,0.0,0.0
2018-06-06 00:00:00-04:00,3.2613345462077583,3.2794530546652725,3.2160382750639727,3.243216037750244,8191600,0.0,0.0
2018-06-07 00:00:00-04:00,3.2341572147920505,3.2522757256656436,3.1979201930448635,3.216038703918457,6535500,0.0,0.0
2018-06-08 00:00:00-04:00,3.206979020835216,3.252275291979001,3.197919766606459,3.243216037750244,4122300,0.0,0.0
2018-06-11 00:00:00-04:00,3.2341566658053424,3.315690166886175,3.2341566658053424,3.2975716590881348,6023400,0.0,0.0
2018-06-12 00:00:00-04:00,3.288512672511175,3.3972237281365025,3.288512672511175,3.3609867095947266,6700700,0.0,0.0
2018-06-13 00:00:00-04:00,3.360986883658809,3.4062831591819034,3.3156906081357143,3.3700461387634277,6030800,0.0,0.0
2018-06-14 00:00:00-04:00,3.406282948797601,3.4425199669779483,3.379105185162341,3.4334607124328613,5810000,0.0,0.0
2018-06-15 00:00:00-04:00,3.360986883658809,3.3881646489726656,3.3066313530310953,3.3700461387634277,18873100,0.0,0.0
2018-06-18 00:00:00-04:00,3.3428676021997603,3.3972231202868386,3.3338083491852473,3.3791046142578125,3954600,0.0,0.0
2018-06-19 00:00:00-04:00,3.3519268552142734,3.4244008793303777,3.3428676021997603,3.3791046142578125,4386300,0.0,0.0
2018-06-20 00:00:00-04:00,3.3609865345897583,3.406282805408423,3.3428680262622925,3.3519272804260254,3993800,0.0,0.0
2018-06-21 00:00:00-04:00,3.333809548657695,3.397224342575316,3.333809548657695,3.3428688049316406,4546900,0.0,0.0
2018-06-22 00:00:00-04:00,3.3700461387634277,3.424401669391141,3.360986883658809,3.3700461387634277,4991400,0.0,0.0
2018-06-25 00:00:00-04:00,3.3700459815861583,3.3972237456324574,3.324749708175659,3.324749708175659,4960400,0.0,0.0
2018-06-26 00:00:00-04:00,3.306631227419374,3.4244015393055824,3.288512717898419,3.388164520263672,6875000,0.0,0.0
2018-06-27 00:00:00-04:00,3.333808962857759,3.4153422549966574,3.3156904534935596,3.324749708175659,6720400,0.0,0.0
2018-06-28 00:00:00-04:00,3.3156904534935596,3.3519274722219587,3.29757194412936,3.324749708175659,4217500,0.0,0.0
2018-06-29 00:00:00-04:00,3.333808866403938,3.4334606650239077,3.333808866403938,3.406282901763916,6811300,0.0,0.0
2018-07-02 00:00:00-04:00,3.360986883658809,3.460638689809617,3.35192762855419,3.3700461387634277,4038900,0.0,0.0
2018-07-03 00:00:00-04:00,3.3972240812456027,3.5240538753142356,3.3972240812456027,3.478757381439209,7509600,0.0,0.0
2018-07-05 00:00:00-04:00,3.505934238433838,3.52405296087613,3.469697225528522,3.505934238433838,8736500,0.0,0.0
2018-07-06 00:00:00-04:00,3.4878165545533353,3.569350068808923,3.4878165545533353,3.560290813446045,6454900,0.0,0.0
2018-07-09 00:00:00-04:00,3.5784096530640457,3.6055874216505934,3.5149948596954346,3.5149948596954346,5486200,0.0,0.0
2018-07-10 00:00:00-04:00,3.4968755932143027,3.533112828409873,3.469697828809879,3.5240535736083984,2878400,0.0,0.0
2018-07-11 00:00:00-04:00,3.469697312107499,3.5149937953590564,3.388164031036047,3.424401044845581,5100500,0.0,0.0
2018-07-12 00:00:00-04:00,3.4334607124328613,3.4968754942484686,3.415342203342688,3.4334607124328613,4503100,0.0,0.0
2018-07-13 00:00:00-04:00,3.3791053113985323,3.4515793504667025,3.3519275467479686,3.415342330932617,3247200,0.0,0.0
2018-07-16 00:00:00-04:00,3.3881638672723255,3.433460132344891,3.3791046142578125,3.3791046142578125,3171100,0.0,0.0
2018-07-17 00:00:00-04:00,3.3609866296639295,3.4334606650239077,3.342868120823935,3.406282901763916,5302900,0.0,0.0
2018-07-18 00:00:00-04:00,3.3881644735010585,3.4334607466782785,3.3519274549592826,3.3609867095947266,4762600,0.0,0.0
2018-07-19 00:00:00-04:00,3.306630912987155,3.3972234519773576,3.2885124051891146,3.2975716590881348,8441600,0.0,0.0
2018-07-20 00:00:00-04:00,3.333809548657695,3.379105830027424,3.315691036109803,3.3428688049316406,5785900,0.0,0.0
2018-07-23 00:00:00-04:00,3.306630912987155,3.333808674684216,3.2703936814014236,3.2975716590881348,4841200,0.0,0.0
2018-07-24 00:00:00-04:00,3.324749708175659,3.3519274722219587,3.3066311988114596,3.324749708175659,6840700,0.0,0.0
2018-07-25 00:00:00-04:00,3.3338088989257812,3.351927407942525,3.2613346468691424,3.3338088989257812,6019600,0.0,0.0
2018-07-26 00:00:00-04:00,3.2975719564888877,3.3338089753531057,3.2522754669189453,3.2522754669189453,7363300,0.0,0.0
2018-07-27 00:00:00-04:00,3.2703939763510546,3.3156904659209965,3.2432162122028907,3.2522754669189453,5086700,0.0,0.0
2018-07-30 00:00:00-04:00,3.2522756408870017,3.288512877679262,3.234157130485712,3.2613348960876465,4919200,0.0,0.0
2018-07-31 00:00:00-04:00,3.2613348960876465,3.288512877679262,3.243216385686357,3.2613348960876465,6341000,0.0,0.0
2018-08-01 00:00:00-04:00,3.234156608581543,3.279452877275191,3.2250973548428132,3.234156608581543,3739100,0.0,0.0
2018-08-02 00:00:00-04:00,3.1979205688449492,3.2160390818477196,3.0801502343269416,3.098268747329712,8942500,0.0,0.0
2018-08-03 00:00:00-04:00,3.1254454914641214,3.1888602661692342,3.098267730876216,3.1073269844055176,5804500,0.0,0.0
2018-08-06 00:00:00-04:00,3.0892093181610107,3.1345055981361605,3.0892093181610107,3.0892093181610107,3004600,0.0,0.0
2018-08-07 00:00:00-04:00,3.1254461857683733,3.1254461857683733,3.0076756477355957,3.0076756477355957,6572200,0.0,0.0
2018-08-08 00:00:00-04:00,3.0257935660476654,3.034852819814678,2.962378789678576,2.9895565509796143,6569400,0.0,0.0
2018-08-09 00:00:00-04:00,2.9895574217502956,3.0257944473731326,2.908024114098912,2.93520188331604,7705400,0.0,0.0
2018-08-10 00:00:00-04:00,2.9442602734562624,2.9442602734562624,2.844608482313187,2.853667736053467,9063100,0.0,0.0
2018-08-13 00:00:00-04:00,2.8355496995325438,2.853668210022427,2.7721346968282714,2.8174309730529785,10895700,0.0,0.0
2018-08-14 00:00:00-04:00,2.826489941265318,2.8446086659049103,2.7721344153155223,2.790252923965454,5285000,0.0,0.0
2018-08-15 00:00:00-04:00,2.74495684740986,2.754016102378618,2.518475257201228,2.590949296951294,16778800,0.0,0.0
2018-08-16 00:00:00-04:00,2.609067863254756,2.654364135327305,2.527534357534506,2.5456528663635254,10831200,0.0,0.0
2018-08-17 00:00:00-04:00,2.563771365352149,2.699660397037882,2.563771365352149,2.6181271076202393,14462500,0.0,0.0
2018-08-20 00:00:00-04:00,2.600008487701416,2.6543642321610874,2.554712213976415,2.600008487701416,12981000,0.0,0.0
2018-08-21 00:00:00-04:00,2.600008487701416,2.627186467926087,2.554712213976415,2.600008487701416,7360400,0.0,0.0
2018-08-22 00:00:00-04:00,2.6181272180156054,2.6634234918242483,2.6000084925024773,2.6362457275390625,6510700,0.0,0.0
2018-08-23 00:00:00-04:00,2.6543641251391916,2.6543641251391916,2.581889874111625,2.6181271076202393,7758600,0.0,0.0
2018-08-24 00:00:00-04:00,2.645305413544238,2.763075744645885,2.6362461573056497,2.7087202072143555,8968700,0.0,0.0
2018-08-27 00:00:00-04:00,2.7177790314489894,2.790253069837601,2.7177790314489894,2.7358975410461426,6018700,0.0,0.0
2018-08-28 00:00:00-04:00,2.7721341532568893,2.7902526601940214,2.6815416185712286,2.690600872039795,6981500,0.0,0.0
2018-08-29 00:00:00-04:00,2.690601204273091,2.7630752409706556,2.690601204273091,2.7449567317962646,5597600,0.0,0.0
2018-08-30 00:00:00-04:00,2.7177794634529437,2.7358979759301203,2.690601694737179,2.7087202072143555,5156500,0.0,0.0
2018-08-31 00:00:00-04:00,2.726838175558157,2.7993122110048603,2.7087196666964815,2.7177789211273193,10414100,0.0,0.0
2018-09-04 00:00:00-04:00,2.690601769997054,2.7087202829810306,2.5456534501355303,2.563771963119507,9647600,0.0,0.0
2018-09-05 00:00:00-04:00,2.5818904341749147,2.590949690519785,2.5184756397608203,2.5365941524505615,5081200,0.0,0.0
2018-09-06 00:00:00-04:00,2.572831177830044,2.6362461882338466,2.5275348961056907,2.5365941524505615,6078400,0.0,0.0
2018-09-07 00:00:00-04:00,2.527534937151554,2.5909497325954716,2.491297911183601,2.563771963119507,6294400,0.0,0.0
2018-09-10 00:00:00-04:00,2.554712579440436,2.5909496036043187,2.4641200190307297,2.482238531112671,7450500,0.0,0.0
2018-09-11 00:00:00-04:00,2.4641196089919144,2.4912973725923435,2.418823336324532,2.4731788635253906,7123500,0.0,0.0
2018-09-12 00:00:00-04:00,2.4550600319188285,2.6090675547444726,2.4460007785755336,2.5547118186950684,10523800,0.0,0.0
2018-09-13 00:00:00-04:00,2.600008446279776,2.6362456806721393,2.5184751548737103,2.609067916870117,11440800,0.0,0.0
2018-09-14 00:00:00-04:00,2.627186361999977,2.6906011426581435,2.5909491284913635,2.6181271076202393,14663200,0.0,0.0
2018-09-17 00:00:00-04:00,2.6453050551937642,2.7630753703414674,2.6271865451710408,2.7268383502960205,13988500,0.0,0.0
2018-09-18 00:00:00-04:00,2.754016115330106,2.7811938803641914,2.699660585261935,2.7268383502960205,7222400,0.0,0.0
2018-09-19 00:00:00-04:00,2.7268382226218733,2.799312259319438,2.7087197134474823,2.7449567317962646,9979100,0.0,0.0
2018-09-20 00:00:00-04:00,2.7811938803641914,2.799312390386915,2.6634235652164877,2.7268383502960205,8106400,0.0,0.0
2018-09-21 00:00:00-04:00,2.67248272895813,2.7449567665739156,2.627186455448264,2.67248272895813,23375700,0.0,0.0
2018-09-24 00:00:00-04:00,2.708720297752115,2.7449573239176743,2.6543647585037764,2.663424015045166,9836600,0.0,0.0
2018-09-25 00:00:00-04:00,2.6815416185712286,2.7449563928511913,2.672482365102663,2.690600872039795,7350700,0.0,0.0
2018-09-26 00:00:00-04:00,2.690601769997054,2.690601769997054,2.5184756806595656,2.563771963119507,17016200,0.0,0.0
2018-09-27 00:00:00-04:00,2.518475136192773,2.545652899793202,2.4641196089919144,2.4731788635253906,18394100,0.0,0.0
2018-09-28 00:00:00-04:00,2.5003568227281026,2.5365938436968216,2.436942036032845,2.4460012912750244,15250900,0.0,0.0
2018-10-01 00:00:00-04:00,2.446001442845045,2.5275347450769914,2.418823675434396,2.491297721862793,13083500,0.0,0.0
2018-10-02 00:00:00-04:00,2.536593611949016,2.609067863254756,2.527534357534506,2.5456528663635254,15155900,0.0,0.0
2018-10-03 00:00:00-04:00,2.5637708415007965,2.5728300940294715,2.4822375687427223,2.518474578857422,8963100,0.0,0.0
2018-10-04 00:00:00-04:00,2.518475489273442,2.56377176829119,2.4731792102556938,2.491297721862793,13710800,0.0,0.0
2018-10-05 00:00:00-04:00,2.518475423748613,2.563771701587858,2.500356912612915,2.500356912612915,13021500,0.0,0.0
2018-10-08 00:00:00-04:00,2.455060214313992,2.536593500461041,2.4369417062813143,2.527534246444702,8493300,0.0,0.0
2018-10-09 00:00:00-04:00,2.527534811317524,2.545653323399465,2.455060762989759,2.482238531112671,11306100,0.0,0.0
2018-10-10 00:00:00-04:00,2.4731793981996244,2.6271869745531364,2.4369423722316714,2.563771963119507,17252000,0.0,0.0
2018-10-11 00:00:00-04:00,2.618127138306813,2.7268381921378513,2.600008413345309,2.681541919708252,20516500,0.0,0.0
2018-10-12 00:00:00-04:00,2.6724826990748354,2.6724826990748354,2.5456529186757324,2.609067916870117,12345800,0.0,0.0
2018-10-15 00:00:00-04:00,2.6634235567187727,2.735897596578437,2.5728307909045163,2.6271865367889404,14702900,0.0,0.0
2018-10-16 00:00:00-04:00,2.6543641251391916,2.6724826338986674,2.581889874111625,2.6181271076202393,11303900,0.0,0.0
2018-10-17 00:00:00-04:00,2.6271865328160025,2.681542062628552,2.5818900419825357,2.590949296951294,12283000,0.0,0.0
2018-10-18 00:00:00-04:00,2.5818893909454346,2.6634228810948324,2.563770885576595,2.5818893909454346,11571200,0.0,0.0
2018-10-19 00:00:00-04:00,2.6090683061153714,2.672483097780902,2.5909495782212346,2.654364585876465,18182200,0.0,0.0
2018-10-22 00:00:00-04:00,2.618126808087767,2.6271860614310616,2.51847480532189,2.5547118186950684,16267900,0.0,0.0
2018-10-23 00:00:00-04:00,2.618126808087767,2.654363821460945,2.5365933120084794,2.5547118186950684,17688600,0.0,0.0
2018-10-24 00:00:00-04:00,2.5547124460200092,2.581890212723556,2.473179145909368,2.500356912612915,14205100,0.0,0.0
2018-10-25 00:00:00-04:00,2.4731789595992986,2.5184752340262744,2.337289920328697,2.3554084300994873,18693100,0.0,0.0
2018-10-26 00:00:00-04:00,2.382585940004468,2.4912969771505606,2.3644672178238215,2.3916451930999756,17549000,0.0,0.0
2018-10-29 00:00:00-04:00,2.3735267705396783,2.4822380373984863,2.3282304993441993,2.3825862407684326,12779600,0.0,0.0
2018-10-30 00:00:00-04:00,2.3644674393384175,2.436941686881844,2.346348931449974,2.427882432937622,16889800,0.0,0.0
2018-10-31 00:00:00-04:00,2.37352700474843,2.4097642412701954,2.3372899842163437,2.3463492393493652,12822100,0.0,0.0
2018-11-01 00:00:00-04:00,2.409764356934425,2.5547124460200092,2.409764356934425,2.500356912612915,22323800,0.0,0.0
2018-11-02 00:00:00-04:00,2.509416233469892,2.536594000880541,2.464119954452144,2.491297721862793,11438900,0.0,0.0
2018-11-05 00:00:00-05:00,2.4912977871536413,2.5637718354814067,2.436942250907818,2.482238531112671,14356600,0.0,0.0
2018-11-06 00:00:00-05:00,2.491297567485923,2.5003568227281026,2.427882780790665,2.4460012912750244,9338800,0.0,0.0
2018-11-07 00:00:00-05:00,2.4641197559753603,2.4822382661230726,2.3916457153845103,2.418823480606079,17541200,0.0,0.0
2018-11-08 00:00:00-05:00,2.355408075890825,2.4641193341571315,2.2738747941833264,2.409763813018799,24673800,0.0,0.0
2018-11-09 00:00:00-05:00,2.37352700474843,2.382586475871131,2.3010529636842576,2.3463492393493652,14953700,0.0,0.0
2018-11-12 00:00:00-05:00,2.328230702407475,2.3554084674951485,2.2829344272613525,2.2829344272613525,12479400,0.0,0.0
2018-11-13 00:00:00-05:00,2.282934532701845,2.3191715544924,2.192341978225457,2.2014012336730957,17208200,0.0,0.0
2018-11-14 00:00:00-05:00,2.2104600601259525,2.2648155822627434,2.1561045379891617,2.228578567504883,24199900,0.0,0.0
2018-11-15 00:00:00-05:00,2.237638473510742,2.2648162425020013,2.1742236791978047,2.237638473510742,11213900,0.0,0.0
2018-11-16 00:00:00-05:00,2.2738753876614592,2.346349434761523,2.2648161317739515,2.319171667098999,14486000,0.0,0.0
2018-11-19 00:00:00-05:00,2.3463493039818104,2.4188235630320354,2.3191715378341082,2.337290048599243,11757900,0.0,0.0
2018-11-20 00:00:00-05:00,2.3463491115702766,2.38258634611861,2.2557565651736127,2.3644676208496094,11436300,0.0,0.0
2018-11-21 00:00:00-05:00,2.373526631733,2.482237892234243,2.373526631733,2.436941623687744,17292000,0.0,0.0
2018-11-23 00:00:00-05:00,2.400704951999935,2.4731789920335503,2.373526970997653,2.4550604820251465,6642100,0.0,0.0
2018-11-26 00:00:00-05:00,2.43694187932576,2.491297407283516,2.3825863513680035,2.400704860687256,10981600,0.0,0.0
2018-11-27 00:00:00-05:00,2.391645796884333,2.4097643076494677,2.264816005538704,2.337290048599243,10076500,0.0,0.0
2018-11-28 00:00:00-05:00,2.337289950980846,2.5184752670545594,2.31011218596824,2.4550604820251465,13061700,0.0,0.0
2018-11-29 00:00:00-05:00,2.4912973725923435,2.5728306633936318,2.4641196089919144,2.4731788635253906,12371100,0.0,0.0
2018-11-30 00:00:00-05:00,2.4550604820251465,2.5275345220587613,2.409764207004137,2.4550604820251465,14257500,0.0,0.0
2018-12-03 00:00:00-05:00,2.527534937151554,2.60000898908746,2.4822386546916126,2.563771963119507,10968100,0.0,0.0
2018-12-04 00:00:00-05:00,2.5818904341749147,2.6815424699582,2.500357127071079,2.5365941524505615,28829900,0.0,0.0
2018-12-06 00:00:00-05:00,2.51847480532189,2.581889578724952,2.500356298635301,2.5547118186950684,23661900,0.0,0.0
2018-12-07 00:00:00-05:00,2.6000078963142736,2.654363628410413,2.563770885576595,2.5818893909454346,23449400,0.0,0.0
2018-12-10 00:00:00-05:00,2.5818900419825357,2.6634235526910355,2.5365937671387444,2.590949296951294,15148300,0.0,0.0
2018-12-11 00:00:00-05:00,2.609067911348139,2.6362456750926406,2.5456529132879693,2.5728306770324707,9622100,0.0,0.0
2018-12-12 00:00:00-05:00,2.5728306197318873,2.6453048707594533,2.563771365352149,2.6181271076202393,9903400,0.0,0.0
2018-12-13 00:00:00-05:00,2.6090680268240245,2.6362457917713984,2.5818900458869742,2.6271865367889404,7958000,0.0,0.0
2018-12-14 00:00:00-05:00,2.572830682477754,2.6271864260714652,2.5094159002730363,2.609067916870117,15761400,0.0,0.0
2018-12-17 00:00:00-05:00,2.6271865451710408,2.7358976053073825,2.6000085641472785,2.7268383502960205,30136400,0.0,0.0
2018-12-18 00:00:00-05:00,2.717778889365726,2.826489941265318,2.690601126390828,2.790252923965454,31648600,0.0,0.0
2018-12-19 00:00:00-05:00,2.708719760631088,2.9080235810107617,2.5818899782114157,2.600008487701416,38026100,0.0,0.0
2018-12-20 00:00:00-05:00,2.7268377995344513,2.8627268132479475,2.654363774081724,2.8446083068847656,38110200,0.0,0.0
2018-12-21 00:00:00-05:00,2.8264901638031006,2.908023675136825,2.7087198483061434,2.8264901638031006,137772000,0.0,0.0
2018-12-24 00:00:00-05:00,2.8808455057754614,3.0257935660476654,2.835549236940398,2.9895565509796143,14726900,0.0,0.0
2018-12-26 00:00:00-05:00,3.043911876879765,3.052971130061356,2.7811933186239965,2.8446083068847656,16140100,0.0,0.0
2018-12-27 00:00:00-05:00,2.908024114098912,2.9895574217502956,2.871787088476075,2.93520188331604,22196300,0.0,0.0
2018-12-28 00:00:00-05:00,2.917083045140622,2.9804978329074636,2.853668257373781,2.8808460235595703,14212800,0.0,0.0
2018-12-31 00:00:00-05:00,2.8899056012874933,2.93520188331604,2.8264905904578184,2.93520188331604,9738500,0.0,0.0
2019-01-02 00:00:00-05:00,2.9442611397217493,2.998616678156005,2.8989648576932026,2.93520188331604,10798000,0.0,0.0
2019-01-03 00:00:00-05:00,2.962379477630698,2.971438733501538,2.8899054306639793,2.926142454147339,13357700,0.0,0.0
2019-01-04 00:00:00-05:00,2.908024114098912,2.9533203961274586,2.8536685756646563,2.93520188331604,10712200,0.0,0.0
2019-01-07 00:00:00-05:00,2.9442608113264117,2.9714385775122008,2.871786768164307,2.8808460235595703,9338300,0.0,0.0
2019-01-08 00:00:00-05:00,2.8808450618206027,2.926141323675251,2.8174300792344815,2.9170820713043213,18027100,0.0,0.0
2019-01-09 00:00:00-05:00,2.8808450618206027,2.9623783331589695,2.8627265570787435,2.9170820713043213,10678900,0.0,0.0
2019-01-10 00:00:00-05:00,2.9080239210813716,2.9352016884945993,2.826490402851994,2.862727642059326,10598500,0.0,0.0
2019-01-11 00:00:00-05:00,2.8717867039244647,2.917082979887534,2.8446089383466227,2.8899052143096924,10117600,0.0,0.0
2019-01-14 00:00:00-05:00,2.92614243269019,2.9352016884945993,2.8355498746460985,2.862727642059326,9978400,0.0,0.0
2019-01-15 00:00:00-05:00,2.880845797345127,2.889905052029025,2.7902530345164824,2.8083715438842773,13505900,0.0,0.0
2019-01-16 00:00:00-05:00,2.790253337069628,2.871786854055229,2.790253337069628,2.835549831390381,8029500,0.0,0.0
2019-01-17 00:00:00-05:00,2.817431147047585,2.862727642059326,2.7993126354387665,2.862727642059326,9859100,0.0,0.0
2019-01-18 00:00:00-05:00,2.8264900532520727,2.9080235613968197,2.7902530345164824,2.8083715438842773,14750200,0.0,0.0
2019-01-22 00:00:00-05:00,2.8536675600663566,2.8717860664295385,2.7902525718055875,2.8446083068847656,12892500,0.0,0.0
2019-01-23 00:00:00-05:00,2.8536681449074606,2.8627273999456877,2.7902531436501907,2.8264901638031006,8070100,0.0,0.0
2019-01-24 00:00:00-05:00,2.81743033135036,2.8627268132479475,2.808371078168769,2.8446083068847656,5107000,0.0,0.0
2019-01-25 00:00:00-05:00,2.908023942405659,2.980497989372378,2.8536684071806198,2.926142454147339,12014300,0.0,0.0
2019-01-28 00:00:00-05:00,2.93520188331604,2.962379652533168,2.908024114098912,2.93520188331604,8675500,0.0,0.0
2019-01-29 00:00:00-05:00,2.9714382970595765,2.9895568061400275,2.908023515277999,2.953319787979126,14964800,0.0,0.0
2019-01-30 00:00:00-05:00,2.926141822495914,3.107327116790856,2.926141822495914,3.0167343616485596,19010000,0.0,0.0
2019-01-31 00:00:00-05:00,3.0257936641957666,3.0801494045506352,2.9986159020131598,3.043912172317505,13679800,0.0,0.0
2019-02-01 00:00:00-05:00,3.034853329328887,3.062031311182418,2.980497797601191,3.052971839904785,9345300,0.0,0.0
2019-02-04 00:00:00-05:00,3.0076750449463865,3.052971313577124,2.998615791220239,3.0257935523986816,7167300,0.0,0.0
2019-02-05 00:00:00-05:00,3.0257936571857553,3.1163864135742188,3.007675149105993,3.1163864135742188,8857200,0.0,0.0
2019-02-06 00:00:00-05:00,3.0801495395708813,3.143564320776791,3.034853051291283,3.0620310306549072,16905100,0.0,0.0
2019-02-07 00:00:00-05:00,3.062030847214533,3.089208608960327,2.980497345987501,3.0167343616485596,10646400,0.0,0.0
2019-02-08 00:00:00-05:00,3.0167346510927993,3.1073274149271275,3.0167346510927993,3.0801496505737305,8601200,0.0,0.0
2019-02-11 00:00:00-05:00,3.062030847214533,3.080149355045062,3.007675107733295,3.0167343616485596,6771200,0.0,0.0
2019-02-12 00:00:00-05:00,3.0348523521264066,3.0348523521264066,2.8808450618206027,2.9170820713043213,14145900,0.0,0.0
2019-02-13 00:00:00-05:00,2.917082372278409,2.9714378921121947,2.862726852444624,2.9080231189727783,9648500,0.0,0.0
2019-02-14 00:00:00-05:00,2.9170827698182245,3.0439123333813796,2.8899050061975484,2.953319787979126,24510800,0.0,0.0
2019-02-15 00:00:00-05:00,2.98955656724408,3.161682605743408,2.9261417905299876,3.161682605743408,15462700,0.0,0.0
2019-02-19 00:00:00-05:00,3.1888607428549123,3.4515793504667025,3.17074223308787,3.415342330932617,25601000,0.0,0.0
2019-02-20 00:00:00-05:00,3.424401631592318,3.469697906615429,3.370046101564585,3.4425201416015625,21877100,0.0,0.0
2019-02-21 00:00:00-05:00,3.4062828864281536,3.4425199039449965,3.2703938547503313,3.306631088256836,22839800,0.0,0.0
2019-02-22 00:00:00-05:00,3.351927732881257,3.370046243654424,3.2794534737989016,3.288512945175171,12799300,0.0,0.0
2019-02-25 00:00:00-05:00,3.279452891156149,3.3156901222540953,3.179801099608326,3.1979196071624756,14383100,0.0,0.0
2019-02-26 00:00:00-05:00,3.179801063444686,3.2160380781408646,3.0982677803782845,3.134504795074463,18336700,0.0,0.0
2019-02-27 00:00:00-05:00,3.1163868429101136,3.134505353486012,3.0257940740409373,3.052971839904785,16966700,0.0,0.0
2019-02-28 00:00:00-05:00,3.0529713773096177,3.080149355045062,3.007675107733295,3.0167343616485596,9901400,0.0,0.0
2019-03-01 00:00:00-05:00,2.9714378921121947,3.0620306411581395,2.8989638656671475,2.9080231189727783,13008700,0.0,0.0
2019-03-04 00:00:00-05:00,2.8899056012874933,2.971438908938877,2.8264905904578184,2.93520188331604,23192000,0.0,0.0
2019-03-05 00:00:00-05:00,2.9352011048075175,2.9714381208191476,2.8899048347929797,2.944260358810425,9549200,0.0,0.0
2019-03-06 00:00:00-05:00,2.962379388801356,2.9804978999997376,2.8717868328094482,2.8717868328094482,8363500,0.0,0.0
2019-03-07 00:00:00-05:00,2.8627268132479475,2.917082332337493,2.8355490537031747,2.8446083068847656,11137600,0.0,0.0
2019-03-08 00:00:00-05:00,2.9352011235870763,3.062030896428897,2.908023361404469,3.043912172317505,13025800,0.0,0.0
2019-03-11 00:00:00-04:00,3.043912059850977,3.052971313577124,2.962378776315649,3.0257935523986816,10080400,0.0,0.0
2019-03-12 00:00:00-04:00,3.0529712960184168,3.152623302422552,3.043912042344372,3.134504795074463,10797700,0.0,0.0
2019-03-13 00:00:00-04:00,3.170741873606504,3.2160381428886673,3.107327096611476,3.125445604324341,10276800,0.0,0.0
2019-03-14 00:00:00-04:00,3.043912172317505,3.0801494045506352,3.0167344101348976,3.043912172317505,6786600,0.0,0.0
2019-03-15 00:00:00-04:00,3.0801495395708813,3.0982680484868554,2.9804975245433605,3.0620310306549072,20247600,0.0,0.0
2019-03-18 00:00:00-04:00,3.0801497297115863,3.0982682397460337,2.9895569635496706,2.9986162185668945,8608600,0.0,0.0
2019-03-19 00:00:00-04:00,3.034853414360924,3.052971925444476,2.980497881110268,3.0076756477355957,7261500,0.0,0.0
2019-03-20 00:00:00-04:00,2.998615726064254,3.134504744993423,2.935200951359141,3.1073269844055176,11019000,0.0,0.0
2019-03-21 00:00:00-04:00,3.107327034052329,3.1435640487485075,3.043912042344372,3.134504795074463,9807100,0.0,0.0
2019-03-22 00:00:00-04:00,3.12544659845371,3.179802138881495,3.107328084977781,3.1526243686676025,9950200,0.0,0.0
2019-03-25 00:00:00-04:00,3.1707422194531127,3.2975720032666933,3.1707422194531127,3.2794532775878906,11077400,0.0,0.0
2019-03-26 00:00:00-04:00,3.2341565951956732,3.297571587093959,3.216038087793205,3.2703936100006104,7130300,0.0,0.0
2019-03-27 00:00:00-04:00,3.261334561966362,3.279453070511424,3.2069790363311768,3.2069790363311768,10061500,0.0,0.0
2019-03-28 00:00:00-04:00,3.1616825055813287,3.1616825055813287,3.052971247240065,3.1073269844055176,8768100,0.0,0.0
2019-03-29 00:00:00-04:00,3.134504921653981,3.179801191853386,3.098267905494457,3.1163864135742188,9227500,0.0,0.0
2019-04-01 00:00:00-04:00,3.1345048131020983,3.1526233205543934,2.9895565374940913,3.0257935523986816,9577600,0.0,0.0
2019-04-02 00:00:00-04:00,3.034852918256636,3.0801494045506352,3.0167344101348976,3.043912172317505,7634800,0.0,0.0
2019-04-03 00:00:00-04:00,3.043912715222526,3.1163869766254693,3.016734948192557,3.0710906982421875,11327100,0.0,0.0
2019-04-04 00:00:00-04:00,3.016734678535792,3.161682972395497,2.9895569139351608,3.143564462661743,7516600,0.0,0.0
2019-04-05 00:00:00-04:00,3.152623526277499,3.18886054354672,3.107327254690972,3.1707420349121094,8467400,0.0,0.0
2019-04-08 00:00:00-04:00,3.216038703918457,3.2432164702288473,3.17980168217127,3.216038703918457,8197700,0.0,0.0
2019-04-09 00:00:00-04:00,3.243216385686357,3.2613348960876465,3.206979364883778,3.2613348960876465,5578400,0.0,0.0
2019-04-10 00:00:00-04:00,3.234156686192996,3.2794529559736385,3.1888604164123535,3.1888604164123535,5860900,0.0,0.0
2019-04-11 00:00:00-04:00,3.125445952927989,3.225097756463636,3.116386698061112,3.143564462661743,8581800,0.0,0.0
2019-04-12 00:00:00-04:00,3.170742227262374,3.188860736996128,3.125445952927989,3.143564462661743,7942700,0.0,0.0
2019-04-15 00:00:00-04:00,3.107327254690972,3.18886054354672,3.0892087460563618,3.1707420349121094,6557700,0.0,0.0
2019-04-16 00:00:00-04:00,3.08920852670424,3.152623302422552,3.0801492730301954,3.134504795074463,6727500,0.0,0.0
2019-04-17 00:00:00-04:00,3.1345049289158493,3.1526234370375876,3.0167344101348976,3.043912172317505,9075600,0.0,0.0
2019-04-18 00:00:00-04:00,3.0257942687265773,3.043912780468257,2.908023942405659,2.926142454147339,10114000,0.0,0.0
2019-04-22 00:00:00-04:00,2.926142366404593,2.9442608776029746,2.853668321611067,2.8717868328094482,7077700,0.0,0.0
2019-04-23 00:00:00-04:00,2.8083712513624226,2.926141765975703,2.8083712513624226,2.853667736053467,8666300,0.0,0.0
2019-04-24 00:00:00-04:00,2.880846344881784,2.962379652533168,2.8536685756646563,2.93520188331604,9889800,0.0,0.0
2019-04-25 00:00:00-04:00,2.944260745465376,2.9623792558506037,2.8536681935392365,2.8899052143096924,10377900,0.0,0.0
2019-04-26 00:00:00-04:00,2.9080235611822385,2.9986161080145295,2.9080235611822385,2.9804975986480713,9620600,0.0,0.0
2019-04-29 00:00:00-04:00,2.9442604378721056,2.962378946364453,2.8899049123950613,2.8989641666412354,6923700,0.0,0.0
2019-04-30 00:00:00-04:00,2.9080237897453594,2.9533200667216746,2.8808460235595703,2.8808460235595703,13023700,0.0,0.0
2019-05-01 00:00:00-04:00,2.8808453198040556,2.8808453198040556,2.7540155592636566,2.7721340656280518,14005000,0.0,0.0
2019-05-02 00:00:00-04:00,2.7811938616156713,2.7993123715162547,2.717779076963629,2.763075351715088,8567200,0.0,0.0
2019-05-03 00:00:00-04:00,2.790253226942568,2.8355497194755372,2.763075461016597,2.781193971633911,7501200,0.0,0.0
2019-05-06 00:00:00-04:00,2.763075461016597,2.8264902481771963,2.75401620570794,2.781193971633911,5157900,0.0,0.0
2019-05-07 00:00:00-04:00,2.7721340656280518,2.808371078356842,2.7358970528992614,2.7721340656280518,12778200,0.0,0.0
2019-05-08 00:00:00-04:00,2.862727465267368,2.9895570386965487,2.7721346968282714,2.8174309730529785,19770200,0.0,0.0
2019-05-09 00:00:00-04:00,2.8083714326153864,2.8627271745548426,2.790252923965454,2.790252923965454,8040600,0.0,0.0
2019-05-10 00:00:00-04:00,2.7993123715162547,2.8083716264665464,2.754016096764796,2.763075351715088,7184500,0.0,0.0
2019-05-13 00:00:00-04:00,2.7993126354387665,2.8808461536681444,2.7721348680255393,2.862727642059326,9243900,0.0,0.0
2019-05-14 00:00:00-04:00,2.8446090870565928,2.871786854055229,2.7811940814034157,2.835549831390381,5034000,0.0,0.0
2019-05-15 00:00:00-04:00,2.8355498104126853,2.88990534400783,2.8355498104126853,2.8717868328094482,6244000,0.0,0.0
2019-05-16 00:00:00-04:00,2.8536683427228047,2.862727598389017,2.79931259273584,2.835549831390381,9387600,0.0,0.0
2019-05-17 00:00:00-04:00,2.808371891243176,2.871786897863735,2.7721348680255393,2.862727642059326,7101600,0.0,0.0
2019-05-20 00:00:00-04:00,2.844609130450508,2.9080239210813716,2.826490402851994,2.862727642059326,5056400,0.0,0.0
2019-05-21 00:00:00-04:00,2.8536675600663566,2.8536675600663566,2.808371078168769,2.8446083068847656,5593600,0.0,0.0
2019-05-22 00:00:00-04:00,2.844608778609537,2.844608778609537,2.79931228920038,2.8083715438842773,3590600,0.0,0.0
2019-05-23 00:00:00-04:00,2.8355496348310054,2.908023675136825,2.8264901638031006,2.8264901638031006,5587300,0.0,0.0
2019-05-24 00:00:00-04:00,2.8355490537031747,2.880845319611129,2.81743033135036,2.8446083068847656,5101200,0.0,0.0
2019-05-28 00:00:00-04:00,2.8355490925277316,2.917082372278409,2.8174303699268335,2.9080231189727783,8252400,0.0,0.0
2019-05-29 00:00:00-04:00,2.926142235080148,2.935201490272762,2.8717867039244647,2.8899052143096924,5860300,0.0,0.0
2019-05-30 00:00:00-04:00,2.8446089383466227,2.90802372469492,2.808371701586486,2.8899052143096924,6314200,0.0,0.0
2019-05-31 00:00:00-04:00,2.917082707003504,2.9986159961098435,2.917082707003504,2.962378978729248,7416100,0.0,0.0
2019-06-03 00:00:00-04:00,3.016734807811763,3.234157149923672,3.00767555255667,3.225097894668579,14118200,0.0,0.0
2019-06-04 00:00:00-04:00,3.1616831712976765,3.225097959355254,3.1526239158608798,3.216038703918457,13892300,0.0,0.0
2019-06-05 00:00:00-04:00,3.2522753237678574,3.3609865915651818,3.152623526277499,3.1707420349121094,11818500,0.0,0.0
2019-06-06 00:00:00-04:00,3.1798014640808105,3.2341569929735527,3.15262369963444,3.1798014640808105,7304800,0.0,0.0
2019-06-07 00:00:00-04:00,3.2160380781408646,3.225097331814909,3.134504795074463,3.134504795074463,8904100,0.0,0.0
2019-06-10 00:00:00-04:00,3.089208477346914,3.1254454914641214,3.0439119937107635,3.1073269844055176,8779700,0.0,0.0
2019-06-11 00:00:00-04:00,3.107327159534338,3.134504921653981,3.062030889334933,3.1163864135742188,7305700,0.0,0.0
2019-06-12 00:00:00-04:00,3.1526233519271094,3.206978874824903,3.1345048442945114,3.161682605743408,7494200,0.0,0.0
2019-06-13 00:00:00-04:00,3.1616825786717055,3.2613343697977317,3.152623324932976,3.234156608581543,7518400,0.0,0.0
2019-06-14 00:00:00-04:00,3.2703938162388932,3.3519273206813307,3.161682764968522,3.2069790363311768,11956600,0.0,0.0
2019-06-17 00:00:00-04:00,3.18886054354672,3.2250975608159416,3.0892087460563618,3.1707420349121094,11891600,0.0,0.0
2019-06-18 00:00:00-04:00,3.234157130485712,3.3066313880805516,3.1798015992818436,3.2613348960876465,13412200,0.0,0.0
2019-06-19 00:00:00-04:00,3.2250975828542776,3.3156903426360467,3.1888605653374347,3.306631088256836,15064200,0.0,0.0
2019-06-20 00:00:00-04:00,3.4334612321895395,3.5602910310098896,3.4062834644401145,3.460638999938965,18831500,0.0,0.0
2019-06-21 00:00:00-04:00,3.4425199669779483,3.487816239703382,3.3428681669819937,3.4334607124328613,36959500,0.0,0.0
2019-06-24 00:00:00-04:00,3.496875683635085,3.587468449982014,3.4696979185279093,3.578409194946289,18282600,0.0,0.0
2019-06-25 00:00:00-04:00,3.6055868014564454,3.6327647813578348,3.4515792566336874,3.5331127643585205,21779800,0.0,0.0
2019-06-26 00:00:00-04:00,3.4425203591309397,3.57840940877664,3.4153425923997376,3.478757381439209,13521600,0.0,0.0
2019-06-27 00:00:00-04:00,3.44251952735461,3.5240530238379066,3.3972232604136883,3.496875047683716,9749600,0.0,0.0
2019-06-28 00:00:00-04:00,3.496876131314698,3.560291140673014,3.4606391065326347,3.5149948596954346,9107900,0.0,0.0
2019-07-01 00:00:00-04:00,3.388164377669732,3.397223632048943,3.297571833877625,3.306631088256836,13129300,0.0,0.0
2019-07-02 00:00:00-04:00,3.370046440774214,3.4787575117719154,3.351927928941264,3.460638999938965,15131100,0.0,0.0
2019-07-03 00:00:00-04:00,3.4968755932143027,3.533112828409873,3.4425200644054548,3.5240535736083984,9191100,0.0,0.0
2019-07-05 00:00:00-04:00,3.388164190523957,3.4968752370698137,3.360986428887492,3.4696974754333496,11157900,0.0,0.0
2019-07-08 00:00:00-04:00,3.478756729312171,3.5240532146959276,3.433460459918064,3.4696974754333496,8467900,0.0,0.0
2019-07-09 00:00:00-04:00,3.4606383867562425,3.560290400170051,3.4425198781336697,3.5512311458587646,9608600,0.0,0.0
2019-07-10 00:00:00-04:00,3.6055865952849886,3.7414756230629793,3.542171816450432,3.7324161529541016,14667100,0.0,0.0
2019-07-11 00:00:00-04:00,3.7324165580591635,3.7414760291513285,3.596527731521871,3.6418240070343018,11150800,0.0,0.0
2019-07-12 00:00:00-04:00,3.65994187137264,3.6871198478737046,3.614645603853601,3.669001340866089,7846400,0.0,0.0
2019-07-15 00:00:00-04:00,3.6690019461999186,3.6961794952056155,3.6146462002194952,3.650883436203003,6804800,0.0,0.0
2019-07-16 00:00:00-04:00,3.650883325732857,3.69617938336488,3.6146460908458327,3.6327648162841797,6601400,0.0,0.0
2019-07-17 00:00:00-04:00,3.6327651027372,3.768653718327782,3.614646375870144,3.759594678878784,10240300,0.0,0.0
2019-07-18 00:00:00-04:00,3.75053558734533,3.9407801868174293,3.696180049207504,3.904543161392212,15537200,0.0,0.0
2019-07-19 00:00:00-04:00,3.8773656083130077,3.967958171876051,3.79583208511656,3.904543161392212,12691400,0.0,0.0
2019-07-22 00:00:00-04:00,3.9136021071261906,3.9498391276753755,3.8320685949008455,3.841127634048462,11719800,0.0,0.0
2019-07-23 00:00:00-04:00,3.8320686141676075,3.90454265563036,3.741476062339167,3.8048906326293945,12680900,0.0,0.0
2019-07-24 00:00:00-04:00,3.813949294833958,3.8954827901753544,3.7867713190604024,3.859245777130127,11148600,0.0,0.0
2019-07-25 00:00:00-04:00,3.8501878303841086,3.8683063440714447,3.7595952619474295,3.7777137756347656,11181200,0.0,0.0
2019-07-26 00:00:00-04:00,3.8230091237738693,3.86830561545003,3.768653592950092,3.841127634048462,6686400,0.0,0.0
2019-07-29 00:00:00-04:00,3.859245777130127,3.8773642836527404,3.7595937752661173,3.859245777130127,19229600,0.0,0.0
2019-07-30 00:00:00-04:00,3.859246643829859,3.886424193727609,3.8139501513611194,3.8683056831359863,10589500,0.0,0.0
2019-07-31 00:00:00-04:00,3.868305600586135,3.8864241107911073,3.6237054968293294,3.6418240070343018,21211200,0.0,0.0
2019-08-01 00:00:00-04:00,3.6146451665713655,4.058548966535906,3.569348904532048,4.049489498138428,39348600,0.0,0.0
2019-08-02 00:00:00-04:00,4.013253783219594,4.194439321808216,3.977016761897743,4.1400837898254395,21748600,0.0,0.0
2019-08-05 00:00:00-04:00,4.266912050225731,4.429978595948902,4.2578525816959365,4.330327033996582,19645500,0.0,0.0
2019-08-06 00:00:00-04:00,4.24879507543455,4.384684128469991,4.2125580522223505,4.375624656677246,20650900,0.0,0.0
2019-08-07 00:00:00-04:00,4.520571766366598,4.665520259670569,4.5024532587010135,4.583986759185791,28079100,0.0,0.0
2019-08-08 00:00:00-04:00,4.529630745273305,4.674578790888691,4.448097253625026,4.656460285186768,22581200,0.0,0.0
2019-08-09 00:00:00-04:00,4.629283813369524,4.683639343047641,4.5568097737987,4.574928283691406,13864900,0.0,0.0
2019-08-12 00:00:00-04:00,4.638342352727226,4.674579368609524,4.484334819237806,4.502453327178955,18760900,0.0,0.0
2019-08-13 00:00:00-04:00,4.593047047736293,4.593047047736293,4.2850319305372,4.402802467346191,22575600,0.0,0.0
2019-08-14 00:00:00-04:00,4.475275182928316,4.53869016823363,4.384682655334473,4.384682655334473,17675300,0.0,0.0
2019-08-15 00:00:00-04:00,4.3393866605774125,4.4752756831466245,4.248794122857702,4.4480977058410645,18765300,0.0,0.0
2019-08-16 00:00:00-04:00,4.375623080707845,4.475275074639401,4.248793545145379,4.330327033996582,12958100,0.0,0.0
2019-08-19 00:00:00-04:00,4.239736036620444,4.3212695631641145,4.149143469338275,4.248795509338379,15176500,0.0,0.0
2019-08-20 00:00:00-04:00,4.266912089091716,4.357504615318657,4.212556573355551,4.321267604827881,9762500,0.0,0.0
2019-08-21 00:00:00-04:00,4.303150960360221,4.330328945970286,4.230676908039284,4.257854461669922,12636100,0.0,0.0
2019-08-22 00:00:00-04:00,4.221617091727742,4.303150609938937,4.203498580122964,4.2397356033325195,9712000,0.0,0.0
2019-08-23 00:00:00-04:00,4.266913303760405,4.565868941403087,4.239735322165906,4.556809902191162,18377200,0.0,0.0
2019-08-26 00:00:00-04:00,4.583987667741695,4.611165650616453,4.49339511145814,4.520572662353516,9409400,0.0,0.0
2019-08-27 00:00:00-04:00,4.511514045596637,4.71987716056919,4.502454573129411,4.665521621704102,14179900,0.0,0.0
2019-08-28 00:00:00-04:00,4.674580662191905,4.747054714012023,4.583988097416756,4.665521621704102,12674900,0.0,0.0
2019-08-29 00:00:00-04:00,4.6383432015118276,4.683639695643297,4.439039577688008,4.520572662353516,17492200,0.0,0.0
2019-08-30 00:00:00-04:00,4.493394289198032,4.593046298864005,4.448097803355507,4.502453327178955,10983800,0.0,0.0
2019-09-03 00:00:00-04:00,4.611164422046472,4.819527461973386,4.583986446412845,4.701756954193115,20939100,0.0,0.0
2019-09-04 00:00:00-04:00,4.710816524122974,4.8195280069714395,4.665520468917153,4.765172481536865,10045900,0.0,0.0
2019-09-05 00:00:00-04:00,4.683639124220671,4.737994651359213,4.49339456324611,4.602105617523193,24740800,0.0,0.0
2019-09-06 00:00:00-04:00,4.620223483771748,4.70175697912572,4.484334468841553,4.484334468841553,18712800,0.0,0.0
2019-09-09 00:00:00-04:00,4.484337332354504,4.520574368544797,4.294092676365691,4.357507705688477,15227700,0.0,0.0
2019-09-10 00:00:00-04:00,4.303150353703883,4.4571579091636675,4.257853861399464,4.348446846008301,17053100,0.0,0.0
2019-09-11 00:00:00-04:00,4.375624656677246,4.520572749526042,4.330328593651693,4.375624656677246,16001200,0.0,0.0
2019-09-12 00:00:00-04:00,4.520572429717655,4.611165413318533,4.285031795501709,4.285031795501709,18357100,0.0,0.0
2019-09-13 00:00:00-04:00,4.312210300194964,4.393743390557375,4.230676777853141,4.275972843170166,21645300,0.0,0.0
2019-09-16 00:00:00-04:00,4.375623635814934,4.502453187467446,4.312209075978323,4.457157135009766,25660200,0.0,0.0
2019-09-17 00:00:00-04:00,4.475276355506215,4.701757949821432,4.466216884383513,4.6926984786987305,18144700,0.0,0.0
2019-09-18 00:00:00-04:00,4.710817562093044,4.7561140592587,4.439039875037336,4.547750949859619,21708500,0.0,0.0
2019-09-19 00:00:00-04:00,4.593046835600056,4.629283855716953,4.529631834405807,4.565868854522705,12822700,0.0,0.0
2019-09-20 00:00:00-04:00,4.5568098676930875,4.7108169889647735,4.520572415181642,4.6926984786987305,19338400,0.0,0.0
2019-09-23 00:00:00-04:00,4.737994939410061,4.8467060002963365,4.728935468346527,4.837646961212158,15256600,0.0,0.0
2019-09-24 00:00:00-04:00,4.783291309703037,4.946357896905203,4.765172800013906,4.919179916381836,12270200,0.0,0.0
2019-09-25 00:00:00-04:00,4.892003249631685,4.955417828984577,4.638343636281845,4.665521621704102,17064400,0.0,0.0
2019-09-26 00:00:00-04:00,4.68363908222681,4.719876099994266,4.593046537808165,4.6111650466918945,13918800,0.0,0.0
2019-09-27 00:00:00-04:00,4.475276419689561,4.475276419689561,4.3212688642297765,4.348446846008301,16467400,0.0,0.0
2019-09-30 00:00:00-04:00,4.248793661058462,4.321267683357066,4.121964122035907,4.16726016998291,18146200,0.0,0.0
2019-10-01 00:00:00-04:00,4.1400837129072805,4.357505836798923,4.08572818193437,4.285031795501709,17030800,0.0,0.0
2019-10-02 00:00:00-04:00,4.366565013675132,4.420920540984864,4.294090545282824,4.393742561340332,14700000,0.0,0.0
2019-10-03 00:00:00-04:00,4.37562299578554,4.5296305019691685,4.339385986328125,4.339385986328125,18271000,0.0,0.0
2019-10-04 00:00:00-04:00,4.348446848786275,4.448098440752673,4.330328338248806,4.411861419677734,8836500,0.0,0.0
2019-10-07 00:00:00-04:00,4.38468569882097,4.448100296164211,4.348448662630676,4.357507705688477,6970000,0.0,0.0
2019-10-08 00:00:00-04:00,4.448097918635702,4.466216427046424,4.375623884992815,4.420920372009277,15227000,0.0,0.0
2019-10-09 00:00:00-04:00,4.393742906333354,4.429979927385142,4.339387374755671,4.348446846008301,11641500,0.0,0.0
2019-10-10 00:00:00-04:00,4.357506189207973,4.3756247009975935,4.176321071311769,4.303150653839111,16671500,0.0,0.0
2019-10-11 00:00:00-04:00,4.266912166633113,4.303149177782415,4.149141664408259,4.16726016998291,13852500,0.0,0.0
2019-10-14 00:00:00-04:00,4.167261685342778,4.294091270484938,4.158202645250897,4.221617221832275,5429600,0.0,0.0
2019-10-15 00:00:00-04:00,4.167260762336174,4.203497778636369,4.076668221585687,4.085727691650391,11436400,0.0,0.0
2019-10-16 00:00:00-04:00,4.131023467253583,4.203497494963059,4.094786453398846,4.194438457489014,7854200,0.0,0.0
2019-10-17 00:00:00-04:00,4.1944399689690774,4.3212695631641145,4.158202942056209,4.248795509338379,7176700,0.0,0.0
2019-10-18 00:00:00-04:00,4.257854246158607,4.303150742556224,4.158202645250897,4.221617221832275,7141600,0.0,0.0
2019-10-21 00:00:00-04:00,4.2487946275572055,4.266913137253383,4.094787079150032,4.103846549987793,8459900,0.0,0.0
2019-10-22 00:00:00-04:00,4.158201133185209,4.185378675557561,4.040430630960355,4.16726016998291,9899000,0.0,0.0
2019-10-23 00:00:00-04:00,4.212557090931811,4.239734636149445,4.158201568517248,4.1763200759887695,9405600,0.0,0.0
2019-10-24 00:00:00-04:00,4.203497731266508,4.3031497409587045,4.185379223320591,4.294090270996094,9961300,0.0,0.0
2019-10-25 00:00:00-04:00,4.348446717518026,4.457157777461139,4.303150226552053,4.366565227508545,12517100,0.0,0.0
2019-10-28 00:00:00-04:00,4.294091487830391,4.321269473440456,4.1944398818788144,4.257854461669922,10091900,0.0,0.0
2019-10-29 00:00:00-04:00,4.221615609988626,4.357504615318657,4.203497104743237,4.321267604827881,8977500,0.0,0.0
2019-10-30 00:00:00-04:00,4.3212688642297765,4.393742906333354,4.2306763116003046,4.348446846008301,12880500,0.0,0.0
2019-10-31 00:00:00-04:00,4.393742561340332,4.511513086501084,4.348446504571887,4.393742561340332,16423900,0.0,0.0
2019-11-01 00:00:00-04:00,4.366564149815704,4.411860197623002,4.294089695761383,4.384682655334473,10868400,0.0,0.0
2019-11-04 00:00:00-05:00,4.357504575627493,4.393741585788198,4.312208528916229,4.330327033996582,10490400,0.0,0.0
2019-11-05 00:00:00-05:00,4.2578525816959365,4.357504575627493,4.176319524823969,4.330327033996582,18336300,0.0,0.0
2019-11-06 00:00:00-05:00,4.3665671807258235,4.411863259973917,4.28503363330789,4.357507705688477,16987800,0.0,0.0
2019-11-07 00:00:00-05:00,4.185379761245077,4.212557742646645,3.687120512704106,3.841127634048462,30548200,0.0,0.0
2019-11-08 00:00:00-05:00,3.7324172754267053,3.8864248577587803,3.7142987617393697,3.7777137756347656,13322600,0.0,0.0
2019-11-11 00:00:00-05:00,3.7686531281934306,3.8411271603541803,3.7414755821228027,3.7414755821228027,11681800,0.0,0.0
2019-11-12 00:00:00-05:00,3.7505345635585474,3.9045420955658554,3.705238510131239,3.8864235877990723,19625500,0.0,0.0
2019-11-13 00:00:00-05:00,3.9498391967879702,3.986076217971215,3.859246643829859,3.8683056831359863,15885700,0.0,0.0
2019-11-14 00:00:00-05:00,3.913602175604726,3.913602175604726,3.8048906800756246,3.8683056831359863,16054400,0.0,0.0
2019-11-15 00:00:00-05:00,3.841127611057635,3.895483573535427,3.8048905907253445,3.8139500617980957,8700900,0.0,0.0
2019-11-18 00:00:00-05:00,3.795831640769497,3.8954836650131033,3.795831640769497,3.8683056831359863,9933000,0.0,0.0
2019-11-19 00:00:00-05:00,3.8411277012588694,3.931720686196348,3.832068661952742,3.8683056831359863,10279700,0.0,0.0
2019-11-20 00:00:00-05:00,3.877363934391856,3.977015495300293,3.8683044659569625,3.977015495300293,9782900,0.0,0.0
2019-11-21 00:00:00-05:00,3.9498385397001567,4.013253100231623,3.8773645093903126,3.8954830169677734,14431000,0.0,0.0
2019-11-22 00:00:00-05:00,3.9407793695744497,3.9498388400417004,3.8411273543313333,3.850186824798584,7434400,0.0,0.0
2019-11-25 00:00:00-05:00,3.8320682204691563,3.8864237459818507,3.7958312034606934,3.7958312034606934,9855800,0.0,0.0
2019-11-26 00:00:00-05:00,3.8048900868588973,3.9045420955658554,3.8048900868588973,3.8864235877990723,12112800,0.0,0.0
2019-11-27 00:00:00-05:00,3.8501871051754377,3.8864241257246226,3.804890613499277,3.841127634048462,8928200,0.0,0.0
2019-11-29 00:00:00-05:00,3.850187260452645,3.9498392869715273,3.813950238442029,3.922661304473877,6904300,0.0,0.0
2019-12-02 00:00:00-05:00,3.8954834990943614,3.977016577294273,3.868305518374825,3.9588980674743652,7123100,0.0,0.0
2019-12-03 00:00:00-05:00,4.004195795775644,4.131025403720089,4.004195795775644,4.121966361999512,19049100,0.0,0.0
2019-12-04 00:00:00-05:00,4.131024126753165,4.140083597652794,3.9588980674743652,3.9588980674743652,9080200,0.0,0.0
2019-12-05 00:00:00-05:00,3.949839546043278,4.049491147118976,3.949839546043278,4.022313594818115,7763300,0.0,0.0
2019-12-06 00:00:00-05:00,3.940779725502476,3.9498391967879702,3.8683056831359863,3.8683056831359863,10188400,0.0,0.0
2019-12-09 00:00:00-05:00,3.931720331086527,3.931720331086527,3.8320683158434106,3.850186824798584,7107200,0.0,0.0
2019-12-10 00:00:00-05:00,3.886424193727609,3.904542704319231,3.832068661952742,3.8683056831359863,6029900,0.0,0.0
2019-12-11 00:00:00-05:00,3.8864237386000817,4.013253297888805,3.868305230130264,4.004194259643555,9849600,0.0,0.0
2019-12-12 00:00:00-05:00,4.058550176445444,4.094787196879651,3.9317206049257187,3.9498391151428223,10163100,0.0,0.0
2019-12-13 00:00:00-05:00,3.931720733642578,4.0132538162991,3.922661262247758,3.931720733642578,12364400,0.0,0.0
2019-12-16 00:00:00-05:00,3.9407791980609965,3.977016214394209,3.859246127300923,3.8773646354675293,11596500,0.0,0.0
2019-12-17 00:00:00-05:00,3.895483573535427,3.895483573535427,3.8139500617980957,3.8139500617980957,12470100,0.0,0.0
2019-12-18 00:00:00-05:00,3.813949556731939,3.8864235877990723,3.777712541198372,3.8864235877990723,11685000,0.0,0.0
2019-12-19 00:00:00-05:00,3.8773656083130077,3.9317211464508337,3.823009638195764,3.904543161392212,19667700,0.0,0.0
2019-12-20 00:00:00-05:00,3.859245777130127,3.940778840492253,3.850186307879185,3.859245777130127,15061900,0.0,0.0
2019-12-23 00:00:00-05:00,3.8954834638812263,4.040431541130236,3.8864239930634907,4.0313720703125,8926300,0.0,0.0
2019-12-24 00:00:00-05:00,4.049490470422886,4.185379505157471,4.031371961256897,4.185379505157471,8019300,0.0,0.0
2019-12-26 00:00:00-05:00,4.230676174163818,4.312209684871352,4.212557664226517,4.230676174163818,9249100,0.0,0.0
2019-12-27 00:00:00-05:00,4.23067599406211,4.248794503228099,4.1763204665641425,4.185379505157471,8643800,0.0,0.0
2019-12-30 00:00:00-05:00,4.18537914413242,4.312209129333496,4.176320106320512,4.312209129333496,10187700,0.0,0.0
2019-12-31 00:00:00-05:00,4.330327718867232,4.366564734759066,4.275971763050177,4.294090270996094,11045500,0.0,0.0
2020-01-02 00:00:00-05:00,4.357505182351627,4.4028016673490535,4.294090189751088,4.312209129333496,11674700,0.0,0.0
2020-01-03 00:00:00-05:00,4.402801477479972,4.411860514901213,4.239734484104873,4.266912460327148,11971200,0.0,0.0
2020-01-06 00:00:00-05:00,4.375624387071043,4.375624387071043,4.158202261194418,4.212557792663574,14538300,0.0,0.0
2020-01-07 00:00:00-05:00,4.203497651735531,4.339386674748515,4.1582015987174,4.312209129333496,12641900,0.0,0.0
2020-01-08 00:00:00-05:00,4.321268207104782,4.339386714875438,4.0766681362112775,4.094786643981934,15733700,0.0,0.0
2020-01-09 00:00:00-05:00,4.040430545806885,4.112904566578073,4.0223120406140875,4.040430545806885,7273100,0.0,0.0
2020-01-10 00:00:00-05:00,4.058550059757678,4.1582020790763226,4.058550059757678,4.103846549987793,7141700,0.0,0.0
2020-01-13 00:00:00-05:00,4.067609012751488,4.112905502025423,3.940779447555542,3.940779447555542,7980000,0.0,0.0
2020-01-14 00:00:00-05:00,3.91360092801009,4.067608002954155,3.895482423194363,4.049489498138428,11617100,0.0,0.0
2020-01-15 00:00:00-05:00,4.085727415924802,4.2216160018904265,4.085727415924802,4.194438457489014,11811500,0.0,0.0
2020-01-16 00:00:00-05:00,4.185380200436921,4.203498712612775,4.121965623811134,4.158202648162842,10426200,0.0,0.0
2020-01-17 00:00:00-05:00,4.167260316707447,4.176319785803369,4.058549279431949,4.076667785644531,7429100,0.0,0.0
2020-01-21 00:00:00-05:00,4.103846982286382,4.257854114937297,4.040431975679964,4.2397356033325195,11944200,0.0,0.0
2020-01-22 00:00:00-05:00,4.266912460327148,4.275971497748389,4.185378963639599,4.266912460327148,7872000,0.0,0.0
2020-01-23 00:00:00-05:00,4.266913630259871,4.393743212787213,4.23067660668063,4.303150653839111,10624000,0.0,0.0
2020-01-24 00:00:00-05:00,4.312209075978323,4.457157135009766,4.2940901366201025,4.457157135009766,11496500,0.0,0.0
2020-01-27 00:00:00-05:00,4.538690675540069,4.574927690627954,4.384683145426915,4.4480977058410645,17398800,0.0,0.0
2020-01-28 00:00:00-05:00,4.393742906333354,4.439039398637773,4.257853861399464,4.348446846008301,12567700,0.0,0.0
2020-01-29 00:00:00-05:00,4.3484460651256995,4.538690607473654,4.3393865954999455,4.5296311378479,14862200,0.0,0.0
2020-01-30 00:00:00-05:00,4.5477496451201205,4.565868152392341,4.4390386014868,4.5296311378479,17547200,0.0,0.0
2020-01-31 00:00:00-05:00,4.520572195667404,4.6655207027365595,4.511513156963959,4.59304666519165,18725600,0.0,0.0
2020-02-03 00:00:00-05:00,4.547750560160128,4.620224603831305,4.502454066875955,4.538691520690918,12981400,0.0,0.0
2020-02-04 00:00:00-05:00,4.439038627630835,4.502453187467446,4.402801612872975,4.457157135009766,15160500,0.0,0.0
2020-02-05 00:00:00-05:00,4.4480986173266714,4.574928628103031,4.411861594813249,4.520572662353516,11120700,0.0,0.0
2020-02-06 00:00:00-05:00,4.583987067376638,4.638342594027824,4.511513031841723,4.6111650466918945,11473100,0.0,0.0
2020-02-07 00:00:00-05:00,4.6564601300246595,4.67457863512284,4.439038068846498,4.46621561050415,14622900,0.0,0.0
2020-02-10 00:00:00-05:00,4.484334653677706,4.593046129290315,4.411860624588826,4.5296311378479,15246200,0.0,0.0
2020-02-11 00:00:00-05:00,4.511513622714851,4.593047139359742,4.457158088944719,4.520572662353516,12766800,0.0,0.0
2020-02-12 00:00:00-05:00,4.51151263057568,4.583986659664561,4.466216146405486,4.5296311378479,9125000,0.0,0.0
2020-02-13 00:00:00-05:00,4.656460285186768,4.719875271133124,4.583986262379075,4.656460285186768,18675700,0.0,0.0
2020-02-14 00:00:00-05:00,4.6564613622189075,4.683639343047641,4.5568097737987,4.574928283691406,18534000,0.0,0.0
2020-02-18 00:00:00-05:00,4.620223616551096,4.828586663571012,4.565868095412763,4.819527626037598,17195500,0.0,0.0
2020-02-19 00:00:00-05:00,4.8738834953345975,5.046009540557861,4.783290953632698,5.046009540557861,23751700,0.0,0.0
2020-02-20 00:00:00-05:00,5.009773341836506,5.20001749448252,5.009773341836506,5.064128875732422,20102500,0.0,0.0
2020-02-21 00:00:00-05:00,5.172839948644456,5.417440067407881,5.1456619656799045,5.399321556091309,23682800,0.0,0.0
2020-02-24 00:00:00-05:00,5.680157324531909,5.680157324531909,5.281549739935723,5.38120174407959,37567600,0.0,0.0
2020-02-25 00:00:00-05:00,5.254371740714308,5.480853273814421,5.163778781890869,5.163778781890869,27319300,0.0,0.0
2020-02-26 00:00:00-05:00,5.1184838171431535,5.326846888948323,5.091305837351465,5.218135833740234,21587500,0.0,0.0
2020-02-27 00:00:00-05:00,5.299669185968505,5.30872865703204,4.810468980000911,4.837646961212158,36123900,0.0,0.0
2020-02-28 00:00:00-05:00,4.556810422084515,4.674580537152282,4.29409134329488,4.547750949859619,34305300,0.0,0.0
2020-03-02 00:00:00-05:00,4.719876723927515,4.819528751950956,4.593047144975468,4.792350769042969,24371100,0.0,0.0
2020-03-03 00:00:00-05:00,4.855765821011726,5.190958498870493,4.756113792033929,4.991654872894287,32156400,0.0,0.0
2020-03-04 00:00:00-05:00,5.036950325454478,5.10942436248587,4.8648242715152525,5.009772777557373,15622700,0.0,0.0
2020-03-05 00:00:00-05:00,5.091305535544315,5.209076054361433,4.946357470525897,5.190957546234131,29835600,0.0,0.0
2020-03-06 00:00:00-05:00,5.227194623961659,5.245313132302038,4.837646478653838,5.046009540557861,38838200,0.0,0.0
2020-03-09 00:00:00-04:00,4.801409972274348,5.00071358520082,4.674579968432687,4.6926984786987305,17727200,0.0,0.0
2020-03-10 00:00:00-04:00,4.701757304750295,4.783290805750945,4.457157233727647,4.719875812530518,35810600,0.0,0.0
2020-03-11 00:00:00-04:00,4.620226434057877,4.7198784995709575,4.303152151403037,4.357507705688477,23618400,0.0,0.0
2020-03-12 00:00:00-04:00,3.6055871602034335,4.131024413422429,3.406283322364234,3.6871206760406494,28467100,0.0,0.0
2020-03-13 00:00:00-04:00,3.859246461103719,3.859246461103719,3.116386698061112,3.143564462661743,31404500,0.0,0.0
2020-03-16 00:00:00-04:00,2.6815416681643,3.795830945354055,2.464119364908015,3.6237049102783203,43583800,0.0,0.0
2020-03-17 00:00:00-04:00,3.5784087074488884,4.466216227970296,3.551230946044221,4.312209129333496,36064500,0.0,0.0
2020-03-18 00:00:00-04:00,4.076668662883994,4.348446746534669,3.632764949164494,3.678061008453369,25601800,0.0,0.0
2020-03-19 00:00:00-04:00,3.6508832731111287,4.1582019623412325,3.1979198954539405,3.569349765777588,28581800,0.0,0.0
2020-03-20 00:00:00-04:00,3.832067987446072,3.868305002251009,3.2341565951956732,3.2703936100006104,30171800,0.0,0.0
2020-03-23 00:00:00-04:00,3.496875683635085,3.777713021721921,3.3247498379563063,3.578409194946289,42471300,0.0,0.0
2020-03-24 00:00:00-04:00,4.040432826616914,4.230677454523321,3.7686546633279088,4.121966361999512,39186900,0.0,0.0
2020-03-25 00:00:00-04:00,4.067609652455664,4.384684263280172,3.9045430429871715,4.221617221832275,33793000,0.0,0.0
2020-03-26 00:00:00-04:00,4.348446837326147,4.5477504527130534,4.103846729725262,4.212557792663574,28245100,0.0,0.0
2020-03-27 00:00:00-04:00,4.085727798742643,4.176320341867679,3.7414757028881875,3.8230087757110596,22946500,0.0,0.0
2020-03-30 00:00:00-04:00,3.8411274658014127,4.076668521033428,3.5784090783272764,3.6961793899536133,18043700,0.0,0.0
2020-03-31 00:00:00-04:00,3.63276498705552,3.868305620960769,3.6055870056152344,3.6055870056152344,17751300,0.0,0.0
2020-04-01 00:00:00-04:00,3.67806067520752,4.031371806358623,3.623705149798067,4.004194259643555,20808500,0.0,0.0
2020-04-02 00:00:00-04:00,4.1038456038039355,4.4571566774095475,4.067608160787152,4.384682655334473,26751900,0.0,0.0
2020-04-03 00:00:00-04:00,4.384683956450914,4.620224598089522,4.366565445555636,4.402802467346191,18094100,0.0,0.0
2020-04-06 00:00:00-04:00,4.565868558492909,4.656461102911553,4.384683469655622,4.6111650466918945,22692400,0.0,0.0
2020-04-07 00:00:00-04:00,4.583987581995717,4.692698647502483,4.47527651648895,4.538691520690918,14800600,0.0,0.0
2020-04-08 00:00:00-04:00,4.5477500496091805,4.638342594027824,4.439038996306808,4.6111650466918945,12331500,0.0,0.0
2020-04-09 00:00:00-04:00,4.7651725738047,5.109424241556071,4.7651725738047,5.091305732727051,20222000,0.0,0.0
2020-04-13 00:00:00-04:00,5.109424985857295,5.752632790953975,4.910121359705081,5.6620402336120605,28986500,0.0,0.0
2020-04-14 00:00:00-04:00,5.716395499504675,6.015351140680041,5.390261876413655,5.562387943267822,32324900,0.0,0.0
2020-04-15 00:00:00-04:00,5.399321901951534,5.544270001768947,5.181899320246005,5.417440414428711,20237700,0.0,0.0
2020-04-16 00:00:00-04:00,5.50803241141588,5.843225073825874,5.444617840244965,5.562387943267822,25243800,0.0,0.0
2020-04-17 00:00:00-04:00,5.209076355399799,5.535209952518174,5.1637798664741545,5.489913463592529,31321000,0.0,0.0
2020-04-20 00:00:00-04:00,5.517091243033378,5.716394836715516,5.453676247235766,5.589565277099609,18575800,0.0,0.0
2020-04-21 00:00:00-04:00,5.390261504681447,5.761691594690254,5.354024485945856,5.616743087768555,18157100,0.0,0.0
2020-04-22 00:00:00-04:00,5.8522838611382175,6.1240619206132205,5.8522838611382175,6.069705963134766,22705800,0.0,0.0
2020-04-23 00:00:00-04:00,6.214654359870034,6.567965485734656,6.151239365184871,6.223713397979736,28828600,0.0,0.0
2020-04-24 00:00:00-04:00,6.432076540055968,6.432076540055968,6.069705939493805,6.423017501831055,19745000,0.0,0.0
2020-04-27 00:00:00-04:00,6.432078331666704,6.468315358618561,6.133122643324167,6.305248737335205,16221000,0.0,0.0
2020-04-28 00:00:00-04:00,6.232772700935817,6.323365239500143,6.033468684115001,6.250891208648682,18244200,0.0,0.0
2020-04-29 00:00:00-04:00,6.151239513171147,6.35960257845883,5.979113465152685,6.341484069824219,19403700,0.0,0.0
2020-04-30 00:00:00-04:00,6.232772100854397,6.413957160538838,5.970053548322327,5.9881720542907715,16446500,0.0,0.0
2020-05-01 00:00:00-04:00,5.8885223416329024,6.205596535171097,5.770751791125182,6.196537494659424,16726900,0.0,0.0
2020-05-04 00:00:00-04:00,6.305247998585477,6.359603532644736,6.160299907760785,6.205595970153809,13587900,0.0,0.0
2020-05-05 00:00:00-04:00,6.087824556509582,6.341484111021337,5.951935956856868,6.332424640655518,19019900,0.0,0.0
2020-05-06 00:00:00-04:00,6.2508910499372545,6.341483586201417,6.051587038176809,6.133120536804199,15851700,0.0,0.0
2020-05-07 00:00:00-04:00,6.259951338548089,6.513610922757771,6.133121762432935,6.432077407836914,19090500,0.0,0.0
2020-05-08 00:00:00-04:00,6.377721437792536,6.558906534101675,6.278069418832836,6.359602928161621,15819800,0.0,0.0
2020-05-11 00:00:00-04:00,6.35054321705909,6.432076285777335,6.14218016237149,6.250891208648682,18259400,0.0,0.0
2020-05-12 00:00:00-04:00,6.314306036273453,6.513610061509812,6.250891472590416,6.278069019317627,19072700,0.0,0.0
2020-05-13 00:00:00-04:00,6.395839800635012,6.423017780447304,6.115002691811557,6.241832256317139,18374100,0.0,0.0
2020-05-14 00:00:00-04:00,6.232773625754661,6.68573681776626,6.214655115353372,6.522669792175293,25312100,0.0,0.0
2020-05-15 00:00:00-04:00,6.721973767317618,6.767269826851034,6.567966214549417,6.7400922775268555,18059900,0.0,0.0
2020-05-18 00:00:00-04:00,6.749150417924957,6.785387433518112,6.350543246400253,6.386780261993408,20397500,0.0,0.0
2020-05-19 00:00:00-04:00,6.558905547235609,6.912217079847487,6.513609495963331,6.848802089691162,22076600,0.0,0.0
2020-05-20 00:00:00-04:00,6.885040038085913,6.948455036850281,6.6404399456795495,6.649499416351318,17627700,0.0,0.0
2020-05-21 00:00:00-04:00,6.577025136996587,6.5860841753558335,6.287128565852229,6.477373123168945,17359700,0.0,0.0
2020-05-22 00:00:00-04:00,6.531728324366028,6.640439371145493,6.341483776512314,6.386780261993408,13826000,0.0,0.0
2020-05-26 00:00:00-04:00,6.269009846142618,6.287128354230572,5.997231792843991,6.024409770965576,20114400,0.0,0.0
2020-05-27 00:00:00-04:00,5.797929246663361,6.024410854486309,5.743573712623379,6.006292343139648,20267500,0.0,0.0
2020-05-28 00:00:00-04:00,6.1512398508875155,6.205595379775584,5.879461774467831,5.9519362449646,18664800,0.0,0.0
2020-05-29 00:00:00-04:00,6.105942020663146,6.142179463947635,5.870401447179087,5.933816432952881,22317100,0.0,0.0
2020-06-01 00:00:00-04:00,5.970053971528706,6.196535528178757,5.9338169570230415,6.133120536804199,17645300,0.0,0.0
2020-06-02 00:00:00-04:00,6.160300132563771,6.160300132563771,5.7526329642735705,5.770751476287842,21846800,0.0,0.0
2020-06-03 00:00:00-04:00,5.671098823159889,5.698276370145127,5.46273575769601,5.580505847930908,22245100,0.0,0.0
2020-06-04 00:00:00-04:00,5.770751347151002,5.779810818945107,5.58956623106282,5.725455284118652,26549800,0.0,0.0
2020-06-05 00:00:00-04:00,5.453676841207129,5.634861946105957,5.426498859482622,5.634861946105957,18684000,0.0,0.0
2020-06-08 00:00:00-04:00,5.634861817529746,5.707336289814921,5.526150757071017,5.652980327606201,16115100,0.0,0.0
2020-06-09 00:00:00-04:00,5.75263234901638,5.770750859092836,5.625802778481196,5.652980327606201,13252000,0.0,0.0
2020-06-10 00:00:00-04:00,5.752632668769998,6.024410767002657,5.553329046850926,6.015351295471191,21828000,0.0,0.0
2020-06-11 00:00:00-04:00,6.015350037102392,6.087824066275544,5.517090870547325,5.643920421600342,28401200,0.0,0.0
2020-06-12 00:00:00-04:00,5.752633190936688,5.816048201474992,5.553329550926819,5.607685089111328,16846900,0.0,0.0
2020-06-15 00:00:00-04:00,5.435557585496169,5.942876241638295,5.326846537461279,5.88852071762085,21138300,0.0,0.0
2020-06-16 00:00:00-04:00,5.924757238216013,6.006290733414164,5.634860702384242,5.68015718460083,21430700,0.0,0.0
2020-06-17 00:00:00-04:00,5.680157494896449,5.825105554740921,5.652979517685963,5.707335472106934,11331500,0.0,0.0
2020-06-18 00:00:00-04:00,5.65298045659584,5.797928972494268,5.616743435616074,5.634861946105957,10254800,0.0,0.0
2020-06-19 00:00:00-04:00,5.734513337569594,5.970054379949435,5.662039303600203,5.797928333282471,19419600,0.0,0.0
2020-06-22 00:00:00-04:00,5.970054312272062,6.341483948144275,5.951935803985108,6.151239395141602,22620300,0.0,0.0
2020-06-23 00:00:00-04:00,6.2327745206649645,6.296189100184948,6.151240996162786,6.196537494659424,17697400,0.0,0.0
2020-06-24 00:00:00-04:00,6.124062359626718,6.241832457327733,5.960995339460261,6.078765869140625,18081100,0.0,0.0
2020-06-25 00:00:00-04:00,6.042528502046624,6.06970604919186,5.88852096162587,6.060647010803223,13531200,0.0,0.0
2020-06-26 00:00:00-04:00,5.988172752081997,6.287128351387724,5.942876265892938,6.2327728271484375,17468000,0.0,0.0
2020-06-29 00:00:00-04:00,6.241832399571009,6.3958399474234495,6.178417831852482,6.359602928161621,18398100,0.0,0.0
2020-06-30 00:00:00-04:00,6.350543108264946,6.640439226704443,6.278068646675782,6.540787220001221,19913900,0.0,0.0
2020-07-01 00:00:00-04:00,6.5317292633656185,6.549847773766908,6.341484688162398,6.522669792175293,13587100,0.0,0.0
2020-07-02 00:00:00-04:00,6.486432986852224,6.6404405463690015,6.450195964845849,6.495492458343506,18343500,0.0,0.0
2020-07-06 00:00:00-04:00,6.540788823915742,6.667618838813226,6.468314776533979,6.586085319519043,14984000,0.0,0.0
2020-07-07 00:00:00-04:00,6.577025726610048,6.7944478504751595,6.549847745137228,6.731032848358154,15010700,0.0,0.0
2020-07-08 00:00:00-04:00,6.8397438360720795,6.966573398940285,6.776328838648313,6.875980854034424,18785900,0.0,0.0
2020-07-09 00:00:00-04:00,6.966572887686916,7.057165425944495,6.740091326053321,6.9484543800354,17340400,0.0,0.0
2020-07-10 00:00:00-04:00,6.966574103147202,6.993751653376503,6.803507505833282,6.9122185707092285,12074300,0.0,0.0
2020-07-13 00:00:00-04:00,7.029988544978848,7.1205810917998456,6.613262397622919,6.649499416351318,16603300,0.0,0.0
2020-07-14 00:00:00-04:00,6.613262315715189,7.01186951679068,6.58608433601583,7.002810478210449,16221100,0.0,0.0
2020-07-15 00:00:00-04:00,6.939394950866699,6.957513458624342,6.740091365532628,6.939394950866699,13181000,0.0,0.0
2020-07-16 00:00:00-04:00,6.9031584430460695,7.029988438656615,6.794447388505029,6.866921424865723,11545600,0.0,0.0
2020-07-17 00:00:00-04:00,6.957514007700567,7.1658770793468,6.912217950721415,7.138699531555176,12550900,0.0,0.0
2020-07-20 00:00:00-04:00,7.247410494633282,7.473892072590572,7.211173476718462,7.419536113739014,13686100,0.0,0.0
2020-07-21 00:00:00-04:00,7.600720713328212,7.754728228021953,7.492009678948838,7.618838787078857,19425200,0.0,0.0
2020-07-22 00:00:00-04:00,7.763788780322269,7.800025800871453,7.591663148703321,7.682255268096924,16454800,0.0,0.0
2020-07-23 00:00:00-04:00,7.691313790718108,7.781906762898351,7.319884159904612,7.4829511642456055,19967100,0.0,0.0
2020-07-24 00:00:00-04:00,7.564485554004362,7.664137143928482,7.510129591526569,7.627900123596191,14611400,0.0,0.0
2020-07-27 00:00:00-04:00,7.990271357569254,8.144278929836315,7.800026760295756,7.89061975479126,26094500,0.0,0.0
2020-07-28 00:00:00-04:00,7.745668400348818,7.990268000381696,7.627897902570595,7.954030990600586,14586700,0.0,0.0
2020-07-29 00:00:00-04:00,7.999328653889571,8.098980229561045,7.709432532693579,7.990269184112549,23229700,0.0,0.0
2020-07-30 00:00:00-04:00,7.809083480011549,8.044624491509913,7.6731949001247735,7.872498035430908,16900500,0.0,0.0
2020-07-31 00:00:00-04:00,8.07180307875338,8.497588675542133,8.017447985351449,8.488529205322266,20786100,0.0,0.0
2020-08-03 00:00:00-04:00,8.506649183649502,8.570063755008446,8.171456520245636,8.406996726989746,16469900,0.0,0.0
2020-08-04 00:00:00-04:00,8.406997160859211,8.769368256939982,8.280168011595904,8.751249313354492,18889700,0.0,0.0
2020-08-05 00:00:00-04:00,8.950550595996107,9.249506160732256,8.81466115314244,8.94149112701416,31299000,0.0,0.0
2020-08-06 00:00:00-04:00,9.149855818980141,9.15891442521653,8.733129693554224,8.841840744018555,22615100,0.0,0.0
2020-08-07 00:00:00-04:00,8.651595955747199,8.74218806337157,8.425114390748366,8.524765968322754,19326200,0.0,0.0
2020-08-10 00:00:00-04:00,8.588182540969877,8.878079599539339,8.434175835552075,8.44323444366455,13126300,0.0,0.0
2020-08-11 00:00:00-04:00,7.772848387455218,8.153337541858653,7.609781360151249,7.736611366271973,30296900,0.0,0.0
2020-08-12 00:00:00-04:00,7.981210114827786,8.017447127873014,7.709432085009312,7.718491554260254,17963500,0.0,0.0
2020-08-13 00:00:00-04:00,7.836264590757865,8.062746236316865,7.81814650837178,7.981213569641113,15915300,0.0,0.0
2020-08-14 00:00:00-04:00,7.972153277045448,8.008390302051884,7.78190867977195,7.89061975479126,13676000,0.0,0.0
2020-08-17 00:00:00-04:00,8.243930480429961,8.52476717703092,8.171456438471086,8.425115585327148,21497700,0.0,0.0
2020-08-18 00:00:00-04:00,8.705951371547346,8.733129782408927,8.25298822469134,8.343581199645996,18185300,0.0,0.0
2020-08-19 00:00:00-04:00,8.234869559211923,8.361698678328708,7.944973442420896,8.017447471618652,15378000,0.0,0.0
2020-08-20 00:00:00-04:00,7.935913050071393,8.153335112384957,7.881557102513764,8.08086109161377,12936900,0.0,0.0
2020-08-21 00:00:00-04:00,7.926854720225019,7.95403226592881,7.709432626677482,7.836261749267578,10771900,0.0,0.0
2020-08-24 00:00:00-04:00,7.935914697993747,7.954032774969592,7.6550771612195705,7.700373649597168,12569600,0.0,0.0
2020-08-25 00:00:00-04:00,7.718492770526641,7.745670318603516,7.528248206071162,7.745670318603516,12184200,0.0,0.0
2020-08-26 00:00:00-04:00,7.618840673951501,7.90873683742516,7.60978120285327,7.8996782302856445,15564200,0.0,0.0
2020-08-27 00:00:00-04:00,8.026508575900493,8.026508575900493,7.546367767010932,7.664138317108154,17210800,0.0,0.0
2020-08-28 00:00:00-04:00,7.8543811586461105,8.162396241566922,7.800025200030051,8.053685188293457,13710200,0.0,0.0
2020-08-31 00:00:00-04:00,8.117101238411067,8.243931255746437,8.01744963733537,8.04462718963623,14003000,0.0,0.0
2020-09-01 00:00:00-04:00,8.216753651397491,8.243932070342707,7.836264425753434,7.935916900634766,9871900,0.0,0.0
2020-09-02 00:00:00-04:00,7.836261613957013,8.008388083012282,7.609780054432723,7.99932861328125,11123000,0.0,0.0
2020-09-03 00:00:00-04:00,7.854381738753207,7.981211742252291,7.646018223287477,7.8996782302856445,16678600,0.0,0.0
2020-09-04 00:00:00-04:00,7.827203792079989,7.88155888799268,7.510129231407492,7.81814432144165,14196300,0.0,0.0
2020-09-08 00:00:00-04:00,7.591663281538994,7.917796472188196,7.464833275418271,7.736611366271973,11538100,0.0,0.0
2020-09-09 00:00:00-04:00,7.836262334800858,8.316403907209905,7.818144257630729,8.307344436645508,14768700,0.0,0.0
2020-09-10 00:00:00-04:00,8.406995716053704,8.452292203274105,7.999329058987353,8.071803092956543,17266300,0.0,0.0
2020-09-11 00:00:00-04:00,8.171453343991912,8.262045430154474,7.91779342923657,7.97214937210083,10443700,0.0,0.0
2020-09-14 00:00:00-04:00,8.098979940181568,8.406994989926117,8.098979940181568,8.388876914978027,15673300,0.0,0.0
2020-09-15 00:00:00-04:00,8.551944726775815,8.642537711203774,8.289226108685211,8.425115585327148,14347000,0.0,0.0
2020-09-16 00:00:00-04:00,8.56100446229034,8.56100446229034,8.32546338667343,8.452293395996094,13460900,0.0,0.0
2020-09-17 00:00:00-04:00,8.13521963926446,8.515708842308246,8.062745587633152,8.470413208007812,13285700,0.0,0.0
2020-09-18 00:00:00-04:00,8.76936615934028,9.349158392051322,8.687832660625645,9.0592622756958,33886700,0.0,0.0
2020-09-21 00:00:00-04:00,8.751250673371354,9.041146904121222,8.307346854045889,8.361701965332031,31915100,0.0,0.0
2020-09-22 00:00:00-04:00,8.42511470431346,8.4522922512164,8.234870148075592,8.343581199645996,12570100,0.0,0.0
2020-09-23 00:00:00-04:00,8.153335626637677,8.180513170151414,7.410476434899642,7.446713447570801,31580700,0.0,0.0
2020-09-24 00:00:00-04:00,7.328943803699972,8.017447989511677,7.292706786760337,8.00838851928711,18700100,0.0,0.0
2020-09-25 00:00:00-04:00,7.926855087280273,7.990269651511751,7.763788077589457,7.926855087280273,11332700,0.0,0.0
2020-09-28 00:00:00-04:00,8.053685271000363,8.053685271000363,7.800025280132009,8.035566329956055,15923100,0.0,0.0
2020-09-29 00:00:00-04:00,8.080860923440358,8.225808961966173,8.044623913808904,8.098978996276855,8084200,0.0,0.0
2020-09-30 00:00:00-04:00,8.062743214411547,8.089921623742613,7.854380593291575,7.990269184112549,8566700,0.0,0.0
2020-10-01 00:00:00-04:00,8.12616010427586,8.32546329155899,8.017449039223587,8.198634147644043,11053200,0.0,0.0
2020-10-02 00:00:00-04:00,8.17145571199604,8.234870277082567,8.017448170535635,8.053685188293457,7744800,0.0,0.0
2020-10-05 00:00:00-04:00,8.098981609082887,8.434175136258428,8.08086353040133,8.280167579650879,10193100,0.0,0.0
2020-10-06 00:00:00-04:00,8.3345213616163,8.370758377207556,7.827203143338715,7.836261749267578,14908900,0.0,0.0
2020-10-07 00:00:00-04:00,7.963534543060965,8.027169813970946,7.645356454579972,7.663538455963135,13885200,0.03,0.0
2020-10-08 00:00:00-04:00,7.745354359315682,7.881715877726221,7.690809231772232,7.836261749267578,11957900,0.0,0.0
2020-10-09 00:00:00-04:00,8.05444148557053,8.290802288156504,8.02716935203076,8.272621154785156,12136900,0.0,0.0
2020-10-12 00:00:00-04:00,8.263530908001382,8.39080145410053,8.136259494936663,8.318075180053711,6222600,0.0,0.0
2020-10-13 00:00:00-04:00,8.21807432040963,8.30898256935381,7.9726234354048415,8.254437446594238,9132400,0.0,0.0
2020-10-14 00:00:00-04:00,8.363529812676092,8.563527511615078,8.25444039515454,8.499892234802246,9744500,0.0,0.0
2020-10-15 00:00:00-04:00,8.36352825164795,8.490799648484401,8.272620854163737,8.36352825164795,7116000,0.0,0.0
2020-10-16 00:00:00-04:00,8.408982015962897,8.436254147318405,8.27262049221994,8.281710624694824,6134400,0.0,0.0
2020-10-19 00:00:00-04:00,8.354436718460011,8.381709716233074,8.07262267719495,8.081713676452637,8030600,0.0,0.0
2020-10-20 00:00:00-04:00,8.127170066694058,8.236260365840808,8.018080634513048,8.163533210754395,8236700,0.0,0.0
2020-10-21 00:00:00-04:00,8.290802955627441,8.463528504871142,8.208985681455747,8.290802955627441,11344900,0.0,0.0
2020-10-22 00:00:00-04:00,8.181710915671836,8.208983042640462,7.8998960471117465,7.98171329498291,12337100,0.0,0.0
2020-10-23 00:00:00-04:00,7.963534206230166,7.999897340492908,7.745355400653711,7.827171802520752,10630100,0.0,0.0
2020-10-26 00:00:00-04:00,7.7635358836536925,7.908988408514536,7.708990753348159,7.736263751983643,9766800,0.0,0.0
2020-10-27 00:00:00-04:00,7.790808444930839,7.963533977951738,7.708991178443623,7.954442977905273,10263100,0.0,0.0
2020-10-28 00:00:00-04:00,7.6635386944357515,7.6999018313680745,7.090818637527491,7.109000205993652,24030000,0.0,0.0
2020-10-29 00:00:00-04:00,7.027182548722637,7.227179790966202,7.027182548722637,7.136271953582764,13471600,0.0,0.0
2020-10-30 00:00:00-04:00,7.254452328566684,7.308997030768507,7.0090009519170975,7.245361328125,11923900,0.0,0.0
2020-11-02 00:00:00-05:00,7.390814856517255,7.4544501304626465,7.181726598947843,7.4544501304626465,9373000,0.0,0.0
2020-11-03 00:00:00-05:00,7.5271752420196,7.572629373654054,7.390813714081688,7.472630977630615,10367900,0.0,0.0
2020-11-04 00:00:00-05:00,7.463540293788768,7.563538694044422,7.3089967598701735,7.372632026672363,9699800,0.0,0.0
2020-11-05 00:00:00-05:00,7.799898869216217,8.08171378109566,7.790807869840818,8.036259651184082,17128800,0.0,0.0
2020-11-06 00:00:00-05:00,8.118076638264379,8.154439767576067,7.863533866117168,7.9453511238098145,9771900,0.0,0.0
2020-11-09 00:00:00-05:00,7.2817248203102505,7.363542089499322,6.972637744247317,7.327178955078125,21784400,0.0,0.0
2020-11-10 00:00:00-05:00,7.354451078576566,7.481721615384981,7.009000868589211,7.036273002624512,19296000,0.0,0.0
2020-11-11 00:00:00-05:00,6.9726377532881525,7.045364022224845,6.890820483992995,6.9635467529296875,12808000,0.0,0.0
2020-11-12 00:00:00-05:00,7.081726665325411,7.3089964567247705,7.054454533107815,7.218088626861572,18796800,0.0,0.0
2020-11-13 00:00:00-05:00,7.336268138472937,7.354450136811871,7.208997184479287,7.2908148765563965,12391200,0.0,0.0
2020-11-16 00:00:00-05:00,7.199907646348163,7.299906050587671,7.090818241641739,7.172635078430176,10133500,0.0,0.0
2020-11-17 00:00:00-05:00,7.1726341406573555,7.227178835879222,7.018090620787381,7.063544750213623,13208000,0.0,0.0
2020-11-18 00:00:00-05:00,7.036272708686642,7.072636275019227,6.818093911587554,6.845366477966309,12000600,0.0,0.0
2020-11-19 00:00:00-05:00,6.754458781830743,6.92718389417143,6.709005078677577,6.836276054382324,10373800,0.0,0.0
2020-11-20 00:00:00-05:00,6.92718389417143,7.036273301918356,6.799912918466682,6.836276054382324,10444100,0.0,0.0
2020-11-23 00:00:00-05:00,6.754458736194307,6.790821871864262,6.490825785845748,6.5180983543396,13499000,0.0,0.0
2020-11-24 00:00:00-05:00,6.299002704951469,6.481582316855633,6.280744743761053,6.372034549713135,14881900,0.03,0.0
2020-11-25 00:00:00-05:00,6.463324811433369,6.609388511256534,6.381163762630757,6.49984073638916,12705700,0.0,0.0
2020-11-27 00:00:00-05:00,6.399421410466943,6.518097935013525,6.3537762919692575,6.490711212158203,6425400,0.0,0.0
2020-11-30 00:00:00-05:00,6.445066036793815,6.554613797856755,6.353776235908031,6.518097877502441,12582900,0.0,0.0
2020-12-01 00:00:00-05:00,6.728064450584898,6.837612208609466,6.6185166925603305,6.810225486755371,16788200,0.0,0.0
2020-12-02 00:00:00-05:00,6.819354684113216,6.819354684113216,6.61851711491847,6.7098069190979,14529400,0.0,0.0
2020-12-03 00:00:00-05:00,6.7645807247707825,6.791967883365599,6.563743157857228,6.6641621589660645,10485800,0.0,0.0
2020-12-04 00:00:00-05:00,6.700678326261734,6.76458097315585,6.536356239267416,6.572872161865234,12749000,0.0,0.0
2020-12-07 00:00:00-05:00,6.591129254332698,7.157126850598314,6.582000492538648,7.056707859039307,17566300,0.0,0.0
2020-12-08 00:00:00-05:00,7.06583683350669,7.1206111471359375,6.864999279647779,6.892386436462402,15918200,0.0,0.0
2020-12-09 00:00:00-05:00,6.819354410345976,6.901515448461119,6.60025888911107,6.673290729522705,18526200,0.0,0.0
2020-12-10 00:00:00-05:00,6.746322569934341,6.8467415681523915,6.60025888911107,6.673290729522705,9661900,0.0,0.0
2020-12-11 00:00:00-05:00,6.718936287560643,6.728065050558031,6.508969514971119,6.572872161865234,18082900,0.0,0.0
2020-12-14 00:00:00-05:00,6.499840218659506,6.50896941682337,6.253357527188838,6.299002647399902,30973700,0.0,0.0
2020-12-15 00:00:00-05:00,6.499841061272781,6.618518040963053,6.4450671711013126,6.508970260620117,25997300,0.0,0.0
2020-12-16 00:00:00-05:00,6.572871936774803,6.673290938131985,6.353776408690899,6.636775016784668,29259600,0.0,0.0
2020-12-17 00:00:00-05:00,6.846742285938319,7.04757986812535,6.7280653151757255,6.865000247955322,32065800,0.0,0.0
2020-12-18 00:00:00-05:00,6.901516207410392,6.974548055853229,6.636775539153032,6.965419292449951,98912300,0.0,0.0
2020-12-21 00:00:00-05:00,6.874129465210862,6.983677237609212,6.7371945320608475,6.837613105773926,21122400,0.0,0.0
2020-12-22 00:00:00-05:00,6.864999977951918,6.919773861848646,6.4724535923733,6.572872161865234,21592800,0.0,0.0
2020-12-23 00:00:00-05:00,6.627646765619639,6.782839225671385,6.618517566926162,6.737194538116455,11952600,0.0,0.0
2020-12-24 00:00:00-05:00,6.718936383983773,6.828484153349344,6.664162499300988,6.746323108673096,5908300,0.0,0.0
2020-12-28 00:00:00-05:00,6.865000079854752,6.901516002994606,6.60938818257163,6.645904541015625,11934800,0.0,0.0
2020-12-29 00:00:00-05:00,6.6824191093538685,6.810224814431879,6.636773997031125,6.691547870635986,14445200,0.0,0.0
2020-12-30 00:00:00-05:00,6.709806684140409,6.9289026418030755,6.70067792169419,6.901515483856201,10319700,0.0,0.0
2020-12-31 00:00:00-05:00,6.901515432367773,6.956289312548775,6.700677871704102,6.700677871704102,12112700,0.0,0.0
2021-01-04 00:00:00-05:00,7.0293216720173355,7.339707451274044,6.992805749199386,7.284933567047119,23226100,0.0,0.0
2021-01-05 00:00:00-05:00,7.385351202351066,7.40360872506885,7.111481396719415,7.202771186828613,14015200,0.0,0.0
2021-01-06 00:00:00-05:00,7.138869393081878,7.321449430130643,7.0475791569054405,7.312320232391357,34458500,0.0,0.0
2021-01-07 00:00:00-05:00,7.312320413931148,7.440125703021268,7.074966490466301,7.147998332977295,21495800,0.0,0.0
2021-01-08 00:00:00-05:00,6.992806007275691,7.011063969358494,6.618517566926162,6.737194538116455,23941300,0.0,0.0
2021-01-11 00:00:00-05:00,6.6002586919794695,6.664161768083093,6.508968894191501,6.582000732421875,20171700,0.0,0.0
2021-01-12 00:00:00-05:00,6.6185173988342285,6.6367753604533295,6.481582469038899,6.6185173988342285,18886900,0.0,0.0
2021-01-13 00:00:00-05:00,6.627647310390329,6.764581819614836,6.545486256612274,6.554615020751953,13512500,0.0,0.0
2021-01-14 00:00:00-05:00,6.5546134403915195,6.655032433541441,6.499839562847221,6.563742637634277,12478200,0.0,0.0
2021-01-15 00:00:00-05:00,6.5089698279170385,6.527227790093775,6.344647733022249,6.353776931762695,15539900,0.0,0.0
2021-01-19 00:00:00-05:00,6.463324160801631,6.463324160801631,6.299002515042039,6.381163120269775,21655400,0.0,0.0
2021-01-20 00:00:00-05:00,6.463323644484356,6.627645712421334,6.454194882545681,6.563742637634277,19513400,0.0,0.0
2021-01-21 00:00:00-05:00,6.563744150791585,6.572872914834738,6.3902932809298445,6.508970260620117,14778400,0.0,0.0
2021-01-22 00:00:00-05:00,6.35377562451746,6.4907105303216595,6.280743790836304,6.399420738220215,14499000,0.0,0.0
2021-01-25 00:00:00-05:00,6.4907114383011555,6.545485321224289,6.326389354227628,6.4268083572387695,15940700,0.0,0.0
2021-01-26 00:00:00-05:00,6.408550720968463,6.5454856528664855,6.381163560467199,6.435937881469727,15754900,0.0,0.0
2021-01-27 00:00:00-05:00,6.3720340170290015,6.426807896021308,6.171196460723877,6.171196460723877,20940100,0.0,0.0
2021-01-28 00:00:00-05:00,6.353776588522718,6.563743359864572,6.225970860189804,6.372034549713135,19114900,0.0,0.0
2021-01-29 00:00:00-05:00,6.563743359864572,6.709807049387902,6.353776588522718,6.372034549713135,18780900,0.0,0.0
2021-02-01 00:00:00-05:00,6.645903671602766,6.664161630784199,6.4450656853029225,6.563742637634277,17260900,0.0,0.0
2021-02-02 00:00:00-05:00,6.390292151945682,6.435937270009794,6.253357233057453,6.417679309844971,13088900,0.0,0.0
2021-02-03 00:00:00-05:00,6.445065888339462,6.554613646879101,6.3902920090696425,6.52722692489624,14353200,0.0,0.0
2021-02-04 00:00:00-05:00,6.353776588522718,6.417679670341242,6.299002704951469,6.372034549713135,15846400,0.0,0.0
2021-02-05 00:00:00-05:00,6.435937465423058,6.636775033334112,6.408550306692218,6.6093878746032715,13728400,0.0,0.0
2021-02-08 00:00:00-05:00,6.718936383983773,6.801096993355881,6.664162499300988,6.746323108673096,24326400,0.0,0.0
2021-02-09 00:00:00-05:00,6.782838474323551,6.819354394444219,6.6185168337805464,6.700677871704102,19294700,0.0,0.0
2021-02-10 00:00:00-05:00,6.801096450243067,6.8467415681523915,6.609387651510471,6.673290729522705,13420400,0.0,0.0
2021-02-11 00:00:00-05:00,6.755452310435189,6.938031926134461,6.572872259431776,6.645904541015625,19920700,0.0,0.0
2021-02-12 00:00:00-05:00,6.582001642760556,6.782839225671385,6.4450667094874605,6.737194538116455,18009900,0.0,0.0
2021-02-16 00:00:00-05:00,6.655031594586211,6.673289551465985,6.44506487281679,6.454194068908691,20843700,0.0,0.0
2021-02-17 00:00:00-05:00,6.372034372520528,6.372034372520528,6.207712726376214,6.253357410430908,22466600,0.0,0.0
2021-02-18 00:00:00-05:00,6.262485801468493,6.317259676458682,6.098163741193862,6.116421699523926,18424200,0.0,0.0
2021-02-19 00:00:00-05:00,6.180325615705824,6.180325615705824,5.933842926922737,5.970358848571777,19903500,0.0,0.0
2021-02-22 00:00:00-05:00,6.070776945636893,6.3446463171721765,6.043389790831336,6.326388359069824,19392300,0.0,0.0
2021-02-23 00:00:00-05:00,6.25335674374877,6.25335674374877,6.034261238914535,6.134679794311523,21720200,0.0,0.0
2021-02-24 00:00:00-05:00,6.08903643565935,6.317261187009076,5.9703594604844925,6.216842174530029,16603500,0.0,0.0
2021-02-25 00:00:00-05:00,6.116421836913745,6.253356745117143,5.979487364014421,6.006874084472656,17871100,0.0,0.0
2021-02-26 00:00:00-05:00,5.942971179206998,5.970357898433322,5.659972178507951,5.68735933303833,26431100,0.0,0.0
2021-03-01 00:00:00-05:00,5.778649330326128,5.879068320141319,5.586940547635341,5.650843620300293,23257400,0.0,0.0
2021-03-02 00:00:00-05:00,5.6691902241296015,5.9810875695656165,5.660017004370687,5.907700061798096,18406200,0.03,0.0
2021-03-03 00:00:00-05:00,5.760925782702058,5.8985271586441925,5.669190948841826,5.852660179138184,18981900,0.0,0.0
2021-03-04 00:00:00-05:00,5.8618332950095695,6.017781984868007,5.770098900217577,5.916873931884766,18850800,0.0,0.0
2021-03-05 00:00:00-05:00,5.907701232994067,6.036129397047986,5.852660591256673,6.008609294891357,18051300,0.0,0.0
2021-03-08 00:00:00-05:00,5.990261226748582,6.026954980632342,5.871006307914334,5.907700061798096,13765600,0.0,0.0
2021-03-09 00:00:00-05:00,6.146210300229142,6.265465235326726,6.054475903009505,6.081996440887451,12762400,0.0,0.0
2021-03-10 00:00:00-05:00,6.127863327421014,6.164557085749803,5.999435173270255,6.100343227386475,11688800,0.0,0.0
2021-03-11 00:00:00-05:00,6.155384074112782,6.256292131659057,6.091169776142586,6.2471184730529785,13856900,0.0,0.0
2021-03-12 00:00:00-05:00,6.091169203387591,6.210424129508319,6.054475447261841,6.173730373382568,13059100,0.0,0.0
2021-03-15 00:00:00-04:00,6.237945655572298,6.311333179473877,6.1737313534463425,6.311333179473877,13767800,0.0,0.0
2021-03-16 00:00:00-04:00,6.348026941424666,6.366373822400061,6.228771996372527,6.311333179473877,13127900,0.0,0.0
2021-03-17 00:00:00-04:00,6.2471189770738835,6.549842736712506,6.201251992615272,6.476455211639404,20781900,0.0,0.0
2021-03-18 00:00:00-04:00,6.3480266501731855,6.393893631795193,6.247118590726166,6.274639129638672,13771200,0.0,0.0
2021-03-19 00:00:00-04:00,6.283811036216397,6.430586483999368,6.237944064191248,6.348025321960449,19982000,0.0,0.0
2021-03-22 00:00:00-04:00,6.366373538970947,6.4305878382381,6.320506119862391,6.366373538970947,9366900,0.0,0.0
2021-03-23 00:00:00-04:00,6.320505180170597,6.329678837598079,6.109515871003192,6.164556503295898,12472900,0.0,0.0
2021-03-24 00:00:00-04:00,6.155383958663161,6.182904059116997,6.054475903009505,6.081996440887451,12075200,0.0,0.0
2021-03-25 00:00:00-04:00,6.036129302824685,6.109516823995639,5.953568122795296,6.026956081390381,10770200,0.0,0.0
2021-03-26 00:00:00-04:00,6.008608263845262,6.164556503295898,6.008608263845262,6.164556503295898,8683200,0.0,0.0
2021-03-29 00:00:00-04:00,6.100342650999773,6.164556503295898,6.008608263845262,6.164556503295898,11210700,0.0,0.0
2021-03-30 00:00:00-04:00,5.9810875695656165,5.999434446507497,5.89852640461513,5.907700061798096,15280100,0.0,0.0
2021-03-31 00:00:00-04:00,5.944394909005433,6.192078011987986,5.9260480286891,6.118690490722656,11965000,0.0,0.0
2021-04-01 00:00:00-04:00,6.219598135872012,6.467281222315971,6.164557061174152,6.439760684967041,18863100,0.0,0.0
2021-04-05 00:00:00-04:00,6.476454350294271,6.513148107950684,6.366373077325031,6.4581074714660645,11765500,0.0,0.0
2021-04-06 00:00:00-04:00,6.513147878308136,6.6966170975454835,6.494801000126809,6.650749683380127,15416900,0.0,0.0
2021-04-07 00:00:00-04:00,6.614056295792594,6.641576395886962,6.559015658179752,6.577362537384033,9291600,0.0,0.0
2021-04-08 00:00:00-04:00,6.705790562049931,6.870912471693173,6.705790562049931,6.843392372131348,16481100,0.0,0.0
2021-04-09 00:00:00-04:00,6.687443656392424,6.806698587146529,6.6415762407411245,6.797524929046631,11195000,0.0,0.0
2021-04-12 00:00:00-04:00,6.760831045925704,6.760831045925704,6.604882360516647,6.6324028968811035,9413900,0.0,0.0
2021-04-13 00:00:00-04:00,6.669096408589121,6.825045088265368,6.669096408589121,6.733310699462891,9261700,0.0,0.0
2021-04-14 00:00:00-04:00,6.724137354217679,6.724137354217679,6.5314949100718875,6.568188667297363,8585900,0.0,0.0
2021-04-15 00:00:00-04:00,6.678270462488106,6.907606666815767,6.669096804351433,6.843392372131348,14037700,0.0,0.0
2021-04-16 00:00:00-04:00,6.944300719377589,6.953473940479672,6.825045783081714,6.880086421966553,9724800,0.0,0.0
2021-04-19 00:00:00-04:00,6.861739995691746,6.880086876532199,6.779178813197634,6.834219455718994,8654300,0.0,0.0
2021-04-20 00:00:00-04:00,6.825045157892631,7.008513937369285,6.797524622259096,6.962646961212158,11390500,0.0,0.0
2021-04-21 00:00:00-04:00,7.017687695271172,7.136942622346052,6.980993938851836,7.081901550292969,11775700,0.0,0.0
2021-04-22 00:00:00-04:00,6.99934020472295,6.99934020472295,6.861738411476519,6.916779041290283,9848200,0.0,0.0
2021-04-23 00:00:00-04:00,7.008514045780679,7.026860924012143,6.733310872308711,6.742484092712402,11921600,0.0,0.0
2021-04-26 00:00:00-04:00,6.751657750540176,6.770004628771639,6.650749701555079,6.742484092712402,8514000,0.0,0.0
2021-04-27 00:00:00-04:00,6.760831111443154,6.760831111443154,6.5590154467030395,6.568188667297363,7846100,0.0,0.0
2021-04-28 00:00:00-04:00,6.531495016657799,6.696617364291121,6.458107501009255,6.641576290130615,8624700,0.0,0.0
2021-04-29 00:00:00-04:00,6.641576193532142,6.641576193532142,6.467281065113935,6.522321701049805,8900000,0.0,0.0
2021-04-30 00:00:00-04:00,6.503974887248629,6.549841865607098,6.439760592637858,6.4581074714660645,9347400,0.0,0.0
2021-05-03 00:00:00-04:00,6.595710372942298,6.806699733096263,6.5773634910777865,6.7608323097229,12658200,0.0,0.0
2021-05-04 00:00:00-04:00,6.733310853908137,6.880085879358752,6.57736217065482,6.650749683380127,12413900,0.0,0.0
2021-05-05 00:00:00-04:00,6.687443468622524,6.696617126464844,6.595709077319735,6.696617126464844,7798800,0.0,0.0
2021-05-06 00:00:00-04:00,6.733310768154304,7.072728228898151,6.733310768154304,6.962646961212158,16223800,0.0,0.0
2021-05-07 00:00:00-04:00,7.081901458819303,7.182809506381133,7.0268608249012345,7.100248336791992,13846300,0.0,0.0
2021-05-10 00:00:00-04:00,7.201156384353823,7.302064431915653,7.072728238544996,7.100248336791992,18175300,0.0,0.0
2021-05-11 00:00:00-04:00,6.925953575403797,7.08190182757998,6.889259817547743,7.026861190795898,13616400,0.0,0.0
2021-05-12 00:00:00-04:00,6.8892604511975835,6.962647973659617,6.650750565771835,6.714964866638184,22199000,0.0,0.0
2021-05-13 00:00:00-04:00,6.68744396715756,6.907606960121029,6.641576549374804,6.880086421966553,13728800,0.0,0.0
2021-05-14 00:00:00-04:00,6.99016832946563,7.146117039067151,6.953474566903407,7.136943817138672,13806300,0.0,0.0
2021-05-17 00:00:00-04:00,7.164462257631524,7.650655154882342,7.146115380608325,7.577267646789551,24974600,0.0,0.0
2021-05-18 00:00:00-04:00,7.623135241090204,7.623135241090204,7.430492809009279,7.540574073791504,15296400,0.0,0.0
2021-05-19 00:00:00-04:00,7.458013129958044,7.632308252373626,7.274543912399631,7.347931861877441,18990400,0.0,0.0
2021-05-20 00:00:00-04:00,7.412146381973675,7.4855339006190995,7.3295852047855155,7.448840141296387,13387300,0.0,0.0
2021-05-21 00:00:00-04:00,7.503881111702522,7.503881111702522,7.302065000854405,7.375452518463135,16770700,0.0,0.0
2021-05-24 00:00:00-04:00,7.36627886004999,7.421319935680646,7.311238221843442,7.375452518463135,7697700,0.0,0.0
2021-05-25 00:00:00-04:00,7.357106155350703,7.430493673746122,7.265371319932315,7.40297269821167,10451100,0.0,0.0
2021-05-26 00:00:00-04:00,7.476360375470093,7.52222779415391,7.402972855515284,7.4304938316345215,9859000,0.0,0.0
2021-05-27 00:00:00-04:00,7.402971721091304,7.430492692993256,7.292890458027833,7.311237335205078,14196000,0.0,0.0
2021-05-28 00:00:00-04:00,7.28371835430078,7.439666615492688,7.219504055628261,7.4304938316345215,9687300,0.0,0.0
2021-06-01 00:00:00-04:00,7.503880471010023,7.549747009463162,7.384625546365944,7.45801305770874,10486600,0.0,0.0
2021-06-02 00:00:00-04:00,7.448807798393805,7.577711200830709,7.4211857661699785,7.522467136383057,6745200,0.03,0.0
2021-06-03 00:00:00-04:00,7.338316338342072,7.347523972585808,7.209412532238929,7.264657020568848,9954900,0.0,0.0
2021-06-04 00:00:00-04:00,7.365939474067737,7.402769136314539,7.30148734561373,7.347524642944336,6645000,0.0,0.0
2021-06-07 00:00:00-04:00,7.310695506869432,7.3843552757087485,7.255451009523123,7.356732368469238,6783200,0.0,0.0
2021-06-08 00:00:00-04:00,7.338317061335412,7.347524696486312,7.163376383910398,7.17258358001709,9891800,0.0,0.0
2021-06-09 00:00:00-04:00,7.227828892856292,7.28307339288944,7.15416955947876,7.15416955947876,5658100,0.0,0.0
2021-06-10 00:00:00-04:00,7.163375725802344,7.338316387155347,7.117338432365764,7.329109191894531,9485400,0.0,0.0
2021-06-11 00:00:00-04:00,7.2646573990029,7.347524355336606,7.181790881713383,7.190998077392578,7740300,0.0,0.0
2021-06-14 00:00:00-04:00,7.080509702492668,7.181791497919044,7.025265206544887,7.144961833953857,6962400,0.0,0.0
2021-06-15 00:00:00-04:00,7.126546287979163,7.172583585681604,7.016057300346357,7.052886962890625,6554800,0.0,0.0
2021-06-16 00:00:00-04:00,6.9792274938105665,6.988435128778772,6.528063917429323,6.546478748321533,29259700,0.0,0.0
2021-06-17 00:00:00-04:00,6.297878028062643,6.343914883697308,6.0768996282660375,6.150558948516846,30209400,0.0,0.0
2021-06-18 00:00:00-04:00,6.205803974373791,6.205803974373791,5.911166667938232,5.911166667938232,21856900,0.0,0.0
2021-06-21 00:00:00-04:00,6.012448555383203,6.058485415710143,5.892751928253556,5.98482608795166,15451500,0.0,0.0
2021-06-22 00:00:00-04:00,5.819093032362035,5.874337532280896,5.616529426948621,5.855922698974609,34132900,0.0,0.0
2021-06-23 00:00:00-04:00,5.9848265321186185,6.021656198731192,5.855922698974609,5.855922698974609,18402400,0.0,0.0
2021-06-24 00:00:00-04:00,5.938789932771938,6.021656911987834,5.911167899062846,5.947997570037842,15181400,0.0,0.0
2021-06-25 00:00:00-04:00,6.049277831240099,6.058485027097214,5.828299423094772,5.8743367195129395,13833700,0.0,0.0
2021-06-28 00:00:00-04:00,5.883544444477862,5.929581745036169,5.754640617576534,5.819092750549316,12271200,0.0,0.0
2021-06-29 00:00:00-04:00,5.7178097292681915,5.865128357061207,5.662565243845811,5.782261848449707,11329900,0.0,0.0
2021-06-30 00:00:00-04:00,5.773054228860923,5.91116566227795,5.763847034123331,5.846713542938232,9908100,0.0,0.0
2021-07-01 00:00:00-04:00,5.9479968655060445,5.957204062637059,5.809885396186763,5.855922698974609,6356900,0.0,0.0
2021-07-02 00:00:00-04:00,5.9479955176098,6.030862468231448,5.892751030210087,5.9295806884765625,10757900,0.0,0.0
2021-07-06 00:00:00-04:00,6.040070492766461,6.086107791443994,5.90195903577808,5.975618362426758,13319100,0.0,0.0
2021-07-07 00:00:00-04:00,6.030864549253737,6.030864549253737,5.865130590821947,5.947997570037842,10645300,0.0,0.0
2021-07-08 00:00:00-04:00,5.975618175546421,6.049277938935696,5.671773243100902,5.7086029052734375,27675500,0.0,0.0
2021-07-09 00:00:00-04:00,5.736225644939426,5.8651294686896875,5.736225644939426,5.80067777633667,22039600,0.0,0.0
2021-07-12 00:00:00-04:00,5.7914698111661975,5.800677446146348,5.690188021605542,5.699395656585693,15189700,0.0,0.0
2021-07-13 00:00:00-04:00,5.708602095509057,5.929580476242722,5.708602095509057,5.782261848449707,14954700,0.0,0.0
2021-07-14 00:00:00-04:00,5.892751550271367,6.012448169723244,5.837507057996084,5.8743367195129395,11260900,0.0,0.0
2021-07-15 00:00:00-04:00,5.8927530635753484,5.947997570037842,5.819093721625356,5.947997570037842,10247900,0.0,0.0
2021-07-16 00:00:00-04:00,5.90195885120135,5.929581317352854,5.690188074187169,5.7086029052734375,12565300,0.0,0.0
2021-07-19 00:00:00-04:00,5.644150442648705,5.680980099774949,5.506039008903217,5.607320785522461,15518300,0.0,0.0
2021-07-20 00:00:00-04:00,5.671773339265839,5.745432664859805,5.552077154697753,5.598114013671875,13262200,0.0,0.0
2021-07-21 00:00:00-04:00,5.579699223568941,5.717810679601899,5.524454728964601,5.662566184997559,11685300,0.0,0.0
2021-07-22 00:00:00-04:00,5.6717726128127275,5.699395075894625,5.506039151453813,5.625735759735107,15388700,0.0,0.0
2021-07-23 00:00:00-04:00,5.63494348526001,5.690187977580889,5.570491797074417,5.63494348526001,18033900,0.0,0.0
2021-07-26 00:00:00-04:00,5.634944383606914,5.782263492326363,5.625737186274349,5.690188884735107,9905900,0.0,0.0
2021-07-27 00:00:00-04:00,5.680981016532339,5.690188212777621,5.5981140551037205,5.662566184997559,12580100,0.0,0.0
2021-07-28 00:00:00-04:00,5.653357520223549,5.782261756537579,5.625735497473497,5.773054122924805,12993100,0.0,0.0
2021-07-29 00:00:00-04:00,5.901958468873716,6.150558891956148,5.883543638980357,6.021655082702637,22833500,0.0,0.0
2021-07-30 00:00:00-04:00,5.966410735581858,6.095314547915351,5.947995905248502,6.040070056915283,9537400,0.0,0.0
2021-08-02 00:00:00-04:00,6.00324091989128,6.030863387322825,5.911166760193177,5.98482608795166,8434000,0.0,0.0
2021-08-03 00:00:00-04:00,5.975618594078128,6.040070726916388,5.938788929326047,6.003241062164307,6802400,0.0,0.0
2021-08-04 00:00:00-04:00,6.086107791443994,6.168974314401648,5.9664111661177825,5.975618362426758,10449800,0.0,0.0
2021-08-05 00:00:00-04:00,5.938787685534869,5.975617342573524,5.828298714418905,5.846713542938232,8264500,0.0,0.0
2021-08-06 00:00:00-04:00,5.7178104875017945,5.754640149333996,5.616528697941139,5.699395656585693,10866100,0.0,0.0
2021-08-09 00:00:00-04:00,5.5981141535201795,5.680981116405623,5.5244548260861075,5.552077293395996,11013700,0.0,0.0
2021-08-10 00:00:00-04:00,5.552076328393307,5.570491157051156,5.395550065279517,5.432379722595215,15918900,0.0,0.0
2021-08-11 00:00:00-04:00,5.506039431083744,5.588906385493764,5.496831796574107,5.5428690910339355,9752600,0.0,0.0
2021-08-12 00:00:00-04:00,5.506039238343891,5.51524643348705,5.377135433030521,5.4600019454956055,10168500,0.0,0.0
2021-08-13 00:00:00-04:00,5.52445468807791,5.616528845070366,5.496832221458067,5.598114013671875,13145200,0.0,0.0
2021-08-16 00:00:00-04:00,5.588906239573438,5.644150728056351,5.460001994069141,5.524454116821289,12029900,0.0,0.0
2021-08-17 00:00:00-04:00,5.496831363135445,5.561283482488161,5.4323796828268724,5.487624168395996,9960300,0.0,0.0
2021-08-18 00:00:00-04:00,5.5061328841213575,5.5061328841213575,5.293290748160772,5.358068943023682,14628900,0.03,0.0
2021-08-19 00:00:00-04:00,5.348815382504915,5.348815382504915,5.219258987567423,5.247021198272705,10067100,0.0,0.0
2021-08-20 00:00:00-04:00,5.237766909731814,5.3303073166475805,5.200750923471653,5.284037113189697,8182000,0.0,0.0
2021-08-23 00:00:00-04:00,5.395084686199733,5.524640628846522,5.339560710779681,5.487624645233154,11196600,0.0,0.0
2021-08-24 00:00:00-04:00,5.515386581420898,5.552402563207726,5.459862608740659,5.515386581420898,5871500,0.0,0.0
2021-08-25 00:00:00-04:00,5.4598630167228475,5.4598630167228475,5.348815063064433,5.41359281539917,7102500,0.0,0.0
2021-08-26 00:00:00-04:00,5.367322853509059,5.459862811411217,5.348814861928627,5.404338836669922,6477500,0.0,0.0
2021-08-27 00:00:00-04:00,5.4135920520521355,5.654196358984145,5.376576072718793,5.598672389984131,9332100,0.0,0.0
2021-08-30 00:00:00-04:00,5.607926569998335,5.635688777139975,5.4598626419504255,5.496878623962402,9325900,0.0,0.0
2021-08-31 00:00:00-04:00,5.515386482115861,5.589418444356562,5.478370500995511,5.570910453796387,10332600,0.0,0.0
2021-09-01 00:00:00-04:00,5.589418716897877,5.626434699823135,5.53389474250999,5.543148517608643,7773600,0.0,0.0
2021-09-02 00:00:00-04:00,5.589418888092041,5.589418888092041,5.506132703326637,5.589418888092041,6745500,0.0,0.0
2021-09-03 00:00:00-04:00,5.700466362679786,5.848530727776156,5.691212588072994,5.728228569030762,13427100,0.0,0.0
2021-09-07 00:00:00-04:00,5.654196942451293,5.681958709183449,5.506132568573601,5.5246405601501465,12409500,0.0,0.0
2021-09-08 00:00:00-04:00,5.515386648742555,5.53389463986188,5.413592476953612,5.478370666503906,9745400,0.0,0.0
2021-09-09 00:00:00-04:00,5.49687924333119,5.515387236422593,5.376577067604386,5.422847270965576,9011900,0.0,0.0
2021-09-10 00:00:00-04:00,5.441355275428065,5.441355275428065,5.265529120059617,5.284037113189697,10586000,0.0,0.0
2021-09-13 00:00:00-04:00,5.302546341231989,5.459864540108256,5.284038343791573,5.376578330993652,12010000,0.0,0.0
2021-09-14 00:00:00-04:00,5.422847546457999,5.496879522584598,5.3673235643630495,5.395085334777832,11492800,0.0,0.0
2021-09-15 00:00:00-04:00,5.385831013095904,5.4783709738847675,5.3488150287803595,5.432100772857666,8109100,0.0,0.0
2021-09-16 00:00:00-04:00,5.302544102015582,5.321052091640241,5.043431806005073,5.163733959197998,21067900,0.0,0.0
2021-09-17 00:00:00-04:00,5.117465330443003,5.163735094040796,5.024924920716665,5.071195125579834,19235100,0.0,0.0
2021-09-20 00:00:00-04:00,5.015670266536061,5.043432031582108,4.932384088867323,5.034178256988525,19334400,0.0,0.0
2021-09-21 00:00:00-04:00,5.09895754000443,5.210005506584156,5.061941109879127,5.080449104309082,12770900,0.0,0.0
2021-09-22 00:00:00-04:00,5.098956168501068,5.210004105211421,5.043431758880615,5.043431758880615,14671100,0.0,0.0
2021-09-23 00:00:00-04:00,5.0064157670860645,5.024923756490133,4.904622045996321,4.923130035400391,14072500,0.0,0.0
2021-09-24 00:00:00-04:00,4.895368372414035,4.978654554581959,4.8583523895094745,4.886114597320557,9501200,0.0,0.0
2021-09-27 00:00:00-04:00,4.913876363866316,5.006416321127717,4.8583523895094745,4.886114597320557,8909000,0.0,0.0
2021-09-28 00:00:00-04:00,4.830590148217724,4.950892312456397,4.79357416556972,4.904622554779053,11062500,0.0,0.0
2021-09-29 00:00:00-04:00,4.876860413563076,4.89536840513908,4.793574230838393,4.849098205566406,11955100,0.0,0.0
2021-09-30 00:00:00-04:00,4.895368708824489,5.024924657893555,4.858352723376185,4.960146903991699,11069500,0.0,0.0
2021-10-01 00:00:00-04:00,5.0064157670860645,5.0064157670860645,4.867606067188183,4.923130035400391,9718000,0.0,0.0
2021-10-04 00:00:00-04:00,4.913875602590092,5.0897017147797685,4.8953676140051385,5.052685737609863,12456800,0.0,0.0
2021-10-05 00:00:00-04:00,5.024923534099807,5.0619395112697125,4.904621828930242,5.052685737609863,12541800,0.0,0.0
2021-10-06 00:00:00-04:00,5.052685759757518,5.191495895385742,5.015669782425359,5.191495895385742,9577300,0.0,0.0
2021-10-07 00:00:00-04:00,5.154481502474466,5.29329123950575,5.154481502474466,5.219259262084961,10465300,0.0,0.0
2021-10-08 00:00:00-04:00,5.367323375886646,5.39508514532656,5.247021198272705,5.247021198272705,8429900,0.0,0.0
2021-10-11 00:00:00-04:00,5.2562749743308865,5.311798954476082,5.19149721812751,5.247021198272705,5983200,0.0,0.0
2021-10-12 00:00:00-04:00,5.237766166730717,5.376576316148149,5.219258176226079,5.293290138244629,10608800,0.0,0.0
2021-10-13 00:00:00-04:00,5.339561528615599,5.580165900220082,5.339561528615599,5.561657905578613,17162800,0.0,0.0
2021-10-14 00:00:00-04:00,5.635689355148129,5.7374830954885905,5.626435138063346,5.700467109680176,15065700,0.0,0.0
2021-10-15 00:00:00-04:00,5.570910089650234,5.700466015102954,5.515386121599068,5.654196262359619,11019200,0.0,0.0
2021-10-18 00:00:00-04:00,5.6356883693174735,5.672704348650817,5.570910184851483,5.598672389984131,6658500,0.0,0.0
2021-10-19 00:00:00-04:00,5.728228219761173,5.746736209111562,5.607926068351011,5.654196262359619,10815700,0.0,0.0
2021-10-20 00:00:00-04:00,5.728228909387578,5.857784850437649,5.672704934651834,5.802260875701904,14922000,0.0,0.0
2021-10-21 00:00:00-04:00,5.755990440701047,5.839276620030898,5.718974459057849,5.811514854431152,8309100,0.0,0.0
2021-10-22 00:00:00-04:00,5.9318174737175475,6.061373870381683,5.811515735765672,5.848531723022461,11965000,0.0,0.0
2021-10-25 00:00:00-04:00,5.922563683176571,6.0243578685186225,5.922563683176571,5.9688334465026855,13032100,0.0,0.0
2021-10-26 00:00:00-04:00,5.931817019994309,5.9688330044197535,5.876293043356141,5.950325012207031,8723400,0.0,0.0
2021-10-27 00:00:00-04:00,5.922563076019287,6.005848817974326,5.894800867857389,5.922563076019287,10872700,0.0,0.0
2021-10-28 00:00:00-04:00,5.9225623459687515,5.978086314183003,5.793006420135498,5.793006420135498,14971300,0.0,0.0
2021-10-29 00:00:00-04:00,5.691213868068889,5.700467644756924,5.561657905578613,5.561657905578613,10710800,0.0,0.0
2021-11-01 00:00:00-04:00,5.570910759724174,5.598672967721656,5.506132568573601,5.5246405601501465,10938200,0.0,0.0
2021-11-02 00:00:00-04:00,5.506132568573601,5.5246405601501465,5.4135926106908725,5.5246405601501465,9633000,0.0,0.0
2021-11-03 00:00:00-04:00,5.44135568351835,5.5894196396634825,5.3858316999639255,5.580165863037109,10920600,0.0,0.0
2021-11-04 00:00:00-04:00,5.654197878785953,5.73748363403986,5.5338956929837115,5.561657905578613,12711100,0.0,0.0
2021-11-05 00:00:00-04:00,5.580165076152221,5.755990778647871,5.552402867657188,5.746737003326416,13508300,0.0,0.0
2021-11-08 00:00:00-05:00,5.802260875701904,5.820768867280486,5.728228909387578,5.802260875701904,13206100,0.0,0.0
2021-11-09 00:00:00-05:00,5.811514405891377,5.820768179955306,5.700466028267324,5.774497985839844,17746800,0.0,0.0
2021-11-10 00:00:00-05:00,5.931817222487937,6.116897592198566,5.904055453853825,5.978087425231934,22693400,0.0,0.0
2021-11-11 00:00:00-05:00,6.200183016044363,6.329739400465414,6.0428653057022315,6.283469200134277,19679800,0.0,0.0
2021-11-12 00:00:00-05:00,6.209437691763421,6.450041603986529,6.172421705267558,6.4222798347473145,18946000,0.0,0.0
2021-11-15 00:00:00-05:00,6.403771700380924,6.5148196574213735,6.348247721860699,6.496311664581299,11092000,0.0,0.0
2021-11-16 00:00:00-05:00,6.487058665299405,6.598106635632375,6.320486268534541,6.348248481750488,14690600,0.0,0.0
2021-11-17 00:00:00-05:00,6.450041568145673,6.5425819751364775,6.385263812770546,6.4407877922058105,11709400,0.0,0.0
2021-11-18 00:00:00-05:00,6.394517358683395,6.4315333436420135,6.274215628200562,6.31123161315918,9911700,0.0,0.0
2021-11-19 00:00:00-05:00,6.301977889719603,6.329740101244968,6.107643732838196,6.172421932220459,12017200,0.0,0.0
2021-11-22 00:00:00-05:00,6.042864970042906,6.163166689943936,5.959578790579239,6.070626735687256,11338500,0.0,0.0
2021-11-23 00:00:00-05:00,5.941070413095432,5.996594382036056,5.774498065008279,5.8762922286987305,15205900,0.0,0.0
2021-11-24 00:00:00-05:00,5.811514199583473,5.839275962054992,5.709720040902298,5.765244007110596,12049100,0.0,0.0
2021-11-26 00:00:00-05:00,5.830023819227712,5.830023819227712,5.5524034692586275,5.67270565032959,11671900,0.0,0.0
2021-11-29 00:00:00-05:00,5.598673546275822,5.644943309365934,5.459863374474739,5.607927322387695,20249500,0.0,0.0
2021-11-30 00:00:00-05:00,5.645127294053184,5.831128010718574,5.524226606490337,5.533526420593262,27021200,0.03,0.0
2021-12-01 00:00:00-05:00,5.6544272021645945,5.710227418091926,5.403326008761256,5.412626266479492,18804300,0.0,0.0
2021-12-02 00:00:00-05:00,5.403325138534917,5.431225463735475,5.3010245374137,5.3940253257751465,14492200,0.0,0.0
2021-12-03 00:00:00-05:00,5.412626181824654,5.468426396879256,5.356825966770052,5.4312262535095215,12089900,0.0,0.0
2021-12-06 00:00:00-05:00,5.394026162440329,5.533526479699086,5.356826018709902,5.524226665496826,11223700,0.0,0.0
2021-12-07 00:00:00-05:00,5.533526479699086,5.635827096688109,5.524226665496826,5.524226665496826,12319900,0.0,0.0
2021-12-08 00:00:00-05:00,5.514926124485155,5.542826452579845,5.403325699027737,5.477725982666016,14797300,0.0,0.0
2021-12-09 00:00:00-05:00,5.180124537235353,5.180124537235353,4.854622650661392,4.901123046875,47900400,0.0,0.0
2021-12-10 00:00:00-05:00,4.9662242195898365,4.9941241065197195,4.873223413928342,4.956923961639404,22427100,0.0,0.0
2021-12-13 00:00:00-05:00,4.93832346521952,5.003423934901225,4.81742278300807,4.836022853851318,25104800,0.0,0.0
2021-12-14 00:00:00-05:00,4.770922853928762,4.854622951454421,4.7151226410914315,4.724422454833984,17093000,0.0,0.0
2021-12-15 00:00:00-05:00,4.696522260526871,4.7244221433758975,4.557021515899813,4.687222003936768,22847900,0.0,0.0
2021-12-16 00:00:00-05:00,4.798823253116823,5.04992445953664,4.789523438377202,5.03132438659668,27277200,0.0,0.0
2021-12-17 00:00:00-05:00,5.059224161001438,5.235925056216603,5.040624090108298,5.161524772644043,34578500,0.0,0.0
2021-12-20 00:00:00-05:00,5.096423751147253,5.208024164426386,4.994123150577737,5.180124282836914,18834800,0.0,0.0
2021-12-21 00:00:00-05:00,5.2080241888373955,5.235924514018264,5.087123518821339,5.17082405090332,15213600,0.0,0.0
2021-12-22 00:00:00-05:00,5.161525552968186,5.226625589205724,5.068524740981868,5.198725700378418,15271900,0.0,0.0
2021-12-23 00:00:00-05:00,5.217324420596626,5.226624233306242,5.15222395778682,5.180124282836914,11676600,0.0,0.0
2021-12-27 00:00:00-05:00,5.1429247017509025,5.226624799039698,5.115024373680858,5.161524772644043,7336000,0.0,0.0
2021-12-28 00:00:00-05:00,5.161524548318957,5.310325108997054,5.1522242915462515,5.208024501800537,9598700,0.0,0.0
2021-12-29 00:00:00-05:00,5.1336250507169225,5.319625781610001,5.12432523590263,5.235925674438477,14158000,0.0,0.0
2021-12-30 00:00:00-05:00,5.254526177240895,5.366126624903384,5.23592610263048,5.347526550292969,10511700,0.0,0.0
2021-12-31 00:00:00-05:00,5.366125890416826,5.431226364373052,5.347525818352289,5.403326034545898,7534600,0.0,0.0
2022-01-03 00:00:00-05:00,5.338225223284821,5.338225223284821,5.170824585281486,5.263824939727783,11066500,0.0,0.0
2022-01-04 00:00:00-05:00,5.282426329705524,5.384726966872545,5.254526438135015,5.291726589202881,17025500,0.0,0.0
2022-01-05 00:00:00-05:00,5.328925179081816,5.394025646108809,5.198724688488482,5.208024501800537,18382400,0.0,0.0
2022-01-06 00:00:00-05:00,5.124324452334779,5.142924522579923,4.97552344691297,4.984823703765869,22254900,0.0,0.0
2022-01-07 00:00:00-05:00,5.059223594307877,5.096423731927297,4.984823319069038,5.068523406982422,13045500,0.0,0.0
2022-01-10 00:00:00-05:00,5.022024019215158,5.170824586360277,4.966223806535738,5.161524772644043,14051800,0.0,0.0
2022-01-11 00:00:00-05:00,5.152224432599947,5.2824249267578125,5.133624362005967,5.2824249267578125,11691500,0.0,0.0
2022-01-12 00:00:00-05:00,5.273124736064294,5.375425338745117,5.254524666800566,5.375425338745117,13859300,0.0,0.0
2022-01-13 00:00:00-05:00,5.347526421992301,5.403326644484757,5.263825866523243,5.273126125335693,10462300,0.0,0.0
2022-01-14 00:00:00-05:00,5.291726068903998,5.291726068903998,5.142925479263069,5.198725700378418,11372500,0.0,0.0
2022-01-18 00:00:00-05:00,5.189424939137747,5.226625082944701,5.04062436390993,5.096424579620361,21013400,0.0,0.0
2022-01-19 00:00:00-05:00,5.189425032853175,5.580026993340739,5.14292507398509,5.496326446533203,30140200,0.0,0.0
2022-01-20 00:00:00-05:00,5.542826796760272,5.570726683126727,5.39402622024398,5.403326034545898,19415400,0.0,0.0
2022-01-21 00:00:00-05:00,5.403325753405396,5.449826152877623,5.217325042437835,5.254525184631348,20030000,0.0,0.0
2022-01-24 00:00:00-05:00,5.16152446629871,5.24522455861976,5.003423651360239,5.226624488830566,28221500,0.0,0.0
2022-01-25 00:00:00-05:00,5.152224571868851,5.263824998449388,5.087124101299868,5.254525184631348,20227800,0.0,0.0
2022-01-26 00:00:00-05:00,5.273125572571552,5.301025459162754,5.022024375947226,5.077824592590332,24485500,0.0,0.0
2022-01-27 00:00:00-05:00,4.994124192894933,5.1150248875773325,4.938323974609375,4.938323974609375,17987000,0.0,0.0
2022-01-28 00:00:00-05:00,4.929023938225284,4.929023938225284,4.789523177056513,4.882523536682129,16378800,0.0,0.0
2022-01-31 00:00:00-05:00,4.929023329682245,5.0406237474546645,4.8918231904247715,5.022023677825928,15599600,0.0,0.0
2022-02-01 00:00:00-05:00,5.068524750782843,5.142925489207912,5.003424714419421,5.087124824523926,9740700,0.0,0.0
2022-02-02 00:00:00-05:00,5.115024592291184,5.208024950731613,5.022024233850755,5.105724334716797,23133700,0.0,0.0
2022-02-03 00:00:00-05:00,5.059224864913362,5.09642501187546,4.966224497508117,5.003424644470215,13340600,0.0,0.0
2022-02-04 00:00:00-05:00,4.984823538568454,5.105723769424922,4.975523282023766,5.022023677825928,11492500,0.0,0.0
2022-02-07 00:00:00-05:00,5.105724614052993,5.198725421042222,5.040624581313389,5.152225017547607,14482700,0.0,0.0
2022-02-08 00:00:00-05:00,5.152225421538331,5.282425940687395,5.133625347374179,5.273126125335693,14053200,0.0,0.0
2022-02-09 00:00:00-05:00,5.310325397921615,5.3382252828364125,5.2452249273526315,5.254525184631348,10177300,0.0,0.0
2022-02-10 00:00:00-05:00,5.208024144785555,5.310324744969269,5.031323269363003,5.068523406982422,19496800,0.0,0.0
2022-02-11 00:00:00-05:00,5.087125230084893,5.384726877128658,5.068525154860955,5.31032657623291,29252200,0.0,0.0
2022-02-14 00:00:00-05:00,5.338225841522217,5.421926391947854,5.254525734557301,5.338225841522217,21649600,0.0,0.0
2022-02-15 00:00:00-05:00,5.198725599485639,5.347526186238762,5.161525452797358,5.3196258544921875,15764400,0.0,0.0
2022-02-16 00:00:00-05:00,5.366124758500049,5.50562549128849,5.366124758500049,5.449825286865234,20401500,0.0,0.0
2022-02-17 00:00:00-05:00,5.459126250739509,5.570726683126727,5.198725241835996,5.403326034545898,46617100,0.0,0.0
2022-02-18 00:00:00-05:00,5.412626266479492,5.56142684228571,5.375426122527938,5.412626266479492,27936800,0.0,0.0
2022-02-22 00:00:00-05:00,5.412627135923791,5.44052702663874,5.077825343119029,5.124325752258301,30516200,0.0,0.0
2022-02-23 00:00:00-05:00,5.133624638245237,5.235925253747237,5.0685241659329305,5.115024566650391,22077000,0.0,0.0
2022-02-24 00:00:00-05:00,5.235925049933874,5.235925049933874,4.836022861020213,4.9476237297058105,42933700,0.0,0.0
2022-02-25 00:00:00-05:00,4.891824056287488,5.198725481214133,4.854623466984796,5.142925262451172,25144100,0.0,0.0
2022-02-28 00:00:00-05:00,5.049925288152727,5.096425699862997,4.650023432595407,4.659323692321777,55683200,0.0,0.0
2022-03-01 00:00:00-05:00,4.696523529220574,4.8453241271732885,4.677923454476484,4.826724052429199,31312700,0.0,0.0
2022-03-02 00:00:00-05:00,4.743021981082191,5.087123475792132,4.733722168407646,5.068523406982422,28846500,0.0,0.0
2022-03-03 00:00:00-05:00,4.733723256719544,4.975524206837287,4.724422998446193,4.919723987579346,37193200,0.0,0.0
2022-03-04 00:00:00-05:00,4.836023129510988,5.1429249811094015,4.836023129510988,5.096424579620361,26895700,0.0,0.0
2022-03-07 00:00:00-05:00,5.031324022743237,5.170824781434931,4.9569237363638505,5.115024566650391,31206700,0.0,0.0
2022-03-08 00:00:00-05:00,5.161779201277012,5.432959595595207,5.115023776369967,5.2365875244140625,47218500,0.03,0.0
2022-03-09 00:00:00-05:00,5.021513819477835,5.273992155488094,4.993460918750483,5.245939254760742,22827300,0.0,0.0
2022-03-10 00:00:00-05:00,5.283343212059662,5.395555702345519,5.245939048631043,5.320747375488281,20146900,0.0,0.0
2022-03-11 00:00:00-05:00,5.18048169181047,5.330098349918471,5.1617796095469695,5.264641284942627,17406600,0.0,0.0
2022-03-14 00:00:00-04:00,5.208535423887574,5.2272375075361195,4.8718974723209145,4.956057071685791,26869200,0.0,0.0
2022-03-15 00:00:00-04:00,4.834493516778045,5.105673964506268,4.7970893478426255,5.040216445922852,23221900,0.0,0.0
2022-03-16 00:00:00-04:00,5.049566914580746,5.171130667391736,5.002811487840274,5.161779403686523,18822400,0.0,0.0
2022-03-17 00:00:00-04:00,5.217886181668124,5.423609545286111,5.217886181668124,5.311396598815918,16771900,0.0,0.0
2022-03-18 00:00:00-04:00,5.255290136418786,5.30204556605201,5.171130987328935,5.217885971069336,32034600,0.0,0.0
2022-03-21 00:00:00-04:00,5.227237383283372,5.442311563075697,5.217886118734958,5.339449882507324,13617400,0.0,0.0
2022-03-22 00:00:00-04:00,5.320747917007025,5.339450000624738,5.217886234163182,5.292694568634033,14740100,0.0,0.0
2022-03-23 00:00:00-04:00,5.348800765675035,5.367502849104594,5.2646416131884415,5.311396598815918,15775400,0.0,0.0
2022-03-24 00:00:00-04:00,5.358152084242451,5.376854167860164,5.264641666153887,5.292694568634033,15147900,0.0,0.0
2022-03-25 00:00:00-04:00,5.273991377462523,5.367501775913627,5.236587218082082,5.358150959014893,12325500,0.0,0.0
2022-03-28 00:00:00-04:00,5.28334395444265,5.330098942351746,5.199184351956267,5.227237701416016,11232700,0.0,0.0
2022-03-29 00:00:00-04:00,5.161779756918343,5.414258097630383,5.115024326978296,5.386205196380615,21126700,0.0,0.0
2022-03-30 00:00:00-04:00,5.376853523198288,5.563874336952416,5.376853523198288,5.535821437835693,20693000,0.0,0.0
2022-03-31 00:00:00-04:00,5.526469797841046,5.601278118248143,5.432959397332175,5.498416900634766,17336400,0.0,0.0
2022-04-01 00:00:00-04:00,5.4610133265994945,5.657385411692477,5.442311244490297,5.629332065582275,12407500,0.0,0.0
2022-04-04 00:00:00-04:00,5.657385411692477,5.7789487224558584,5.54517247314448,5.629332065582275,13762200,0.0,0.0
2022-04-05 00:00:00-04:00,5.694790503186812,5.816353833744205,5.404907960346611,5.4797163009643555,26142300,0.0,0.0
2022-04-06 00:00:00-04:00,5.498418386118791,5.507769205749568,5.330099173835984,5.4797163009643555,20103000,0.0,0.0
2022-04-07 00:00:00-04:00,5.498417183907828,5.648033832430126,5.423608859646681,5.563874244689941,27370000,0.0,0.0
2022-04-08 00:00:00-04:00,5.648034610502349,5.825704628044758,5.60127917845172,5.807002544403076,21388000,0.0,0.0
2022-04-11 00:00:00-04:00,5.872459354622868,5.92856559880774,5.6760872770294215,5.713491439819336,18769500,0.0,0.0
2022-04-12 00:00:00-04:00,5.816353096418235,5.8818106091073,5.713491864054763,5.732193946838379,23777000,0.0,0.0
2022-04-13 00:00:00-04:00,5.797650971453383,5.835055136748476,5.704140558215649,5.741544723510742,15390100,0.0,0.0
2022-04-14 00:00:00-04:00,5.722842640863195,5.778948888805836,5.619981409248099,5.741544723510742,12625900,0.0,0.0
2022-04-18 00:00:00-04:00,5.778948553725203,5.863108143705752,5.694789409637451,5.694789409637451,14010300,0.0,0.0
2022-04-19 00:00:00-04:00,5.65738582611084,5.732194160027539,5.573226227508133,5.65738582611084,15576000,0.0,0.0
2022-04-20 00:00:00-04:00,5.610630035400391,5.648034199964968,5.423609212577503,5.610630035400391,19892000,0.0,0.0
2022-04-21 00:00:00-04:00,5.582577418019018,5.582577418019018,5.283344062427675,5.348801136016846,26104700,0.0,0.0
2022-04-22 00:00:00-04:00,5.255289386134743,5.311395626148776,5.096321483148604,5.133725643157959,28994100,0.0,0.0
2022-04-25 00:00:00-04:00,4.9560570184201325,5.0589182544351985,4.881248238737119,4.974759101867676,23539900,0.0,0.0
2022-04-26 00:00:00-04:00,4.984109057911193,4.99346032096271,4.731630752126155,4.750332832336426,18048600,0.0,0.0
2022-04-27 00:00:00-04:00,4.7690359670742355,4.86254638880258,4.703578894810825,4.722280979156494,16595500,0.0,0.0
2022-04-28 00:00:00-04:00,4.73163064402289,4.806438963154832,4.684875667511803,4.797088146209717,16535400,0.0,0.0
2022-04-29 00:00:00-04:00,4.853194496439297,4.918652000121627,4.731630752126155,4.750332832336426,16401500,0.0,0.0
2022-05-02 00:00:00-04:00,4.656824111938477,4.675526198898353,4.5165582367929415,4.656824111938477,20493400,0.0,0.0
2022-05-03 00:00:00-04:00,4.67552554534589,4.797089316539171,4.647472195880955,4.722280979156494,15419300,0.0,0.0
2022-05-04 00:00:00-04:00,4.722280155973383,4.853194723572171,4.6474713857384335,4.843843460083008,16669500,0.0,0.0
2022-05-05 00:00:00-04:00,4.871896785167882,4.871896785167882,4.582014306555266,4.675524711608887,20758000,0.0,0.0
2022-05-06 00:00:00-04:00,4.638120754555765,4.666173654365177,4.544610345369722,4.600716590881348,15572900,0.0,0.0
2022-05-09 00:00:00-04:00,4.46045112827716,4.4978552950888595,4.254728210812813,4.292132377624512,22183100,0.0,0.0
2022-05-10 00:00:00-04:00,4.338886933090946,4.366940278365291,4.161216935400885,4.273429870605469,26212300,0.0,0.0
2022-05-11 00:00:00-04:00,4.282780341732783,4.33888658184673,3.9835470611250665,4.039653301239014,30000400,0.0,0.0
2022-05-12 00:00:00-04:00,3.955494361149311,3.9648451797420443,3.6843139335675597,3.7965264320373535,29166800,0.0,0.0
2022-05-13 00:00:00-04:00,3.7684735051173113,3.899388085788268,3.6656118259294304,3.8900368213653564,32328700,0.0,0.0
2022-05-16 00:00:00-04:00,3.8806859570071097,4.049004701596329,3.8806859570071097,4.002249717712402,18825200,0.0,0.0
2022-05-17 00:00:00-04:00,4.077058273015201,4.142515343233585,4.002249937969704,4.086409091949463,15930100,0.0,0.0
2022-05-18 00:00:00-04:00,4.030301610299627,4.10510992250773,3.9554932980915236,4.020950794219971,20115300,0.0,0.0
2022-05-19 00:00:00-04:00,4.123812922990104,4.264078762701858,4.095760022583441,4.2173237800598145,22587700,0.0,0.0
2022-05-20 00:00:00-04:00,4.254727473067052,4.301482450528207,4.105110385870173,4.207972049713135,15195900,0.0,0.0
2022-05-23 00:00:00-04:00,4.301482927172617,4.338887091643375,4.17056835152496,4.2173237800598145,7998600,0.0,0.0
2022-05-24 00:00:00-04:00,4.217324881930095,4.348239491782117,4.198622348915449,4.320186138153076,14454200,0.0,0.0
2022-05-25 00:00:00-04:00,4.236026610056715,4.338887857562404,4.207973258805142,4.282781600952148,18553700,0.0,0.0
2022-05-26 00:00:00-04:00,4.2640790295693165,4.3388873631927165,4.226674862757617,4.292132377624512,14217900,0.0,0.0
2022-05-27 00:00:00-04:00,4.348238736629504,4.366940820503256,4.23602623338699,4.254728317260742,10912100,0.0,0.0
2022-05-31 00:00:00-04:00,4.236025392904038,4.329535793719111,4.151865809224091,4.207972049713135,15268100,0.0,0.0
2022-06-01 00:00:00-04:00,4.255042083107585,4.2644561085307,4.123248869382052,4.170317649841309,11392500,0.03,0.0
2022-06-02 00:00:00-04:00,4.2267998158090325,4.452731454019127,4.2267998158090325,4.41507625579834,14334000,0.0,0.0
2022-06-03 00:00:00-04:00,4.3585936331015915,4.40566240832078,4.255041609402754,4.283283233642578,18687300,0.0,0.0
2022-06-06 00:00:00-04:00,4.339765864533772,4.339765864533772,4.160903448328979,4.217386245727539,13752300,0.0,0.0
2022-06-07 00:00:00-04:00,4.189145104156524,4.2550419331394895,4.160903926653413,4.245628356933594,7595600,0.0,0.0
2022-06-08 00:00:00-04:00,4.226800136207708,4.273869361994306,4.170317334595034,4.2362141609191895,13054400,0.0,0.0
2022-06-09 00:00:00-04:00,4.1985589899244165,4.207972565817935,4.066765785217285,4.066765785217285,16936200,0.0,0.0
2022-06-10 00:00:00-04:00,3.9914549135815554,4.302110996443731,3.9349721118480887,4.264455795288086,16382000,0.0,0.0
2022-06-13 00:00:00-04:00,4.151489170142998,4.207971964083373,3.9820407883218722,3.9914543628692627,40680800,0.0,0.0
2022-06-14 00:00:00-04:00,4.010282747330095,4.010282747330095,3.756109704316157,3.840833902359009,37844900,0.0,0.0
2022-06-15 00:00:00-04:00,3.8879032135009766,4.000868813442143,3.7561097891269197,3.8879032135009766,41163600,0.0,0.0
2022-06-16 00:00:00-04:00,3.822006529942088,3.9632137595150443,3.7278685265219202,3.8973169326782227,44738800,0.0,0.0
2022-06-17 00:00:00-04:00,3.878488460328996,3.9726264425922615,3.774936904282058,3.8596608638763428,97181600,0.0,0.0
2022-06-21 00:00:00-04:00,3.822006520129004,4.047938176642731,3.812592944253861,3.9537997245788574,25324200,0.0,0.0
2022-06-22 00:00:00-04:00,3.963213912785315,4.076179521258261,3.9067311085488416,3.9349722862243652,17801300,0.0,0.0
2022-06-23 00:00:00-04:00,3.9255585048819253,3.9537996810820735,3.7184546757249985,3.7372822761535645,25679700,0.0,0.0
2022-06-24 00:00:00-04:00,3.737282271496227,3.784351272508985,3.6054888442178026,3.765523672103882,22175600,0.0,0.0
2022-06-27 00:00:00-04:00,3.803178074518384,3.8596608638763428,3.718453890481445,3.8596608638763428,16031100,0.0,0.0
2022-06-28 00:00:00-04:00,3.8690758012479085,3.897316978160836,3.5772475383542743,3.5866613388061523,25378000,0.0,0.0
2022-06-29 00:00:00-04:00,3.614902751231875,3.614902751231875,3.4548681430598664,3.5301785469055176,17529800,0.0,0.0
2022-06-30 00:00:00-04:00,3.4925235274670876,3.5207649303848205,3.3419024874631265,3.3701438903808594,18856200,0.0,0.0
2022-07-01 00:00:00-04:00,3.341902245379632,3.5113508750540876,3.2948332439263672,3.483109474182129,18042900,0.0,0.0
2022-07-05 00:00:00-04:00,3.379557137454986,3.4077985357440457,3.068901531832651,3.153625726699829,30951100,0.0,0.0
2022-07-06 00:00:00-04:00,3.181867671919029,3.191281472302819,3.0312466413356773,3.144212245941162,21130000,0.0,0.0
2022-07-07 00:00:00-04:00,3.1630399307387798,3.266591962154166,3.134798528837141,3.19128155708313,17251100,0.0,0.0
2022-07-08 00:00:00-04:00,3.181867349431571,3.2195225471503166,3.0971429301217106,3.153625726699829,17221400,0.0,0.0
2022-07-11 00:00:00-04:00,3.1159709255086083,3.21952295685551,3.078315722997994,3.134798526763916,10659100,0.0,0.0
2022-07-12 00:00:00-04:00,3.1253845783627754,3.1630397790929883,3.0218327763546897,3.068901777267456,13020600,0.0,0.0
2022-07-13 00:00:00-04:00,3.0312463341139053,3.247763945439376,3.0312463341139053,3.153625726699829,19253300,0.0,0.0
2022-07-14 00:00:00-04:00,3.031246433515852,3.031246433515852,2.861797813782181,2.9465222358703613,31103900,0.0,0.0
2022-07-15 00:00:00-04:00,3.0030053525457134,3.0030053525457134,2.8241429141186165,2.908867120742798,20456700,0.0,0.0
2022-07-18 00:00:00-04:00,2.9747632353400504,3.068901220073768,2.946521839919935,3.021832227706909,26612600,0.0,0.0
2022-07-19 00:00:00-04:00,3.0689020901743276,3.134798698171053,3.021833084462381,3.0877296924591064,19994200,0.0,0.0
2022-07-20 00:00:00-04:00,3.0877292219691337,3.125384420801014,3.0218326240133435,3.0312464237213135,15581900,0.0,0.0
2022-07-21 00:00:00-04:00,3.031246893012604,3.1065573023357644,2.9841778871856293,3.059488296508789,18783000,0.0,0.0
2022-07-22 00:00:00-04:00,3.1159711035011592,3.2383507430940184,3.0500744953433943,3.059488296508789,24626400,0.0,0.0
2022-07-25 00:00:00-04:00,3.0783154322077912,3.0783154322077912,2.90886681247412,2.9465222358703613,23358900,0.0,0.0
2022-07-26 00:00:00-04:00,2.955936184174572,3.0124189854437335,2.8994531584627095,2.92769455909729,21207200,0.0,0.0
2022-07-27 00:00:00-04:00,2.9559361795460606,3.050074181513925,2.9182807543162137,3.0406603813171387,18599700,0.0,0.0
2022-07-28 00:00:00-04:00,3.0783151755202085,3.1724531650543213,3.0030047838929184,3.1724531650543213,34652700,0.0,0.0
2022-07-29 00:00:00-04:00,3.2101094722747803,3.2571784800471635,3.097143629178328,3.2101094722747803,20966800,0.0,0.0
2022-08-01 00:00:00-04:00,3.210108675277631,3.2948328682328256,3.210108675277631,3.2477638721466064,12667900,0.0,0.0
2022-08-02 00:00:00-04:00,3.26659163252791,3.3795572287352966,3.2289364337921143,3.2289364337921143,20581100,0.0,0.0
2022-08-03 00:00:00-04:00,3.247764274605562,3.257178074989352,3.0783156432546295,3.144212245941162,17811800,0.0,0.0
2022-08-04 00:00:00-04:00,3.200695340273481,3.341902349012108,3.1630399135004703,3.276005744934082,17480500,0.0,0.0
2022-08-05 00:00:00-04:00,3.200694948290944,3.200694948290944,3.0877291306920243,3.153625726699829,24057600,0.0,0.0
2022-08-08 00:00:00-04:00,3.219523021670974,3.3513162331113873,3.1912816192194566,3.266592025756836,15571600,0.0,0.0
2022-08-09 00:00:00-04:00,3.2948328682328256,3.3136604666673133,3.1724532539659784,3.2477638721466064,11233700,0.0,0.0
2022-08-10 00:00:00-04:00,3.276005502805409,3.3795573015602502,3.2571779030318018,3.3042469024658203,16229100,0.0,0.0
2022-08-11 00:00:00-04:00,3.3513160614010067,3.417212888187593,3.3042470597268054,3.3136608600616455,16977700,0.0,0.0
2022-08-12 00:00:00-04:00,3.3324882911814546,3.4360403140388964,3.3324882911814546,3.3889710903167725,10156900,0.0,0.0
2022-08-15 00:00:00-04:00,3.2948329425317335,3.341901939679365,3.266591544243155,3.3230743408203125,11401700,0.0,0.0
2022-08-16 00:00:00-04:00,3.304247371583337,3.3513163776999355,3.266592166690059,3.332488775253296,9644600,0.0,0.0
2022-08-17 00:00:00-04:00,3.3229944655242876,3.332488726371344,3.2090633353596085,3.218557596206665,17024100,0.03,0.0
2022-08-18 00:00:00-04:00,3.1995685805247844,3.3229941875736646,3.190074320471872,3.313499927520752,16809200,0.0,0.0
2022-08-19 00:00:00-04:00,3.2850168101840755,3.360970882811363,3.2090627375567875,3.341982364654541,33512700,0.0,0.0
2022-08-22 00:00:00-04:00,3.2755230794527974,3.3609714249414515,3.2565345582330965,3.3040058612823486,13258500,0.0,0.0
2022-08-23 00:00:00-04:00,3.3135001039153185,3.4559142386514576,3.294511582798637,3.3514771461486816,11374100,0.0,0.0
2022-08-24 00:00:00-04:00,3.332488874515879,3.4559144973754883,3.285017568170277,3.4559144973754883,17936500,0.0,0.0
2022-08-25 00:00:00-04:00,3.4938909557655635,3.503385215440429,3.417936652005634,3.4843966960906982,11070600,0.0,0.0
2022-08-26 00:00:00-04:00,3.474902495791732,3.4938910154659206,3.209062993992076,3.247040033340454,18430200,0.0,0.0
2022-08-29 00:00:00-04:00,3.2280518570537216,3.3040059438301745,3.190074587304461,3.218557596206665,13256700,0.0,0.0
2022-08-30 00:00:00-04:00,3.2375454516431135,3.247039710536337,3.1141198596702178,3.133108377456665,14857100,0.0,0.0
2022-08-31 00:00:00-04:00,3.1236145050478057,3.1995685855913827,3.1141202449798584,3.1141202449798584,15750300,0.0,0.0
2022-09-01 00:00:00-04:00,3.0476606140110283,3.0571548746693384,2.9337292597502738,2.9527177810668945,14747200,0.0,0.0
2022-09-02 00:00:00-04:00,3.0381661644362814,3.1900743255234354,3.0191776443003873,3.1141202449798584,16504600,0.0,0.0
2022-09-06 00:00:00-04:00,3.161591590450745,3.256534418846523,3.0951317690264126,3.123614549636841,11133100,0.0,0.0
2022-09-07 00:00:00-04:00,3.123614429097216,3.2755228128517375,3.066648870074649,3.247040033340454,13523300,0.0,0.0
2022-09-08 00:00:00-04:00,3.209062658561365,3.28501672931894,3.1805796556662878,3.275522470474243,10675400,0.0,0.0
2022-09-09 00:00:00-04:00,3.3419827366385193,3.3894540373144326,3.2850171758274236,3.3704655170440674,9198900,0.0,0.0
2022-09-12 00:00:00-04:00,3.427430881235117,3.455913886367709,3.3514768045108827,3.3799595832824707,13051800,0.0,0.0
2022-09-13 00:00:00-04:00,3.2375456835999374,3.322994019760973,3.2090629048795924,3.2280514240264893,9825000,0.0,0.0
2022-09-14 00:00:00-04:00,3.237546073702007,3.31350015944154,3.2090632915496826,3.2090632915496826,8372100,0.0,0.0
2022-09-15 00:00:00-04:00,3.17108541302956,3.2565339694295607,3.09513134188377,3.133108377456665,14523900,0.0,0.0
2022-09-16 00:00:00-04:00,3.085637508822937,3.218557378032619,3.009683427195129,3.123614549636841,21956100,0.0,0.0
2022-09-19 00:00:00-04:00,3.123614900234186,3.4843972811828494,3.076143593888584,3.4559144973754883,40234500,0.0,0.0
2022-09-20 00:00:00-04:00,3.3704658191985812,3.398948602157545,3.304005992294332,3.332488775253296,15465800,0.0,0.0
2022-09-21 00:00:00-04:00,3.35147695237767,3.484396818870493,3.2945113923211804,3.360971212387085,21269300,0.0,0.0
2022-09-22 00:00:00-04:00,3.37995977717925,3.4654083447569106,3.3134999562329717,3.3704655170440674,18162400,0.0,0.0
2022-09-23 00:00:00-04:00,3.2470404968465423,3.256534758038917,3.08563783021514,3.1426033973693848,18449200,0.0,0.0
2022-09-26 00:00:00-04:00,3.104626090207393,3.199568694106907,3.019177746697831,3.0856375694274902,20632800,0.0,0.0
2022-09-27 00:00:00-04:00,3.1710858053875413,3.247040112292134,3.1046259849119116,3.1141202449798584,16534100,0.0,0.0
2022-09-28 00:00:00-04:00,3.199568252117385,3.3894536600465957,3.1520969567253303,3.341982364654541,28944000,0.0,0.0
2022-09-29 00:00:00-04:00,3.3040056376150013,3.4369252771548044,3.3040056376150013,3.408442497253418,19943100,0.0,0.0
2022-09-30 00:00:00-04:00,3.446419587882425,3.6552932965168132,3.389453804621136,3.569844961166382,27657000,0.0,0.0
2022-10-03 00:00:00-04:00,3.655293680073138,3.77871929266936,3.6457994195935073,3.7502365112304688,22472900,0.0,0.0
2022-10-04 00:00:00-04:00,3.8356844141352897,3.864167418657373,3.759730339039066,3.807201862335205,21402500,0.0,0.0
2022-10-05 00:00:00-04:00,3.693270860897265,3.731247901916504,3.598328031988149,3.731247901916504,21590100,0.0,0.0
2022-10-06 00:00:00-04:00,3.693270965839552,3.759730789511639,3.6173166552818543,3.7027652263641357,17714800,0.0,0.0
2022-10-07 00:00:00-04:00,3.6173168951879613,3.6837769496288093,3.5413628059538964,3.5508570671081543,18314400,0.0,0.0
2022-10-10 00:00:00-04:00,3.503385215440429,3.626810591213679,3.4654081767409672,3.4843966960906982,11313900,0.0,0.0
2022-10-11 00:00:00-04:00,3.484396845358491,3.550856665929616,3.398948278263172,3.4654083251953125,15755400,0.0,0.0
2022-10-12 00:00:00-04:00,3.4559144973754883,3.5508571100666924,3.398948703399722,3.4559144973754883,13317500,0.0,0.0
2022-10-13 00:00:00-04:00,3.3419827366385193,3.37995977717925,3.1615915677090327,3.3704655170440674,24271700,0.0,0.0
2022-10-14 00:00:00-04:00,3.332488280322809,3.3609710590516015,3.1710856411653126,3.180579900741577,15036700,0.0,0.0
2022-10-17 00:00:00-04:00,3.285017072688832,3.3134998522001156,3.2280515136662653,3.247040033340454,14349900,0.0,0.0
2022-10-18 00:00:00-04:00,3.2755228579329656,3.313499897804024,3.1900742918620715,3.2565343379974365,17414000,0.0,0.0
2022-10-19 00:00:00-04:00,3.190074354813413,3.228051621794909,3.1331087938826956,3.171085834503174,16587400,0.0,0.0
2022-10-20 00:00:00-04:00,3.1615916575023713,3.332488571150371,3.1615916575023713,3.237545967102051,19974400,0.0,0.0
2022-10-21 00:00:00-04:00,3.237546002374425,3.4369254730480945,3.228051741866155,3.3989484310150146,18718000,0.0,0.0
2022-10-24 00:00:00-04:00,3.35147695237767,3.3704654723965,3.2945113923211804,3.360971212387085,13360300,0.0,0.0
2022-10-25 00:00:00-04:00,3.370465310823129,3.455913873172644,3.370465310823129,3.4274308681488037,13593400,0.0,0.0
2022-10-26 00:00:00-04:00,3.465408397419368,3.5983280413318526,3.465408397419368,3.5318682193756104,18435200,0.0,0.0
2022-10-27 00:00:00-04:00,3.531867798925995,3.5983276129705586,3.4749022440306545,3.4938907623291016,14425400,0.0,0.0
2022-10-28 00:00:00-04:00,3.4369255984906553,3.48439712912567,3.3989485550714713,3.474902868270874,13950500,0.0,0.0
2022-10-31 00:00:00-04:00,3.4274304956384203,3.493890531656166,3.3989477200712344,3.4464192390441895,10172500,0.0,0.0
2022-11-01 00:00:00-04:00,3.55085654537326,3.607822103928738,3.5318680258547674,3.5413622856140137,11314600,0.0,0.0
2022-11-02 00:00:00-04:00,3.560351265286044,3.5983283092313294,3.3135002532806532,3.332488775253296,20609500,0.0,0.0
2022-11-03 00:00:00-04:00,3.3040058987240983,3.332488680876423,3.1995688044712103,3.2090632915496826,19854700,0.0,0.0
2022-11-04 00:00:00-04:00,3.360971440457393,3.702765276711958,3.360971440457393,3.664788007736206,40536200,0.0,0.0
2022-11-07 00:00:00-05:00,3.7027651821182865,3.7502364841739517,3.626810872468198,3.6932709217071533,16283000,0.0,0.0
2022-11-08 00:00:00-05:00,3.6932712283055404,4.016076335442884,3.664788218346589,3.968604803085327,42543800,0.0,0.0
2022-11-09 00:00:00-05:00,3.9306275268159947,4.063547628500742,3.854673441694458,3.8641679286956787,23293900,0.0,0.0
2022-11-10 00:00:00-05:00,4.063547134910225,4.234443805675224,3.845178940349503,4.016075611114502,32487700,0.0,0.0
2022-11-11 00:00:00-05:00,4.035064016219102,4.101524057113215,3.9401214240289324,4.092029571533203,28107100,0.0,0.0
2022-11-14 00:00:00-05:00,4.03506479279447,4.101524846479268,3.9875932612021754,4.006581783294678,17551800,0.0,0.0
2022-11-15 00:00:00-05:00,4.054053592222999,4.0825366036713024,3.921133928482505,3.959110975265503,26831000,0.0,0.0
2022-11-16 00:00:00-05:00,3.921133041381836,4.0065811509511065,3.911638555473025,3.921133041381836,14612700,0.0,0.0
2022-11-17 00:00:00-05:00,3.8451794391395424,3.9021450034506833,3.797707909185894,3.873661994934082,14769000,0.0,0.0
2022-11-18 00:00:00-05:00,3.883155380490802,3.911637928205784,3.816695347952621,3.8926494121551514,14028300,0.0,0.0
2022-11-21 00:00:00-05:00,3.892650153772816,3.892650153772816,3.788213295597296,3.8451790809631348,13296600,0.0,0.0
2022-11-22 00:00:00-05:00,3.892650650739662,4.063547802294264,3.892650650739662,4.006581783294678,16078300,0.0,0.0
2022-11-23 00:00:00-05:00,3.9591107682470663,3.9970878130442786,3.8831566786526426,3.968604803085327,16755200,0.0,0.0
2022-11-25 00:00:00-05:00,3.9970873029755216,4.025569856577726,3.9021447030981276,3.9116387367248535,7598900,0.0,0.0
2022-11-28 00:00:00-05:00,3.930627460343449,3.930627460343449,3.7312479902712075,3.7502365112304688,14338200,0.0,0.0
2022-11-29 00:00:00-05:00,3.7977078840991534,3.873661969345607,3.7597308414759265,3.8166964054107666,13383500,0.0,0.0
2022-11-30 00:00:00-05:00,3.8932212989899897,3.9984431634113435,3.8071302679853165,3.950615167617798,20706100,0.03,0.0
2022-12-01 00:00:00-05:00,4.05583783758453,4.247151227133958,4.017575250899847,4.189757347106934,33127200,0.0,0.0
2022-12-02 00:00:00-05:00,4.113232391151264,4.189757568565533,4.0558380519645265,4.151494979858398,13441900,0.0,0.0
2022-12-05 00:00:00-05:00,4.113231167577799,4.161059161171181,4.008008851870914,4.027140140533447,16282400,0.0,0.0
2022-12-06 00:00:00-05:00,4.055836923823801,4.094099958014017,3.9314837731777588,3.9697463512420654,13548000,0.0,0.0
2022-12-07 00:00:00-05:00,4.008009157152092,4.1610594781098635,4.008009157152092,4.055837154388428,14874200,0.0,0.0
2022-12-08 00:00:00-05:00,4.084534709601846,4.141928585468793,4.017574959694086,4.074969291687012,14937700,0.0,0.0
2022-12-09 00:00:00-05:00,4.065402717858515,4.189756322227932,4.027140140533447,4.027140140533447,11756000,0.0,0.0
2022-12-12 00:00:00-05:00,3.998443710826958,4.065403461456299,3.941049834341517,4.065403461456299,15513200,0.0,0.0
2022-12-13 00:00:00-05:00,4.218454282032865,4.294979459447134,4.094101096797697,4.151494979858398,14623900,0.0,0.0
2022-12-14 00:00:00-05:00,4.132363102277156,4.151494393930598,4.0080094784668,4.084534645080566,13339900,0.0,0.0
2022-12-15 00:00:00-05:00,3.988878316541773,4.0175750268922386,3.883655980962761,3.893221855163574,17939600,0.0,0.0
2022-12-16 00:00:00-05:00,3.9027871648526857,3.9601810400856987,3.854959163554829,3.912353038787842,23270400,0.0,0.0
2022-12-19 00:00:00-05:00,3.9410498362022777,3.960181128373124,3.8453933753480443,3.85495924949646,9444300,0.0,0.0
2022-12-20 00:00:00-05:00,3.9314842679864217,4.046272016626296,3.9219183942034483,4.008009433746338,12597600,0.0,0.0
2022-12-21 00:00:00-05:00,4.0558377404856465,4.074969489495977,4.01757515471699,4.036706447601318,10061400,0.0,0.0
2022-12-22 00:00:00-05:00,3.988877640274219,3.988877640274219,3.8645240335022666,3.9697463512420654,11510400,0.0,0.0
2022-12-23 00:00:00-05:00,3.979312851774178,4.036706734506379,3.902787674797911,3.9888787269592285,8377900,0.0,0.0
2022-12-27 00:00:00-05:00,4.008009157152092,4.103665607750699,3.979311993909542,4.055837154388428,10938900,0.0,0.0
2022-12-28 00:00:00-05:00,4.01757387239733,4.046271030627333,3.893220736402933,3.92191743850708,9117300,0.0,0.0
2022-12-29 00:00:00-05:00,3.941049231774618,3.9984430994848212,3.941049231774618,3.9601805210113525,7609900,0.0,0.0
2022-12-30 00:00:00-05:00,3.950615622276517,3.9601810400856987,3.8645245813640106,3.912353038787842,6785200,0.0,0.0
2023-01-03 00:00:00-05:00,3.969746895159916,4.1801911033477746,3.969746895159916,4.084534645080566,16253200,0.0,0.0
2023-01-04 00:00:00-05:00,4.170625271726917,4.361938169277081,4.151493981971901,4.3332414627075195,27465900,0.0,0.0
2023-01-05 00:00:00-05:00,4.24714994430542,4.26628123186926,4.180190209769042,4.24714994430542,17782200,0.0,0.0
2023-01-06 00:00:00-05:00,4.2758473961027805,4.390635597706108,4.208888105970623,4.371504306793213,19802600,0.0,0.0
2023-01-09 00:00:00-05:00,4.428898443673375,4.448029735727269,4.314110691350009,4.323676109313965,13361500,0.0,0.0
2023-01-10 00:00:00-05:00,4.3332405769891755,4.4193311352267965,4.304543420159413,4.409765720367432,27662500,0.0,0.0
2023-01-11 00:00:00-05:00,4.419332349870775,4.448029514587891,4.3523730590741,4.3619384765625,13106900,0.0,0.0
2023-01-12 00:00:00-05:00,4.467161222865842,4.486292515755216,4.352373465529598,4.457595348358154,17109400,0.0,0.0
2023-01-13 00:00:00-05:00,4.457594918674269,4.572383121071661,4.438463627629031,4.534120082855225,16620800,0.0,0.0
2023-01-17 00:00:00-05:00,4.534118850294181,4.54368472127938,4.390634434522868,4.409765720367432,13630000,0.0,0.0
2023-01-18 00:00:00-05:00,4.486292096793408,4.524554678998924,4.3619384765625,4.3619384765625,11003200,0.0,0.0
2023-01-19 00:00:00-05:00,4.333242484906055,4.505424133318322,4.294979440243961,4.486292839050293,14212900,0.0,0.0
2023-01-20 00:00:00-05:00,4.4575945539540465,4.543685584676635,4.42889784779713,4.514988422393799,10963900,0.0,0.0
2023-01-23 00:00:00-05:00,4.4862920833051065,4.543685956440823,4.438463627629031,4.534120082855225,13875600,0.0,0.0
2023-01-24 00:00:00-05:00,4.514988858266477,4.610645771026611,4.304544653671305,4.610645771026611,15455500,0.0,0.0
2023-01-25 00:00:00-05:00,4.572383338952212,4.677605216652019,4.55325204699534,4.668039798736572,12111000,0.0,0.0
2023-01-26 00:00:00-05:00,4.648908181416372,4.687170762652231,4.562817145572715,4.639342308044434,10681700,0.0,0.0
2023-01-27 00:00:00-05:00,4.601079570301646,4.6106454433482,4.514988537386398,4.581948280334473,10819700,0.0,0.0
2023-01-30 00:00:00-05:00,4.524554305278754,4.562816884323849,4.428897857666016,4.428897857666016,12475300,0.0,0.0
2023-01-31 00:00:00-05:00,4.400200632560205,4.448029083747369,4.361938054060841,4.43846321105957,13109200,0.0,0.0
2023-02-01 00:00:00-05:00,4.419332336583792,4.572383121071661,4.381069754493314,4.534120082855225,15537900,0.0,0.0
2023-02-02 00:00:00-05:00,4.562817038303393,4.591514201618607,4.361938263474708,4.400200843811035,13437800,0.0,0.0
2023-02-03 00:00:00-05:00,4.256716645742123,4.294979232426806,4.161060179030415,4.189757347106934,17969500,0.0,0.0
2023-02-06 00:00:00-05:00,4.180190669244337,4.218453248577737,4.132362673140549,4.161059379577637,14185800,0.0,0.0
2023-02-07 00:00:00-05:00,4.189757347106934,4.247151227133958,4.122797592345732,4.189757347106934,10124200,0.0,0.0
2023-02-08 00:00:00-05:00,4.21845432787353,4.228020203217281,4.132363730409976,4.1419291496276855,9343800,0.0,0.0
2023-02-09 00:00:00-05:00,4.208888380732894,4.228019672894708,4.046272169294485,4.065403461456299,11074600,0.0,0.0
2023-02-10 00:00:00-05:00,4.074969181849248,4.094100473289227,3.960180977083407,4.008009433746338,14494900,0.0,0.0
2023-02-13 00:00:00-05:00,3.998443841934204,4.036706427512446,3.941049963566842,3.998443841934204,9944300,0.0,0.0
2023-02-14 00:00:00-05:00,3.979311767695187,4.027140218338525,3.9027866115665737,3.9697463512420654,11562500,0.0,0.0
2023-02-15 00:00:00-05:00,3.8932216444449663,3.8932216444449663,3.730605440840553,3.7593023777008057,17883100,0.0,0.0
2023-02-16 00:00:00-05:00,3.797564960181143,3.807130605801227,3.606251819716477,3.7593023777008057,23846100,0.0,0.0
2023-02-17 00:00:00-05:00,3.7210399240958494,3.7210399240958494,3.59668629866488,3.692342758178711,20279800,0.0,0.0
2023-02-21 00:00:00-05:00,3.65408007573613,3.721039823651311,3.615817492963445,3.625383138656616,13285000,0.0,0.0
2023-02-22 00:00:00-05:00,3.5966859675156826,3.6253829027276865,3.5010295168090027,3.539292097091675,20373200,0.0,0.0
2023-02-23 00:00:00-05:00,3.558423307518605,3.5775545972313694,3.472332503811166,3.5105950832366943,15761500,0.0,0.0
2023-02-24 00:00:00-05:00,3.453201477956981,3.4818986446771096,3.4149388930808033,3.4627671241760254,14193600,0.0,0.0
2023-02-27 00:00:00-05:00,3.4818978832782923,3.5201604597874585,3.462766366960764,3.472332239151001,10286600,0.0,0.0
2023-02-28 00:00:00-05:00,3.4818986756534303,3.5488581997824395,3.4532015086780006,3.5010299682617188,11286400,0.0,0.0
2023-03-01 00:00:00-05:00,3.5679890045782487,3.6349485195526086,3.5297264245929,3.587120294570923,13821700,0.0,0.0
2023-03-02 00:00:00-05:00,3.5488578203836414,3.577554756228162,3.529726529820628,3.5679891109466553,11255400,0.0,0.0
2023-03-03 00:00:00-05:00,3.6158172295599345,3.6253828745562715,3.5584233595819112,3.587120294570923,8499200,0.0,0.0
2023-03-06 00:00:00-05:00,3.558423307518605,3.596685886944134,3.49146379352393,3.5105950832366943,8985700,0.0,0.0
2023-03-07 00:00:00-05:00,3.4913062191762583,3.5009509325442387,3.336994484370533,3.3659279346466064,14573300,0.03,0.0
2023-03-08 00:00:00-05:00,3.394861308816033,3.433439241652617,3.317705443142865,3.3369944095611572,10123500,0.0,0.0
2023-03-09 00:00:00-05:00,3.3659275132201456,3.394860959873646,3.2791271732596456,3.2984161376953125,7180800,0.0,0.0
2023-03-10 00:00:00-05:00,3.365927721774434,3.510595193948185,3.3562832389590245,3.3755722045898438,15344000,0.0,0.0
2023-03-13 00:00:00-04:00,3.558817641192427,3.7034848847718282,3.5202397095712534,3.6552624702453613,31622400,0.0,0.0
2023-03-14 00:00:00-04:00,3.6649070291203834,3.6938404784360244,3.5973956473838884,3.6841959953308105,11244300,0.0,0.0
2023-03-15 00:00:00-04:00,3.7420631239047073,3.790285539430775,3.607040130489102,3.6841959953308105,17534000,0.0,0.0
2023-03-16 00:00:00-04:00,3.693840503692627,3.7034849868637845,3.5684622224675775,3.693840503692627,19600200,0.0,0.0
2023-03-17 00:00:00-04:00,3.7517076867416197,4.002464482748898,3.703485040248104,3.98317551612854,40594700,0.0,0.0
2023-03-20 00:00:00-04:00,4.021753559043523,4.127843108291204,3.973530911234963,4.118198394775391,22212900,0.0,0.0
2023-03-21 00:00:00-04:00,4.0506859961908726,4.060330707840858,3.944596927352013,4.0024638175964355,17369900,0.0,0.0
2023-03-22 00:00:00-04:00,4.002464395481276,4.098909226480235,3.9445974968819,4.041042327880859,19183300,0.0,0.0
2023-03-23 00:00:00-04:00,4.098909427629017,4.147132075437577,4.031397812674084,4.118198394775391,13916900,0.0,0.0
2023-03-24 00:00:00-04:00,4.137486886005204,4.243576423049881,4.089264243743479,4.20499849319458,13503800,0.0,0.0
2023-03-27 00:00:00-04:00,4.079620596270253,4.2725102741542,4.069975882433422,4.262866020202637,17085900,0.0,0.0
2023-03-28 00:00:00-04:00,4.262865740143865,4.44611115203752,4.214643093898342,4.426822185516357,24619700,0.0,0.0
2023-03-29 00:00:00-04:00,4.397888121848066,4.60042248258125,4.388243869372065,4.552199840545654,23107800,0.0,0.0
2023-03-30 00:00:00-04:00,4.581133842468262,4.590778555513105,4.503977977650433,4.581133842468262,14956300,0.0,0.0
2023-03-31 00:00:00-04:00,4.590778453402156,4.619711672122675,4.503977877470156,4.542555809020996,13755700,0.0,0.0
2023-04-03 00:00:00-04:00,4.561845146702667,4.677578950790432,4.494333531042176,4.590778827667236,16491500,0.0,0.0
2023-04-04 00:00:00-04:00,4.6004217906118505,4.918689892496141,4.5811328286759885,4.889756679534912,24095700,0.0,0.0
2023-04-05 00:00:00-04:00,4.918691281840794,4.928335995475557,4.735445861747624,4.870469093322754,16819200,0.0,0.0
2023-04-06 00:00:00-04:00,4.802957209203881,4.8704688212197125,4.754734563494683,4.860824108123779,12098100,0.0,0.0
2023-04-10 00:00:00-04:00,4.774023379461473,4.82224602365208,4.716156482363873,4.802957057952881,10168300,0.0,0.0
2023-04-11 00:00:00-04:00,4.8994018186084505,4.995846645769008,4.860823887744227,4.957268714904785,14478700,0.0,0.0
2023-04-12 00:00:00-04:00,5.063358792064247,5.101936727022487,4.937980273507336,4.976558208465576,13515000,0.0,0.0
2023-04-13 00:00:00-04:00,5.06335872700258,5.159803563158911,5.053714013444319,5.130870342254639,19262000,0.0,0.0
2023-04-14 00:00:00-04:00,5.024780840827542,5.169448326394902,4.976558192343335,5.1501593589782715,20463400,0.0,0.0
2023-04-17 00:00:00-04:00,5.092292473225557,5.111581440704677,4.966913954668646,4.976558208465576,13007300,0.0,0.0
2023-04-18 00:00:00-04:00,5.015135714180235,5.121225256177862,4.976557782523866,4.995846748352051,10248100,0.0,0.0
2023-04-19 00:00:00-04:00,4.870469093322754,4.957269216609329,4.860824379687991,4.870469093322754,10697000,0.0,0.0
2023-04-20 00:00:00-04:00,4.899402141571045,4.947624788272708,4.880113174867429,4.899402141571045,12270400,0.0,0.0
2023-04-21 00:00:00-04:00,4.841534455104273,4.860823418675,4.735444925522688,4.78366756439209,14217300,0.0,0.0
2023-04-24 00:00:00-04:00,4.783668193082842,4.8511798043956444,4.745090260871304,4.8415350914001465,10397900,0.0,0.0
2023-04-25 00:00:00-04:00,4.80295715918861,4.860824057505915,4.735445547875806,4.8415350914001465,10414300,0.0,0.0
2023-04-26 00:00:00-04:00,4.899402422756248,4.928336104414848,4.822246551513672,4.822246551513672,10785100,0.0,0.0
2023-04-27 00:00:00-04:00,4.831889793727325,4.899400930560279,4.754733486098749,4.889756679534912,9601000,0.0,0.0
2023-04-28 00:00:00-04:00,4.880113347072259,4.918691281840794,4.822246444919457,4.870469093322754,8987100,0.0,0.0
2023-05-01 00:00:00-04:00,4.928335668818718,4.966913601030255,4.822246125294378,4.8415350914001465,9349500,0.0,0.0
2023-05-02 00:00:00-04:00,4.82224665658878,5.0633589894182185,4.793312974299725,5.053714275360107,14399000,0.0,0.0
2023-05-03 00:00:00-04:00,5.053713915209478,5.159803462861886,5.044069661723939,5.092292308807373,12570500,0.0,0.0
2023-05-04 00:00:00-04:00,5.140514645327326,5.304471098311318,5.101936710494065,5.1501593589782715,18766400,0.0,0.0
2023-05-05 00:00:00-04:00,5.005491825308781,5.169448276717172,4.947624923614982,5.130870342254639,11342300,0.0,0.0
2023-05-08 00:00:00-04:00,5.140514323263802,5.169448002518625,5.073003171477933,5.121225357055664,7139700,0.0,0.0
2023-05-09 00:00:00-04:00,5.130870342254639,5.169448276717172,5.1115813750233725,5.130870342254639,10793000,0.0,0.0
2023-05-10 00:00:00-04:00,5.2658925083829216,5.3719820459191165,5.159802970846726,5.3526930809021,17085000,0.0,0.0
2023-05-11 00:00:00-04:00,5.294826104960816,5.3526934640391195,5.121225407381607,5.140514373779297,23831600,0.0,0.0
2023-05-12 00:00:00-04:00,5.101936136128685,5.169447744429205,5.082647170883566,5.111580848693848,10950600,0.0,0.0
2023-05-15 00:00:00-04:00,5.150158814952484,5.2466036418479,5.1308698495734015,5.21766996383667,8774300,0.0,0.0
2023-05-16 00:00:00-04:00,5.169447899762246,5.227314797236405,5.073003070638649,5.082647323608398,14802100,0.0,0.0
2023-05-17 00:00:00-04:00,5.082647323608398,5.111581002288088,5.015135713279269,5.082647323608398,17831700,0.0,0.0
2023-05-18 00:00:00-04:00,4.986202082512388,5.005491046743405,4.870468297126284,4.928335189819336,16124000,0.0,0.0
2023-05-19 00:00:00-04:00,4.94762473361324,4.986202666594279,4.793312541803847,4.96691370010376,13510600,0.0,0.0
2023-05-22 00:00:00-04:00,4.947623932971131,5.005490823078463,4.918690257974883,4.937979221343994,5540600,0.0,0.0
2023-05-23 00:00:00-04:00,4.870469093322754,4.947624962859824,4.860824379687991,4.870469093322754,7251500,0.0,0.0
2023-05-24 00:00:00-04:00,4.909046830497096,4.909046830497096,4.696867737925322,4.706512451171875,9519000,0.0,0.0
2023-05-25 00:00:00-04:00,4.648646229865356,4.667935199288644,4.465400790401472,4.503978729248047,11594800,0.0,0.0
2023-05-26 00:00:00-04:00,4.571488857269287,4.629356212322875,4.5329109271570305,4.571488857269287,8642100,0.0,0.0
2023-05-30 00:00:00-04:00,4.59077855817536,4.600422811340566,4.455755334780628,4.494333267211914,8183800,0.0,0.0
2023-05-31 00:00:00-04:00,4.504040011379609,4.649644849889525,4.484626063769288,4.571989059448242,11967100,0.03,0.0
2023-06-01 00:00:00-04:00,4.581696265979323,4.804956917548415,4.56228231640223,4.746715068817139,9148700,0.0,0.0
2023-06-02 00:00:00-04:00,4.746714591108366,4.804956433978189,4.6593520582361405,4.707886695861816,10553200,0.0,0.0
2023-06-05 00:00:00-04:00,4.678766005859416,4.727300643485091,4.649644852991992,4.707886695861816,5201300,0.0,0.0
2023-06-06 00:00:00-04:00,4.707886941555131,4.717594147305875,4.620524404123665,4.698180198669434,8229400,0.0,0.0
2023-06-07 00:00:00-04:00,4.688473472739704,4.804957176479364,4.523454661009306,4.562282562255859,14667200,0.0,0.0
2023-06-08 00:00:00-04:00,4.639938826212683,4.737008579299749,4.63023161947143,4.67876672744751,12867200,0.0,0.0
2023-06-09 00:00:00-04:00,4.669058800615267,4.775835743975788,4.630230905368718,4.707886695861816,9345100,0.0,0.0
2023-06-12 00:00:00-04:00,4.6884729929186895,4.727300890191573,4.6496450956458055,4.698180198669434,15621500,0.0,0.0
2023-06-13 00:00:00-04:00,4.795249456578459,4.824370145153622,4.6981797232195825,4.717593669891357,10666000,0.0,0.0
2023-06-14 00:00:00-04:00,4.7952496915990634,4.814663639222338,4.6593520582361405,4.707886695861816,9961600,0.0,0.0
2023-06-15 00:00:00-04:00,4.688472275750135,4.746714112750543,4.678765534349221,4.72730016708374,7436000,0.0,0.0
2023-06-16 00:00:00-04:00,4.756422522210714,4.84378506841498,4.698180670452839,4.737008571624756,31457300,0.0,0.0
2023-06-20 00:00:00-04:00,4.669059035783358,4.678766241516433,4.494333498373426,4.504040241241455,10454600,0.0,0.0
2023-06-21 00:00:00-04:00,4.455505600637339,4.5428681378993145,4.4069704977078725,4.523454189300537,6731500,0.0,0.0
2023-06-22 00:00:00-04:00,4.436091653106271,4.523454190389273,4.426384447372023,4.484626293182373,7649600,0.0,0.0
2023-06-23 00:00:00-04:00,4.5040400091212005,4.610816952356935,4.4555053715522455,4.474919319152832,7254000,0.0,0.0
2023-06-26 00:00:00-04:00,4.513746738433838,4.542867425331782,4.465211643117302,4.513746738433838,5526900,0.0,0.0
2023-06-27 00:00:00-04:00,4.54286790478582,4.571989057622181,4.426384219170419,4.494333267211914,8181800,0.0,0.0
2023-06-28 00:00:00-04:00,4.43609142395166,4.523453956721787,4.43609142395166,4.474919319152832,6781100,0.0,0.0
2023-06-29 00:00:00-04:00,4.436091662300927,4.669059046025198,4.40697050790287,4.6399383544921875,17002800,0.0,0.0
2023-06-30 00:00:00-04:00,4.659352056481947,4.669058798857419,4.474919322697764,4.630230903625488,15551000,0.0,0.0
2023-07-03 00:00:00-04:00,4.63023161947143,4.7078874219410825,4.62052487559527,4.67876672744751,5193900,0.0,0.0
2023-07-05 00:00:00-04:00,4.669059281269065,4.698180437134349,4.601110226160113,4.6108174324035645,9036200,0.0,0.0
2023-07-06 00:00:00-04:00,4.562282343059151,4.581696292749676,4.406970745534946,4.416677951812744,8655700,0.0,0.0
2023-07-07 00:00:00-04:00,4.4360918982546,4.494333747283525,4.426384691983911,4.455505847930908,6576300,0.0,0.0
2023-07-10 00:00:00-04:00,4.4652125743237105,4.6690592765808105,4.445798624721371,4.6690592765808105,10115900,0.0,0.0
2023-07-11 00:00:00-04:00,4.688473471323669,4.746715323175909,4.659352776830096,4.67876672744751,7620600,0.0,0.0
2023-07-12 00:00:00-04:00,4.756421353640767,4.940854070328009,4.7370074078244775,4.921440124511719,12048800,0.0,0.0
2023-07-13 00:00:00-04:00,4.960268252720812,4.999096146205261,4.931147101174975,4.969974994659424,8468600,0.0,0.0
2023-07-14 00:00:00-04:00,4.960268730280207,5.008803370376033,4.9020268844461885,4.911733627319336,7555100,0.0,0.0
2023-07-17 00:00:00-04:00,4.872905729550922,4.960268729724689,4.8534917809417575,4.931147575378418,6099500,0.0,0.0
2023-07-18 00:00:00-04:00,5.008803367075282,5.076752418602715,4.9602687270114405,5.028217315673828,8398100,0.0,0.0
2023-07-19 00:00:00-04:00,4.999096870422363,5.037924769531793,4.960268971312932,4.999096870422363,6068400,0.0,0.0
2023-07-20 00:00:00-04:00,4.979683416336865,4.999097367823232,4.863199707418662,4.882613658905029,7004200,0.0,0.0
2023-07-21 00:00:00-04:00,4.853492500242921,4.9117343547020225,4.843785293067181,4.882613658905029,8039000,0.0,0.0
2023-07-24 00:00:00-04:00,4.89231943236711,4.9408545328841145,4.785542488948715,4.824370384216309,6893100,0.0,0.0
2023-07-25 00:00:00-04:00,4.853491076007269,4.892318967586128,4.824369925890634,4.863198280334473,4596000,0.0,0.0
2023-07-26 00:00:00-04:00,4.843784579094207,4.8534917848391075,4.746714835970434,4.795249938964844,11072000,0.0,0.0
2023-07-27 00:00:00-04:00,4.73700784694581,4.756421794561775,4.610816956009523,4.630230903625488,11734400,0.0,0.0
2023-07-28 00:00:00-04:00,4.688472518451195,4.7273004117947455,4.639937883204257,4.717593669891357,7309700,0.0,0.0
2023-07-31 00:00:00-04:00,4.746714834859535,4.9020268866862695,4.746714834859535,4.834077835083008,7112000,0.0,0.0
2023-08-01 00:00:00-04:00,4.73700784694581,4.77583574217774,4.6205241612500165,4.630230903625488,6623800,0.0,0.0
2023-08-02 00:00:00-04:00,4.639938602979913,4.639938602979913,4.406970743914212,4.436091899871826,9017300,0.0,0.0
2023-08-03 00:00:00-04:00,4.54286790660025,4.678766002737517,4.54286790660025,4.571989059448242,14142900,0.0,0.0
2023-08-04 00:00:00-04:00,4.659351597961563,4.872905000721687,4.6302304479708765,4.804955959320068,16265100,0.0,0.0
2023-08-07 00:00:00-04:00,4.7952504233826305,4.834078324554548,4.717594621038797,4.737008571624756,6563900,0.0,0.0
2023-08-08 00:00:00-04:00,4.678766245043772,4.902026885557304,4.6593522964280325,4.872905731201172,14635800,0.0,0.0
2023-08-09 00:00:00-04:00,4.9020276103913965,4.93114830618839,4.843785293067181,4.882613658905029,10171400,0.0,0.0
2023-08-10 00:00:00-04:00,4.931147575930675,4.979682678891547,4.853491781485317,4.911733627319336,8969700,0.0,0.0
2023-08-11 00:00:00-04:00,4.863198986678863,4.9505615239875835,4.863198986678863,4.931147575378418,7022900,0.0,0.0
2023-08-14 00:00:00-04:00,4.863198989445848,4.882612938066059,4.804956680720168,4.834077835083008,6271800,0.0,0.0
2023-08-15 00:00:00-04:00,4.804956923797187,4.824370873399526,4.6496453269784705,4.6690592765808105,8954400,0.0,0.0
2023-08-16 00:00:00-04:00,4.639938107516875,4.678766002737517,4.562281854210571,4.571989059448242,8852300,0.0,0.0
2023-08-17 00:00:00-04:00,4.630231137476261,4.678766240399962,4.523454188763148,4.542868137359619,8483100,0.0,0.0
2023-08-18 00:00:00-04:00,4.523454190389273,4.53316139612352,4.465212344578923,4.484626293182373,6510500,0.0,0.0
2023-08-21 00:00:00-04:00,4.523453958989929,4.591403007058563,4.484626063769288,4.571989059448242,6853400,0.0,0.0
2023-08-22 00:00:00-04:00,4.5914032520313635,4.639938355079251,4.542868148983477,4.6205244064331055,8414100,0.0,0.0
2023-08-23 00:00:00-04:00,4.6986726974530315,4.854969355160994,4.679135615239536,4.796358108520508,8370700,0.03,0.0
2023-08-24 00:00:00-04:00,4.7768210263070126,4.874506437374489,4.718209779666527,4.796358108520508,8352000,0.0,0.0
2023-08-25 00:00:00-04:00,4.7768206167707055,4.835431858386211,4.630292279831572,4.698672294616699,10594000,0.0,0.0
2023-08-28 00:00:00-04:00,4.7182102762214475,4.913581584718492,4.708441966987053,4.874506950378418,11222900,0.0,0.0
2023-08-29 00:00:00-04:00,4.854969328995089,4.991729369553268,4.825663938733179,4.972192287445068,11152600,0.0,0.0
2023-08-30 00:00:00-04:00,5.021034349187184,5.069877283363623,4.972191880811488,5.001497268676758,10676500,0.0,0.0
2023-08-31 00:00:00-04:00,5.0014977888547,5.030803645568651,4.903812376142849,4.95265531539917,8847200,0.0,0.0
2023-09-01 00:00:00-04:00,5.011266788412718,5.060109264064985,4.903812596696433,4.913581371307373,9535400,0.0,0.0
2023-09-05 00:00:00-04:00,4.8354318305860335,4.9038118449780255,4.737746428455145,4.7475152015686035,9868300,0.0,0.0
2023-09-06 00:00:00-04:00,4.718210220336914,4.796358556489777,4.698673136298698,4.718210220336914,8141600,0.0,0.0
2023-09-07 00:00:00-04:00,4.698672624205804,4.718209706114737,4.62052429657007,4.640061378479004,5621800,0.0,0.0
2023-09-08 00:00:00-04:00,4.630292495452082,4.747515449942599,4.630292495452082,4.659598350524902,7024500,0.0,0.0
2023-09-11 00:00:00-04:00,4.698672593420987,4.727978448992768,4.640061348078198,4.688904285430908,9248100,0.0,0.0
2023-09-12 00:00:00-04:00,4.688904389246675,4.815895190734003,4.640061450812546,4.796358108520508,9774400,0.0,0.0
2023-09-13 00:00:00-04:00,4.806127071380615,4.884275403305373,4.786589988399426,4.806127071380615,7567300,0.0,0.0
2023-09-14 00:00:00-04:00,4.81589483523877,4.952654866438794,4.806126527753482,4.903811931610107,11570900,0.0,0.0
2023-09-15 00:00:00-04:00,4.981960337271008,5.079645742746762,4.95265494852866,5.060108661651611,30753400,0.0,0.0
2023-09-18 00:00:00-04:00,5.079646078618766,5.138257791580448,5.030803605551747,5.128489017486572,7160400,0.0,0.0
2023-09-19 00:00:00-04:00,5.148025759480168,5.167562840575319,5.011266191814112,5.060108661651611,9306600,0.0,0.0
2023-09-20 00:00:00-04:00,5.069877879822836,5.177332068172289,5.060109105517978,5.108952045440674,9024000,0.0,0.0
2023-09-21 00:00:00-04:00,4.9721925433128495,4.991729626426422,4.884275436401367,4.884275436401367,12743800,0.0,0.0
2023-09-22 00:00:00-04:00,4.933118489714573,4.9819609657132355,4.864738464355469,4.864738464355469,10022400,0.0,0.0
2023-09-25 00:00:00-04:00,4.845201158699279,4.845201158699279,4.7182098884823755,4.776821136474609,9520400,0.0,0.0
2023-09-26 00:00:00-04:00,4.7182096251281,4.767052561962447,4.610755443572998,4.610755443572998,9769200,0.0,0.0
2023-09-27 00:00:00-04:00,4.561913086704166,4.581450168766679,4.4153847383349305,4.464227676391602,11691800,0.0,0.0
2023-09-28 00:00:00-04:00,4.444690957952942,4.503302208935517,4.4056167906312265,4.483765125274658,12661400,0.0,0.0
2023-09-29 00:00:00-04:00,4.591218282168655,4.630292444636415,4.395847469829854,4.454458713531494,11690900,0.0,0.0
2023-10-02 00:00:00-04:00,4.386078838638829,4.3958476124731405,4.229782183696032,4.259088039398193,12285100,0.0,0.0
2023-10-03 00:00:00-04:00,4.229781929443881,4.366541494298212,4.2200136219975155,4.347004413604736,11466700,0.0,0.0
2023-10-04 00:00:00-04:00,4.327467072192197,4.3567729243671796,4.239550447268685,4.307929992675781,13782100,0.0,0.0
2023-10-05 00:00:00-04:00,4.268856450783518,4.366541862487793,4.249319368442662,4.366541862487793,10370500,0.0,0.0
2023-10-06 00:00:00-04:00,4.347004322589771,4.522838510950289,4.347004322589771,4.493532657623291,13198500,0.0,0.0
2023-10-09 00:00:00-04:00,4.600987324059635,4.640061488806575,4.561913159312695,4.6205244064331055,9608600,0.0,0.0
2023-10-10 00:00:00-04:00,4.610755199293071,4.708441067786321,4.591218118754569,4.698672294616699,10735400,0.0,0.0
2023-10-11 00:00:00-04:00,4.776820632185118,4.8256635665893555,4.718209390380479,4.8256635665893555,12115100,0.0,0.0
2023-10-12 00:00:00-04:00,4.835432012231953,4.864737866872481,4.7182095252713525,4.757283687591553,12074800,0.0,0.0
2023-10-13 00:00:00-04:00,4.942886027145477,5.069877283363623,4.87450601245861,5.001497268676758,18050500,0.0,0.0
2023-10-16 00:00:00-04:00,4.933118267031348,5.060109071536098,4.913581184353633,5.030803680419922,10223800,0.0,0.0
2023-10-17 00:00:00-04:00,5.011266203362697,5.196868707094733,4.981960348752057,5.187099933624268,12206000,0.0,0.0
2023-10-18 00:00:00-04:00,5.275017031655431,5.333628275075955,5.167562852484093,5.187099933624268,16499300,0.0,0.0
2023-10-19 00:00:00-04:00,5.187100081507601,5.275017182045266,5.148025918113254,5.245711326599121,18758900,0.0,0.0
2023-10-20 00:00:00-04:00,5.304322986987678,5.372703011181921,5.216406345367432,5.216406345367432,17952200,0.0,0.0
2023-10-23 00:00:00-04:00,5.177332068977458,5.304322874354782,5.030803714987379,5.23594331741333,18395100,0.0,0.0
2023-10-24 00:00:00-04:00,5.157794584448726,5.314091234771161,5.157794584448726,5.2652482986450195,12716300,0.0,0.0
2023-10-25 00:00:00-04:00,5.255479950515257,5.3433965827456635,5.187099933624268,5.187099933624268,13406600,0.0,0.0
2023-10-26 00:00:00-04:00,5.19686847284177,5.19686847284177,5.0210342847053075,5.099182605743408,15886200,0.0,0.0
2023-10-27 00:00:00-04:00,5.1382574636742095,5.196868707094733,5.001497429892232,5.187099933624268,14751100,0.0,0.0
2023-10-30 00:00:00-04:00,5.22617383332966,5.245710913488247,5.1284884325367255,5.1480255126953125,10832700,0.0,0.0
2023-10-31 00:00:00-04:00,5.118719985762703,5.216405858581693,5.040571660148122,5.089414596557617,13497200,0.0,0.0
2023-11-01 00:00:00-04:00,5.099182579398479,5.17733136583356,5.060108419081305,5.1480255126953125,12102600,0.0,0.0
2023-11-02 00:00:00-04:00,5.18709975493452,5.2359426890027505,5.099182659932001,5.177331447601318,12658900,0.0,0.0
2023-11-03 00:00:00-04:00,5.275017160493166,5.470387976666674,5.226174223549405,5.421545505523682,17117600,0.0,0.0
2023-11-06 00:00:00-05:00,5.372703187230023,5.421546129797897,5.333629019496052,5.353166103363037,10514100,0.0,0.0
2023-11-07 00:00:00-05:00,5.226174543106953,5.2652487087308675,5.108952046235209,5.23594331741333,14085700,0.0,0.0
2023-11-08 00:00:00-05:00,5.177332068172289,5.245711625103107,5.089414962631755,5.108952045440674,11568800,0.0,0.0
2023-11-09 00:00:00-05:00,5.1089518316772535,5.460619773324469,5.001497647823786,5.275017261505127,18319100,0.0,0.0
2023-11-10 00:00:00-05:00,5.216405776213573,5.265248246051073,5.02103449946131,5.060108661651611,12993400,0.0,0.0
2023-11-13 00:00:00-05:00,5.040571988858383,5.148026176486211,5.011266597742207,5.030803680419922,13302100,0.0,0.0
2023-11-14 00:00:00-05:00,5.206636835401665,5.2359426890027505,5.148025594000233,5.177331447601318,13724500,0.0,0.0
2023-11-15 00:00:00-05:00,5.177332289676749,5.216406456966317,5.118720572941581,5.196869373321533,10369800,0.0,0.0
2023-11-16 00:00:00-05:00,5.245710529711898,5.431313010540156,5.206636372253391,5.304321765899658,14350700,0.0,0.0
2023-11-17 00:00:00-05:00,5.3629343514017895,5.3727031261245894,5.196869373321533,5.196869373321533,8980700,0.0,0.0
2023-11-20 00:00:00-05:00,5.128489347664381,5.206637682243517,5.060109322007229,5.196869373321533,9252400,0.0,0.0
2023-11-21 00:00:00-05:00,5.304321765899658,5.450850089269409,5.294553459435381,5.304321765899658,11335600,0.0,0.0
2023-11-22 00:00:00-05:00,5.333628405345219,5.421545505523682,5.314091323727868,5.421545505523682,10155000,0.0,0.0
2023-11-24 00:00:00-05:00,5.450850963592529,5.519230983013504,5.441082655561403,5.450850963592529,6213400,0.0,0.0
2023-11-27 00:00:00-05:00,5.528999297946267,5.616916399340011,5.480156826128123,5.5778422355651855,14726800,0.0,0.0
2023-11-28 00:00:00-05:00,5.675527610576951,5.763444711437428,5.607147591485384,5.753675937652588,18060700,0.0,0.0
2023-11-29 00:00:00-05:00,5.743857855181187,5.76349495764631,5.665309445320696,5.7242207527160645,13340300,0.03,0.0
2023-11-30 00:00:00-05:00,5.684946094922127,5.792950383969392,5.665308994021299,5.7831315994262695,13453700,0.0,0.0
2023-12-01 00:00:00-05:00,5.783131384528559,5.871498569391323,5.743857184186308,5.832224369049072,13303100,0.0,0.0
2023-12-04 00:00:00-05:00,5.704583432244797,5.802768940818158,5.64567212710078,5.773313522338867,23894100,0.0,0.0
2023-12-05 00:00:00-05:00,5.684946537017822,5.743857844301606,5.635853546855277,5.684946537017822,14287600,0.0,0.0
2023-12-06 00:00:00-05:00,5.753676182167735,5.8616800030295835,5.724220296723784,5.7831315994262695,19763800,0.0,0.0
2023-12-07 00:00:00-05:00,5.783132060111433,5.82240626504168,5.694765333111107,5.7242207527160645,11763300,0.0,0.0
2023-12-08 00:00:00-05:00,5.586760542287464,5.704583146677381,5.557304657097278,5.645671844482422,14435800,0.0,0.0
2023-12-11 00:00:00-05:00,5.55730440633488,5.63585280571715,5.4983931067981775,5.616215705871582,13880800,0.0,0.0
2023-12-12 00:00:00-05:00,5.626034692862775,5.626034692862775,5.47875620461482,5.508212089538574,12081500,0.0,0.0
2023-12-13 00:00:00-05:00,5.50821221935217,5.891135923272998,5.488575118335343,5.881317138671875,19070600,0.0,0.0
2023-12-14 00:00:00-05:00,5.979502923188441,6.136599726364031,5.979502923188441,6.008958339691162,21832300,0.0,0.0
2023-12-15 00:00:00-05:00,5.969683869050666,6.048232267087852,5.910772570522777,5.920591354370117,24536800,0.0,0.0
2023-12-18 00:00:00-05:00,5.920591592238256,5.999139993431235,5.842042722859876,5.930409908294678,12574200,0.0,0.0
2023-12-19 00:00:00-05:00,5.930409959953426,6.136599748973778,5.910772859484126,6.067869663238525,14504600,0.0,0.0
2023-12-20 00:00:00-05:00,6.0482327472780995,6.097325734041695,5.891135938731267,5.900954723358154,13817900,0.0,0.0
2023-12-21 00:00:00-05:00,5.99914026260376,6.048232781459379,5.959866060245096,5.99914026260376,12418600,0.0,0.0
2023-12-22 00:00:00-05:00,6.116963605552346,6.224967909124335,6.048233509063721,6.048233509063721,12751500,0.0,0.0
2023-12-26 00:00:00-05:00,6.087506763707825,6.116962648504478,6.018777146157978,6.067869663238525,5822600,0.0,0.0
2023-12-27 00:00:00-05:00,6.087506778420009,6.205329849705967,6.067869677903251,6.107143878936768,9409200,0.0,0.0
2023-12-28 00:00:00-05:00,6.097325997379809,6.146418986263686,5.969684600830078,5.969684600830078,10323800,0.0,0.0
2023-12-29 00:00:00-05:00,5.920591837943211,5.969684356633464,5.861680066418233,5.9402289390563965,9867400,0.0,0.0
2024-01-02 00:00:00-05:00,5.930410348573837,5.999140438812979,5.792950636280988,5.812587738037109,14129900,0.0,0.0
2024-01-03 00:00:00-05:00,5.6554903737481075,5.694764573439243,5.567123190350359,5.616215705871582,17053700,0.0,0.0
2024-01-04 00:00:00-05:00,5.606397414486315,5.724220014073445,5.557304430565647,5.655490398406982,11605900,0.0,0.0
2024-01-05 00:00:00-05:00,5.6554906145813675,5.8125874200357135,5.596578844350577,5.60639762878418,11198800,0.0,0.0
2024-01-08 00:00:00-05:00,5.527849218965257,5.635853038483855,5.498393333887652,5.586760520935059,9353700,0.0,0.0
2024-01-09 00:00:00-05:00,5.557304839745167,5.596579042499269,5.4493010162641,5.498393535614014,10765100,0.0,0.0
2024-01-10 00:00:00-05:00,5.498393312425068,5.547486297967644,5.449300795067901,5.527849197387695,8862200,0.0,0.0
2024-01-11 00:00:00-05:00,5.518030413005016,5.576941714744862,5.449300795067901,5.527849197387695,11902300,0.0,0.0
2024-01-12 00:00:00-05:00,5.694764879465249,5.851861686671877,5.694764879465249,5.7831315994262695,12299400,0.0,0.0
2024-01-16 00:00:00-05:00,5.675127685830013,5.694764786409961,5.527849197387695,5.527849197387695,13083800,0.0,0.0
2024-01-17 00:00:00-05:00,5.419844342673012,5.488574421599819,5.302021751528793,5.331477165222168,15419500,0.0,0.0
2024-01-18 00:00:00-05:00,5.380570394851127,5.380570394851127,5.302021997116646,5.341296195983887,9702700,0.0,0.0
2024-01-19 00:00:00-05:00,5.3707520770108,5.380570861672183,5.282385355985458,5.302022457122803,13353500,0.0,0.0
2024-01-22 00:00:00-05:00,5.252929014439905,5.3707516110416265,5.203836499948546,5.341296195983887,9783400,0.0,0.0
2024-01-23 00:00:00-05:00,5.3903892311663455,5.46893810467373,5.302022509271856,5.4591193199157715,13052600,0.0,0.0
2024-01-24 00:00:00-05:00,5.576941880079376,5.626034867077367,5.272566577973933,5.321659564971924,17627400,0.0,0.0
2024-01-25 00:00:00-05:00,5.419845117254792,5.508212307334708,5.370752129835855,5.4591193199157715,11443600,0.0,0.0
2024-01-26 00:00:00-05:00,5.468938577539125,5.488575680567513,5.41984558587542,5.439482688903809,6699400,0.0,0.0
2024-01-29 00:00:00-05:00,5.488575206004219,5.498393522576751,5.380570914593814,5.4591193199157715,9996800,0.0,0.0
2024-01-30 00:00:00-05:00,5.50821229408488,5.537667711917048,5.380570901651023,5.419845104217529,10927800,0.0,0.0
2024-01-31 00:00:00-05:00,5.459119548418506,5.567123844349655,5.400208241961184,5.410027027130127,11543700,0.0,0.0
2024-02-01 00:00:00-05:00,5.459119153439015,5.69476483040426,5.459119153439015,5.645671844482422,11260800,0.0,0.0
2024-02-02 00:00:00-05:00,5.488575670768279,5.488575670768279,5.34129716422558,5.400208473205566,11840600,0.0,0.0
2024-02-05 00:00:00-05:00,5.311840773598765,5.341296659397493,5.233292369049384,5.302022457122803,10810900,0.0,0.0
2024-02-06 00:00:00-05:00,5.331477165222168,5.380570145624939,5.272565869650059,5.331477165222168,8164000,0.0,0.0
2024-02-07 00:00:00-05:00,5.34129689227474,5.36093399426825,5.272566801204732,5.292203903198242,7069600,0.0,0.0
2024-02-08 00:00:00-05:00,5.233292819885263,5.2922041283723695,5.223474502563477,5.223474502563477,8444100,0.0,0.0
2024-02-09 00:00:00-05:00,5.203836859823056,5.243111061406328,5.0565583697930805,5.066376686096191,12486600,0.0,0.0
2024-02-12 00:00:00-05:00,5.076195255797518,5.1547436556404715,5.017283955915302,5.115469455718994,10543500,0.0,0.0
2024-02-13 00:00:00-05:00,4.968191110140281,4.978009894486514,4.801275521737566,4.8700056076049805,15460800,0.0,0.0
2024-02-14 00:00:00-05:00,4.8601875394145875,4.909280532008866,4.8307321184064005,4.89946174621582,12394500,0.0,0.0
2024-02-15 00:00:00-05:00,5.017284399462933,5.252929619823757,5.017284399462933,5.036921501159668,17859400,0.0,0.0
2024-02-16 00:00:00-05:00,4.987828494331551,5.095832787355861,4.958373075988378,4.978010177612305,12787400,0.0,0.0
2024-02-20 00:00:00-05:00,5.007465595955477,5.086014002451181,4.968191392707625,4.978010177612305,10355200,0.0,0.0
2024-02-21 00:00:00-05:00,4.958372793979454,4.978009894486514,4.830731406590861,4.8700056076049805,9763700,0.0,0.0
2024-02-22 00:00:00-05:00,4.850368252825641,4.909279551258497,4.7914569543927845,4.840549468994141,11383400,0.0,0.0
2024-02-23 00:00:00-05:00,4.850369460395298,4.9289178778615375,4.781639361019589,4.889643669128418,9920300,0.0,0.0
2024-02-26 00:00:00-05:00,4.820912607590351,4.870005592801475,4.791457191012001,4.830731391906738,10407500,0.0,0.0
2024-02-27 00:00:00-05:00,4.850368469783332,4.879823886224614,4.762001284088679,4.771820068359375,11399400,0.0,0.0
2024-02-28 00:00:00-05:00,4.742364153446643,4.762001253677225,4.663815752524319,4.693271636962891,8339500,0.0,0.0
2024-02-29 00:00:00-05:00,4.781638399339179,4.860186801007809,4.742364198504864,4.811094284057617,9296500,0.0,0.0
2024-03-01 00:00:00-05:00,4.860187330818409,4.987828731536865,4.7914577059588215,4.987828731536865,21105800,0.0,0.0
2024-03-04 00:00:00-05:00,5.076195316554225,5.272566318511963,5.046739432167865,5.272566318511963,22665500,0.0,0.0
2024-03-05 00:00:00-05:00,5.361429749364116,5.460167325258955,5.114586751258326,5.124460697174072,33652000,0.03,0.0
2024-03-06 00:00:00-05:00,5.193577186436408,5.341682616640656,5.173829293539115,5.262692928314209,23944800,0.0,0.0
2024-03-07 00:00:00-05:00,5.341682355151653,5.400924618496427,5.312061458887094,5.351556301116943,13805900,0.0,0.0
2024-03-08 00:00:00-05:00,5.391051072028962,5.420671967901669,5.252819126053147,5.302187442779541,16080300,0.0,0.0
2024-03-11 00:00:00-04:00,5.292314152515941,5.549030632575892,5.272566730972868,5.509535789489746,21638300,0.0,0.0
2024-03-12 00:00:00-04:00,5.381177182652959,5.420672024774709,5.292314023286846,5.4107985496521,15917500,0.0,0.0
2024-03-13 00:00:00-04:00,5.430545996079413,5.677388995901205,5.420672050095026,5.637894153594971,16400800,0.0,0.0
2024-03-14 00:00:00-04:00,5.55890417098999,5.618146431273581,5.51940933080093,5.55890417098999,13026500,0.0,0.0
2024-03-15 00:00:00-04:00,5.549030847947993,5.637894483748681,5.5292834256384715,5.598399639129639,23419100,0.0,0.0
2024-03-18 00:00:00-04:00,5.578652296207304,5.628020617275801,5.549030926913652,5.588525772094727,8646600,0.0,0.0
2024-03-19 00:00:00-04:00,5.519409751967271,5.539157173568656,5.430546119353205,5.45029354095459,10617700,0.0,0.0
2024-03-20 00:00:00-04:00,5.410798856964117,5.746505504881469,5.371304012599215,5.716884136199951,16493300,0.0,0.0
2024-03-21 00:00:00-04:00,5.845242223168535,5.884737064880567,5.578651806204494,5.647767543792725,17849400,0.0,0.0
2024-03-22 00:00:00-04:00,5.598399804790836,5.73663176504788,5.568778435042192,5.578652381896973,10254800,0.0,0.0
2024-03-25 00:00:00-04:00,5.628020371819112,5.7366314267380245,5.608272950089825,5.618146896362305,9126100,0.0,0.0
2024-03-26 00:00:00-04:00,5.68726302166612,5.746505285956518,5.598399389822692,5.628020286560059,11922600,0.0,0.0
2024-03-27 00:00:00-04:00,5.647767667868255,5.815620984239778,5.637894192631163,5.8057475090026855,10470700,0.0,0.0
2024-03-28 00:00:00-04:00,5.87486357471071,6.072338269403046,5.855116152323045,6.052590847015381,18015700,0.0,0.0
2024-04-01 00:00:00-04:00,6.190823033860356,6.220444403950812,6.052591072008209,6.082211971282959,16750600,0.0,0.0
2024-04-02 00:00:00-04:00,6.111832443597172,6.210569544702208,6.082211077857844,6.190822124481201,15819500,0.0,0.0
2024-04-03 00:00:00-04:00,6.161201504845564,6.37842362439725,6.141454082233201,6.329054832458496,15108900,0.0,0.0
2024-04-04 00:00:00-04:00,6.289559145978069,6.30930656594913,6.200695991516113,6.200695991516113,15564200,0.0,0.0
2024-04-05 00:00:00-04:00,6.210569912370409,6.437665493763958,6.151327648200222,6.319180965423584,24121200,0.0,0.0
2024-04-08 00:00:00-04:00,6.368549283490908,6.477160336544083,6.250064755150534,6.319180965423584,21104600,0.0,0.0
2024-04-09 00:00:00-04:00,6.467287328884439,6.48703475170237,6.319181422342105,6.378423690795898,20188700,0.0,0.0
2024-04-10 00:00:00-04:00,6.1809491767629465,6.368549449449396,6.141453862137947,6.299433708190918,17115200,0.0,0.0
2024-04-11 00:00:00-04:00,6.3685495791604225,6.417918370335431,6.250065045319225,6.3981709480285645,12559100,0.0,0.0
2024-04-12 00:00:00-04:00,6.467287029788381,6.724003514548985,6.250064918021425,6.299433708190918,27385400,0.0,0.0
2024-04-15 00:00:00-04:00,6.368549677683221,6.398171047009613,6.161201504845564,6.329054832458496,20157400,0.0,0.0
2024-04-16 00:00:00-04:00,6.220444116923423,6.319181227976113,6.121706535055048,6.23031759262085,19376400,0.0,0.0
2024-04-17 00:00:00-04:00,6.250064593294414,6.437665327049595,6.230317172415744,6.33892822265625,17453800,0.0,0.0
2024-04-18 00:00:00-04:00,6.408044179925069,6.467286915406954,6.319181018333576,6.427792072296143,16421000,0.0,0.0
2024-04-19 00:00:00-04:00,6.408043960542957,6.73387711127562,6.388296539663613,6.684508323669434,26441600,0.0,0.0
2024-04-22 00:00:00-04:00,6.40804450354635,6.48703466457283,6.309307390782864,6.388297080993652,22423400,0.0,0.0
2024-04-23 00:00:00-04:00,6.29943365806854,6.50678182182553,6.259938814573463,6.477160453796387,17391900,0.0,0.0
2024-04-24 00:00:00-04:00,6.457412233508001,6.53640191073008,6.427791339957528,6.5166544914245605,12271200,0.0,0.0
2024-04-25 00:00:00-04:00,6.496907909906387,6.704256074760052,6.358675956942501,6.645013809204102,23963000,0.0,0.0
2024-04-26 00:00:00-04:00,6.724003410405516,6.783245675201939,6.645013724010286,6.6548871994018555,14737100,0.0,0.0
2024-04-29 00:00:00-04:00,6.684508231704862,6.7634979141355105,6.566023708058889,6.753624439239502,13531000,0.0,0.0
2024-04-30 00:00:00-04:00,6.536402665819066,6.605518876780538,6.348801925337075,6.368549346923828,17335400,0.0,0.0
2024-05-01 00:00:00-04:00,6.487034416965378,6.625266369558001,6.338928518065446,6.4179182052612305,19706200,0.0,0.0
2024-05-02 00:00:00-04:00,6.358675538318152,6.546276268969112,6.358675538318152,6.467286586761475,12149300,0.0,0.0
2024-05-03 00:00:00-04:00,6.526528520787401,6.556149414720483,6.398170058235726,6.506781101226807,11671500,0.0,0.0
2024-05-06 00:00:00-04:00,6.664760589599609,6.733876794837232,6.605518329745489,6.664760589599609,12141700,0.0,0.0
2024-05-07 00:00:00-04:00,6.625266061031399,6.6943822695169315,6.5857712192727105,6.684508323669434,11084700,0.0,0.0
2024-05-08 00:00:00-04:00,6.714129390646851,7.10907779060144,6.694381970649122,7.010340690612793,27152300,0.0,0.0
2024-05-09 00:00:00-04:00,7.0893311344849685,7.464532625685728,7.0794576588300435,7.434911727905273,18637300,0.0,0.0
2024-05-10 00:00:00-04:00,7.523774395428492,7.602764078716615,7.444784712140369,7.4941534996032715,20354300,0.0,0.0
2024-05-13 00:00:00-04:00,7.4645321329623995,7.592890603713426,7.425037291318338,7.4941534996032715,13274700,0.0,0.0
2024-05-14 00:00:00-04:00,7.5435224720252085,7.701502323150635,7.504027626947774,7.701502323150635,13092000,0.0,0.0
2024-05-15 00:00:00-04:00,7.7706176492918635,7.819986438395053,7.612638277466724,7.750870227813721,10566300,0.0,0.0
2024-05-16 00:00:00-04:00,7.740996837615967,7.819986524397245,7.652133204579194,7.740996837615967,11052400,0.0,0.0
2024-05-17 00:00:00-04:00,7.839733586780852,7.918723740757514,7.800238745200346,7.898975849151611,12041500,0.0,0.0
2024-05-20 00:00:00-04:00,7.918723860714293,8.06682928347694,7.819986284451652,8.056955337524414,12334900,0.0,0.0
2024-05-21 00:00:00-04:00,7.977966113319491,8.126071544624555,7.938471268862716,8.116198539733887,15763400,0.0,0.0
2024-05-22 00:00:00-04:00,7.968091680748182,7.987839572587642,7.7607439954060515,7.829859733581543,26102400,0.0,0.0
2024-05-23 00:00:00-04:00,7.800238772941783,7.938470718965174,7.711375143661777,7.780491352081299,22279600,0.0,0.0
2024-05-24 00:00:00-04:00,7.849607904102845,7.997714282146386,7.849607904102845,7.968092441558838,11936700,0.0,0.0
2024-05-28 00:00:00-04:00,8.066830078343097,8.17544066962891,8.007587338421759,8.076704025268555,15690100,0.0,0.0
2024-05-29 00:00:00-04:00,7.938470935186079,8.05695546357616,7.849607303485686,7.869354724884033,11148200,0.0,0.0
2024-05-30 00:00:00-04:00,7.918909877251919,8.077486148631866,7.899087843329426,8.04775333404541,12959900,0.03,0.0
2024-05-31 00:00:00-04:00,8.09730798209123,8.146863299075651,7.899087186748073,8.057663917541504,15250900,0.0,0.0
2024-06-03 00:00:00-04:00,8.107220020059767,8.107220020059767,7.938732493100885,8.018020629882812,13208500,0.0,0.0
2024-06-04 00:00:00-04:00,7.869354733781311,7.91890958043283,7.542290950021994,7.601757049560547,21293400,0.0,0.0
2024-06-05 00:00:00-04:00,7.681044915397107,7.819799142832651,7.621578817924732,7.8098883628845215,14291800,0.0,0.0
2024-06-06 00:00:00-04:00,7.760333284892155,7.948643308258889,7.7206892186869105,7.918909549713135,14936400,0.0,0.0
2024-06-07 00:00:00-04:00,7.572023772679833,7.6215790919860185,7.3242481213380035,7.3341593742370605,18006000,0.0,0.0
2024-06-10 00:00:00-04:00,7.353981264928023,7.472913461844625,7.23504906801142,7.463002681732178,15973500,0.0,0.0
2024-06-11 00:00:00-04:00,7.403536214787891,7.482824819775124,7.334159335241566,7.433269500732422,12045900,0.0,0.0
2024-06-12 00:00:00-04:00,7.62157896143552,7.681045060027614,7.3837140944726,7.413447380065918,16421700,0.0,0.0
2024-06-13 00:00:00-04:00,7.393625867442827,7.522469326422172,7.254871627631381,7.314337730407715,14480600,0.0,0.0
2024-06-14 00:00:00-04:00,7.433269823684792,7.443181076961764,7.244960264773429,7.3440704345703125,13229500,0.0,0.0
2024-06-17 00:00:00-04:00,7.304426280179093,7.353981600788164,7.135938757221723,7.324248313903809,13759700,0.0,0.0
2024-06-18 00:00:00-04:00,7.31433758154572,7.502647139468907,7.264782260610041,7.443181037902832,14884700,0.0,0.0
2024-06-20 00:00:00-04:00,7.50264696978474,7.710778556856062,7.4630029029706355,7.621579170227051,20799300,0.0,0.0
2024-06-21 00:00:00-04:00,7.572024259208645,7.601757547221733,7.423358764332363,7.552202224731445,35650000,0.0,0.0
2024-06-24 00:00:00-04:00,7.631489968924475,7.661223255403595,7.522469021221665,7.572023868560791,11187600,0.0,0.0
2024-06-25 00:00:00-04:00,7.522469409312937,7.641401616176131,7.492736121299849,7.552202224731445,11970600,0.0,0.0
2024-06-26 00:00:00-04:00,7.472913978939053,7.809889032781233,7.453091944748017,7.799977779388428,15944800,0.0,0.0
2024-06-27 00:00:00-04:00,7.879265727007654,8.265796093345894,7.879265727007654,8.245973587036133,20617200,0.0,0.0
2024-06-28 00:00:00-04:00,8.285617654466533,8.325261721896933,8.127041384744933,8.245973587036133,22908700,0.0,0.0
2024-07-01 00:00:00-04:00,8.265795741319724,8.345083872803778,8.146863544093646,8.166685104370117,11928300,0.0,0.0
2024-07-02 00:00:00-04:00,8.186508092874375,8.315351550435542,7.81979975423147,7.948643684387207,20811500,0.0,0.0
2024-07-03 00:00:00-04:00,8.097307739118788,8.275706496833948,8.047752423621352,8.216239929199219,8111200,0.0,0.0
2024-07-05 00:00:00-04:00,8.3153508853768,8.473927145018708,8.29552838032703,8.394639015197754,15463100,0.0,0.0
2024-07-08 00:00:00-04:00,8.285617366151845,8.523482707646364,8.255884552910938,8.503660202026367,18831600,0.0,0.0
2024-07-09 00:00:00-04:00,8.533393300289742,8.57303736766479,8.424372351305635,8.513571739196777,15064900,0.0,0.0
2024-07-10 00:00:00-04:00,8.58294829015154,8.890190509363649,8.563126729822194,8.870368003845215,18893800,0.0,0.0
2024-07-11 00:00:00-04:00,9.048766597028216,9.128054727184004,8.820812513938524,9.098321914672852,17688100,0.0,0.0
2024-07-12 00:00:00-04:00,8.949656790543655,9.207343710008224,8.929835228763618,9.128055572509766,14991400,0.0,0.0
2024-07-15 00:00:00-04:00,9.128054937450594,9.197431816637753,9.019033992272332,9.03885555267334,16374700,0.0,0.0
2024-07-16 00:00:00-04:00,9.068589226587427,9.27672082909218,9.048767664305116,9.237076759338379,18561800,0.0,0.0
2024-07-17 00:00:00-04:00,9.217254254087676,9.326275198459982,8.969478607177734,8.969478607177734,20503100,0.0,0.0
2024-07-18 00:00:00-04:00,9.028945062893174,9.038856316525798,8.761347831136488,8.830724716186523,20109900,0.0,0.0
2024-07-19 00:00:00-04:00,8.573037177447237,8.82081282934096,8.473927483803207,8.741524696350098,14197800,0.0,0.0
2024-07-22 00:00:00-04:00,8.711792508162533,8.870368785527853,8.662237185188578,8.830724716186523,13719900,0.0,0.0
2024-07-23 00:00:00-04:00,8.85054679059963,8.959567739659127,8.800991470049269,8.94965648651123,11232300,0.0,0.0
2024-07-24 00:00:00-04:00,9.009122750422616,9.137966201347508,8.761347101379922,8.771258354187012,15280700,0.0,0.0
2024-07-25 00:00:00-04:00,8.493748773318526,8.582948156383095,8.28561719456422,8.46401596069336,28989000,0.0,0.0
2024-07-26 00:00:00-04:00,8.592859477099735,8.672147608188041,8.473927280467274,8.533392906188965,11375000,0.0,0.0
2024-07-29 00:00:00-04:00,8.612681461017464,8.682059288024902,8.493749258533592,8.682059288024902,12006900,0.0,0.0
2024-07-30 00:00:00-04:00,8.74152434347426,8.78116840836935,8.503659954103725,8.662236213684082,13976300,0.0,0.0
2024-07-31 00:00:00-04:00,8.82081199451125,9.0685876229547,8.761346372990667,8.979389190673828,20084000,0.0,0.0
2024-08-01 00:00:00-04:00,8.900100742102236,9.187521398568379,8.771258238072067,9.068588256835938,20329100,0.0,0.0
2024-08-02 00:00:00-04:00,9.207343117099663,9.365919381885034,8.523482738915481,8.672147750854492,29601300,0.0,0.0
2024-08-05 00:00:00-04:00,7.978376701491571,8.394639899495594,7.770245102489559,8.325262069702148,16800300,0.0,0.0
2024-08-06 00:00:00-04:00,8.325261710273448,8.622592688180884,8.226152014430385,8.513571739196777,13993800,0.0,0.0
2024-08-07 00:00:00-04:00,8.612681537133756,8.632504043650817,8.008109266200423,8.04775333404541,18294100,0.0,0.0
2024-08-08 00:00:00-04:00,8.186508199698148,8.464016679887651,8.057664740455733,8.354995727539062,13124000,0.0,0.0
2024-08-09 00:00:00-04:00,8.464016170608073,8.523482742522297,8.315351158606152,8.404549598693848,12426900,0.0,0.0
2024-08-12 00:00:00-04:00,8.493749926603044,8.850547507307432,8.473928363891245,8.840636253356934,15606200,0.0,0.0
2024-08-13 00:00:00-04:00,8.79108004529248,8.979390070670068,8.771258484572742,8.910012245178223,10673700,0.0,0.0
2024-08-14 00:00:00-04:00,8.850546899835333,8.939746288889081,8.761347510781587,8.919923782348633,9981300,0.0,0.0
2024-08-15 00:00:00-04:00,8.949656924210514,8.969479431475763,8.672148438821203,8.830724716186523,11994100,0.0,0.0
2024-08-16 00:00:00-04:00,9.019034448480323,9.108232892580395,8.870368484601928,9.088411331176758,11881800,0.0,0.0
2024-08-19 00:00:00-04:00,9.058679085587235,9.306454762428569,9.048767831668174,9.276721000671387,13587200,0.0,0.0
2024-08-20 00:00:00-04:00,9.346098047588814,9.494763063126024,9.266809913277086,9.316364288330078,20505200,0.0,0.0
2024-08-21 00:00:00-04:00,9.296542098702094,9.32627491076114,9.038855207019552,9.227165222167969,18705900,0.0,0.0
2024-08-22 00:00:00-04:00,9.04818992249101,9.117791077077298,8.879157734286075,8.988531112670898,18307800,0.03,0.0
2024-08-23 00:00:00-04:00,9.107848452737377,9.217222787396748,8.998475066322687,9.097905158996582,13168000,0.0,0.0
2024-08-26 00:00:00-04:00,9.187392623801042,9.187392623801042,8.988531496320542,9.008418083190918,10635300,0.0,0.0
2024-08-27 00:00:00-04:00,8.879158397602717,8.938816263634951,8.8095562895722,8.899044036865234,13530000,0.0,0.0
2024-08-28 00:00:00-04:00,8.730011654878023,8.789670467916974,8.6504672029892,8.739954948425293,12885900,0.0,0.0
2024-08-29 00:00:00-04:00,8.769784248731701,8.978588680760774,8.769784248731701,8.95870304107666,10939500,0.0,0.0
2024-08-30 00:00:00-04:00,8.918929958084611,9.008417698692472,8.889100079052248,8.988531112670898,10957300,0.0,0.0
2024-09-03 00:00:00-04:00,8.859271338720719,8.88910027014973,8.401890281082478,8.551036834716797,19849200,0.0,0.0
2024-09-04 00:00:00-04:00,8.521207809448242,8.650467789594115,8.441663352165357,8.521207809448242,11695000,0.0,0.0
2024-09-05 00:00:00-04:00,8.700183683827866,8.789671439152116,8.610695928503617,8.640524864196777,10844400,0.0,0.0
2024-09-06 00:00:00-04:00,8.610694794081702,8.690239244280336,8.262688061523834,8.282573699951172,10416100,0.0,0.0
2024-09-09 00:00:00-04:00,8.372061727095074,8.501321700107786,8.312402913302794,8.471492767333984,7486500,0.0,0.0
2024-09-10 00:00:00-04:00,8.511264972390418,8.988531688550513,8.501321678742581,8.968646049499512,18593600,0.0,0.0
2024-09-11 00:00:00-04:00,8.958702839604193,9.107848452737377,8.83938615944871,9.097905158996582,12104800,0.0,0.0
2024-09-12 00:00:00-04:00,9.256995074408552,9.783977318922153,9.247051780602995,9.724318504333496,17293500,0.0,0.0
2024-09-13 00:00:00-04:00,9.913237485788287,10.04249746303165,9.704433053048191,9.783977508544922,16708300,0.0,0.0
2024-09-16 00:00:00-04:00,9.614945133955244,9.624888427778123,9.207279569664134,9.426026344299316,24617100,0.0,0.0
2024-09-17 00:00:00-04:00,9.386253839648324,9.445912652576459,9.227164936166183,9.336539268493652,16673000,0.0,0.0
2024-09-18 00:00:00-04:00,9.37631188882089,9.59505866618907,9.087963002067651,9.157564163208008,21775400,0.0,0.0
2024-09-19 00:00:00-04:00,9.326596454293975,9.396197616083315,9.147620954556006,9.286824226379395,17397100,0.0,0.0
2024-09-20 00:00:00-04:00,9.406140327605353,9.595058161438844,9.376311395577888,9.505571365356445,77555400,0.0,0.0
2024-09-23 00:00:00-04:00,9.525457473971398,9.83369294761322,9.495628540472092,9.555286407470703,14025700,0.0,0.0
2024-09-24 00:00:00-04:00,9.634830665043037,9.764090638553263,9.545343866377198,9.694489479064941,13876900,0.0,0.0
2024-09-25 00:00:00-04:00,9.694489764646098,9.913237491510733,9.634830948866759,9.68454647064209,12856700,0.0,0.0
2024-09-26 00:00:00-04:00,9.654717723576358,9.833693226130672,9.624888789232214,9.744205474853516,13478300,0.0,0.0
2024-09-27 00:00:00-04:00,9.704432492457421,9.7143757858813,9.406140327453613,9.406140327453613,11865500,0.0,0.0
2024-09-30 00:00:00-04:00,9.286824602584604,9.44591352068755,9.217223437975752,9.306710243225098,11961200,0.0,0.0
2024-10-01 00:00:00-04:00,9.39619788200752,9.565230092489491,9.366368947288565,9.47574234008789,11893400,0.0,0.0
2024-10-02 00:00:00-04:00,9.465798857201504,9.734261133920171,9.426025684693203,9.714375495910645,11114100,0.0,0.0
2024-10-03 00:00:00-04:00,9.575173386810722,9.654717844891092,9.39619788200752,9.47574234008789,11900800,0.0,0.0
2024-10-04 00:00:00-04:00,9.416084772391088,9.575173693649877,9.316653722481961,9.366369247436523,13035300,0.0,0.0
2024-10-07 00:00:00-04:00,9.356424714383143,9.366368007706917,9.217222400828861,9.276880264282227,8686500,0.0,0.0
2024-10-08 00:00:00-04:00,9.177449228663644,9.386253647265415,9.167506883583288,9.376311302185059,9503500,0.0,0.0
2024-10-09 00:00:00-04:00,9.336540311761693,9.386254888471488,9.167508095863036,9.366369247436523,12029800,0.0,0.0
2024-10-10 00:00:00-04:00,9.435969529425071,9.813806156139767,9.406140596544738,9.793920516967773,13995300,0.0,0.0
2024-10-11 00:00:00-04:00,9.873464871231528,10.00272484341093,9.744204899052125,9.764090538024902,9423000,0.0,0.0
2024-10-14 00:00:00-04:00,9.754148949976488,9.843635754668782,9.654717902658724,9.803863525390625,6517000,0.0,0.0
2024-10-15 00:00:00-04:00,9.813805772676343,10.002724552774243,9.764090254321914,9.873464584350586,10676400,0.0,0.0
2024-10-16 00:00:00-04:00,10.032554439607292,10.161814420336746,9.893351164611405,9.972895622253418,12015600,0.0,0.0
2024-10-17 00:00:00-04:00,10.072327035988149,10.231415957077653,10.002725870072682,10.092212677001953,13320200,0.0,0.0
2024-10-18 00:00:00-04:00,10.1916429274261,10.579422853349914,10.15187070027325,10.549592971801758,14953800,0.0,0.0
2024-10-21 00:00:00-04:00,10.70868293236903,10.758397505608047,10.440219685303761,10.479991912841797,14633200,0.0,0.0
2024-10-22 00:00:00-04:00,10.559536544872675,10.67885322948627,10.519764316668143,10.639081001281738,13544100,0.0,0.0
2024-10-23 00:00:00-04:00,10.45016287401693,10.66890964915101,10.420332992480263,10.64902400970459,16025800,0.0,0.0
2024-10-24 00:00:00-04:00,10.718624976148126,10.75839720256586,10.410390458471865,10.688796043395996,22957000,0.0,0.0
2024-10-25 00:00:00-04:00,10.619195472937399,10.678853341748997,10.390504447173662,10.470048904418945,13696000,0.0,0.0
2024-10-28 00:00:00-04:00,10.420332145168167,10.49987754121982,10.380559921264648,10.380559921264648,10435900,0.0,0.0
2024-10-29 00:00:00-04:00,10.44021986025908,10.639081001281738,10.27118765332864,10.639081001281738,14660000,0.0,0.0
2024-10-30 00:00:00-04:00,10.639080630248932,10.639080630248932,10.360675042526472,10.420332908630371,18071400,0.0,0.0
2024-10-31 00:00:00-04:00,10.2513016802974,10.291073907209785,9.843635169139604,10.022610664367676,18536900,0.0,0.0
2024-11-01 00:00:00-04:00,10.112098415548827,10.171756281816103,9.913237280916755,9.923179626464844,13884700,0.0,0.0
2024-11-04 00:00:00-05:00,9.95300979980942,10.08226977817321,9.873465343623197,9.913237571716309,12798000,0.0,0.0
2024-11-05 00:00:00-05:00,10.002725505052721,10.092212308716435,9.923180099165977,9.972895622253418,15936000,0.0,0.0
2024-11-06 00:00:00-05:00,9.286823916778731,9.962952717030788,9.13767735588771,9.793920516967773,28837900,0.0,0.0
2024-11-07 00:00:00-05:00,10.082269172801183,10.688795851864487,9.943065908711151,10.62913703918457,22422900,0.0,0.0
2024-11-08 00:00:00-05:00,10.450163081810206,10.549593177508779,10.23141535408181,10.410390853881836,20689000,0.0,0.0
2024-11-11 00:00:00-05:00,9.91323721381926,10.141927280037086,9.306709571990854,9.396197319030762,27143100,0.0,0.0
2024-11-12 00:00:00-05:00,9.296766755793215,9.465798947589064,9.207279013284278,9.44591236114502,20533900,0.0,0.0
2024-11-13 00:00:00-05:00,9.535400398771097,9.624888144049645,9.1774494176569,9.23710823059082,17545000,0.0,0.0
2024-11-14 00:00:00-05:00,9.187392710295647,9.475741584918195,9.078019326212841,9.336539268493652,17740800,0.0,0.0
2024-11-15 00:00:00-05:00,9.386254036689147,9.386254036689147,9.137677382718893,9.197336196899414,15117200,0.0,0.0
2024-11-18 00:00:00-05:00,9.545343866377198,9.73426170566465,9.485685052355294,9.694489479064941,19928800,0.0,0.0
2024-11-19 00:00:00-05:00,9.823748969380176,9.943065643310547,9.744204520093263,9.943065643310547,23088500,0.0,0.0
2024-11-20 00:00:00-05:00,9.873465343623197,9.972895439733618,9.764091005183605,9.913237571716309,14614600,0.0,0.0
2024-11-21 00:00:00-05:00,10.052439597490793,10.052439597490793,9.86352175671814,10.022610664367676,14046800,0.0,0.0
2024-11-22 00:00:00-05:00,10.102154922625923,10.24135818824679,9.982838244198609,10.161813735961914,15614400,0.0,0.0
2024-11-25 00:00:00-05:00,9.744205189371392,9.883407511062249,9.694489668091215,9.754148483276367,24282400,0.0,0.0
2024-11-26 00:00:00-05:00,9.744205079418323,9.923179626464844,9.674602971113584,9.923179626464844,14871700,0.0,0.0
2024-11-27 00:00:00-05:00,9.9929925989348,10.092722488775571,9.733693173361976,9.773585319519043,13257500,0.03,0.0
2024-11-29 00:00:00-05:00,9.853369252976332,10.012937831793154,9.60404311079911,9.68382740020752,11778100,0.0,0.0
2024-12-02 00:00:00-05:00,9.663881098134741,9.693800920751814,9.464420369539802,9.504312515258789,13857700,0.0,0.0
2024-12-03 00:00:00-05:00,9.633961551262614,10.012937384577967,9.633961551262614,9.893260955810547,16329500,0.0,0.0
2024-12-04 00:00:00-05:00,9.843396038261641,10.092722181939303,9.813477167329374,9.913207054138184,15057200,0.0,0.0
2024-12-05 00:00:00-05:00,9.893261405402457,10.082748855119396,9.793530568012224,9.87331485748291,12585400,0.0,0.0
2024-12-06 00:00:00-05:00,9.813477160702742,9.853369305620081,9.663880903934906,9.723719596862793,13222900,0.0,0.0
2024-12-09 00:00:00-05:00,10.012937384577967,10.122640539838843,9.863342086394619,9.893260955810547,17582000,0.0,0.0
2024-12-10 00:00:00-05:00,10.012937598656267,10.172506173757764,9.983018728600669,10.05282974243164,16901600,0.0,0.0
2024-12-11 00:00:00-05:00,10.08274830943145,10.54150842461123,10.072775987115142,10.531536102294922,12506700,0.0,0.0
2024-12-12 00:00:00-05:00,10.37196709898025,10.38194037289844,10.012937797859154,10.022911071777344,17068000,0.0,0.0
2024-12-13 00:00:00-05:00,9.913206589936765,10.012937423179281,9.643934861947914,9.74366569519043,15684300,0.0,0.0
2024-12-16 00:00:00-05:00,9.763611994550404,9.793530866237038,9.584096862223033,9.73369312286377,20872600,0.0,0.0
2024-12-17 00:00:00-05:00,9.52425911450001,9.633962278036755,9.45444714579137,9.544204711914062,18130000,0.0,0.0
2024-12-18 00:00:00-05:00,9.544204490189118,9.554177764216343,8.965767912062732,9.005660057067871,19841500,0.0,0.0
2024-12-19 00:00:00-05:00,9.055525527807317,9.215094108739006,9.005660108490222,9.045552253723145,17242900,0.0,0.0
2024-12-20 00:00:00-05:00,9.145282850317606,9.314824700846362,9.05552528814312,9.225067138671875,25658400,0.0,0.0
2024-12-23 00:00:00-05:00,9.155256227406708,9.364690224474957,9.095417534914173,9.304851531982422,18926000,0.0,0.0
2024-12-24 00:00:00-05:00,9.34474333332627,9.424527619649574,9.225066903841315,9.404582023620605,10183400,0.0,0.0
2024-12-26 00:00:00-05:00,9.424528272229539,9.434501546486457,9.344743980381754,9.354717254638672,6788500,0.0,0.0
2024-12-27 00:00:00-05:00,9.175201328528589,9.344743171811166,9.165228055134625,9.284905433654785,10647500,0.0,0.0
2024-12-30 00:00:00-05:00,9.175201615374878,9.215093759094188,9.015633040497638,9.145282745361328,12839800,0.0,0.0
2024-12-31 00:00:00-05:00,9.15525662360262,9.284906337027278,9.10539120288486,9.245014190673828,10979900,0.0,0.0
2025-01-02 00:00:00-05:00,9.35471649979177,9.883287628408047,9.334769952887452,9.853368759155273,20390900,0.0,0.0
2025-01-03 00:00:00-05:00,9.8234502330169,9.893261247412969,9.703772849618295,9.75363826751709,18003300,0.0,0.0
2025-01-06 00:00:00-05:00,9.763611180315689,9.903234155049116,9.61401588325421,9.663880348205566,20271400,0.0,0.0
2025-01-07 00:00:00-05:00,9.87331485748291,10.122640999854738,9.783558245156204,9.87331485748291,19842700,0.0,0.0
2025-01-08 00:00:00-05:00,9.903234365520097,10.391913360817318,9.803503531290422,10.352021217346191,28754600,0.0,0.0
2025-01-10 00:00:00-05:00,10.611321191426963,10.740970902399065,10.29218307553265,10.411859512329102,28591100,0.0,0.0
2025-01-13 00:00:00-05:00,10.192453180063627,10.252290922868731,9.983019178038218,10.03288459777832,18296500,0.0,0.0
2025-01-14 00:00:00-05:00,10.092721634481533,10.571428298950195,10.07277603864318,10.571428298950195,19645500,0.0,0.0
2025-01-15 00:00:00-05:00,10.770889576523269,10.780862850516229,10.42183259559974,10.631266593933105,20197000,0.0,0.0
2025-01-16 00:00:00-05:00,10.691104951227342,10.721023821163405,10.182479406795624,10.202425003051758,24888600,0.0,0.0
2025-01-17 00:00:00-05:00,10.132614096568108,10.38194023457856,10.03288421202617,10.282210350036621,21221300,0.0,0.0
2025-01-21 00:00:00-05:00,10.451750972569958,10.770889067537269,10.451750972569958,10.611320495605469,15187700,0.0,0.0
2025-01-22 00:00:00-05:00,10.711050377510988,10.760915794015602,10.461724246091624,10.611320495605469,15548400,0.0,0.0
2025-01-23 00:00:00-05:00,10.531536752387442,10.531536752387442,10.252290786012004,10.481671333312988,22262200,0.0,0.0
2025-01-24 00:00:00-05:00,10.67115853839306,10.770889374242161,10.541508832230724,10.661185264587402,18417800,0.0,0.0
2025-01-27 00:00:00-05:00,10.531536655820169,10.691105234512273,10.29218283667826,10.591374397277832,25994200,0.0,0.0
2025-01-28 00:00:00-05:00,10.611320563688386,10.920484436013934,10.501616456453622,10.840700149536133,23818700,0.0,0.0
2025-01-29 00:00:00-05:00,10.890566128970057,11.279515258970333,10.850673983670319,11.09002685546875,23639000,0.0,0.0
2025-01-30 00:00:00-05:00,11.369271634869083,11.638544323340447,11.309433893722389,11.459029197692871,24737100,0.0,0.0
2025-01-31 00:00:00-05:00,11.508894091168749,11.598651649898995,11.229649092644197,11.249594688415527,20414500,0.0,0.0
2025-02-03 00:00:00-05:00,11.30943384203421,11.648517543994899,11.239622827314212,11.419137001037598,21599900,0.0,0.0
2025-02-04 00:00:00-05:00,11.598651670230403,11.638543812946693,11.369271136283945,11.439083099365234,22673800,0.0,0.0
2025-02-05 00:00:00-05:00,11.528841428857028,11.98760157631042,11.528841428857028,11.847978591918945,24447300,0.0,0.0
2025-02-06 00:00:00-05:00,11.778167376352624,11.907816133329051,11.648517668272442,11.877897262573242,23162700,0.0,0.0
2025-02-07 00:00:00-05:00,11.97762804733866,12.017520191872608,11.768194050759499,11.838005065917969,17239200,0.0,0.0
2025-02-10 00:00:00-05:00,12.147169508604028,12.256872664767247,11.957681114835891,12.08733081817627,24918100,0.0,0.0
2025-02-11 00:00:00-05:00,11.897843769236912,12.207007651884021,11.808086206176863,12.027493476867676,22566400,0.0,0.0
2025-02-12 00:00:00-05:00,11.81805982504355,12.236927830813949,11.808086550833831,12.117250442504883,21886400,0.0,0.0
2025-02-13 00:00:00-05:00,11.877897081181576,11.887870354982457,11.279514919684717,11.379244804382324,36544900,0.0,0.0
2025-02-14 00:00:00-05:00,11.379245102214954,11.38921837627687,11.149865505413468,11.239623069763184,22321300,0.0,0.0
2025-02-18 00:00:00-05:00,11.508894349324844,11.508894349324844,11.109972913912989,11.259568214416504,35350500,0.0,0.0
2025-02-19 00:00:00-05:00,11.249595244592944,11.439083644859217,11.159837681425104,11.309433937072754,20814500,0.0,0.0
2025-02-20 00:00:00-05:00,11.329379789955118,11.708355647951475,11.30943419274677,11.508894920349121,22082700,0.0,0.0
2025-02-21 00:00:00-05:00,11.41913734047917,11.41913734047917,10.920485046562142,10.940431594848633,25148500,0.0,0.0
2025-02-24 00:00:00-05:00,11.02021598815918,11.119945877206762,10.770889838884553,11.02021598815918,24560500,0.0,0.0
2025-02-25 00:00:00-05:00,10.88059243984039,10.940431131059398,10.451751180898077,10.770889282226562,18726200,0.0,0.0
2025-02-26 00:00:00-05:00,10.69110535278442,11.050134658813477,10.621293385506503,11.050134658813477,27479000,0.0,0.0
2025-02-27 00:00:00-05:00,10.88059268393321,10.990296795111846,10.541508978660612,10.591374397277832,21712600,0.0,0.0
2025-02-28 00:00:00-05:00,10.40188661160979,10.701077211434097,10.292182503977402,10.691104888916016,20076200,0.0,0.0
2025-03-03 00:00:00-05:00,10.940431535781014,11.100000116796346,10.671158841989818,10.711050987243652,22333300,0.0,0.0
2025-03-04 00:00:00-05:00,10.960376452521812,11.229649129598672,10.70107704891529,11.09999942779541,31796700,0.0,0.0
2025-03-05 00:00:00-05:00,11.180000305175781,11.520000457763672,11.0600004196167,11.4399995803833,31981400,0.03,0.0
2025-03-06 00:00:00-05:00,11.329999923706055,11.479999542236328,11.039999961853027,11.140000343322754,19252100,0.0,0.0
2025-03-07 00:00:00-05:00,11.210000038146973,11.569999694824219,10.930000305175781,11.149999618530273,18573000,0.0,0.0
2025-03-10 00:00:00-04:00,11.029999732971191,11.079999923706055,10.420000076293945,10.5600004196167,26033000,0.0,0.0
2025-03-11 00:00:00-04:00,10.760000228881836,11.279999732971191,10.710000038146973,11.170000076293945,24378900,0.0,0.0
2025-03-12 00:00:00-04:00,11.130000114440918,11.199999809265137,10.90999984741211,11.130000114440918,17680200,0.0,0.0
2025-03-13 00:00:00-04:00,11.25,11.609999656677246,11.140000343322754,11.399999618530273,22010000,0.0,0.0
2025-03-14 00:00:00-04:00,11.579999923706055,11.720000267028809,11.380000114440918,11.630000114440918,20936700,0.0,0.0
2025-03-17 00:00:00-04:00,11.699999809265137,12.020000457763672,11.6899995803833,12.020000457763672,20205200,0.0,0.0
2025-03-18 00:00:00-04:00,12.300000190734863,12.319999694824219,11.960000038146973,12.020000457763672,19166800,0.0,0.0
2025-03-19 00:00:00-04:00,12.079999923706055,12.270000457763672,11.930000305175781,12.199999809265137,16725100,0.0,0.0
2025-03-20 00:00:00-04:00,12.010000228881836,12.390000343322754,11.979999542236328,12.319999694824219,16261400,0.0,0.0
2025-03-21 00:00:00-04:00,12.15999984741211,12.199999809265137,11.949999809265137,12.15999984741211,15992100,0.0,0.0
2025-03-24 00:00:00-04:00,12.210000038146973,12.300000190734863,12.0600004196167,12.199999809265137,15542600,0.0,0.0
2025-03-25 00:00:00-04:00,12.380000114440918,12.59000015258789,12.220000267028809,12.300000190734863,14340200,0.0,0.0
2025-03-26 00:00:00-04:00,12.40999984741211,12.40999984741211,12.119999885559082,12.199999809265137,9145100,0.0,0.0
2025-03-27 00:00:00-04:00,12.359999656677246,12.609999656677246,12.239999771118164,12.510000228881836,15509000,0.0,0.0
2025-03-28 00:00:00-04:00,12.619999885559082,12.899999618530273,12.460000038146973,12.489999771118164,19967700,0.0,0.0
2025-03-31 00:00:00-04:00,12.579999923706055,12.699999809265137,12.220000267028809,12.609999656677246,17999900,0.0,0.0
2025-04-01 00:00:00-04:00,12.649999618530273,12.720000267028809,12.359999656677246,12.600000381469727,16142600,0.0,0.0
2025-04-02 00:00:00-04:00,12.670000076293945,12.850000381469727,12.420000076293945,12.850000381469727,15754900,0.0,0.0
2025-04-03 00:00:00-04:00,12.260000228881836,12.880000114440918,12.1899995803833,12.6899995803833,23303200,0.0,0.0
2025-04-04 00:00:00-04:00,12.180000305175781,12.25,11.359999656677246,11.789999961853027,36497200,0.0,0.0
2025-04-07 00:00:00-04:00,11.3100004196167,12.640000343322754,11.119999885559082,11.979999542236328,29733000,0.0,0.0
2025-04-08 00:00:00-04:00,12.460000038146973,12.569999694824219,11.84000015258789,11.960000038146973,23145000,0.0,0.0
2025-04-09 00:00:00-04:00,12.399999618530273,13.180000305175781,12.369999885559082,13.020000457763672,24880000,0.0,0.0
2025-04-10 00:00:00-04:00,13.130000114440918,13.899999618530273,13.039999961853027,13.6899995803833,24166800,0.0,0.0
2025-04-11 00:00:00-04:00,14.300000190734863,14.600000381469727,14.199999809265137,14.380000114440918,24183500,0.0,0.0
2025-04-14 00:00:00-04:00,14.210000038146973,14.670000076293945,13.979999542236328,14.5,18978000,0.0,0.0
2025-04-15 00:00:00-04:00,14.5,14.65999984741211,14.319999694824219,14.649999618530273,15643800,0.0,0.0
2025-04-16 00:00:00-04:00,15.239999771118164,15.34000015258789,14.729999542236328,15.029999732971191,24704600,0.0,0.0
2025-04-17 00:00:00-04:00,14.899999618530273,15.0,14.65999984741211,14.800000190734863,19609100,0.0,0.0
2025-04-21 00:00:00-04:00,15.199999809265137,15.460000038146973,14.770000457763672,14.930000305175781,20028500,0.0,0.0
2025-04-22 00:00:00-04:00,15.0600004196167,15.170000076293945,14.020000457763672,14.729999542236328,21338500,0.0,0.0
2025-04-23 00:00:00-04:00,13.890000343322754,14.420000076293945,13.720000267028809,14.350000381469727,36313200,0.0,0.0
2025-04-24 00:00:00-04:00,14.539999961853027,14.670000076293945,14.170000076293945,14.670000076293945,18923600,0.0,0.0
2025-04-25 00:00:00-04:00,14.239999771118164,14.550000190734863,14.1899995803833,14.489999771118164,15372000,0.0,0.0
