Date,Open,High,Low,Close,Volume,Dividends,Stock Splits
2017-10-13 00:00:00-04:00,300.0,314.2349853515625,272.3999938964844,285.0,261180,0.0,0.0
2017-10-16 00:00:00-04:00,285.0,314.54998779296875,279.1499938964844,294.1499938964844,36460,0.0,0.0
2017-10-17 00:00:00-04:00,293.3999938964844,298.635009765625,280.95001220703125,288.29998779296875,24053,0.0,0.0
2017-10-18 00:00:00-04:00,288.45001220703125,300.75,280.5,287.1000061035156,25913,0.0,0.0
2017-10-19 00:00:00-04:00,285.29998779296875,294.75,283.57501220703125,285.0,5380,0.0,0.0
2017-10-20 00:00:00-04:00,284.8500061035156,291.75,284.25,285.1499938964844,11060,0.0,0.0
2017-10-23 00:00:00-04:00,285.75,293.54998779296875,279.75,285.6000061035156,6693,0.0,0.0
2017-10-24 00:00:00-04:00,283.95001220703125,288.82501220703125,280.2300109863281,286.5,12747,0.0,0.0
2017-10-25 00:00:00-04:00,285.0,300.0,282.0,298.6499938964844,12333,0.0,0.0
2017-10-26 00:00:00-04:00,296.3999938964844,301.20001220703125,287.82000732421875,299.8500061035156,25333,0.0,0.0
2017-10-27 00:00:00-04:00,295.95001220703125,306.0,295.5,304.5,22407,0.0,0.0
2017-10-30 00:00:00-04:00,300.29998779296875,304.79998779296875,293.1000061035156,300.1499938964844,13700,0.0,0.0
2017-10-31 00:00:00-04:00,294.45001220703125,305.8500061035156,294.45001220703125,302.3999938964844,6340,0.0,0.0
2017-11-01 00:00:00-04:00,304.04998779296875,304.04998779296875,288.75,295.6499938964844,11860,0.0,0.0
2017-11-02 00:00:00-04:00,292.95001220703125,305.25,290.70001220703125,298.3500061035156,9233,0.0,0.0
2017-11-03 00:00:00-04:00,296.3999938964844,303.6000061035156,289.5,301.20001220703125,7853,0.0,0.0
2017-11-06 00:00:00-05:00,297.6000061035156,321.8999938964844,297.45001220703125,311.3999938964844,11807,0.0,0.0
2017-11-07 00:00:00-05:00,308.70001220703125,312.6000061035156,274.79998779296875,285.29998779296875,29820,0.0,0.0
2017-11-08 00:00:00-05:00,290.54998779296875,295.9649963378906,283.5,285.0,7060,0.0,0.0
2017-11-09 00:00:00-05:00,284.25,289.04998779296875,259.95001220703125,260.1000061035156,11253,0.0,0.0
2017-11-10 00:00:00-05:00,258.0,269.9849853515625,249.89999389648438,259.79998779296875,10267,0.0,0.0
2017-11-13 00:00:00-05:00,256.20001220703125,260.8500061035156,252.0,252.75,7260,0.0,0.0
2017-11-14 00:00:00-05:00,254.25,254.4149932861328,225.14999389648438,228.0,7627,0.0,0.0
2017-11-15 00:00:00-05:00,230.5500030517578,247.5,228.8249969482422,241.8000030517578,7713,0.0,0.0
2017-11-16 00:00:00-05:00,244.1999969482422,247.5,232.125,238.9499969482422,5947,0.0,0.0
2017-11-17 00:00:00-05:00,240.0,240.0,233.3249969482422,236.25,8180,0.0,0.0
2017-11-20 00:00:00-05:00,237.0,255.3000030517578,232.5,248.6999969482422,5753,0.0,0.0
2017-11-21 00:00:00-05:00,253.0500030517578,260.8500061035156,242.47500610351562,252.75,7873,0.0,0.0
2017-11-22 00:00:00-05:00,251.5500030517578,277.95001220703125,251.5500030517578,276.8999938964844,5467,0.0,0.0
2017-11-24 00:00:00-05:00,279.45001220703125,308.1000061035156,258.1499938964844,300.29998779296875,3560,0.0,0.0
2017-11-27 00:00:00-05:00,300.0,301.5,285.5249938964844,288.29998779296875,7433,0.0,0.0
2017-11-28 00:00:00-05:00,287.8500061035156,291.0,271.6499938964844,283.04998779296875,5980,0.0,0.0
2017-11-29 00:00:00-05:00,282.6000061035156,301.95001220703125,274.5,283.79998779296875,5020,0.0,0.0
2017-11-30 00:00:00-05:00,282.1499938964844,297.6000061035156,276.75,286.3500061035156,8960,0.0,0.0
2017-12-01 00:00:00-05:00,284.1000061035156,303.1650085449219,264.1499938964844,277.95001220703125,9147,0.0,0.0
2017-12-04 00:00:00-05:00,281.54998779296875,296.8500061035156,280.3500061035156,284.70001220703125,6540,0.0,0.0
2017-12-05 00:00:00-05:00,287.3999938964844,300.0,277.79998779296875,280.95001220703125,6793,0.0,0.0
2017-12-06 00:00:00-05:00,279.29998779296875,294.6000061035156,270.75,279.0,6880,0.0,0.0
2017-12-07 00:00:00-05:00,270.9750061035156,284.25,268.95001220703125,268.95001220703125,5547,0.0,0.0
2017-12-08 00:00:00-05:00,271.20001220703125,277.04998779296875,261.8999938964844,272.1000061035156,5300,0.0,0.0
2017-12-11 00:00:00-05:00,272.70001220703125,291.2250061035156,271.95001220703125,284.8500061035156,13240,0.0,0.0
2017-12-12 00:00:00-05:00,283.20001220703125,290.9549865722656,255.0,255.0,10460,0.0,0.0
2017-12-13 00:00:00-05:00,259.5,288.75,258.0,279.8999938964844,10733,0.0,0.0
2017-12-14 00:00:00-05:00,282.1499938964844,292.6499938964844,274.3500061035156,282.1499938964844,12633,0.0,0.0
2017-12-15 00:00:00-05:00,282.0,307.5,275.54998779296875,284.25,53267,0.0,0.0
2017-12-18 00:00:00-05:00,283.6499938964844,319.20001220703125,279.1499938964844,292.3500061035156,26573,0.0,0.0
2017-12-19 00:00:00-05:00,294.0,305.1000061035156,277.5,288.0,8867,0.0,0.0
2017-12-20 00:00:00-05:00,286.3500061035156,306.0,282.2250061035156,291.0,7807,0.0,0.0
2017-12-21 00:00:00-05:00,289.95001220703125,310.3500061035156,289.95001220703125,298.3500061035156,7467,0.0,0.0
2017-12-22 00:00:00-05:00,292.5,308.25,288.6000061035156,296.3999938964844,6447,0.0,0.0
2017-12-26 00:00:00-05:00,293.70001220703125,303.29998779296875,286.79998779296875,294.1499938964844,8113,0.0,0.0
2017-12-27 00:00:00-05:00,291.8999938964844,295.79998779296875,282.45001220703125,290.1000061035156,14113,0.0,0.0
2017-12-28 00:00:00-05:00,285.6000061035156,295.95001220703125,280.95001220703125,292.5,17740,0.0,0.0
2017-12-29 00:00:00-05:00,292.6499938964844,294.29998779296875,277.79998779296875,283.5,8900,0.0,0.0
2018-01-02 00:00:00-05:00,282.29998779296875,291.6000061035156,276.0,286.04998779296875,4440,0.0,0.0
2018-01-03 00:00:00-05:00,285.1499938964844,289.95001220703125,271.6499938964844,279.29998779296875,4000,0.0,0.0
2018-01-04 00:00:00-05:00,278.54998779296875,288.6000061035156,256.20001220703125,261.29998779296875,5720,0.0,0.0
2018-01-05 00:00:00-05:00,289.20001220703125,289.20001220703125,246.75,258.0,4733,0.0,0.0
2018-01-08 00:00:00-05:00,256.6499938964844,268.5,254.39999389648438,265.20001220703125,2120,0.0,0.0
2018-01-09 00:00:00-05:00,267.6000061035156,276.29998779296875,254.85000610351562,270.29998779296875,3867,0.0,0.0
2018-01-10 00:00:00-05:00,269.25,288.29998779296875,264.0,278.8500061035156,7593,0.0,0.0
2018-01-11 00:00:00-05:00,276.8999938964844,302.17498779296875,276.8999938964844,295.04998779296875,12967,0.0,0.0
2018-01-12 00:00:00-05:00,300.0,322.5,293.3999938964844,298.04998779296875,9767,0.0,0.0
2018-01-16 00:00:00-05:00,296.54998779296875,303.1499938964844,289.04998779296875,290.3999938964844,4333,0.0,0.0
2018-01-17 00:00:00-05:00,290.8500061035156,294.29998779296875,281.25,286.5,2187,0.0,0.0
2018-01-18 00:00:00-05:00,285.75,291.0,285.57000732421875,287.25,3860,0.0,0.0
2018-01-19 00:00:00-05:00,284.8500061035156,296.17498779296875,284.8500061035156,288.75,2880,0.0,0.0
2018-01-22 00:00:00-05:00,289.3500061035156,304.6499938964844,286.79998779296875,289.04998779296875,3113,0.0,0.0
2018-01-23 00:00:00-05:00,290.8500061035156,300.0,285.8999938964844,289.04998779296875,3980,0.0,0.0
2018-01-24 00:00:00-05:00,290.70001220703125,309.07501220703125,286.3500061035156,294.8999938964844,6207,0.0,0.0
2018-01-25 00:00:00-05:00,294.75,294.75,286.125,290.25,1853,0.0,0.0
2018-01-26 00:00:00-05:00,290.1000061035156,301.18499755859375,288.8999938964844,299.70001220703125,1680,0.0,0.0
2018-01-29 00:00:00-05:00,300.29998779296875,313.6499938964844,294.75,312.29998779296875,3387,0.0,0.0
2018-01-30 00:00:00-05:00,309.0,311.8949890136719,289.6499938964844,295.6499938964844,4427,0.0,0.0
2018-01-31 00:00:00-05:00,298.95001220703125,299.3999938964844,279.29998779296875,284.25,3260,0.0,0.0
2018-02-01 00:00:00-05:00,283.04998779296875,285.0,274.79998779296875,281.1000061035156,4653,0.0,0.0
2018-02-02 00:00:00-05:00,273.8999938964844,282.5249938964844,270.1499938964844,276.1499938964844,1107,0.0,0.0
2018-02-05 00:00:00-05:00,274.79998779296875,277.3500061035156,261.75,269.54998779296875,2200,0.0,0.0
2018-02-06 00:00:00-05:00,265.5,276.55499267578125,264.45001220703125,270.0,3160,0.0,0.0
2018-02-07 00:00:00-05:00,270.75,277.6499938964844,270.75,276.1499938964844,1187,0.0,0.0
2018-02-08 00:00:00-05:00,276.6000061035156,281.32501220703125,272.70001220703125,276.6000061035156,3073,0.0,0.0
2018-02-09 00:00:00-05:00,279.6000061035156,281.8500061035156,252.0,258.8999938964844,4753,0.0,0.0
2018-02-12 00:00:00-05:00,260.8500061035156,277.04998779296875,252.8249969482422,260.25,1947,0.0,0.0
2018-02-13 00:00:00-05:00,257.70001220703125,264.75,252.75,253.5,1613,0.0,0.0
2018-02-14 00:00:00-05:00,251.25,255.8699951171875,247.9499969482422,250.5,2440,0.0,0.0
2018-02-15 00:00:00-05:00,248.10000610351562,249.19500732421875,232.5,246.3000030517578,2600,0.0,0.0
2018-02-16 00:00:00-05:00,244.1999969482422,248.1300048828125,240.0,243.14999389648438,1947,0.0,0.0
2018-02-20 00:00:00-05:00,241.35000610351562,247.1999969482422,232.5,238.64999389648438,4127,0.0,0.0
2018-02-21 00:00:00-05:00,240.89999389648438,282.29998779296875,240.0,268.04998779296875,4307,0.0,0.0
2018-02-22 00:00:00-05:00,270.75,278.7900085449219,256.20001220703125,263.8500061035156,2733,0.0,0.0
2018-02-23 00:00:00-05:00,272.5350036621094,273.75,253.4250030517578,259.6499938964844,2707,0.0,0.0
2018-02-26 00:00:00-05:00,257.70001220703125,269.54998779296875,256.79998779296875,261.1499938964844,1953,0.0,0.0
2018-02-27 00:00:00-05:00,259.3500061035156,271.95001220703125,258.2250061035156,263.25,2573,0.0,0.0
2018-02-28 00:00:00-05:00,262.3500061035156,271.95001220703125,262.3500061035156,265.6499938964844,3113,0.0,0.0
2018-03-01 00:00:00-05:00,264.75,266.54998779296875,255.3000030517578,262.79998779296875,4927,0.0,0.0
2018-03-02 00:00:00-05:00,251.39999389648438,269.54998779296875,250.9499969482422,267.8999938964844,3453,0.0,0.0
2018-03-05 00:00:00-05:00,266.25,271.79998779296875,261.75,268.04998779296875,3227,0.0,0.0
2018-03-06 00:00:00-05:00,270.45001220703125,274.3949890136719,264.1499938964844,268.04998779296875,1320,0.0,0.0
2018-03-07 00:00:00-05:00,264.8999938964844,275.54998779296875,262.3500061035156,272.54998779296875,1547,0.0,0.0
2018-03-08 00:00:00-05:00,272.25,272.25,255.3000030517578,261.1499938964844,2740,0.0,0.0
2018-03-09 00:00:00-05:00,266.70001220703125,271.2749938964844,258.29998779296875,265.3500061035156,1793,0.0,0.0
2018-03-12 00:00:00-04:00,263.25,264.5400085449219,255.8249969482422,260.3999938964844,1093,0.0,0.0
2018-03-13 00:00:00-04:00,258.75,258.75,247.5,256.6499938964844,2853,0.0,0.0
2018-03-14 00:00:00-04:00,257.3999938964844,279.1499938964844,257.3999938964844,274.79998779296875,5320,0.0,0.0
2018-03-15 00:00:00-04:00,275.8500061035156,279.0,265.2749938964844,271.3500061035156,1693,0.0,0.0
2018-03-16 00:00:00-04:00,273.1499938964844,299.70001220703125,273.1499938964844,299.1000061035156,5947,0.0,0.0
2018-03-19 00:00:00-04:00,300.1499938964844,312.29998779296875,293.1000061035156,299.3999938964844,11127,0.0,0.0
2018-03-20 00:00:00-04:00,303.29998779296875,303.29998779296875,263.7149963378906,277.6499938964844,2993,0.0,0.0
2018-03-21 00:00:00-04:00,276.29998779296875,299.54998779296875,276.29998779296875,296.3999938964844,2920,0.0,0.0
2018-03-22 00:00:00-04:00,279.0,299.70001220703125,277.95001220703125,292.5,2393,0.0,0.0
2018-03-23 00:00:00-04:00,292.5,307.20001220703125,292.04998779296875,300.0,5860,0.0,0.0
2018-03-26 00:00:00-04:00,303.0,325.6499938964844,300.0,311.25,5500,0.0,0.0
2018-03-27 00:00:00-04:00,315.45001220703125,378.6000061035156,300.29998779296875,305.8500061035156,7333,0.0,0.0
2018-03-28 00:00:00-04:00,315.1499938964844,351.5400085449219,290.4150085449219,303.29998779296875,6040,0.0,0.0
2018-03-29 00:00:00-04:00,306.8999938964844,312.1499938964844,295.6650085449219,300.29998779296875,8240,0.0,0.0
2018-04-02 00:00:00-04:00,304.5,314.54998779296875,277.04998779296875,289.20001220703125,6273,0.0,0.0
2018-04-03 00:00:00-04:00,292.3500061035156,298.3500061035156,278.8500061035156,293.1000061035156,3380,0.0,0.0
2018-04-04 00:00:00-04:00,287.8500061035156,310.3500061035156,277.20001220703125,285.0,6613,0.0,0.0
2018-04-05 00:00:00-04:00,289.5,289.5,278.54998779296875,281.25,3880,0.0,0.0
2018-04-06 00:00:00-04:00,284.8500061035156,299.3999938964844,281.25,289.5,16427,0.0,0.0
2018-04-09 00:00:00-04:00,290.8500061035156,317.82000732421875,285.0,286.6499938964844,15713,0.0,0.0
2018-04-10 00:00:00-04:00,290.70001220703125,300.1499938964844,286.79998779296875,297.6000061035156,4133,0.0,0.0
2018-04-11 00:00:00-04:00,298.20001220703125,304.3500061035156,292.79998779296875,296.1000061035156,18500,0.0,0.0
2018-04-12 00:00:00-04:00,296.25,303.31500244140625,282.45001220703125,294.6000061035156,6987,0.0,0.0
2018-04-13 00:00:00-04:00,291.0,298.04998779296875,283.79998779296875,293.54998779296875,4460,0.0,0.0
2018-04-16 00:00:00-04:00,296.70001220703125,305.8500061035156,289.6499938964844,295.79998779296875,4680,0.0,0.0
2018-04-17 00:00:00-04:00,296.25,309.6000061035156,294.1499938964844,306.0,8673,0.0,0.0
2018-04-18 00:00:00-04:00,307.3500061035156,314.8500061035156,289.3500061035156,293.70001220703125,18660,0.0,0.0
2018-04-19 00:00:00-04:00,291.6000061035156,306.0,268.04998779296875,301.79998779296875,14667,0.0,0.0
2018-04-20 00:00:00-04:00,299.54998779296875,308.1000061035156,298.04998779296875,302.1000061035156,4560,0.0,0.0
2018-04-23 00:00:00-04:00,301.6499938964844,305.3999938964844,300.0,302.3999938964844,2087,0.0,0.0
2018-04-24 00:00:00-04:00,306.0,316.95001220703125,300.1499938964844,303.75,7513,0.0,0.0
2018-04-25 00:00:00-04:00,302.25,314.25,301.1400146484375,307.20001220703125,3113,0.0,0.0
2018-04-26 00:00:00-04:00,310.95001220703125,319.04998779296875,310.79998779296875,316.79998779296875,3200,0.0,0.0
2018-04-27 00:00:00-04:00,318.1499938964844,320.70001220703125,303.0,315.0,7367,0.0,0.0
2018-04-30 00:00:00-04:00,315.1499938964844,326.25,314.70001220703125,321.0,4167,0.0,0.0
2018-05-01 00:00:00-04:00,319.3500061035156,325.04998779296875,315.0,317.25,3353,0.0,0.0
2018-05-02 00:00:00-04:00,317.1000061035156,329.7749938964844,316.5,318.8999938964844,2320,0.0,0.0
2018-05-03 00:00:00-04:00,321.8999938964844,321.8999938964844,314.25,315.6000061035156,3640,0.0,0.0
2018-05-04 00:00:00-04:00,315.0,330.29998779296875,315.0,323.1000061035156,1807,0.0,0.0
2018-05-07 00:00:00-04:00,322.5,327.0,316.04998779296875,321.1499938964844,2107,0.0,0.0
2018-05-08 00:00:00-04:00,324.8999938964844,352.20001220703125,316.6499938964844,331.5,4300,0.0,0.0
2018-05-09 00:00:00-04:00,331.3500061035156,339.1499938964844,326.68499755859375,330.1499938964844,2067,0.0,0.0
2018-05-10 00:00:00-04:00,364.3500061035156,370.04998779296875,329.54998779296875,333.0,2867,0.0,0.0
2018-05-11 00:00:00-04:00,332.8500061035156,354.375,332.8500061035156,340.3500061035156,5947,0.0,0.0
2018-05-14 00:00:00-04:00,345.75,381.0,338.54998779296875,375.0,14253,0.0,0.0
2018-05-15 00:00:00-04:00,371.3999938964844,386.1000061035156,338.1000061035156,386.1000061035156,18853,0.0,0.0
2018-05-16 00:00:00-04:00,364.6499938964844,378.0,343.95001220703125,368.70001220703125,40113,0.0,0.0
2018-05-17 00:00:00-04:00,367.3500061035156,370.3500061035156,360.0,360.29998779296875,13560,0.0,0.0
2018-05-18 00:00:00-04:00,361.6499938964844,364.3500061035156,359.3999938964844,360.8999938964844,7300,0.0,0.0
2018-05-21 00:00:00-04:00,366.6000061035156,367.5,360.29998779296875,363.0,4847,0.0,0.0
2018-05-22 00:00:00-04:00,361.95001220703125,367.5,360.9750061035156,363.0,4933,0.0,0.0
2018-05-23 00:00:00-04:00,362.70001220703125,368.68499755859375,345.31500244140625,359.8500061035156,7347,0.0,0.0
2018-05-24 00:00:00-04:00,355.6499938964844,366.0899963378906,355.6499938964844,360.75,3247,0.0,0.0
2018-05-25 00:00:00-04:00,358.3500061035156,361.3500061035156,349.04998779296875,357.0,4427,0.0,0.0
2018-05-29 00:00:00-04:00,358.04998779296875,361.20001220703125,339.1499938964844,350.70001220703125,6047,0.0,0.0
2018-05-30 00:00:00-04:00,351.0,362.1000061035156,350.25,355.04998779296875,5020,0.0,0.0
2018-05-31 00:00:00-04:00,354.75,354.75,327.45001220703125,346.04998779296875,18387,0.0,0.0
2018-06-01 00:00:00-04:00,342.1499938964844,359.8500061035156,335.3999938964844,336.0,13673,0.0,0.0
2018-06-04 00:00:00-04:00,345.7349853515625,347.3999938964844,331.5,340.95001220703125,5007,0.0,0.0
2018-06-05 00:00:00-04:00,308.54998779296875,344.8500061035156,307.79998779296875,341.3999938964844,23400,0.0,0.0
2018-06-06 00:00:00-04:00,344.8500061035156,352.5,337.5,346.95001220703125,12133,0.0,0.0
2018-06-07 00:00:00-04:00,341.3999938964844,342.45001220703125,330.1499938964844,337.5,137900,0.0,0.0
2018-06-08 00:00:00-04:00,337.5,345.0,334.5,340.5,34047,0.0,0.0
2018-06-11 00:00:00-04:00,339.0,346.79998779296875,335.1000061035156,338.25,7980,0.0,0.0
2018-06-12 00:00:00-04:00,345.6000061035156,347.70001220703125,331.3500061035156,336.75,50673,0.0,0.0
2018-06-13 00:00:00-04:00,335.70001220703125,345.1499938964844,327.6000061035156,336.8999938964844,15007,0.0,0.0
2018-06-14 00:00:00-04:00,336.45001220703125,343.5,332.25,339.0,12547,0.0,0.0
2018-06-15 00:00:00-04:00,336.1499938964844,366.8999938964844,336.1499938964844,357.6000061035156,29753,0.0,0.0
2018-06-18 00:00:00-04:00,357.0,366.375,351.1499938964844,356.8500061035156,14933,0.0,0.0
2018-06-19 00:00:00-04:00,353.54998779296875,370.57501220703125,353.54998779296875,367.04998779296875,20987,0.0,0.0
2018-06-20 00:00:00-04:00,378.0,382.5,355.6499938964844,380.1000061035156,30547,0.0,0.0
2018-06-21 00:00:00-04:00,380.8500061035156,386.3999938964844,371.3999938964844,375.1499938964844,22667,0.0,0.0
2018-06-22 00:00:00-04:00,375.6000061035156,409.3500061035156,369.8999938964844,400.04998779296875,131573,0.0,0.0
2018-06-25 00:00:00-04:00,394.04998779296875,402.8999938964844,375.75,388.5,22753,0.0,0.0
2018-06-26 00:00:00-04:00,387.45001220703125,402.45001220703125,378.0,401.25,15013,0.0,0.0
2018-06-27 00:00:00-04:00,400.3500061035156,410.07000732421875,393.0,399.29998779296875,20180,0.0,0.0
2018-06-28 00:00:00-04:00,399.1499938964844,430.95001220703125,390.0,426.8999938964844,33440,0.0,0.0
2018-06-29 00:00:00-04:00,431.3999938964844,433.79998779296875,416.1000061035156,419.70001220703125,10573,0.0,0.0
2018-07-02 00:00:00-04:00,422.25,427.04998779296875,415.6499938964844,422.70001220703125,5787,0.0,0.0
2018-07-03 00:00:00-04:00,422.1000061035156,425.25,412.79998779296875,422.25,7747,0.0,0.0
2018-07-05 00:00:00-04:00,425.25,429.45001220703125,409.3500061035156,426.1499938964844,11500,0.0,0.0
2018-07-06 00:00:00-04:00,424.6499938964844,431.70001220703125,420.6000061035156,424.20001220703125,9560,0.0,0.0
2018-07-09 00:00:00-04:00,424.04998779296875,450.0,424.04998779296875,446.3999938964844,11653,0.0,0.0
2018-07-10 00:00:00-04:00,445.5,446.5799865722656,430.6499938964844,436.20001220703125,7473,0.0,0.0
2018-07-11 00:00:00-04:00,435.75,444.0,431.54998779296875,440.1000061035156,5807,0.0,0.0
2018-07-12 00:00:00-04:00,436.95001220703125,440.1000061035156,403.20001220703125,417.75,22187,0.0,0.0
2018-07-13 00:00:00-04:00,418.04998779296875,420.6300048828125,407.1000061035156,411.6000061035156,10907,0.0,0.0
2018-07-16 00:00:00-04:00,403.04998779296875,409.20001220703125,388.6499938964844,403.5,18833,0.0,0.0
2018-07-17 00:00:00-04:00,409.6499938964844,410.4750061035156,393.9750061035156,399.29998779296875,7360,0.0,0.0
2018-07-18 00:00:00-04:00,408.75,412.7250061035156,394.6499938964844,404.25,18653,0.0,0.0
2018-07-19 00:00:00-04:00,409.20001220703125,409.20001220703125,389.70001220703125,396.45001220703125,13620,0.0,0.0
2018-07-20 00:00:00-04:00,393.45001220703125,393.45001220703125,360.45001220703125,361.3500061035156,20273,0.0,0.0
2018-07-23 00:00:00-04:00,363.75,368.25,355.2749938964844,359.54998779296875,12980,0.0,0.0
2018-07-24 00:00:00-04:00,358.20001220703125,361.5,333.1499938964844,333.8999938964844,16793,0.0,0.0
2018-07-25 00:00:00-04:00,335.3999938964844,344.8500061035156,327.6000061035156,327.75,18393,0.0,0.0
2018-07-26 00:00:00-04:00,329.25,344.0249938964844,324.1499938964844,335.54998779296875,29580,0.0,0.0
2018-07-27 00:00:00-04:00,336.45001220703125,341.25,319.3500061035156,321.1499938964844,10027,0.0,0.0
2018-07-30 00:00:00-04:00,319.5,320.0249938964844,306.45001220703125,307.5,12567,0.0,0.0
2018-07-31 00:00:00-04:00,306.1499938964844,315.75,298.5,305.25,15293,0.0,0.0
2018-08-01 00:00:00-04:00,307.04998779296875,314.70001220703125,297.1499938964844,312.8999938964844,15087,0.0,0.0
2018-08-02 00:00:00-04:00,312.29998779296875,320.54998779296875,307.04998779296875,318.8999938964844,6273,0.0,0.0
2018-08-03 00:00:00-04:00,319.3500061035156,323.1000061035156,313.3500061035156,320.70001220703125,7673,0.0,0.0
2018-08-06 00:00:00-04:00,321.45001220703125,331.95001220703125,318.0,325.04998779296875,8507,0.0,0.0
2018-08-07 00:00:00-04:00,321.45001220703125,344.385009765625,320.54998779296875,328.79998779296875,14113,0.0,0.0
2018-08-08 00:00:00-04:00,332.54998779296875,334.5,315.75,316.04998779296875,8360,0.0,0.0
2018-08-09 00:00:00-04:00,316.3500061035156,320.3999938964844,310.04998779296875,315.1499938964844,12220,0.0,0.0
2018-08-10 00:00:00-04:00,315.45001220703125,322.20001220703125,309.8999938964844,314.70001220703125,8580,0.0,0.0
2018-08-13 00:00:00-04:00,315.29998779296875,315.80999755859375,288.8999938964844,292.5,12967,0.0,0.0
2018-08-14 00:00:00-04:00,298.79998779296875,298.79998779296875,187.64999389648438,207.75,275593,0.0,0.0
2018-08-15 00:00:00-04:00,208.64999389648438,222.75,189.52499389648438,201.89999389648438,80380,0.0,0.0
2018-08-16 00:00:00-04:00,201.0,220.35000610351562,197.10000610351562,212.6999969482422,40893,0.0,0.0
2018-08-17 00:00:00-04:00,211.9499969482422,224.5500030517578,201.75,207.0,27100,0.0,0.0
2018-08-20 00:00:00-04:00,207.0,220.35000610351562,207.0,220.0500030517578,29620,0.0,0.0
2018-08-21 00:00:00-04:00,220.1999969482422,229.35000610351562,217.64999389648438,226.35000610351562,31080,0.0,0.0
2018-08-22 00:00:00-04:00,224.5500030517578,230.5500030517578,221.25,228.89999389648438,19433,0.0,0.0
2018-08-23 00:00:00-04:00,228.60000610351562,235.1999969482422,224.25,230.39999389648438,15000,0.0,0.0
2018-08-24 00:00:00-04:00,230.39999389648438,235.9499969482422,225.89999389648438,228.0,24480,0.0,0.0
2018-08-27 00:00:00-04:00,227.85000610351562,232.35000610351562,226.9499969482422,231.3000030517578,22693,0.0,0.0
2018-08-28 00:00:00-04:00,233.10000610351562,233.5500030517578,227.39999389648438,229.5,19260,0.0,0.0
2018-08-29 00:00:00-04:00,229.35000610351562,232.0500030517578,219.60000610351562,220.9499969482422,13840,0.0,0.0
2018-08-30 00:00:00-04:00,221.39999389648438,227.85000610351562,216.0,225.75,11873,0.0,0.0
2018-08-31 00:00:00-04:00,229.0500030517578,229.0500030517578,222.75,223.0500030517578,8680,0.0,0.0
2018-09-04 00:00:00-04:00,222.0,226.5,212.5500030517578,222.60000610351562,11980,0.0,0.0
2018-09-05 00:00:00-04:00,222.60000610351562,227.25,210.60000610351562,221.85000610351562,12347,0.0,0.0
2018-09-06 00:00:00-04:00,221.5500030517578,224.6999969482422,211.64999389648438,213.75,11267,0.0,0.0
2018-09-07 00:00:00-04:00,213.3000030517578,224.10000610351562,208.9499969482422,219.14999389648438,10887,0.0,0.0
2018-09-10 00:00:00-04:00,220.9499969482422,225.60000610351562,213.3000030517578,218.25,13240,0.0,0.0
2018-09-11 00:00:00-04:00,217.9499969482422,221.5500030517578,214.5,214.9499969482422,5833,0.0,0.0
2018-09-12 00:00:00-04:00,213.89999389648438,215.5500030517578,203.25,207.4499969482422,13847,0.0,0.0
2018-09-13 00:00:00-04:00,207.75,213.4499969482422,198.89999389648438,203.5500030517578,8840,0.0,0.0
2018-09-14 00:00:00-04:00,205.0500030517578,206.85000610351562,201.60000610351562,202.35000610351562,6387,0.0,0.0
2018-09-17 00:00:00-04:00,202.5,206.85000610351562,201.0,202.9499969482422,24920,0.0,0.0
2018-09-18 00:00:00-04:00,202.8000030517578,209.10000610351562,202.0500030517578,204.75,10793,0.0,0.0
2018-09-19 00:00:00-04:00,204.89999389648438,213.0,202.35000610351562,204.89999389648438,7873,0.0,0.0
2018-09-20 00:00:00-04:00,205.35000610351562,206.5500030517578,203.25,205.35000610351562,8287,0.0,0.0
2018-09-21 00:00:00-04:00,205.35000610351562,209.6999969482422,202.64999389648438,203.5500030517578,24880,0.0,0.0
2018-09-24 00:00:00-04:00,203.10000610351562,208.8000030517578,201.89999389648438,207.14999389648438,16727,0.0,0.0
2018-09-25 00:00:00-04:00,207.75,209.85000610351562,192.75,194.10000610351562,12373,0.0,0.0
2018-09-26 00:00:00-04:00,195.14999389648438,202.1999969482422,189.0,195.89999389648438,18300,0.0,0.0
2018-09-27 00:00:00-04:00,196.5,201.0,188.6999969482422,190.0500030517578,7780,0.0,0.0
2018-09-28 00:00:00-04:00,188.85000610351562,191.5500030517578,185.39999389648438,186.4499969482422,8467,0.0,0.0
2018-10-01 00:00:00-04:00,187.1999969482422,187.1999969482422,172.64999389648438,175.0500030517578,20753,0.0,0.0
2018-10-02 00:00:00-04:00,173.5500030517578,175.9499969482422,162.75,166.9499969482422,16060,0.0,0.0
2018-10-03 00:00:00-04:00,165.0,177.4499969482422,164.39999389648438,173.10000610351562,30367,0.0,0.0
2018-10-04 00:00:00-04:00,172.35000610351562,172.35000610351562,154.9499969482422,163.72500610351562,23513,0.0,0.0
2018-10-05 00:00:00-04:00,163.5,167.6999969482422,162.14999389648438,165.0,13060,0.0,0.0
2018-10-08 00:00:00-04:00,164.6999969482422,168.14999389648438,156.14999389648438,159.75,9360,0.0,0.0
2018-10-09 00:00:00-04:00,159.89999389648438,162.14999389648438,158.6999969482422,161.10000610351562,21093,0.0,0.0
2018-10-10 00:00:00-04:00,160.35000610351562,164.85000610351562,156.3000030517578,156.4499969482422,10147,0.0,0.0
2018-10-11 00:00:00-04:00,155.39999389648438,156.0,146.6999969482422,150.0,24173,0.0,0.0
2018-10-12 00:00:00-04:00,152.25,167.1750030517578,151.5,164.85000610351562,31800,0.0,0.0
2018-10-15 00:00:00-04:00,163.8000030517578,167.22000122070312,160.5,164.6999969482422,17693,0.0,0.0
2018-10-16 00:00:00-04:00,165.89999389648438,166.1999969482422,161.6999969482422,165.75,35460,0.0,0.0
2018-10-17 00:00:00-04:00,166.5,179.85000610351562,164.10000610351562,176.85000610351562,17127,0.0,0.0
2018-10-18 00:00:00-04:00,174.89999389648438,175.9499969482422,166.9499969482422,171.3000030517578,20187,0.0,0.0
2018-10-19 00:00:00-04:00,171.3000030517578,178.0500030517578,169.0500030517578,170.85000610351562,11760,0.0,0.0
2018-10-22 00:00:00-04:00,170.85000610351562,172.8000030517578,160.1999969482422,162.60000610351562,17793,0.0,0.0
2018-10-23 00:00:00-04:00,159.60000610351562,168.75,157.64999389648438,165.3000030517578,10733,0.0,0.0
2018-10-24 00:00:00-04:00,164.85000610351562,171.75,163.64999389648438,168.89999389648438,6280,0.0,0.0
2018-10-25 00:00:00-04:00,170.10000610351562,173.25,165.89999389648438,170.6999969482422,10093,0.0,0.0
2018-10-26 00:00:00-04:00,168.4499969482422,173.25,165.89999389648438,167.85000610351562,11693,0.0,0.0
2018-10-29 00:00:00-04:00,168.60000610351562,172.9499969482422,160.9499969482422,165.3000030517578,25380,0.0,0.0
2018-10-30 00:00:00-04:00,165.0,173.85000610351562,157.0500030517578,157.5,13393,0.0,0.0
2018-10-31 00:00:00-04:00,159.3000030517578,166.35000610351562,157.8000030517578,158.6999969482422,13293,0.0,0.0
2018-11-01 00:00:00-04:00,159.89999389648438,165.60000610351562,155.85000610351562,163.5,10987,0.0,0.0
2018-11-02 00:00:00-04:00,163.5,171.75,163.0500030517578,166.0500030517578,5487,0.0,0.0
2018-11-05 00:00:00-05:00,164.85000610351562,170.5500030517578,163.5,169.0500030517578,20313,0.0,0.0
2018-11-06 00:00:00-05:00,168.4499969482422,179.85000610351562,168.3000030517578,178.8000030517578,20180,0.0,0.0
2018-11-07 00:00:00-05:00,180.75,180.75,163.0500030517578,165.89999389648438,12613,0.0,0.0
2018-11-08 00:00:00-05:00,165.60000610351562,169.64999389648438,163.1999969482422,166.0500030517578,7267,0.0,0.0
2018-11-09 00:00:00-05:00,165.0,165.75,159.0,163.0500030517578,8113,0.0,0.0
2018-11-12 00:00:00-05:00,161.85000610351562,163.35000610351562,153.0,155.39999389648438,12667,0.0,0.0
2018-11-13 00:00:00-05:00,163.0500030517578,175.8000030517578,157.5,169.1999969482422,32680,0.0,0.0
2018-11-14 00:00:00-05:00,167.6999969482422,167.6999969482422,150.0,154.35000610351562,20773,0.0,0.0
2018-11-15 00:00:00-05:00,153.75,159.3000030517578,150.4499969482422,154.64999389648438,18733,0.0,0.0
2018-11-16 00:00:00-05:00,153.0,157.0500030517578,149.25,154.8000030517578,11620,0.0,0.0
2018-11-19 00:00:00-05:00,154.5,157.5,147.0,148.64999389648438,10120,0.0,0.0
2018-11-20 00:00:00-05:00,147.14999389648438,147.89999389648438,136.5,140.39999389648438,31513,0.0,0.0
2018-11-21 00:00:00-05:00,142.0500030517578,144.3000030517578,138.0,141.14999389648438,7560,0.0,0.0
2018-11-23 00:00:00-05:00,141.3000030517578,143.5500030517578,134.85000610351562,136.5,4680,0.0,0.0
2018-11-26 00:00:00-05:00,136.64999389648438,137.10000610351562,127.19999694824219,129.0,9913,0.0,0.0
2018-11-27 00:00:00-05:00,127.5,129.14999389648438,124.5,128.39999389648438,8267,0.0,0.0
2018-11-28 00:00:00-05:00,128.85000610351562,130.8000030517578,126.1500015258789,129.75,13567,0.0,0.0
2018-11-29 00:00:00-05:00,128.39999389648438,131.39999389648438,125.17500305175781,130.1999969482422,9967,0.0,0.0
2018-11-30 00:00:00-05:00,130.8000030517578,131.3249969482422,110.55000305175781,118.05000305175781,31513,0.0,0.0
2018-12-03 00:00:00-05:00,118.5,121.05000305175781,112.6500015258789,114.0,22027,0.0,0.0
2018-12-04 00:00:00-05:00,114.30000305175781,118.62000274658203,109.90499877929688,111.5999984741211,25727,0.0,0.0
2018-12-06 00:00:00-05:00,110.8499984741211,118.94999694824219,110.0999984741211,118.3499984741211,16980,0.0,0.0
2018-12-07 00:00:00-05:00,117.75,122.69999694824219,117.0,121.19999694824219,30500,0.0,0.0
2018-12-10 00:00:00-05:00,119.69999694824219,121.19999694824219,118.5,120.1500015258789,21340,0.0,0.0
2018-12-11 00:00:00-05:00,121.05000305175781,121.05000305175781,116.25,116.69999694824219,14707,0.0,0.0
2018-12-12 00:00:00-05:00,118.3499984741211,118.3499984741211,105.69000244140625,106.80000305175781,17693,0.0,0.0
2018-12-13 00:00:00-05:00,108.75,118.19999694824219,108.75,116.4000015258789,16380,0.0,0.0
2018-12-14 00:00:00-05:00,118.05000305175781,126.75,117.75,123.75,20213,0.0,0.0
2018-12-17 00:00:00-05:00,122.8499984741211,123.44999694824219,112.80000305175781,113.0999984741211,23827,0.0,0.0
2018-12-18 00:00:00-05:00,113.0999984741211,114.9000015258789,100.5,101.25,18720,0.0,0.0
2018-12-19 00:00:00-05:00,100.05000305175781,104.69999694824219,92.25,92.4000015258789,28307,0.0,0.0
2018-12-20 00:00:00-05:00,93.44999694824219,94.5,86.4000015258789,87.5999984741211,25407,0.0,0.0
2018-12-21 00:00:00-05:00,87.5999984741211,93.30000305175781,84.9000015258789,90.1500015258789,82920,0.0,0.0
2018-12-24 00:00:00-05:00,91.19999694824219,100.80000305175781,85.80000305175781,99.0,11287,0.0,0.0
2018-12-26 00:00:00-05:00,98.0999984741211,100.5,94.05000305175781,98.55000305175781,12200,0.0,0.0
2018-12-27 00:00:00-05:00,96.44999694824219,105.0,93.9000015258789,103.94999694824219,18833,0.0,0.0
2018-12-28 00:00:00-05:00,103.80000305175781,104.0999984741211,97.94999694824219,103.80000305175781,21840,0.0,0.0
2018-12-31 00:00:00-05:00,103.5,103.5,87.44999694824219,93.0,39687,0.0,0.0
2019-01-02 00:00:00-05:00,93.0,105.9000015258789,93.0,102.44999694824219,10267,0.0,0.0
2019-01-03 00:00:00-05:00,102.0,103.2750015258789,98.25,101.0999984741211,8840,0.0,0.0
2019-01-04 00:00:00-05:00,102.0,108.2249984741211,96.5999984741211,105.75,10147,0.0,0.0
2019-01-07 00:00:00-05:00,106.3499984741211,114.1500015258789,100.18499755859375,112.5,26193,0.0,0.0
2019-01-08 00:00:00-05:00,114.0,117.44999694824219,105.44999694824219,107.69999694824219,9927,0.0,0.0
2019-01-09 00:00:00-05:00,109.05000305175781,116.69999694824219,105.1500015258789,113.55000305175781,10987,0.0,0.0
2019-01-10 00:00:00-05:00,113.55000305175781,113.55000305175781,104.8499984741211,106.5,7493,0.0,0.0
2019-01-11 00:00:00-05:00,106.3499984741211,109.94999694824219,102.0,108.9000015258789,10740,0.0,0.0
2019-01-14 00:00:00-05:00,108.5999984741211,113.25,103.80000305175781,105.44999694824219,7953,0.0,0.0
2019-01-15 00:00:00-05:00,105.5999984741211,106.80000305175781,97.80000305175781,105.5999984741211,19047,0.0,0.0
2019-01-16 00:00:00-05:00,105.9000015258789,113.69999694824219,105.30000305175781,111.0,9547,0.0,0.0
2019-01-17 00:00:00-05:00,110.4000015258789,113.0999984741211,106.05000305175781,109.19999694824219,6693,0.0,0.0
2019-01-18 00:00:00-05:00,109.3499984741211,110.8499984741211,106.3499984741211,107.55000305175781,7280,0.0,0.0
2019-01-22 00:00:00-05:00,106.94999694824219,108.1500015258789,98.25,98.55000305175781,12407,0.0,0.0
2019-01-23 00:00:00-05:00,99.5999984741211,101.8499984741211,93.75,96.5999984741211,7313,0.0,0.0
2019-01-24 00:00:00-05:00,96.5999984741211,98.0999984741211,92.4000015258789,94.3499984741211,4227,0.0,0.0
2019-01-25 00:00:00-05:00,94.5,96.07499694824219,91.19999694824219,92.4000015258789,7720,0.0,0.0
2019-01-28 00:00:00-05:00,91.80000305175781,94.19999694824219,89.29499816894531,93.0,8487,0.0,0.0
2019-01-29 00:00:00-05:00,93.0,93.30000305175781,89.0999984741211,93.0,5767,0.0,0.0
2019-01-30 00:00:00-05:00,93.44999694824219,93.75,90.0,91.5,6867,0.0,0.0
2019-01-31 00:00:00-05:00,91.3499984741211,97.6500015258789,90.9000015258789,96.5999984741211,9313,0.0,0.0
2019-02-01 00:00:00-05:00,96.9000015258789,103.05000305175781,96.9000015258789,99.0,5960,0.0,0.0
2019-02-04 00:00:00-05:00,99.0,107.4000015258789,99.0,105.30000305175781,7433,0.0,0.0
2019-02-05 00:00:00-05:00,105.0,109.875,103.6500015258789,109.05000305175781,7287,0.0,0.0
2019-02-06 00:00:00-05:00,108.9000015258789,108.9000015258789,103.94999694824219,105.44999694824219,6073,0.0,0.0
2019-02-07 00:00:00-05:00,105.0,111.44999694824219,103.6500015258789,110.0999984741211,9167,0.0,0.0
2019-02-08 00:00:00-05:00,109.3499984741211,110.55000305175781,105.5999984741211,107.25,10980,0.0,0.0
2019-02-11 00:00:00-05:00,108.30000305175781,111.0,103.80000305175781,109.5,7440,0.0,0.0
2019-02-12 00:00:00-05:00,109.94999694824219,109.94999694824219,105.44999694824219,106.80000305175781,5300,0.0,0.0
2019-02-13 00:00:00-05:00,106.94999694824219,109.05000305175781,104.625,107.25,7153,0.0,0.0
2019-02-14 00:00:00-05:00,106.80000305175781,109.3499984741211,105.30000305175781,107.25,5633,0.0,0.0
2019-02-15 00:00:00-05:00,107.8499984741211,111.44999694824219,105.9000015258789,111.0,14520,0.0,0.0
2019-02-19 00:00:00-05:00,111.30000305175781,114.05999755859375,106.3499984741211,109.5,11427,0.0,0.0
2019-02-20 00:00:00-05:00,109.5,110.8499984741211,107.0999984741211,108.0,4520,0.0,0.0
2019-02-21 00:00:00-05:00,108.0,110.25,106.19999694824219,109.05000305175781,3693,0.0,0.0
2019-02-22 00:00:00-05:00,109.19999694824219,112.5,108.0,109.6500015258789,6700,0.0,0.0
2019-02-25 00:00:00-05:00,112.6500015258789,116.0999984741211,101.55000305175781,112.5,8860,0.0,0.0
2019-02-26 00:00:00-05:00,112.19999694824219,117.5999984741211,112.19999694824219,115.80000305175781,5327,0.0,0.0
2019-02-27 00:00:00-05:00,116.25,119.25,114.9000015258789,118.6500015258789,4827,0.0,0.0
2019-02-28 00:00:00-05:00,118.6500015258789,119.69999694824219,108.5999984741211,111.30000305175781,8893,0.0,0.0
2019-03-01 00:00:00-05:00,112.05000305175781,119.625,112.05000305175781,119.25,3487,0.0,0.0
2019-03-04 00:00:00-05:00,120.30000305175781,121.05000305175781,114.44999694824219,120.0,19027,0.0,0.0
2019-03-05 00:00:00-05:00,119.8499984741211,129.14999389648438,117.9000015258789,128.9250030517578,48667,0.0,0.0
2019-03-06 00:00:00-05:00,137.5500030517578,146.5500030517578,117.75,121.5,24747,0.0,0.0
2019-03-07 00:00:00-05:00,121.05000305175781,127.6500015258789,115.21499633789062,127.5,19933,0.0,0.0
2019-03-08 00:00:00-05:00,126.44999694824219,132.60000610351562,122.69999694824219,128.6999969482422,16140,0.0,0.0
2019-03-11 00:00:00-04:00,128.5500030517578,132.3000030517578,127.3499984741211,131.10000610351562,9393,0.0,0.0
2019-03-12 00:00:00-04:00,130.5,132.0,120.0,129.3000030517578,5233,0.0,0.0
2019-03-13 00:00:00-04:00,129.89999389648438,131.6999969482422,128.39999389648438,131.10000610351562,6420,0.0,0.0
2019-03-14 00:00:00-04:00,131.5500030517578,135.14999389648438,128.5500030517578,131.6999969482422,7253,0.0,0.0
2019-03-15 00:00:00-04:00,131.5500030517578,138.60000610351562,129.0,136.5,21213,0.0,0.0
2019-03-18 00:00:00-04:00,135.4499969482422,138.0,130.41000366210938,136.8000030517578,12007,0.0,0.0
2019-03-19 00:00:00-04:00,137.5500030517578,142.5,135.4499969482422,141.0,8080,0.0,0.0
2019-03-20 00:00:00-04:00,141.14999389648438,145.35000610351562,136.64999389648438,141.14999389648438,8967,0.0,0.0
2019-03-21 00:00:00-04:00,141.89999389648438,147.89999389648438,137.6999969482422,142.0500030517578,6573,0.0,0.0
2019-03-22 00:00:00-04:00,141.3000030517578,144.4499969482422,135.14999389648438,137.85000610351562,10833,0.0,0.0
2019-03-25 00:00:00-04:00,137.6999969482422,143.5500030517578,131.39999389648438,143.10000610351562,5087,0.0,0.0
2019-03-26 00:00:00-04:00,143.6999969482422,149.10000610351562,143.6999969482422,148.0500030517578,8260,0.0,0.0
2019-03-27 00:00:00-04:00,146.25,154.35000610351562,144.14999389648438,150.4499969482422,7900,0.0,0.0
2019-03-28 00:00:00-04:00,148.5,154.6199951171875,144.75,147.3000030517578,5633,0.0,0.0
2019-03-29 00:00:00-04:00,146.5500030517578,155.5500030517578,146.5500030517578,154.5,10933,0.0,0.0
2019-04-01 00:00:00-04:00,155.5500030517578,161.10000610351562,151.64999389648438,160.5,10593,0.0,0.0
2019-04-02 00:00:00-04:00,161.25,168.4499969482422,150.0,163.8000030517578,16047,0.0,0.0
2019-04-03 00:00:00-04:00,163.9499969482422,165.75,154.0500030517578,154.9499969482422,19200,0.0,0.0
2019-04-04 00:00:00-04:00,154.5,156.4499969482422,148.72500610351562,149.10000610351562,5727,0.0,0.0
2019-04-05 00:00:00-04:00,149.85000610351562,155.85000610351562,149.85000610351562,152.6999969482422,6453,0.0,0.0
2019-04-08 00:00:00-04:00,152.5500030517578,152.5500030517578,147.60000610351562,149.25,10027,0.0,0.0
2019-04-09 00:00:00-04:00,148.9499969482422,148.9499969482422,138.60000610351562,138.89999389648438,9240,0.0,0.0
2019-04-10 00:00:00-04:00,138.89999389648438,147.14999389648438,137.6999969482422,146.25,15007,0.0,0.0
2019-04-11 00:00:00-04:00,146.5500030517578,153.0749969482422,142.1999969482422,146.39999389648438,7373,0.0,0.0
2019-04-12 00:00:00-04:00,146.10000610351562,152.6999969482422,145.8000030517578,151.9499969482422,12553,0.0,0.0
2019-04-15 00:00:00-04:00,152.5500030517578,154.4250030517578,147.4499969482422,152.10000610351562,10507,0.0,0.0
2019-04-16 00:00:00-04:00,152.5500030517578,160.5,151.0500030517578,151.8000030517578,14120,0.0,0.0
2019-04-17 00:00:00-04:00,152.25,154.35000610351562,145.1999969482422,153.0,4507,0.0,0.0
2019-04-18 00:00:00-04:00,152.85000610351562,155.5500030517578,146.5500030517578,148.35000610351562,10947,0.0,0.0
2019-04-22 00:00:00-04:00,147.60000610351562,149.85000610351562,142.64999389648438,149.39999389648438,12513,0.0,0.0
2019-04-23 00:00:00-04:00,151.1999969482422,158.39999389648438,148.35000610351562,151.9499969482422,18820,0.0,0.0
2019-04-24 00:00:00-04:00,153.3000030517578,153.3000030517578,145.64999389648438,149.10000610351562,8347,0.0,0.0
2019-04-25 00:00:00-04:00,147.75,147.75,132.89999389648438,141.89999389648438,7620,0.0,0.0
2019-04-26 00:00:00-04:00,141.60000610351562,150.0,140.5500030517578,147.4499969482422,9287,0.0,0.0
2019-04-29 00:00:00-04:00,148.1999969482422,154.64999389648438,146.5500030517578,150.14999389648438,7007,0.0,0.0
2019-04-30 00:00:00-04:00,150.14999389648438,154.0500030517578,145.27499389648438,149.39999389648438,8067,0.0,0.0
2019-05-01 00:00:00-04:00,149.5500030517578,151.1999969482422,147.4499969482422,148.1999969482422,2727,0.0,0.0
2019-05-02 00:00:00-04:00,147.4499969482422,150.60000610351562,145.8000030517578,149.85000610351562,3100,0.0,0.0
2019-05-03 00:00:00-04:00,151.35000610351562,158.10000610351562,151.35000610351562,156.60000610351562,4733,0.0,0.0
2019-05-06 00:00:00-04:00,154.64999389648438,165.60000610351562,152.39999389648438,164.10000610351562,13093,0.0,0.0
2019-05-07 00:00:00-04:00,163.0500030517578,165.4499969482422,147.0,154.64999389648438,13440,0.0,0.0
2019-05-08 00:00:00-04:00,154.5,162.8699951171875,153.3000030517578,161.85000610351562,5253,0.0,0.0
2019-05-09 00:00:00-04:00,157.0500030517578,163.86000061035156,138.60000610351562,138.75,13727,0.0,0.0
2019-05-10 00:00:00-04:00,137.5500030517578,147.14999389648438,134.6999969482422,143.6999969482422,11480,0.0,0.0
2019-05-13 00:00:00-04:00,142.5,145.5749969482422,140.10000610351562,143.85000610351562,7813,0.0,0.0
2019-05-14 00:00:00-04:00,144.3000030517578,147.3000030517578,138.60000610351562,142.0500030517578,6973,0.0,0.0
2019-05-15 00:00:00-04:00,140.5500030517578,148.0500030517578,140.5500030517578,144.14999389648438,10560,0.0,0.0
2019-05-16 00:00:00-04:00,144.89999389648438,151.35000610351562,140.10000610351562,143.39999389648438,10980,0.0,0.0
2019-05-17 00:00:00-04:00,142.35000610351562,146.8350067138672,136.125,137.5500030517578,18167,0.0,0.0
2019-05-20 00:00:00-04:00,135.3000030517578,137.39999389648438,130.0500030517578,132.4499969482422,9027,0.0,0.0
2019-05-21 00:00:00-04:00,133.35000610351562,134.10000610351562,129.3000030517578,130.5,8593,0.0,0.0
2019-05-22 00:00:00-04:00,130.5,134.39999389648438,127.94999694824219,130.1999969482422,4653,0.0,0.0
2019-05-23 00:00:00-04:00,128.5500030517578,129.60000610351562,120.9000015258789,122.55000305175781,7600,0.0,0.0
2019-05-24 00:00:00-04:00,122.25,128.25,118.19999694824219,120.0,19980,0.0,0.0
2019-05-28 00:00:00-04:00,119.55000305175781,124.3499984741211,118.6500015258789,121.05000305175781,12640,0.0,0.0
2019-05-29 00:00:00-04:00,120.5999984741211,123.1500015258789,118.3499984741211,121.94999694824219,9760,0.0,0.0
2019-05-30 00:00:00-04:00,122.55000305175781,124.3499984741211,118.19999694824219,120.30000305175781,6020,0.0,0.0
2019-05-31 00:00:00-04:00,118.94999694824219,119.25,103.05000305175781,113.8499984741211,7200,0.0,0.0
2019-06-03 00:00:00-04:00,114.9000015258789,118.2750015258789,113.22000122070312,115.6500015258789,28840,0.0,0.0
2019-06-04 00:00:00-04:00,116.25,117.5250015258789,109.19999694824219,110.69999694824219,10600,0.0,0.0
2019-06-05 00:00:00-04:00,110.25,111.9000015258789,104.8499984741211,107.25,13960,0.0,0.0
2019-06-06 00:00:00-04:00,107.55000305175781,110.69999694824219,97.05000305175781,99.0,23607,0.0,0.0
2019-06-07 00:00:00-04:00,99.30000305175781,101.25,89.0999984741211,96.0,28587,0.0,0.0
2019-06-10 00:00:00-04:00,101.4000015258789,101.4000015258789,97.94999694824219,98.8499984741211,24080,0.0,0.0
2019-06-11 00:00:00-04:00,99.44999694824219,101.25,92.69999694824219,97.5,16420,0.0,0.0
2019-06-12 00:00:00-04:00,97.3499984741211,100.80000305175781,96.2249984741211,99.9000015258789,10987,0.0,0.0
2019-06-13 00:00:00-04:00,100.80000305175781,105.9000015258789,99.9000015258789,104.4000015258789,9660,0.0,0.0
2019-06-14 00:00:00-04:00,104.0999984741211,107.25,101.0999984741211,103.5,10067,0.0,0.0
2019-06-17 00:00:00-04:00,103.3499984741211,104.0999984741211,98.4000015258789,99.0,11760,0.0,0.0
2019-06-18 00:00:00-04:00,99.1500015258789,104.4000015258789,99.1500015258789,103.5,10607,0.0,0.0
2019-06-19 00:00:00-04:00,103.5,110.0250015258789,102.44999694824219,108.9000015258789,8780,0.0,0.0
2019-06-20 00:00:00-04:00,110.25,118.3499984741211,110.25,118.19999694824219,19060,0.0,0.0
2019-06-21 00:00:00-04:00,117.30000305175781,120.5999984741211,114.1500015258789,117.5999984741211,17613,0.0,0.0
2019-06-24 00:00:00-04:00,117.0,117.0,108.0,108.30000305175781,9727,0.0,0.0
2019-06-25 00:00:00-04:00,108.5999984741211,110.69999694824219,106.5,106.94999694824219,5973,0.0,0.0
2019-06-26 00:00:00-04:00,107.4000015258789,108.08999633789062,101.4000015258789,102.1500015258789,6627,0.0,0.0
2019-06-27 00:00:00-04:00,102.5999984741211,105.0,94.3499984741211,96.0,8260,0.0,0.0
2019-06-28 00:00:00-04:00,96.1500015258789,108.9000015258789,96.1500015258789,106.19999694824219,49193,0.0,0.0
2019-07-01 00:00:00-04:00,107.25,111.0,105.30000305175781,106.6500015258789,7760,0.0,0.0
2019-07-02 00:00:00-04:00,106.5,108.30000305175781,100.05000305175781,101.55000305175781,5413,0.0,0.0
2019-07-03 00:00:00-04:00,102.1500015258789,103.80000305175781,97.5,101.0999984741211,4200,0.0,0.0
2019-07-05 00:00:00-04:00,100.80000305175781,103.5,98.55000305175781,102.0,4080,0.0,0.0
2019-07-08 00:00:00-04:00,101.25,101.8499984741211,97.94999694824219,101.25,13287,0.0,0.0
2019-07-09 00:00:00-04:00,101.0999984741211,112.3499984741211,101.0999984741211,111.5999984741211,19793,0.0,0.0
2019-07-10 00:00:00-04:00,112.5,114.1500015258789,106.875,111.0,27833,0.0,0.0
2019-07-11 00:00:00-04:00,110.55000305175781,112.19999694824219,108.5999984741211,111.75,10160,0.0,0.0
2019-07-12 00:00:00-04:00,111.9000015258789,123.5999984741211,111.44999694824219,120.0,35040,0.0,0.0
2019-07-15 00:00:00-04:00,119.69999694824219,121.19999694824219,107.55000305175781,110.4000015258789,27667,0.0,0.0
2019-07-16 00:00:00-04:00,110.4000015258789,113.0999984741211,99.75,105.5999984741211,17780,0.0,0.0
2019-07-17 00:00:00-04:00,105.1500015258789,107.55000305175781,103.125,106.3499984741211,9080,0.0,0.0
2019-07-18 00:00:00-04:00,106.05000305175781,106.05000305175781,90.5999984741211,95.69999694824219,29947,0.0,0.0
2019-07-19 00:00:00-04:00,97.5,97.91999816894531,87.5999984741211,90.9000015258789,22147,0.0,0.0
2019-07-22 00:00:00-04:00,90.5999984741211,92.4000015258789,87.1500015258789,87.44999694824219,16113,0.0,0.0
2019-07-23 00:00:00-04:00,88.05000305175781,90.1500015258789,82.5,87.75,15707,0.0,0.0
2019-07-24 00:00:00-04:00,87.75,95.0999984741211,85.80000305175781,94.5,12947,0.0,0.0
2019-07-25 00:00:00-04:00,93.30000305175781,93.9000015258789,86.17500305175781,88.05000305175781,8713,0.0,0.0
2019-07-26 00:00:00-04:00,88.5,92.69999694824219,86.4000015258789,89.8499984741211,10120,0.0,0.0
2019-07-29 00:00:00-04:00,89.55000305175781,90.0,84.30000305175781,85.3499984741211,8453,0.0,0.0
2019-07-30 00:00:00-04:00,86.25,90.5999984741211,83.25,90.30000305175781,7860,0.0,0.0
2019-07-31 00:00:00-04:00,90.1500015258789,91.19999694824219,79.94999694824219,80.55000305175781,13600,0.0,0.0
2019-08-01 00:00:00-04:00,80.55000305175781,82.6500015258789,79.44000244140625,82.05000305175781,8907,0.0,0.0
2019-08-02 00:00:00-04:00,80.8499984741211,84.5999984741211,74.25,75.1500015258789,7787,0.0,0.0
2019-08-05 00:00:00-04:00,73.80000305175781,76.6500015258789,67.5,71.25,11313,0.0,0.0
2019-08-06 00:00:00-04:00,71.4000015258789,74.69999694824219,70.2750015258789,74.4000015258789,6280,0.0,0.0
2019-08-07 00:00:00-04:00,72.44999694824219,75.5999984741211,66.6449966430664,75.44999694824219,4067,0.0,0.0
2019-08-08 00:00:00-04:00,76.19999694824219,81.44999694824219,75.75,80.25,4647,0.0,0.0
2019-08-09 00:00:00-04:00,79.6500015258789,79.94999694824219,75.44999694824219,77.69999694824219,7827,0.0,0.0
2019-08-12 00:00:00-04:00,77.92500305175781,89.25,76.6500015258789,84.1500015258789,16413,0.0,0.0
2019-08-13 00:00:00-04:00,92.55000305175781,105.9000015258789,89.4000015258789,93.9000015258789,68420,0.0,0.0
2019-08-14 00:00:00-04:00,91.5,96.1500015258789,85.05000305175781,88.5,52100,0.0,0.0
2019-08-15 00:00:00-04:00,88.94999694824219,94.19999694824219,84.5999984741211,90.30000305175781,13340,0.0,0.0
2019-08-16 00:00:00-04:00,91.5,100.7249984741211,88.94999694824219,95.25,24980,0.0,0.0
2019-08-19 00:00:00-04:00,98.0999984741211,106.6500015258789,94.05000305175781,97.3499984741211,21287,0.0,0.0
2019-08-20 00:00:00-04:00,96.75,101.0999984741211,94.3499984741211,95.0999984741211,16507,0.0,0.0
2019-08-21 00:00:00-04:00,96.5999984741211,99.1500015258789,90.0,97.3499984741211,10293,0.0,0.0
2019-08-22 00:00:00-04:00,98.4000015258789,100.80000305175781,94.5,94.6500015258789,6447,0.0,0.0
2019-08-23 00:00:00-04:00,94.94999694824219,96.30000305175781,89.55000305175781,91.05000305175781,8773,0.0,0.0
2019-08-26 00:00:00-04:00,91.19999694824219,98.4000015258789,89.55000305175781,97.80000305175781,7713,0.0,0.0
2019-08-27 00:00:00-04:00,99.44999694824219,99.6449966430664,92.55000305175781,94.3499984741211,11227,0.0,0.0
2019-08-28 00:00:00-04:00,94.3499984741211,98.0999984741211,93.01499938964844,94.3499984741211,15087,0.0,0.0
2019-08-29 00:00:00-04:00,96.1500015258789,105.0,95.69999694824219,102.75,45687,0.0,0.0
2019-08-30 00:00:00-04:00,103.05000305175781,120.0,102.30000305175781,114.9000015258789,24393,0.0,0.0
2019-09-03 00:00:00-04:00,111.0,119.69999694824219,110.43000030517578,114.5999984741211,19287,0.0,0.0
2019-09-04 00:00:00-04:00,116.0999984741211,118.19999694824219,110.69999694824219,112.05000305175781,12460,0.0,0.0
2019-09-05 00:00:00-04:00,113.0999984741211,115.19999694824219,107.17500305175781,109.3499984741211,16140,0.0,0.0
2019-09-06 00:00:00-04:00,110.25,110.25,100.80000305175781,104.8499984741211,11067,0.0,0.0
2019-09-09 00:00:00-04:00,105.0,105.1500015258789,99.44999694824219,102.44999694824219,8867,0.0,0.0
2019-09-10 00:00:00-04:00,101.25,108.1500015258789,101.25,105.5999984741211,21253,0.0,0.0
2019-09-11 00:00:00-04:00,106.19999694824219,108.9749984741211,100.03500366210938,100.80000305175781,14380,0.0,0.0
2019-09-12 00:00:00-04:00,100.80000305175781,107.625,100.3499984741211,100.80000305175781,21947,0.0,0.0
2019-09-13 00:00:00-04:00,102.0,109.3499984741211,102.0,107.69999694824219,78613,0.0,0.0
2019-09-16 00:00:00-04:00,108.0,119.4000015258789,102.0,117.0,40340,0.0,0.0
2019-09-17 00:00:00-04:00,116.0999984741211,128.5500030517578,115.5,125.69999694824219,21413,0.0,0.0
2019-09-18 00:00:00-04:00,125.4000015258789,125.69999694824219,116.4000015258789,121.3499984741211,20147,0.0,0.0
2019-09-19 00:00:00-04:00,121.80000305175781,123.75,115.6500015258789,116.55000305175781,13667,0.0,0.0
2019-09-20 00:00:00-04:00,116.4000015258789,123.9000015258789,114.79499816894531,118.6500015258789,28820,0.0,0.0
2019-09-23 00:00:00-04:00,117.0,120.75,115.31999969482422,119.55000305175781,5840,0.0,0.0
2019-09-24 00:00:00-04:00,119.4000015258789,119.55000305175781,114.44999694824219,117.75,5320,0.0,0.0
2019-09-25 00:00:00-04:00,117.5999984741211,121.3499984741211,115.94999694824219,117.0,11213,0.0,0.0
2019-09-26 00:00:00-04:00,116.69999694824219,116.69999694824219,110.8499984741211,113.92500305175781,7407,0.0,0.0
2019-09-27 00:00:00-04:00,114.0,114.75,109.19999694824219,109.3499984741211,8473,0.0,0.0
2019-09-30 00:00:00-04:00,109.05000305175781,109.05000305175781,103.3499984741211,105.0,18493,0.0,0.0
2019-10-01 00:00:00-04:00,106.05000305175781,106.5,98.69999694824219,101.25,14047,0.0,0.0
2019-10-02 00:00:00-04:00,100.05000305175781,101.0999984741211,96.1500015258789,97.19999694824219,7460,0.0,0.0
2019-10-03 00:00:00-04:00,98.25,99.5999984741211,93.30000305175781,97.6500015258789,6947,0.0,0.0
2019-10-04 00:00:00-04:00,98.0999984741211,99.0,94.05000305175781,95.25,5180,0.0,0.0
2019-10-07 00:00:00-04:00,93.75,95.0999984741211,90.30000305175781,94.05000305175781,8227,0.0,0.0
2019-10-08 00:00:00-04:00,92.8499984741211,98.69999694824219,90.1500015258789,95.8499984741211,8547,0.0,0.0
2019-10-09 00:00:00-04:00,96.0,97.6500015258789,93.9000015258789,96.9000015258789,7480,0.0,0.0
2019-10-10 00:00:00-04:00,97.19999694824219,97.80000305175781,95.0999984741211,96.1500015258789,7440,0.0,0.0
2019-10-11 00:00:00-04:00,98.25,104.69999694824219,97.57499694824219,102.44999694824219,16347,0.0,0.0
2019-10-14 00:00:00-04:00,101.25,104.7750015258789,98.8499984741211,102.1500015258789,12687,0.0,0.0
2019-10-15 00:00:00-04:00,102.9000015258789,107.55000305175781,102.0,106.05000305175781,15087,0.0,0.0
2019-10-16 00:00:00-04:00,106.05000305175781,111.30000305175781,106.05000305175781,109.3499984741211,7253,0.0,0.0
2019-10-17 00:00:00-04:00,110.8499984741211,113.69999694824219,108.75,109.3499984741211,6647,0.0,0.0
2019-10-18 00:00:00-04:00,108.0,112.94999694824219,106.19999694824219,111.9000015258789,5847,0.0,0.0
2019-10-21 00:00:00-04:00,112.5,116.69999694824219,111.9749984741211,116.25,9393,0.0,0.0
2019-10-22 00:00:00-04:00,116.55000305175781,119.25,115.05000305175781,118.5,7813,0.0,0.0
2019-10-23 00:00:00-04:00,118.5,120.9749984741211,116.25,117.1500015258789,6807,0.0,0.0
2019-10-24 00:00:00-04:00,118.80000305175781,118.80000305175781,113.25,114.0,3033,0.0,0.0
2019-10-25 00:00:00-04:00,114.0,119.4000015258789,112.70999908447266,115.6500015258789,5167,0.0,0.0
2019-10-28 00:00:00-04:00,117.9000015258789,119.32499694824219,107.0999984741211,111.5999984741211,14767,0.0,0.0
2019-10-29 00:00:00-04:00,111.30000305175781,116.69999694824219,108.9000015258789,111.44999694824219,7360,0.0,0.0
2019-10-30 00:00:00-04:00,111.44999694824219,118.3499984741211,109.5,117.44999694824219,8927,0.0,0.0
2019-10-31 00:00:00-04:00,117.44999694824219,119.4000015258789,114.9000015258789,117.30000305175781,7020,0.0,0.0
2019-11-01 00:00:00-04:00,119.25,127.80000305175781,119.25,127.80000305175781,13073,0.0,0.0
2019-11-04 00:00:00-05:00,124.3499984741211,148.0500030517578,123.75,143.39999389648438,29033,0.0,0.0
2019-11-05 00:00:00-05:00,144.60000610351562,149.39999389648438,140.6999969482422,146.10000610351562,12687,0.0,0.0
2019-11-06 00:00:00-05:00,145.5,145.64999389648438,142.5,143.5500030517578,6727,0.0,0.0
2019-11-07 00:00:00-05:00,146.10000610351562,153.75,144.85499572753906,151.9499969482422,12333,0.0,0.0
2019-11-08 00:00:00-05:00,154.0500030517578,160.35000610351562,145.64999389648438,149.85000610351562,18360,0.0,0.0
2019-11-11 00:00:00-05:00,150.0,151.4250030517578,142.0500030517578,147.75,11000,0.0,0.0
2019-11-12 00:00:00-05:00,143.25,145.9499969482422,135.14999389648438,138.75,11733,0.0,0.0
2019-11-13 00:00:00-05:00,138.89999389648438,158.25,136.1999969482422,144.89999389648438,27800,0.0,0.0
2019-11-14 00:00:00-05:00,144.4499969482422,153.89999389648438,142.9499969482422,148.9499969482422,22687,0.0,0.0
2019-11-15 00:00:00-05:00,150.4499969482422,158.25,148.8000030517578,156.14999389648438,16213,0.0,0.0
2019-11-18 00:00:00-05:00,157.8000030517578,159.0,152.10000610351562,152.10000610351562,11940,0.0,0.0
2019-11-19 00:00:00-05:00,152.5500030517578,158.85000610351562,152.26499938964844,158.85000610351562,17560,0.0,0.0
2019-11-20 00:00:00-05:00,160.5,174.89999389648438,158.6999969482422,171.14999389648438,28760,0.0,0.0
2019-11-21 00:00:00-05:00,150.0,151.52999877929688,137.6999969482422,141.0,160200,0.0,0.0
2019-11-22 00:00:00-05:00,138.3000030517578,143.6999969482422,136.1999969482422,141.375,30600,0.0,0.0
2019-11-25 00:00:00-05:00,140.5500030517578,147.75,140.47500610351562,145.9499969482422,21380,0.0,0.0
2019-11-26 00:00:00-05:00,145.1999969482422,147.75,137.6999969482422,141.60000610351562,22667,0.0,0.0
2019-11-27 00:00:00-05:00,142.1999969482422,145.35000610351562,140.6999969482422,141.60000610351562,24333,0.0,0.0
2019-11-29 00:00:00-05:00,139.35000610351562,143.39999389648438,139.35000610351562,140.10000610351562,23767,0.0,0.0
2019-12-02 00:00:00-05:00,141.14999389648438,142.9499969482422,136.64999389648438,140.6999969482422,24153,0.0,0.0
2019-12-03 00:00:00-05:00,138.89999389648438,141.14999389648438,133.9499969482422,134.85000610351562,22673,0.0,0.0
2019-12-04 00:00:00-05:00,136.5,138.3000030517578,131.85000610351562,133.64999389648438,29593,0.0,0.0
2019-12-05 00:00:00-05:00,134.25,134.25,122.0999984741211,123.44999694824219,48540,0.0,0.0
2019-12-06 00:00:00-05:00,124.19999694824219,128.10000610351562,121.3499984741211,127.05000305175781,17633,0.0,0.0
2019-12-09 00:00:00-05:00,126.75,130.64999389648438,126.0,129.60000610351562,12893,0.0,0.0
2019-12-10 00:00:00-05:00,131.10000610351562,140.6999969482422,129.0,140.3249969482422,13340,0.0,0.0
2019-12-11 00:00:00-05:00,140.25,145.5,138.14999389648438,142.0500030517578,16227,0.0,0.0
2019-12-12 00:00:00-05:00,142.1999969482422,145.0500030517578,139.5,141.75,13607,0.0,0.0
2019-12-13 00:00:00-05:00,141.60000610351562,144.3000030517578,139.5,140.10000610351562,17373,0.0,0.0
2019-12-16 00:00:00-05:00,141.75,146.25,140.5500030517578,140.5500030517578,10627,0.0,0.0
2019-12-17 00:00:00-05:00,140.6999969482422,141.0,130.9499969482422,133.5,16600,0.0,0.0
2019-12-18 00:00:00-05:00,137.25,139.8000030517578,131.10000610351562,132.14999389648438,9480,0.0,0.0
2019-12-19 00:00:00-05:00,131.5500030517578,135.60000610351562,130.0500030517578,132.3000030517578,10147,0.0,0.0
2019-12-20 00:00:00-05:00,132.75,145.8000030517578,132.75,145.35000610351562,52880,0.0,0.0
2019-12-23 00:00:00-05:00,146.25,149.39999389648438,139.64999389648438,147.60000610351562,21893,0.0,0.0
2019-12-24 00:00:00-05:00,147.75,150.0,144.89999389648438,147.3000030517578,5713,0.0,0.0
2019-12-26 00:00:00-05:00,146.39999389648438,151.0500030517578,146.39999389648438,149.10000610351562,7693,0.0,0.0
2019-12-27 00:00:00-05:00,150.0,150.0,145.8000030517578,148.35000610351562,6393,0.0,0.0
2019-12-30 00:00:00-05:00,148.8000030517578,149.10000610351562,142.35000610351562,144.375,7140,0.0,0.0
2019-12-31 00:00:00-05:00,144.14999389648438,144.60000610351562,136.8000030517578,138.3000030517578,15267,0.0,0.0
2020-01-02 00:00:00-05:00,139.5,139.9499969482422,126.1500015258789,127.05000305175781,22860,0.0,0.0
2020-01-03 00:00:00-05:00,124.3499984741211,127.94999694824219,121.5,122.4000015258789,11660,0.0,0.0
2020-01-06 00:00:00-05:00,121.19999694824219,123.5999984741211,119.4000015258789,120.2249984741211,18093,0.0,0.0
2020-01-07 00:00:00-05:00,120.0,121.3499984741211,116.25,117.30000305175781,11373,0.0,0.0
2020-01-08 00:00:00-05:00,116.69999694824219,123.44999694824219,115.05000305175781,121.6500015258789,20120,0.0,0.0
2020-01-09 00:00:00-05:00,122.8499984741211,123.75,117.75,121.5,11313,0.0,0.0
2020-01-10 00:00:00-05:00,121.94999694824219,123.30000305175781,118.3499984741211,121.6500015258789,12493,0.0,0.0
2020-01-13 00:00:00-05:00,120.5999984741211,122.8499984741211,117.30000305175781,121.3499984741211,10893,0.0,0.0
2020-01-14 00:00:00-05:00,120.5999984741211,129.375,119.8499984741211,128.6999969482422,10820,0.0,0.0
2020-01-15 00:00:00-05:00,129.3000030517578,141.0,129.0,138.0,10967,0.0,0.0
2020-01-16 00:00:00-05:00,140.10000610351562,141.0,132.14999389648438,132.3000030517578,13767,0.0,0.0
2020-01-17 00:00:00-05:00,133.35000610351562,133.35000610351562,126.30000305175781,128.5500030517578,8793,0.0,0.0
2020-01-21 00:00:00-05:00,128.10000610351562,139.5,125.69999694824219,137.6999969482422,10913,0.0,0.0
2020-01-22 00:00:00-05:00,139.0500030517578,144.60000610351562,134.5500030517578,135.3000030517578,16613,0.0,0.0
2020-01-23 00:00:00-05:00,134.39999389648438,135.0,131.6699981689453,133.9499969482422,7573,0.0,0.0
2020-01-24 00:00:00-05:00,134.25,135.3000030517578,128.85000610351562,133.8000030517578,7407,0.0,0.0
2020-01-27 00:00:00-05:00,130.5,136.0500030517578,128.6999969482422,128.85000610351562,6747,0.0,0.0
2020-01-28 00:00:00-05:00,130.0500030517578,134.10000610351562,127.6500015258789,131.6999969482422,12587,0.0,0.0
2020-01-29 00:00:00-05:00,132.0,136.1999969482422,126.5999984741211,126.9000015258789,8507,0.0,0.0
2020-01-30 00:00:00-05:00,124.6500015258789,138.55499267578125,119.25,123.44999694824219,16247,0.0,0.0
2020-01-31 00:00:00-05:00,122.4000015258789,126.75,116.55000305175781,117.44999694824219,8627,0.0,0.0
2020-02-03 00:00:00-05:00,118.3499984741211,125.0999984741211,118.3499984741211,122.4000015258789,8240,0.0,0.0
2020-02-04 00:00:00-05:00,124.80000305175781,125.0999984741211,115.19999694824219,115.80000305175781,8960,0.0,0.0
2020-02-05 00:00:00-05:00,117.44999694824219,120.5999984741211,108.1500015258789,109.3499984741211,10927,0.0,0.0
2020-02-06 00:00:00-05:00,109.5,110.06999969482422,105.75,108.9000015258789,11500,0.0,0.0
2020-02-07 00:00:00-05:00,111.0,111.0,104.55000305175781,105.0,9387,0.0,0.0
2020-02-10 00:00:00-05:00,104.69999694824219,106.3499984741211,101.69999694824219,105.75,9913,0.0,0.0
2020-02-11 00:00:00-05:00,106.5,112.21499633789062,104.4000015258789,111.0,13900,0.0,0.0
2020-02-12 00:00:00-05:00,112.05000305175781,114.05999755859375,106.3499984741211,110.55000305175781,7093,0.0,0.0
2020-02-13 00:00:00-05:00,109.6500015258789,110.25,103.80000305175781,105.44999694824219,7673,0.0,0.0
2020-02-14 00:00:00-05:00,105.44999694824219,105.44999694824219,100.6500015258789,102.9000015258789,49513,0.0,0.0
2020-02-18 00:00:00-05:00,102.75,111.5999984741211,102.75,111.1500015258789,9847,0.0,0.0
2020-02-19 00:00:00-05:00,113.25,115.6500015258789,110.25,113.8499984741211,7720,0.0,0.0
2020-02-20 00:00:00-05:00,113.55000305175781,119.4000015258789,113.55000305175781,118.3499984741211,6327,0.0,0.0
2020-02-21 00:00:00-05:00,117.5999984741211,118.19999694824219,109.6500015258789,111.9000015258789,7187,0.0,0.0
2020-02-24 00:00:00-05:00,105.44999694824219,108.94499969482422,99.0,103.94999694824219,17493,0.0,0.0
2020-02-25 00:00:00-05:00,104.55000305175781,106.3499984741211,100.05000305175781,100.94999694824219,23500,0.0,0.0
2020-02-26 00:00:00-05:00,101.69999694824219,102.54000091552734,95.25,96.44999694824219,14447,0.0,0.0
2020-02-27 00:00:00-05:00,93.44999694824219,100.6500015258789,87.5999984741211,96.75,16593,0.0,0.0
2020-02-28 00:00:00-05:00,92.4000015258789,96.9000015258789,88.94999694824219,90.75,16647,0.0,0.0
2020-03-02 00:00:00-05:00,93.0,96.0,90.75,93.0,12507,0.0,0.0
2020-03-03 00:00:00-05:00,93.44999694824219,94.3499984741211,89.0999984741211,90.5999984741211,10687,0.0,0.0
2020-03-04 00:00:00-05:00,93.1500015258789,97.19999694824219,91.5,92.55000305175781,10513,0.0,0.0
2020-03-05 00:00:00-05:00,93.75,101.8499984741211,82.6500015258789,85.05000305175781,18873,0.0,0.0
2020-03-06 00:00:00-05:00,86.25,87.0,78.1500015258789,81.1500015258789,28633,0.0,0.0
2020-03-09 00:00:00-04:00,80.8499984741211,80.8499984741211,74.55000305175781,76.5,22907,0.0,0.0
2020-03-10 00:00:00-04:00,80.55000305175781,81.5999984741211,75.5999984741211,79.80000305175781,16467,0.0,0.0
2020-03-11 00:00:00-04:00,77.25,78.9000015258789,74.25,75.9000015258789,21400,0.0,0.0
2020-03-12 00:00:00-04:00,73.5,75.1500015258789,67.80000305175781,69.75,26280,0.0,0.0
2020-03-13 00:00:00-04:00,74.25,74.25,68.0999984741211,73.3499984741211,15387,0.0,0.0
2020-03-16 00:00:00-04:00,66.30000305175781,69.30000305175781,57.45000076293945,58.5,44500,0.0,0.0
2020-03-17 00:00:00-04:00,60.900001525878906,66.75,58.5,63.45000076293945,19160,0.0,0.0
2020-03-18 00:00:00-04:00,59.849998474121094,60.0,52.650001525878906,53.70000076293945,54833,0.0,0.0
2020-03-19 00:00:00-04:00,53.54999923706055,64.5,52.5,62.099998474121094,17387,0.0,0.0
2020-03-20 00:00:00-04:00,63.599998474121094,65.625,52.95000076293945,55.04999923706055,26740,0.0,0.0
2020-03-23 00:00:00-04:00,55.349998474121094,56.400001525878906,49.20000076293945,52.349998474121094,20520,0.0,0.0
2020-03-24 00:00:00-04:00,55.650001525878906,59.474998474121094,53.400001525878906,57.900001525878906,23107,0.0,0.0
2020-03-25 00:00:00-04:00,57.45000076293945,60.0,55.79999923706055,58.79999923706055,15460,0.0,0.0
2020-03-26 00:00:00-04:00,58.95000076293945,63.599998474121094,57.314998626708984,62.400001525878906,30113,0.0,0.0
2020-03-27 00:00:00-04:00,59.25,61.650001525878906,58.79999923706055,60.0,14613,0.0,0.0
2020-03-30 00:00:00-04:00,60.0,66.67500305175781,60.0,64.3499984741211,19833,0.0,0.0
2020-03-31 00:00:00-04:00,64.05000305175781,71.0999984741211,63.0,67.3499984741211,29313,0.0,0.0
2020-04-01 00:00:00-04:00,64.80000305175781,71.0999984741211,62.474998474121094,65.69999694824219,33927,0.0,0.0
2020-04-02 00:00:00-04:00,65.25,71.55000305175781,59.400001525878906,62.849998474121094,17193,0.0,0.0
2020-04-03 00:00:00-04:00,62.54999923706055,64.5,52.57500076293945,53.70000076293945,13320,0.0,0.0
2020-04-06 00:00:00-04:00,55.650001525878906,60.0,54.29999923706055,58.349998474121094,17600,0.0,0.0
2020-04-07 00:00:00-04:00,59.849998474121094,64.05000305175781,58.95000076293945,59.54999923706055,64473,0.0,0.0
2020-04-08 00:00:00-04:00,61.20000076293945,61.20000076293945,54.29999923706055,56.25,28433,0.0,0.0
2020-04-09 00:00:00-04:00,57.900001525878906,62.25,57.29999923706055,60.599998474121094,37847,0.0,0.0
2020-04-13 00:00:00-04:00,61.20000076293945,61.20000076293945,56.099998474121094,58.349998474121094,12193,0.0,0.0
2020-04-14 00:00:00-04:00,60.0,61.650001525878906,58.79999923706055,60.29999923706055,14120,0.0,0.0
2020-04-15 00:00:00-04:00,59.25,60.45000076293945,56.099998474121094,57.599998474121094,20213,0.0,0.0
2020-04-16 00:00:00-04:00,57.599998474121094,59.70000076293945,54.75,56.70000076293945,17493,0.0,0.0
2020-04-17 00:00:00-04:00,58.79999923706055,60.599998474121094,57.75,58.95000076293945,20773,0.0,0.0
2020-04-20 00:00:00-04:00,57.29999923706055,61.5,57.150001525878906,60.0,18587,0.0,0.0
2020-04-21 00:00:00-04:00,58.04999923706055,60.75,55.5,55.650001525878906,13700,0.0,0.0
2020-04-22 00:00:00-04:00,56.400001525878906,58.5,55.04999923706055,57.75,7333,0.0,0.0
2020-04-23 00:00:00-04:00,57.75,62.70000076293945,55.650001525878906,60.0,28047,0.0,0.0
2020-04-24 00:00:00-04:00,60.0,61.5,60.0,60.0,15287,0.0,0.0
2020-04-27 00:00:00-04:00,61.5,66.44999694824219,61.20000076293945,63.75,27753,0.0,0.0
2020-04-28 00:00:00-04:00,65.55000305175781,66.5999984741211,59.625,60.0,38340,0.0,0.0
2020-04-29 00:00:00-04:00,62.70000076293945,65.0999984741211,60.0,62.70000076293945,33553,0.0,0.0
2020-04-30 00:00:00-04:00,63.900001525878906,63.900001525878906,59.70000076293945,60.599998474121094,42827,0.0,0.0
2020-05-01 00:00:00-04:00,60.150001525878906,63.0,59.54999923706055,62.70000076293945,35187,0.0,0.0
2020-05-04 00:00:00-04:00,63.45000076293945,64.16999816894531,60.29999923706055,60.599998474121094,20573,0.0,0.0
2020-05-05 00:00:00-04:00,61.79999923706055,64.57499694824219,60.75,62.17499923706055,22020,0.0,0.0
2020-05-06 00:00:00-04:00,62.849998474121094,66.44999694824219,62.54999923706055,64.94999694824219,21053,0.0,0.0
2020-05-07 00:00:00-04:00,65.25,67.05000305175781,63.150001525878906,66.0,24880,0.0,0.0
2020-05-08 00:00:00-04:00,65.4000015258789,66.1500015258789,60.75,63.29999923706055,26767,0.0,0.0
2020-05-11 00:00:00-04:00,62.400001525878906,65.26499938964844,62.400001525878906,63.75,25160,0.0,0.0
2020-05-12 00:00:00-04:00,63.599998474121094,65.55000305175781,63.29999923706055,63.45000076293945,20353,0.0,0.0
2020-05-13 00:00:00-04:00,63.29999923706055,63.75,61.57500076293945,61.650001525878906,31020,0.0,0.0
2020-05-14 00:00:00-04:00,60.599998474121094,62.70000076293945,57.45000076293945,58.5,42747,0.0,0.0
2020-05-15 00:00:00-04:00,58.95000076293945,60.75,57.900001525878906,58.57500076293945,18800,0.0,0.0
2020-05-18 00:00:00-04:00,60.75,63.41999816894531,59.400001525878906,63.0,19493,0.0,0.0
2020-05-19 00:00:00-04:00,62.70000076293945,66.44999694824219,62.25,63.75,27687,0.0,0.0
2020-05-20 00:00:00-04:00,64.5,66.75,64.3499984741211,65.4000015258789,15180,0.0,0.0
2020-05-21 00:00:00-04:00,65.8499984741211,66.0,63.0,65.25,10713,0.0,0.0
2020-05-22 00:00:00-04:00,65.25,69.1500015258789,64.80000305175781,68.8499984741211,5773,0.0,0.0
2020-05-26 00:00:00-04:00,70.94999694824219,73.05000305175781,69.9000015258789,72.1500015258789,12933,0.0,0.0
2020-05-27 00:00:00-04:00,72.9000015258789,74.55000305175781,67.80000305175781,67.94999694824219,10407,0.0,0.0
2020-05-28 00:00:00-04:00,68.4000015258789,71.8499984741211,67.80000305175781,69.75,9940,0.0,0.0
2020-05-29 00:00:00-04:00,69.44999694824219,69.44999694824219,62.54999923706055,64.80000305175781,24420,0.0,0.0
2020-06-01 00:00:00-04:00,65.4000015258789,70.6500015258789,64.94999694824219,69.75,10807,0.0,0.0
2020-06-02 00:00:00-04:00,70.19999694824219,74.4000015258789,68.4000015258789,74.25,11267,0.0,0.0
2020-06-03 00:00:00-04:00,75.0,77.0999984741211,72.67500305175781,75.9000015258789,26753,0.0,0.0
2020-06-04 00:00:00-04:00,75.0,80.25,75.0,79.3499984741211,17167,0.0,0.0
2020-06-05 00:00:00-04:00,83.55000305175781,85.19999694824219,79.94999694824219,80.4000015258789,16400,0.0,0.0
2020-06-08 00:00:00-04:00,81.1500015258789,82.6500015258789,77.8499984741211,82.05000305175781,14700,0.0,0.0
2020-06-09 00:00:00-04:00,81.5999984741211,90.9000015258789,79.06500244140625,88.3499984741211,20213,0.0,0.0
2020-06-10 00:00:00-04:00,88.19999694824219,88.80000305175781,81.0,84.75,19373,0.0,0.0
2020-06-11 00:00:00-04:00,80.8499984741211,84.44999694824219,79.6500015258789,80.69999694824219,25780,0.0,0.0
2020-06-12 00:00:00-04:00,83.4000015258789,86.0999984741211,78.375,81.9000015258789,21113,0.0,0.0
2020-06-15 00:00:00-04:00,79.3499984741211,88.3499984741211,78.1500015258789,87.1500015258789,16033,0.0,0.0
2020-06-16 00:00:00-04:00,88.19999694824219,90.0,85.3499984741211,88.19999694824219,13327,0.0,0.0
2020-06-17 00:00:00-04:00,88.94999694824219,89.55000305175781,86.25,87.75,6373,0.0,0.0
2020-06-18 00:00:00-04:00,87.44999694824219,89.8499984741211,85.80000305175781,89.25,9740,0.0,0.0
2020-06-19 00:00:00-04:00,89.4000015258789,95.8499984741211,89.4000015258789,94.05000305175781,18667,0.0,0.0
2020-06-22 00:00:00-04:00,93.30000305175781,100.05000305175781,90.5999984741211,97.5,10800,0.0,0.0
2020-06-23 00:00:00-04:00,99.1500015258789,102.75,97.3499984741211,100.80000305175781,17160,0.0,0.0
2020-06-24 00:00:00-04:00,99.5999984741211,101.5199966430664,95.37000274658203,98.4000015258789,14120,0.0,0.0
2020-06-25 00:00:00-04:00,97.80000305175781,104.25,96.0,103.94999694824219,16713,0.0,0.0
2020-06-26 00:00:00-04:00,101.8499984741211,104.55000305175781,94.6500015258789,95.55000305175781,56380,0.0,0.0
2020-06-29 00:00:00-04:00,96.30000305175781,101.0999984741211,93.44999694824219,96.30000305175781,12180,0.0,0.0
2020-06-30 00:00:00-04:00,115.94999694824219,150.0,108.75,111.5999984741211,546447,0.0,0.0
2020-07-01 00:00:00-04:00,132.75,132.75,102.1500015258789,106.42500305175781,192387,0.0,0.0
2020-07-02 00:00:00-04:00,105.9000015258789,106.5,90.44999694824219,96.75,57313,0.0,0.0
2020-07-06 00:00:00-04:00,96.0,97.05000305175781,81.5999984741211,82.94999694824219,51527,0.0,0.0
2020-07-07 00:00:00-04:00,82.6500015258789,82.94999694824219,67.80000305175781,68.0999984741211,56927,0.0,0.0
2020-07-08 00:00:00-04:00,69.75,73.80000305175781,63.150001525878906,63.75,57793,0.0,0.0
2020-07-09 00:00:00-04:00,70.3499984741211,72.1500015258789,63.150001525878906,63.599998474121094,88067,0.0,0.0
2020-07-10 00:00:00-04:00,63.75,65.53500366210938,58.79999923706055,61.79999923706055,39807,0.0,0.0
2020-07-13 00:00:00-04:00,62.70000076293945,66.9000015258789,60.0,63.45000076293945,43640,0.0,0.0
2020-07-14 00:00:00-04:00,63.0,72.0,61.04999923706055,71.0999984741211,53153,0.0,0.0
2020-07-15 00:00:00-04:00,71.0999984741211,73.6500015258789,67.6500015258789,69.0,30307,0.0,0.0
2020-07-16 00:00:00-04:00,68.69999694824219,72.9000015258789,66.44999694824219,72.44999694824219,22533,0.0,0.0
2020-07-17 00:00:00-04:00,78.5999984741211,93.9000015258789,77.25,81.1500015258789,113793,0.0,0.0
2020-07-20 00:00:00-04:00,86.0999984741211,86.0999984741211,78.30000305175781,80.69999694824219,51280,0.0,0.0
2020-07-21 00:00:00-04:00,84.30000305175781,86.4000015258789,77.4000015258789,83.8499984741211,41367,0.0,0.0
2020-07-22 00:00:00-04:00,83.8499984741211,85.6500015258789,77.0999984741211,78.44999694824219,25767,0.0,0.0
2020-07-23 00:00:00-04:00,78.75,81.30000305175781,77.25,78.75,15580,0.0,0.0
2020-07-24 00:00:00-04:00,77.25,77.55000305175781,72.1500015258789,73.6500015258789,30173,0.0,0.0
2020-07-27 00:00:00-04:00,73.6500015258789,77.0999984741211,72.75,76.05000305175781,15700,0.0,0.0
2020-07-28 00:00:00-04:00,75.9000015258789,76.5,73.125,73.94999694824219,17600,0.0,0.0
2020-07-29 00:00:00-04:00,74.4000015258789,80.55000305175781,72.9000015258789,78.44999694824219,30593,0.0,0.0
2020-07-30 00:00:00-04:00,77.4000015258789,78.0,72.1500015258789,76.6500015258789,22760,0.0,0.0
2020-07-31 00:00:00-04:00,76.5,79.05000305175781,75.0,76.42500305175781,22887,0.0,0.0
2020-08-03 00:00:00-04:00,77.55000305175781,86.55000305175781,77.4000015258789,85.6500015258789,27040,0.0,0.0
2020-08-04 00:00:00-04:00,87.75,100.6500015258789,85.19999694824219,96.30000305175781,56513,0.0,0.0
2020-08-05 00:00:00-04:00,94.6500015258789,97.19999694824219,88.5,92.25,38800,0.0,0.0
2020-08-06 00:00:00-04:00,92.55000305175781,95.4000015258789,89.55000305175781,95.0999984741211,13180,0.0,0.0
2020-08-07 00:00:00-04:00,94.3499984741211,103.94999694824219,93.5999984741211,99.44999694824219,26487,0.0,0.0
2020-08-10 00:00:00-04:00,99.44999694824219,105.0,98.4000015258789,103.5,20900,0.0,0.0
2020-08-11 00:00:00-04:00,104.4000015258789,105.5999984741211,96.0,97.3499984741211,23313,0.0,0.0
2020-08-12 00:00:00-04:00,98.55000305175781,100.3499984741211,97.05000305175781,99.30000305175781,18687,0.0,0.0
2020-08-13 00:00:00-04:00,97.94999694824219,102.0,97.3499984741211,101.7750015258789,14720,0.0,0.0
2020-08-14 00:00:00-04:00,81.9000015258789,81.9000015258789,75.1500015258789,79.42500305175781,239753,0.0,0.0
2020-08-17 00:00:00-04:00,79.6500015258789,79.80000305175781,75.75,77.8499984741211,51700,0.0,0.0
2020-08-18 00:00:00-04:00,78.0,78.9000015258789,75.1500015258789,78.44999694824219,36540,0.0,0.0
2020-08-19 00:00:00-04:00,79.3499984741211,83.25,79.19999694824219,81.0,36453,0.0,0.0
2020-08-20 00:00:00-04:00,79.80000305175781,80.55000305175781,77.4000015258789,77.69999694824219,37227,0.0,0.0
2020-08-21 00:00:00-04:00,77.55000305175781,78.75,71.55000305175781,72.0,50493,0.0,0.0
2020-08-24 00:00:00-04:00,74.25,74.8499984741211,65.4000015258789,66.0,40527,0.0,0.0
2020-08-25 00:00:00-04:00,66.0,68.8499984741211,63.224998474121094,68.0999984741211,37273,0.0,0.0
2020-08-26 00:00:00-04:00,68.55000305175781,68.8499984741211,63.974998474121094,65.25,30760,0.0,0.0
2020-08-27 00:00:00-04:00,66.1500015258789,66.5999984741211,62.70000076293945,64.19999694824219,31660,0.0,0.0
2020-08-28 00:00:00-04:00,64.5,68.4000015258789,63.0,68.32499694824219,34973,0.0,0.0
2020-08-31 00:00:00-04:00,69.44999694824219,70.3499984741211,66.05999755859375,68.25,22253,0.0,0.0
2020-09-01 00:00:00-04:00,67.94999694824219,68.38500213623047,64.19999694824219,65.25,20127,0.0,0.0
2020-09-02 00:00:00-04:00,65.25,68.55000305175781,64.3499984741211,67.5,17313,0.0,0.0
2020-09-03 00:00:00-04:00,67.5,68.55000305175781,64.19999694824219,64.80000305175781,22467,0.0,0.0
2020-09-04 00:00:00-04:00,65.0999984741211,65.8499984741211,60.75,64.6500015258789,31567,0.0,0.0
2020-09-08 00:00:00-04:00,63.599998474121094,66.1500015258789,62.7599983215332,64.05000305175781,17913,0.0,0.0
2020-09-09 00:00:00-04:00,64.80000305175781,69.75,64.5,67.5,19193,0.0,0.0
2020-09-10 00:00:00-04:00,67.94999694824219,69.44999694824219,66.9000015258789,67.94999694824219,14260,0.0,0.0
2020-09-11 00:00:00-04:00,67.6500015258789,68.55000305175781,64.80000305175781,65.4000015258789,11213,0.0,0.0
2020-09-14 00:00:00-04:00,66.1500015258789,68.25,65.55000305175781,67.42500305175781,20160,0.0,0.0
2020-09-15 00:00:00-04:00,68.55000305175781,68.63999938964844,66.44999694824219,67.94999694824219,11220,0.0,0.0
2020-09-16 00:00:00-04:00,68.4000015258789,68.4749984741211,66.1500015258789,66.5999984741211,17253,0.0,0.0
2020-09-17 00:00:00-04:00,66.0,67.05000305175781,63.45000076293945,65.4000015258789,24033,0.0,0.0
2020-09-18 00:00:00-04:00,66.5999984741211,68.4000015258789,63.75,64.80000305175781,54827,0.0,0.0
2020-09-21 00:00:00-04:00,63.75,65.32499694824219,60.599998474121094,61.5,23700,0.0,0.0
2020-09-22 00:00:00-04:00,61.349998474121094,62.099998474121094,59.25,61.349998474121094,18707,0.0,0.0
2020-09-23 00:00:00-04:00,61.04999923706055,61.349998474121094,57.599998474121094,58.20000076293945,58153,0.0,0.0
2020-09-24 00:00:00-04:00,58.650001525878906,59.17499923706055,56.25,56.70000076293945,30027,0.0,0.0
2020-09-25 00:00:00-04:00,56.70000076293945,57.82500076293945,54.45000076293945,56.25,37953,0.0,0.0
2020-09-28 00:00:00-04:00,57.0,58.04999923706055,54.67499923706055,55.349998474121094,30247,0.0,0.0
2020-09-29 00:00:00-04:00,55.04999923706055,57.900001525878906,52.95000076293945,57.45000076293945,32473,0.0,0.0
2020-09-30 00:00:00-04:00,57.599998474121094,61.349998474121094,57.599998474121094,58.5,14613,0.0,0.0
2020-10-01 00:00:00-04:00,58.349998474121094,60.0,55.95000076293945,56.849998474121094,15673,0.0,0.0
2020-10-02 00:00:00-04:00,55.650001525878906,60.0,54.900001525878906,59.54999923706055,16160,0.0,0.0
2020-10-05 00:00:00-04:00,59.849998474121094,60.45000076293945,57.900001525878906,60.0,9407,0.0,0.0
2020-10-06 00:00:00-04:00,60.900001525878906,61.95000076293945,59.06999969482422,59.400001525878906,15433,0.0,0.0
2020-10-07 00:00:00-04:00,60.0,61.349998474121094,59.400001525878906,59.92499923706055,17027,0.0,0.0
2020-10-08 00:00:00-04:00,61.20000076293945,63.0,60.0,60.29999923706055,17133,0.0,0.0
2020-10-09 00:00:00-04:00,61.349998474121094,61.650001525878906,59.400001525878906,60.0,16520,0.0,0.0
2020-10-12 00:00:00-04:00,60.150001525878906,60.75,57.599998474121094,59.70000076293945,13340,0.0,0.0
2020-10-13 00:00:00-04:00,59.099998474121094,60.75,58.20000076293945,60.0,15327,0.0,0.0
2020-10-14 00:00:00-04:00,60.599998474121094,61.04999923706055,57.599998474121094,57.599998474121094,8133,0.0,0.0
2020-10-15 00:00:00-04:00,56.54999923706055,58.650001525878906,55.5,58.20000076293945,6813,0.0,0.0
2020-10-16 00:00:00-04:00,57.75,60.0,57.0,59.25,7327,0.0,0.0
2020-10-19 00:00:00-04:00,59.400001525878906,59.849998474121094,58.20000076293945,59.099998474121094,7873,0.0,0.0
2020-10-20 00:00:00-04:00,59.25,59.25,56.849998474121094,57.150001525878906,10140,0.0,0.0
2020-10-21 00:00:00-04:00,57.38999938964844,58.20000076293945,54.150001525878906,54.45000076293945,17007,0.0,0.0
2020-10-22 00:00:00-04:00,57.150001525878906,63.75,56.25,56.70000076293945,44427,0.0,0.0
2020-10-23 00:00:00-04:00,57.75,58.04999923706055,54.150001525878906,56.54999923706055,19133,0.0,0.0
2020-10-26 00:00:00-04:00,56.25,56.400001525878906,52.5,55.5,39767,0.0,0.0
2020-10-27 00:00:00-04:00,56.099998474121094,56.099998474121094,52.349998474121094,52.42499923706055,24780,0.0,0.0
2020-10-28 00:00:00-04:00,52.04999923706055,53.70000076293945,47.25,53.099998474121094,64613,0.0,0.0
2020-10-29 00:00:00-04:00,52.5,52.5,49.95000076293945,50.25,25433,0.0,0.0
2020-10-30 00:00:00-04:00,50.400001525878906,50.400001525878906,47.099998474121094,48.0,29880,0.0,0.0
2020-11-02 00:00:00-05:00,48.599998474121094,52.79999923706055,48.599998474121094,52.650001525878906,13807,0.0,0.0
2020-11-03 00:00:00-05:00,53.099998474121094,56.70000076293945,53.099998474121094,56.099998474121094,12700,0.0,0.0
2020-11-04 00:00:00-05:00,55.79999923706055,57.75,52.04999923706055,53.17499923706055,17840,0.0,0.0
2020-11-05 00:00:00-05:00,54.29999923706055,61.349998474121094,53.92499923706055,59.25,31553,0.0,0.0
2020-11-06 00:00:00-05:00,59.25,59.25,54.375,54.45000076293945,24600,0.0,0.0
2020-11-09 00:00:00-05:00,57.150001525878906,61.20000076293945,57.150001525878906,57.599998474121094,19307,0.0,0.0
2020-11-10 00:00:00-05:00,57.29999923706055,60.29999923706055,57.29999923706055,60.0,11187,0.0,0.0
2020-11-11 00:00:00-05:00,60.0,60.150001525878906,55.04999923706055,57.45000076293945,20293,0.0,0.0
2020-11-12 00:00:00-05:00,57.599998474121094,58.5,55.95000076293945,57.29999923706055,15867,0.0,0.0
2020-11-13 00:00:00-05:00,57.900001525878906,60.599998474121094,57.0,59.70000076293945,23093,0.0,0.0
2020-11-16 00:00:00-05:00,60.599998474121094,63.28499984741211,59.32500076293945,63.0,16427,0.0,0.0
2020-11-17 00:00:00-05:00,62.54999923706055,70.05000305175781,60.75,66.9000015258789,60387,0.0,0.0
2020-11-18 00:00:00-05:00,70.05000305175781,75.1500015258789,68.25,72.75,65620,0.0,0.0
2020-11-19 00:00:00-05:00,76.5,76.6500015258789,68.8499984741211,74.69999694824219,50887,0.0,0.0
2020-11-20 00:00:00-05:00,74.4000015258789,74.8499984741211,72.0,74.69999694824219,27893,0.0,0.0
2020-11-23 00:00:00-05:00,75.0,75.0,64.875,65.4000015258789,58287,0.0,0.0
2020-11-24 00:00:00-05:00,65.4000015258789,69.5999984741211,64.19999694824219,65.0999984741211,37860,0.0,0.0
2020-11-25 00:00:00-05:00,65.0999984741211,66.36000061035156,62.70000076293945,63.900001525878906,23707,0.0,0.0
2020-11-27 00:00:00-05:00,63.29999923706055,65.4000015258789,62.099998474121094,64.05000305175781,18693,0.0,0.0
2020-11-30 00:00:00-05:00,64.80000305175781,65.37000274658203,60.45000076293945,60.75,30313,0.0,0.0
2020-12-01 00:00:00-05:00,61.349998474121094,63.599998474121094,59.849998474121094,60.75,33733,0.0,0.0
2020-12-02 00:00:00-05:00,61.04999923706055,66.44999694824219,60.01499938964844,64.2750015258789,42867,0.0,0.0
2020-12-03 00:00:00-05:00,63.75,67.5,63.599998474121094,65.4000015258789,22533,0.0,0.0
2020-12-04 00:00:00-05:00,64.80000305175781,71.69999694824219,64.73999786376953,70.94999694824219,40300,0.0,0.0
2020-12-07 00:00:00-05:00,71.8499984741211,73.05000305175781,67.5,68.4000015258789,27980,0.0,0.0
2020-12-08 00:00:00-05:00,69.0,70.94999694824219,67.94999694824219,69.0,24813,0.0,0.0
2020-12-09 00:00:00-05:00,69.44999694824219,71.7750015258789,65.25,66.5999984741211,17867,0.0,0.0
2020-12-10 00:00:00-05:00,66.44999694824219,68.55000305175781,64.6500015258789,66.30000305175781,15853,0.0,0.0
2020-12-11 00:00:00-05:00,66.0,67.19999694824219,63.150001525878906,66.30000305175781,21407,0.0,0.0
2020-12-14 00:00:00-05:00,66.93000030517578,69.44999694824219,64.80000305175781,65.0999984741211,21593,0.0,0.0
2020-12-15 00:00:00-05:00,66.30000305175781,66.5999984741211,63.0,63.599998474121094,43393,0.0,0.0
2020-12-16 00:00:00-05:00,63.599998474121094,64.05000305175781,62.25,62.54999923706055,47707,0.0,0.0
2020-12-17 00:00:00-05:00,62.849998474121094,63.0,61.349998474121094,61.79999923706055,33113,0.0,0.0
2020-12-18 00:00:00-05:00,64.875,64.875,60.900001525878906,63.0,102520,0.0,0.0
2020-12-21 00:00:00-05:00,62.70000076293945,63.974998474121094,60.915000915527344,63.150001525878906,31900,0.0,0.0
2020-12-22 00:00:00-05:00,63.599998474121094,64.05000305175781,61.5,61.79999923706055,16540,0.0,0.0
2020-12-23 00:00:00-05:00,61.95000076293945,61.95000076293945,59.54999923706055,60.900001525878906,45680,0.0,0.0
2020-12-24 00:00:00-05:00,61.5,73.19999694824219,61.5,70.94999694824219,53967,0.0,0.0
2020-12-28 00:00:00-05:00,71.55000305175781,75.0,67.6500015258789,67.94999694824219,35193,0.0,0.0
2020-12-29 00:00:00-05:00,68.8499984741211,68.8499984741211,63.29999923706055,63.75,24520,0.0,0.0
2020-12-30 00:00:00-05:00,64.19999694824219,65.25,62.54999923706055,62.70000076293945,22847,0.0,0.0
2020-12-31 00:00:00-05:00,63.150001525878906,64.80000305175781,60.150001525878906,62.099998474121094,29633,0.0,0.0
2021-01-04 00:00:00-05:00,62.70000076293945,65.4000015258789,60.900001525878906,63.75,25980,0.0,0.0
2021-01-05 00:00:00-05:00,63.599998474121094,65.69999694824219,62.54999923706055,63.150001525878906,17667,0.0,0.0
2021-01-06 00:00:00-05:00,64.5,66.0,61.95000076293945,63.900001525878906,27840,0.0,0.0
2021-01-07 00:00:00-05:00,63.599998474121094,64.94999694824219,63.29999923706055,64.5,11933,0.0,0.0
2021-01-08 00:00:00-05:00,64.3499984741211,65.0999984741211,62.32500076293945,64.19999694824219,14300,0.0,0.0
2021-01-11 00:00:00-05:00,63.45000076293945,67.3499984741211,63.45000076293945,65.0999984741211,12580,0.0,0.0
2021-01-12 00:00:00-05:00,65.0999984741211,68.0999984741211,65.0999984741211,67.5,12147,0.0,0.0
2021-01-13 00:00:00-05:00,67.6500015258789,67.80000305175781,63.900001525878906,64.05000305175781,20893,0.0,0.0
2021-01-14 00:00:00-05:00,64.05000305175781,65.7750015258789,63.150001525878906,63.599998474121094,18167,0.0,0.0
2021-01-15 00:00:00-05:00,63.599998474121094,64.91999816894531,62.25,62.849998474121094,25627,0.0,0.0
2021-01-19 00:00:00-05:00,62.70000076293945,64.6500015258789,61.5,61.79999923706055,28540,0.0,0.0
2021-01-20 00:00:00-05:00,62.54999923706055,63.0,60.29999923706055,60.900001525878906,33140,0.0,0.0
2021-01-21 00:00:00-05:00,61.20000076293945,62.474998474121094,59.775001525878906,61.349998474121094,44560,0.0,0.0
2021-01-22 00:00:00-05:00,61.20000076293945,62.625,60.45000076293945,61.650001525878906,35787,0.0,0.0
2021-01-25 00:00:00-05:00,62.25,66.75,61.20000076293945,66.75,58253,0.0,0.0
2021-01-26 00:00:00-05:00,67.3499984741211,67.3499984741211,64.05000305175781,64.3499984741211,25993,0.0,0.0
2021-01-27 00:00:00-05:00,63.150001525878906,64.80000305175781,60.45000076293945,60.900001525878906,32527,0.0,0.0
2021-01-28 00:00:00-05:00,61.5,63.900001525878906,60.29999923706055,60.900001525878906,26027,0.0,0.0
2021-01-29 00:00:00-05:00,61.20000076293945,63.525001525878906,58.650001525878906,59.70000076293945,49760,0.0,0.0
2021-02-01 00:00:00-05:00,60.0,61.724998474121094,59.099998474121094,61.349998474121094,34440,0.0,0.0
2021-02-02 00:00:00-05:00,61.349998474121094,62.70000076293945,60.900001525878906,62.25,17580,0.0,0.0
2021-02-03 00:00:00-05:00,62.400001525878906,66.44999694824219,62.310001373291016,65.8499984741211,26633,0.0,0.0
2021-02-04 00:00:00-05:00,66.0,68.0999984741211,64.94999694824219,66.44999694824219,29820,0.0,0.0
2021-02-05 00:00:00-05:00,66.5999984741211,68.55000305175781,65.25,67.05000305175781,30193,0.0,0.0
2021-02-08 00:00:00-05:00,67.6500015258789,72.5250015258789,67.19999694824219,71.25,33487,0.0,0.0
2021-02-09 00:00:00-05:00,71.0999984741211,71.69999694824219,69.67500305175781,70.3499984741211,29527,0.0,0.0
2021-02-10 00:00:00-05:00,69.9000015258789,71.4000015258789,67.5,70.6500015258789,50633,0.0,0.0
2021-02-11 00:00:00-05:00,72.5999984741211,72.75,67.94999694824219,69.75,33380,0.0,0.0
2021-02-12 00:00:00-05:00,69.0,71.0999984741211,67.94999694824219,68.8499984741211,24887,0.0,0.0
2021-02-16 00:00:00-05:00,69.1500015258789,71.25,68.25,68.4000015258789,37687,0.0,0.0
2021-02-17 00:00:00-05:00,68.25,69.0,63.0,63.29999923706055,48080,0.0,0.0
2021-02-18 00:00:00-05:00,63.29999923706055,67.3499984741211,62.099998474121094,64.5,35987,0.0,0.0
2021-02-19 00:00:00-05:00,64.6500015258789,66.19499969482422,64.5,64.6500015258789,15967,0.0,0.0
2021-02-22 00:00:00-05:00,64.5,65.25,61.79999923706055,62.099998474121094,25793,0.0,0.0
2021-02-23 00:00:00-05:00,61.5,61.650001525878906,58.5,60.75,43780,0.0,0.0
2021-02-24 00:00:00-05:00,60.900001525878906,64.80000305175781,60.900001525878906,61.95000076293945,25580,0.0,0.0
2021-02-25 00:00:00-05:00,63.0,63.0,59.70000076293945,60.29999923706055,28280,0.0,0.0
2021-02-26 00:00:00-05:00,61.349998474121094,61.650001525878906,58.04999923706055,58.20000076293945,34727,0.0,0.0
2021-03-01 00:00:00-05:00,60.150001525878906,60.599998474121094,58.42499923706055,60.150001525878906,40327,0.0,0.0
2021-03-02 00:00:00-05:00,60.75,61.5,58.650001525878906,58.79999923706055,36460,0.0,0.0
2021-03-03 00:00:00-05:00,59.70000076293945,63.0,55.20000076293945,57.150001525878906,109187,0.0,0.0
2021-03-04 00:00:00-05:00,56.25,57.33000183105469,50.849998474121094,52.650001525878906,84040,0.0,0.0
2021-03-05 00:00:00-05:00,52.5,53.849998474121094,49.650001525878906,52.650001525878906,44020,0.0,0.0
2021-03-08 00:00:00-05:00,52.5,55.650001525878906,51.900001525878906,53.70000076293945,33853,0.0,0.0
2021-03-09 00:00:00-05:00,54.0,55.5,53.25,55.20000076293945,19620,0.0,0.0
2021-03-10 00:00:00-05:00,56.400001525878906,57.150001525878906,55.5,55.5,20620,0.0,0.0
2021-03-11 00:00:00-05:00,55.95000076293945,56.70000076293945,54.75,56.400001525878906,27507,0.0,0.0
2021-03-12 00:00:00-05:00,56.400001525878906,57.900001525878906,54.599998474121094,57.599998474121094,12827,0.0,0.0
2021-03-15 00:00:00-04:00,57.67499923706055,58.79999923706055,56.54999923706055,58.04999923706055,20953,0.0,0.0
2021-03-16 00:00:00-04:00,60.0,60.45000076293945,57.29999923706055,58.79999923706055,42933,0.0,0.0
2021-03-17 00:00:00-04:00,57.900001525878906,59.099998474121094,55.04999923706055,57.900001525878906,28373,0.0,0.0
2021-03-18 00:00:00-04:00,58.349998474121094,60.150001525878906,57.0,57.599998474121094,22227,0.0,0.0
2021-03-19 00:00:00-04:00,57.599998474121094,58.349998474121094,55.20000076293945,55.5,41760,0.0,0.0
2021-03-22 00:00:00-04:00,55.5,56.400001525878906,52.20000076293945,52.79999923706055,34167,0.0,0.0
2021-03-23 00:00:00-04:00,54.07500076293945,56.25,52.04999923706055,53.25,46253,0.0,0.0
2021-03-24 00:00:00-04:00,53.54999923706055,54.150001525878906,51.599998474121094,52.04999923706055,24680,0.0,0.0
2021-03-25 00:00:00-04:00,51.900001525878906,53.099998474121094,49.79999923706055,52.95000076293945,21680,0.0,0.0
2021-03-26 00:00:00-04:00,53.25,53.25,50.70000076293945,52.95000076293945,14560,0.0,0.0
2021-03-29 00:00:00-04:00,52.79999923706055,53.70000076293945,51.150001525878906,52.349998474121094,22053,0.0,0.0
2021-03-30 00:00:00-04:00,51.75,53.25,51.75,52.650001525878906,14493,0.0,0.0
2021-03-31 00:00:00-04:00,52.79999923706055,55.650001525878906,52.665000915527344,55.349998474121094,14913,0.0,0.0
2021-04-01 00:00:00-04:00,55.04999923706055,55.650001525878906,52.5,55.20000076293945,12393,0.0,0.0
2021-04-05 00:00:00-04:00,55.650001525878906,55.650001525878906,52.5,53.54999923706055,20967,0.0,0.0
2021-04-06 00:00:00-04:00,53.54999923706055,54.525001525878906,53.099998474121094,53.54999923706055,16607,0.0,0.0
2021-04-07 00:00:00-04:00,52.77000045776367,54.0,51.900001525878906,52.5,24527,0.0,0.0
2021-04-08 00:00:00-04:00,52.5,52.95000076293945,50.849998474121094,52.20000076293945,27627,0.0,0.0
2021-04-09 00:00:00-04:00,52.20000076293945,54.150001525878906,51.75,52.79999923706055,14593,0.0,0.0
2021-04-12 00:00:00-04:00,52.95000076293945,52.95000076293945,51.150001525878906,51.900001525878906,17427,0.0,0.0
2021-04-13 00:00:00-04:00,51.900001525878906,53.400001525878906,51.900001525878906,53.099998474121094,15160,0.0,0.0
2021-04-14 00:00:00-04:00,53.099998474121094,53.89500045776367,52.79999923706055,53.54999923706055,14173,0.0,0.0
2021-04-15 00:00:00-04:00,53.54999923706055,54.67499923706055,53.099998474121094,53.849998474121094,13707,0.0,0.0
2021-04-16 00:00:00-04:00,53.400001525878906,54.29999923706055,52.04999923706055,52.650001525878906,41087,0.0,0.0
2021-04-19 00:00:00-04:00,52.79999923706055,52.95000076293945,50.849998474121094,52.349998474121094,25753,0.0,0.0
2021-04-20 00:00:00-04:00,51.900001525878906,52.79999923706055,51.0,52.5,16900,0.0,0.0
2021-04-21 00:00:00-04:00,52.95000076293945,54.29999923706055,51.900001525878906,53.70000076293945,15840,0.0,0.0
2021-04-22 00:00:00-04:00,54.150001525878906,56.25,53.58000183105469,55.5,12327,0.0,0.0
2021-04-23 00:00:00-04:00,55.650001525878906,57.0,54.75,56.400001525878906,12513,0.0,0.0
2021-04-26 00:00:00-04:00,56.025001525878906,58.79999923706055,55.650001525878906,57.45000076293945,16727,0.0,0.0
2021-04-27 00:00:00-04:00,57.29999923706055,57.599998474121094,55.650001525878906,55.95000076293945,10233,0.0,0.0
2021-04-28 00:00:00-04:00,56.099998474121094,56.70000076293945,54.45000076293945,55.349998474121094,14973,0.0,0.0
2021-04-29 00:00:00-04:00,56.099998474121094,56.400001525878906,55.349998474121094,55.79999923706055,14767,0.0,0.0
2021-04-30 00:00:00-04:00,55.349998474121094,56.099998474121094,53.54999923706055,53.54999923706055,24640,0.0,0.0
2021-05-03 00:00:00-04:00,54.0,54.29999923706055,51.150001525878906,51.599998474121094,28867,0.0,0.0
2021-05-04 00:00:00-04:00,51.0,52.275001525878906,48.599998474121094,49.5,25807,0.0,0.0
2021-05-05 00:00:00-04:00,50.70000076293945,50.849998474121094,47.70000076293945,48.45000076293945,30640,0.0,0.0
2021-05-06 00:00:00-04:00,48.0,48.75,45.900001525878906,46.95000076293945,29493,0.0,0.0
2021-05-07 00:00:00-04:00,46.95000076293945,48.525001525878906,45.45000076293945,46.5,38620,0.0,0.0
2021-05-10 00:00:00-04:00,46.5,46.5,44.099998474121094,44.25,28560,0.0,0.0
2021-05-11 00:00:00-04:00,43.5,44.849998474121094,42.0,43.650001525878906,39653,0.0,0.0
2021-05-12 00:00:00-04:00,44.25,47.099998474121094,43.650001525878906,46.349998474121094,15587,0.0,0.0
2021-05-13 00:00:00-04:00,46.04999923706055,47.849998474121094,45.29999923706055,46.79999923706055,17060,0.0,0.0
2021-05-14 00:00:00-04:00,46.79999923706055,49.20000076293945,46.20000076293945,48.0,24280,0.0,0.0
2021-05-17 00:00:00-04:00,47.849998474121094,48.599998474121094,46.95000076293945,47.70000076293945,6140,0.0,0.0
2021-05-18 00:00:00-04:00,47.849998474121094,49.51499938964844,47.54999923706055,47.849998474121094,9507,0.0,0.0
2021-05-19 00:00:00-04:00,47.099998474121094,47.400001525878906,44.400001525878906,44.849998474121094,11987,0.0,0.0
2021-05-20 00:00:00-04:00,45.0,46.5,44.70000076293945,46.349998474121094,12220,0.0,0.0
2021-05-21 00:00:00-04:00,46.95000076293945,48.75,46.5,47.849998474121094,8373,0.0,0.0
2021-05-24 00:00:00-04:00,48.0,48.150001525878906,44.849998474121094,45.0,16460,0.0,0.0
2021-05-25 00:00:00-04:00,48.0,48.75,45.150001525878906,45.29999923706055,33160,0.0,0.0
2021-05-26 00:00:00-04:00,45.150001525878906,48.0,45.150001525878906,47.849998474121094,10967,0.0,0.0
2021-05-27 00:00:00-04:00,48.29999923706055,49.650001525878906,47.54999923706055,48.29999923706055,17813,0.0,0.0
2021-05-28 00:00:00-04:00,48.29999923706055,49.5,47.849998474121094,47.849998474121094,14860,0.0,0.0
2021-06-01 00:00:00-04:00,47.849998474121094,48.599998474121094,47.400001525878906,47.54999923706055,9853,0.0,0.0
2021-06-02 00:00:00-04:00,48.150001525878906,49.04999923706055,46.650001525878906,48.45000076293945,11660,0.0,0.0
2021-06-03 00:00:00-04:00,48.29999923706055,50.70000076293945,48.0,50.70000076293945,13253,0.0,0.0
2021-06-04 00:00:00-04:00,51.29999923706055,51.599998474121094,49.04999923706055,49.04999923706055,13113,0.0,0.0
2021-06-07 00:00:00-04:00,49.5,53.099998474121094,49.20000076293945,51.599998474121094,22220,0.0,0.0
2021-06-08 00:00:00-04:00,51.599998474121094,52.95000076293945,49.95000076293945,52.79999923706055,13180,0.0,0.0
2021-06-09 00:00:00-04:00,52.5,53.849998474121094,52.5,53.099998474121094,13193,0.0,0.0
2021-06-10 00:00:00-04:00,52.79999923706055,54.599998474121094,51.75,54.29999923706055,21593,0.0,0.0
2021-06-11 00:00:00-04:00,54.29999923706055,55.5,53.54999923706055,55.04999923706055,11560,0.0,0.0
2021-06-14 00:00:00-04:00,55.5,57.75,54.75,55.95000076293945,16440,0.0,0.0
2021-06-15 00:00:00-04:00,55.5,57.45000076293945,55.349998474121094,56.25,17253,0.0,0.0
2021-06-16 00:00:00-04:00,56.099998474121094,56.70000076293945,55.20000076293945,56.400001525878906,18073,0.0,0.0
2021-06-17 00:00:00-04:00,56.400001525878906,56.775001525878906,54.900001525878906,55.5,18540,0.0,0.0
2021-06-18 00:00:00-04:00,55.20000076293945,55.79999923706055,54.29999923706055,54.29999923706055,22147,0.0,0.0
2021-06-21 00:00:00-04:00,54.29999923706055,55.04999923706055,51.599998474121094,54.0,22200,0.0,0.0
2021-06-22 00:00:00-04:00,53.70000076293945,54.07500076293945,51.599998474121094,52.20000076293945,16120,0.0,0.0
2021-06-23 00:00:00-04:00,52.349998474121094,52.79999923706055,49.20000076293945,49.95000076293945,24907,0.0,0.0
2021-06-24 00:00:00-04:00,53.25,53.25,48.0,49.5,30320,0.0,0.0
2021-06-25 00:00:00-04:00,52.20000076293945,52.20000076293945,45.900001525878906,49.04999923706055,334847,0.0,0.0
2021-06-28 00:00:00-04:00,49.79999923706055,52.5,48.599998474121094,51.599998474121094,34193,0.0,0.0
2021-06-29 00:00:00-04:00,51.0,51.75,48.45000076293945,48.75,23013,0.0,0.0
2021-06-30 00:00:00-04:00,48.75,49.5,46.42499923706055,46.650001525878906,27073,0.0,0.0
2021-07-01 00:00:00-04:00,46.79999923706055,47.400001525878906,44.849998474121094,45.0,27313,0.0,0.0
2021-07-02 00:00:00-04:00,45.45000076293945,46.20000076293945,44.849998474121094,44.849998474121094,23560,0.0,0.0
2021-07-06 00:00:00-04:00,45.0,45.29999923706055,43.5,43.95000076293945,17787,0.0,0.0
2021-07-07 00:00:00-04:00,44.099998474121094,44.54999923706055,42.75,42.900001525878906,22693,0.0,0.0
2021-07-08 00:00:00-04:00,42.75,43.875,42.0,43.650001525878906,15260,0.0,0.0
2021-07-09 00:00:00-04:00,43.349998474121094,45.0,43.349998474121094,44.70000076293945,11460,0.0,0.0
2021-07-12 00:00:00-04:00,45.0,45.75,43.79999923706055,44.849998474121094,9560,0.0,0.0
2021-07-13 00:00:00-04:00,44.70000076293945,45.0,43.650001525878906,44.099998474121094,20813,0.0,0.0
2021-07-14 00:00:00-04:00,44.70000076293945,45.45000076293945,43.5,43.95000076293945,20960,0.0,0.0
2021-07-15 00:00:00-04:00,43.5,45.0,42.75,45.0,17593,0.0,0.0
2021-07-16 00:00:00-04:00,44.70000076293945,44.70000076293945,42.75,42.75,8127,0.0,0.0
2021-07-19 00:00:00-04:00,42.45000076293945,45.900001525878906,42.0,45.599998474121094,34233,0.0,0.0
2021-07-20 00:00:00-04:00,45.900001525878906,45.900001525878906,42.0,42.150001525878906,42800,0.0,0.0
2021-07-21 00:00:00-04:00,42.75,42.75,39.150001525878906,40.79999923706055,43067,0.0,0.0
2021-07-22 00:00:00-04:00,41.25,41.849998474121094,39.0,40.650001525878906,39033,0.0,0.0
2021-07-23 00:00:00-04:00,40.650001525878906,42.29999923706055,39.45000076293945,42.0,25460,0.0,0.0
2021-07-26 00:00:00-04:00,42.0,42.0,40.20000076293945,40.5,13673,0.0,0.0
2021-07-27 00:00:00-04:00,40.5,40.650001525878906,37.650001525878906,39.0,28873,0.0,0.0
2021-07-28 00:00:00-04:00,39.75,41.099998474121094,39.0,40.650001525878906,26080,0.0,0.0
2021-07-29 00:00:00-04:00,40.95000076293945,42.0,38.54999923706055,41.25,51600,0.0,0.0
2021-07-30 00:00:00-04:00,41.25,42.900001525878906,40.79999923706055,42.599998474121094,20760,0.0,0.0
2021-08-02 00:00:00-04:00,42.150001525878906,45.0,41.25,44.849998474121094,12920,0.0,0.0
2021-08-03 00:00:00-04:00,44.400001525878906,44.400001525878906,40.650001525878906,41.70000076293945,13020,0.0,0.0
2021-08-04 00:00:00-04:00,41.54999923706055,42.79499816894531,40.04999923706055,40.349998474121094,8753,0.0,0.0
2021-08-05 00:00:00-04:00,40.79999923706055,40.845001220703125,39.900001525878906,40.5,9713,0.0,0.0
2021-08-06 00:00:00-04:00,40.79999923706055,40.95000076293945,39.29999923706055,40.20000076293945,9607,0.0,0.0
2021-08-09 00:00:00-04:00,40.04999923706055,40.349998474121094,38.849998474121094,39.29999923706055,18207,0.0,0.0
2021-08-10 00:00:00-04:00,39.599998474121094,41.25,38.70000076293945,39.900001525878906,39007,0.0,0.0
2021-08-11 00:00:00-04:00,41.099998474121094,41.25,34.79999923706055,35.25,77920,0.0,0.0
2021-08-12 00:00:00-04:00,35.25,39.29999923706055,35.25,38.849998474121094,28180,0.0,0.0
2021-08-13 00:00:00-04:00,39.0,40.5,37.95000076293945,39.45000076293945,22940,0.0,0.0
2021-08-16 00:00:00-04:00,39.29999923706055,39.45000076293945,37.04999923706055,37.650001525878906,21593,0.0,0.0
2021-08-17 00:00:00-04:00,37.04999923706055,37.95000076293945,36.45000076293945,36.75,8393,0.0,0.0
2021-08-18 00:00:00-04:00,36.29999923706055,40.20000076293945,36.0,39.599998474121094,27333,0.0,0.0
2021-08-19 00:00:00-04:00,39.75,40.20000076293945,36.900001525878906,37.79999923706055,13593,0.0,0.0
2021-08-20 00:00:00-04:00,38.25,39.150001525878906,37.04999923706055,37.650001525878906,5780,0.0,0.0
2021-08-23 00:00:00-04:00,38.70000076293945,39.0,37.04999923706055,38.54999923706055,12393,0.0,0.0
2021-08-24 00:00:00-04:00,38.849998474121094,42.900001525878906,38.25,42.150001525878906,19047,0.0,0.0
2021-08-25 00:00:00-04:00,42.45000076293945,42.45000076293945,40.5,41.849998474121094,21840,0.0,0.0
2021-08-26 00:00:00-04:00,41.70000076293945,43.95000076293945,41.70000076293945,42.900001525878906,12380,0.0,0.0
2021-08-27 00:00:00-04:00,42.29999923706055,44.099998474121094,42.150001525878906,43.349998474121094,10567,0.0,0.0
2021-08-30 00:00:00-04:00,43.349998474121094,45.0,43.349998474121094,44.400001525878906,15560,0.0,0.0
2021-08-31 00:00:00-04:00,44.400001525878906,48.75,43.04999923706055,43.650001525878906,89947,0.0,0.0
2021-09-01 00:00:00-04:00,44.099998474121094,44.25,40.79999923706055,41.400001525878906,16133,0.0,0.0
2021-09-02 00:00:00-04:00,41.25,43.349998474121094,40.95000076293945,43.04999923706055,7727,0.0,0.0
2021-09-03 00:00:00-04:00,43.20000076293945,43.349998474121094,41.70000076293945,42.900001525878906,6220,0.0,0.0
2021-09-07 00:00:00-04:00,43.95000076293945,43.95000076293945,41.474998474121094,41.70000076293945,7347,0.0,0.0
2021-09-08 00:00:00-04:00,41.25,42.060001373291016,39.45000076293945,41.099998474121094,8860,0.0,0.0
2021-09-09 00:00:00-04:00,41.400001525878906,42.29999923706055,40.650001525878906,41.400001525878906,6007,0.0,0.0
2021-09-10 00:00:00-04:00,40.95000076293945,43.95000076293945,40.79999923706055,43.20000076293945,18667,0.0,0.0
2021-09-13 00:00:00-04:00,42.599998474121094,42.974998474121094,41.099998474121094,41.400001525878906,10507,0.0,0.0
2021-09-14 00:00:00-04:00,42.0,42.150001525878906,40.349998474121094,40.5,12573,0.0,0.0
2021-09-15 00:00:00-04:00,40.20000076293945,45.0,39.29999923706055,41.775001525878906,15580,0.0,0.0
2021-09-16 00:00:00-04:00,40.95000076293945,44.54999923706055,39.75,42.599998474121094,13707,0.0,0.0
2021-09-17 00:00:00-04:00,42.599998474121094,44.099998474121094,41.70000076293945,42.75,36513,0.0,0.0
2021-09-20 00:00:00-04:00,42.0,42.45000076293945,40.349998474121094,40.5,10247,0.0,0.0
2021-09-21 00:00:00-04:00,41.099998474121094,42.45000076293945,40.57500076293945,41.70000076293945,8440,0.0,0.0
2021-09-22 00:00:00-04:00,42.29999923706055,42.75,40.5,41.25,8347,0.0,0.0
2021-09-23 00:00:00-04:00,41.099998474121094,45.599998474121094,41.099998474121094,44.25,14720,0.0,0.0
2021-09-24 00:00:00-04:00,43.79999923706055,46.04999923706055,43.79999923706055,44.54999923706055,14427,0.0,0.0
2021-09-27 00:00:00-04:00,45.150001525878906,48.0,44.849998474121094,47.400001525878906,15820,0.0,0.0
2021-09-28 00:00:00-04:00,46.5,47.400001525878906,43.79999923706055,43.79999923706055,12007,0.0,0.0
2021-09-29 00:00:00-04:00,44.099998474121094,45.0,43.875,44.849998474121094,8860,0.0,0.0
2021-09-30 00:00:00-04:00,44.849998474121094,45.45000076293945,44.099998474121094,45.0,4667,0.0,0.0
2021-10-01 00:00:00-04:00,45.150001525878906,46.5,45.0,45.75,12253,0.0,0.0
2021-10-04 00:00:00-04:00,45.150001525878906,46.349998474121094,43.349998474121094,45.900001525878906,11453,0.0,0.0
2021-10-05 00:00:00-04:00,46.20000076293945,46.20000076293945,42.45000076293945,42.900001525878906,11707,0.0,0.0
2021-10-06 00:00:00-04:00,42.150001525878906,46.95000076293945,39.29999923706055,46.5,13240,0.0,0.0
2021-10-07 00:00:00-04:00,45.900001525878906,46.349998474121094,43.79999923706055,44.25,7953,0.0,0.0
2021-10-08 00:00:00-04:00,44.70000076293945,45.29999923706055,44.400001525878906,45.0,4380,0.0,0.0
2021-10-11 00:00:00-04:00,45.0,46.04999923706055,44.70000076293945,45.900001525878906,9007,0.0,0.0
2021-10-12 00:00:00-04:00,46.349998474121094,46.650001525878906,45.060001373291016,46.04999923706055,4633,0.0,0.0
2021-10-13 00:00:00-04:00,46.5,46.5,44.54999923706055,45.29999923706055,7947,0.0,0.0
2021-10-14 00:00:00-04:00,45.75,46.650001525878906,44.849998474121094,45.29999923706055,7093,0.0,0.0
2021-10-15 00:00:00-04:00,45.45000076293945,45.525001525878906,45.0,45.0,3687,0.0,0.0
2021-10-18 00:00:00-04:00,45.0,45.0,43.650001525878906,43.79999923706055,7060,0.0,0.0
2021-10-19 00:00:00-04:00,43.95000076293945,44.025001525878906,42.150001525878906,42.45000076293945,20393,0.0,0.0
2021-10-20 00:00:00-04:00,43.20000076293945,44.25,42.45000076293945,43.79999923706055,3340,0.0,0.0
2021-10-21 00:00:00-04:00,43.95000076293945,44.25,43.04999923706055,43.650001525878906,5300,0.0,0.0
2021-10-22 00:00:00-04:00,43.650001525878906,43.79999923706055,42.45000076293945,42.45000076293945,5547,0.0,0.0
2021-10-25 00:00:00-04:00,42.900001525878906,44.084999084472656,41.400001525878906,42.150001525878906,9207,0.0,0.0
2021-10-26 00:00:00-04:00,41.849998474121094,42.599998474121094,40.650001525878906,41.25,6953,0.0,0.0
2021-10-27 00:00:00-04:00,40.79999923706055,41.849998474121094,39.0,39.0,12153,0.0,0.0
2021-10-28 00:00:00-04:00,39.599998474121094,40.40999984741211,39.29999923706055,39.599998474121094,4060,0.0,0.0
2021-10-29 00:00:00-04:00,40.349998474121094,42.75,39.599998474121094,39.75,6900,0.0,0.0
2021-11-01 00:00:00-04:00,40.349998474121094,42.0,39.599998474121094,42.0,6820,0.0,0.0
2021-11-02 00:00:00-04:00,42.45000076293945,42.75,40.95000076293945,42.150001525878906,4347,0.0,0.0
2021-11-03 00:00:00-04:00,42.150001525878906,43.30500030517578,41.400001525878906,42.900001525878906,8047,0.0,0.0
2021-11-04 00:00:00-04:00,43.20000076293945,43.20000076293945,40.95000076293945,41.25,4613,0.0,0.0
2021-11-05 00:00:00-04:00,41.849998474121094,41.849998474121094,39.0,39.45000076293945,11647,0.0,0.0
2021-11-08 00:00:00-05:00,39.599998474121094,40.08000183105469,38.25,39.599998474121094,15507,0.0,0.0
2021-11-09 00:00:00-05:00,39.599998474121094,40.650001525878906,39.599998474121094,40.349998474121094,7187,0.0,0.0
2021-11-10 00:00:00-05:00,40.5,40.650001525878906,39.599998474121094,40.04999923706055,19693,0.0,0.0
2021-11-11 00:00:00-05:00,40.349998474121094,40.349998474121094,38.099998474121094,38.25,8147,0.0,0.0
2021-11-12 00:00:00-05:00,38.099998474121094,38.744998931884766,36.29999923706055,37.650001525878906,12333,0.0,0.0
2021-11-15 00:00:00-05:00,37.349998474121094,37.95000076293945,35.70000076293945,35.849998474121094,20667,0.0,0.0
2021-11-16 00:00:00-05:00,23.850000381469727,24.75,23.399999618530273,23.850000381469727,407853,0.0,0.0
2021-11-17 00:00:00-05:00,24.045000076293945,28.350000381469727,24.0,27.075000762939453,158913,0.0,0.0
2021-11-18 00:00:00-05:00,28.649999618530273,28.649999618530273,24.0,24.299999237060547,80687,0.0,0.0
2021-11-19 00:00:00-05:00,25.200000762939453,25.575000762939453,23.399999618530273,23.700000762939453,77093,0.0,0.0
2021-11-22 00:00:00-05:00,23.850000381469727,23.850000381469727,22.5,23.25,72647,0.0,0.0
2021-11-23 00:00:00-05:00,23.25,25.200000762939453,22.649999618530273,24.899999618530273,30320,0.0,0.0
2021-11-24 00:00:00-05:00,25.5,25.5,24.450000762939453,25.350000381469727,16273,0.0,0.0
2021-11-26 00:00:00-05:00,25.049999237060547,25.350000381469727,23.850000381469727,24.149999618530273,17813,0.0,0.0
2021-11-29 00:00:00-05:00,25.049999237060547,25.200000762939453,23.549999237060547,24.149999618530273,41800,0.0,0.0
2021-11-30 00:00:00-05:00,23.850000381469727,24.0,23.25,23.850000381469727,25887,0.0,0.0
2021-12-01 00:00:00-05:00,24.299999237060547,24.299999237060547,23.100000381469727,23.399999618530273,36013,0.0,0.0
2021-12-02 00:00:00-05:00,23.25,24.299999237060547,21.825000762939453,23.549999237060547,57720,0.0,0.0
2021-12-03 00:00:00-05:00,23.25,23.700000762939453,22.200000762939453,23.399999618530273,34680,0.0,0.0
2021-12-06 00:00:00-05:00,24.0,25.799999237060547,22.200000762939453,24.899999618530273,37373,0.0,0.0
2021-12-07 00:00:00-05:00,25.350000381469727,27.0,23.700000762939453,26.100000381469727,34707,0.0,0.0
2021-12-08 00:00:00-05:00,26.100000381469727,27.75,25.200000762939453,26.700000762939453,26247,0.0,0.0
2021-12-09 00:00:00-05:00,26.549999237060547,27.149999618530273,24.600000381469727,25.200000762939453,14953,0.0,0.0
2021-12-10 00:00:00-05:00,25.5,25.5,24.0,24.450000762939453,15780,0.0,0.0
2021-12-13 00:00:00-05:00,24.75,24.75,23.25,24.0,13320,0.0,0.0
2021-12-14 00:00:00-05:00,24.149999618530273,25.350000381469727,23.25,24.75,27127,0.0,0.0
2021-12-15 00:00:00-05:00,24.600000381469727,25.5,23.700000762939453,25.049999237060547,35687,0.0,0.0
2021-12-16 00:00:00-05:00,25.350000381469727,25.350000381469727,24.0,24.299999237060547,40627,0.0,0.0
2021-12-17 00:00:00-05:00,24.299999237060547,25.799999237060547,23.774999618530273,25.350000381469727,37773,0.0,0.0
2021-12-20 00:00:00-05:00,25.049999237060547,26.549999237060547,24.0,25.5,27113,0.0,0.0
2021-12-21 00:00:00-05:00,26.700000762939453,26.700000762939453,24.0,25.049999237060547,23427,0.0,0.0
2021-12-22 00:00:00-05:00,24.899999618530273,25.200000762939453,24.0,24.450000762939453,23600,0.0,0.0
2021-12-23 00:00:00-05:00,24.299999237060547,25.5,24.0,25.5,23180,0.0,0.0
2021-12-27 00:00:00-05:00,25.649999618530273,25.799999237060547,24.450000762939453,24.450000762939453,19740,0.0,0.0
2021-12-28 00:00:00-05:00,24.149999618530273,25.049999237060547,24.0,24.149999618530273,39627,0.0,0.0
2021-12-29 00:00:00-05:00,23.850000381469727,24.149999618530273,23.549999237060547,23.549999237060547,19087,0.0,0.0
2021-12-30 00:00:00-05:00,23.850000381469727,24.600000381469727,23.25,24.450000762939453,30853,0.0,0.0
2021-12-31 00:00:00-05:00,24.299999237060547,25.200000762939453,23.850000381469727,24.299999237060547,22713,0.0,0.0
2022-01-03 00:00:00-05:00,24.299999237060547,28.649999618530273,24.299999237060547,28.5,23540,0.0,0.0
2022-01-04 00:00:00-05:00,28.5,29.25,27.75,28.350000381469727,11507,0.0,0.0
2022-01-05 00:00:00-05:00,28.799999237060547,28.799999237060547,26.399999618530273,26.700000762939453,5880,0.0,0.0
2022-01-06 00:00:00-05:00,26.549999237060547,27.299999237060547,25.649999618530273,26.700000762939453,3627,0.0,0.0
2022-01-07 00:00:00-05:00,26.850000381469727,27.899999618530273,25.049999237060547,26.549999237060547,7093,0.0,0.0
2022-01-10 00:00:00-05:00,26.700000762939453,27.780000686645508,25.649999618530273,27.600000381469727,59033,0.0,0.0
2022-01-11 00:00:00-05:00,27.149999618530273,28.049999237060547,26.850000381469727,27.75,39767,0.0,0.0
2022-01-12 00:00:00-05:00,27.450000762939453,28.200000762939453,27.299999237060547,27.450000762939453,5593,0.0,0.0
2022-01-13 00:00:00-05:00,27.299999237060547,27.899999618530273,27.0,27.600000381469727,27313,0.0,0.0
2022-01-14 00:00:00-05:00,27.75,31.575000762939453,27.299999237060547,31.350000381469727,36127,0.0,0.0
2022-01-18 00:00:00-05:00,31.350000381469727,31.649999618530273,29.549999237060547,30.149999618530273,21913,0.0,0.0
2022-01-19 00:00:00-05:00,30.600000381469727,30.975000381469727,29.549999237060547,30.75,8900,0.0,0.0
2022-01-20 00:00:00-05:00,31.200000762939453,33.869998931884766,31.049999237060547,33.0,32407,0.0,0.0
2022-01-21 00:00:00-05:00,32.400001525878906,34.04999923706055,31.649999618530273,32.849998474121094,27153,0.0,0.0
2022-01-24 00:00:00-05:00,31.950000762939453,33.29999923706055,30.149999618530273,33.0,25307,0.0,0.0
2022-01-25 00:00:00-05:00,32.849998474121094,33.0,31.5,32.54999923706055,11587,0.0,0.0
2022-01-26 00:00:00-05:00,33.0,33.75,31.5,32.70000076293945,11607,0.0,0.0
2022-01-27 00:00:00-05:00,32.70000076293945,33.29999923706055,31.5,33.0,23500,0.0,0.0
2022-01-28 00:00:00-05:00,33.29999923706055,34.650001525878906,31.350000381469727,33.0,15520,0.0,0.0
2022-01-31 00:00:00-05:00,32.849998474121094,34.5,32.099998474121094,34.5,12840,0.0,0.0
2022-02-01 00:00:00-05:00,34.04999923706055,36.56999969482422,33.01499938964844,35.70000076293945,20540,0.0,0.0
2022-02-02 00:00:00-05:00,34.349998474121094,36.0,34.349998474121094,35.25,7353,0.0,0.0
2022-02-03 00:00:00-05:00,35.54999923706055,35.54999923706055,33.150001525878906,34.349998474121094,27293,0.0,0.0
2022-02-04 00:00:00-05:00,34.20000076293945,36.45000076293945,33.599998474121094,36.150001525878906,65427,0.0,0.0
2022-02-07 00:00:00-05:00,36.599998474121094,38.099998474121094,36.45000076293945,37.5,13213,0.0,0.0
2022-02-08 00:00:00-05:00,38.099998474121094,38.849998474121094,36.599998474121094,38.25,14107,0.0,0.0
2022-02-09 00:00:00-05:00,39.0,40.20000076293945,38.099998474121094,40.04999923706055,13080,0.0,0.0
2022-02-10 00:00:00-05:00,39.07500076293945,40.95000076293945,37.650001525878906,40.79999923706055,9760,0.0,0.0
2022-02-11 00:00:00-05:00,40.79999923706055,40.79999923706055,39.150001525878906,40.04999923706055,13520,0.0,0.0
2022-02-14 00:00:00-05:00,40.349998474121094,40.79999923706055,39.599998474121094,40.04999923706055,10027,0.0,0.0
2022-02-15 00:00:00-05:00,39.900001525878906,40.650001525878906,39.0,40.349998474121094,66393,0.0,0.0
2022-02-16 00:00:00-05:00,40.5,41.70000076293945,39.75,41.400001525878906,17807,0.0,0.0
2022-02-17 00:00:00-05:00,41.400001525878906,43.04999923706055,41.400001525878906,42.75,10060,0.0,0.0
2022-02-18 00:00:00-05:00,42.75,43.5,38.25,40.5,50000,0.0,0.0
2022-02-22 00:00:00-05:00,39.599998474121094,42.75,38.400001525878906,41.099998474121094,13380,0.0,0.0
2022-02-23 00:00:00-05:00,39.82500076293945,41.70000076293945,39.82500076293945,40.5,17453,0.0,0.0
2022-02-24 00:00:00-05:00,38.400001525878906,41.70000076293945,38.06999969482422,41.099998474121094,19873,0.0,0.0
2022-02-25 00:00:00-05:00,41.54999923706055,45.75,41.54999923706055,43.5,22360,0.0,0.0
2022-02-28 00:00:00-05:00,43.349998474121094,45.0,43.349998474121094,43.95000076293945,8360,0.0,0.0
2022-03-01 00:00:00-05:00,44.849998474121094,45.0,40.650001525878906,41.099998474121094,19127,0.0,0.0
2022-03-02 00:00:00-05:00,41.70000076293945,41.70000076293945,39.900001525878906,40.79999923706055,24460,0.0,0.0
2022-03-03 00:00:00-05:00,41.54999923706055,43.60499954223633,40.154998779296875,42.75,17920,0.0,0.0
2022-03-04 00:00:00-05:00,42.45000076293945,43.5,39.45000076293945,40.79999923706055,15320,0.0,0.0
2022-03-07 00:00:00-05:00,40.20000076293945,42.75,39.0,41.25,81887,0.0,0.0
2022-03-08 00:00:00-05:00,40.20000076293945,40.42499923706055,36.599998474121094,38.54999923706055,39420,0.0,0.0
2022-03-09 00:00:00-05:00,38.099998474121094,39.45000076293945,37.04999923706055,37.57500076293945,48360,0.0,0.0
2022-03-10 00:00:00-05:00,38.099998474121094,38.099998474121094,32.70000076293945,33.45000076293945,25887,0.0,0.0
2022-03-11 00:00:00-05:00,33.150001525878906,34.95000076293945,30.149999618530273,30.450000762939453,33860,0.0,0.0
2022-03-14 00:00:00-04:00,30.0,31.5,28.649999618530273,30.600000381469727,21540,0.0,0.0
2022-03-15 00:00:00-04:00,30.149999618530273,31.799999237060547,30.0,31.5,7367,0.0,0.0
2022-03-16 00:00:00-04:00,31.350000381469727,32.54999923706055,31.049999237060547,31.5,31947,0.0,0.0
2022-03-17 00:00:00-04:00,31.350000381469727,36.599998474121094,31.350000381469727,34.95000076293945,35987,0.0,0.0
2022-03-18 00:00:00-04:00,34.79999923706055,36.64500045776367,33.599998474121094,35.400001525878906,152793,0.0,0.0
2022-03-21 00:00:00-04:00,37.04999923706055,38.099998474121094,35.54999923706055,36.900001525878906,85347,0.0,0.0
2022-03-22 00:00:00-04:00,37.20000076293945,38.400001525878906,36.900001525878906,37.20000076293945,27307,0.0,0.0
2022-03-23 00:00:00-04:00,37.5,39.67499923706055,37.5,39.29999923706055,11580,0.0,0.0
2022-03-24 00:00:00-04:00,39.0,40.20000076293945,38.70000076293945,39.0,17480,0.0,0.0
2022-03-25 00:00:00-04:00,39.900001525878906,40.20000076293945,39.150001525878906,39.45000076293945,8467,0.0,0.0
2022-03-28 00:00:00-04:00,39.45000076293945,40.20000076293945,39.150001525878906,40.20000076293945,18953,0.0,0.0
2022-03-29 00:00:00-04:00,40.20000076293945,40.20000076293945,38.54999923706055,38.70000076293945,11667,0.0,0.0
2022-03-30 00:00:00-04:00,39.45000076293945,40.20000076293945,37.349998474121094,37.79999923706055,12780,0.0,0.0
2022-03-31 00:00:00-04:00,38.70000076293945,38.70000076293945,36.900001525878906,37.04999923706055,5120,0.0,0.0
2022-04-01 00:00:00-04:00,37.5,40.79999923706055,36.75,39.75,12600,0.0,0.0
2022-04-04 00:00:00-04:00,39.150001525878906,40.95000076293945,38.849998474121094,40.5,24853,0.0,0.0
2022-04-05 00:00:00-04:00,41.099998474121094,41.400001525878906,39.900001525878906,39.900001525878906,7347,0.0,0.0
2022-04-06 00:00:00-04:00,39.75,40.650001525878906,39.0,40.04999923706055,10700,0.0,0.0
2022-04-07 00:00:00-04:00,40.650001525878906,40.650001525878906,38.400001525878906,39.0,7620,0.0,0.0
2022-04-08 00:00:00-04:00,39.599998474121094,39.599998474121094,37.5,38.54999923706055,11927,0.0,0.0
2022-04-11 00:00:00-04:00,38.099998474121094,38.54999923706055,37.2599983215332,38.25,7553,0.0,0.0
2022-04-12 00:00:00-04:00,38.099998474121094,38.54999923706055,37.20000076293945,37.79999923706055,3627,0.0,0.0
2022-04-13 00:00:00-04:00,37.5,39.75,37.185001373291016,39.599998474121094,7180,0.0,0.0
2022-04-14 00:00:00-04:00,38.849998474121094,39.45000076293945,38.099998474121094,38.099998474121094,10473,0.0,0.0
2022-04-18 00:00:00-04:00,38.54999923706055,38.54999923706055,34.79999923706055,34.79999923706055,6107,0.0,0.0
2022-04-19 00:00:00-04:00,35.400001525878906,38.099998474121094,33.0,34.79999923706055,14980,0.0,0.0
2022-04-20 00:00:00-04:00,34.5,35.099998474121094,33.599998474121094,34.5,7033,0.0,0.0
2022-04-21 00:00:00-04:00,35.099998474121094,35.099998474121094,32.25,32.25,5780,0.0,0.0
2022-04-22 00:00:00-04:00,31.5,33.75,31.350000381469727,33.29999923706055,8340,0.0,0.0
2022-04-25 00:00:00-04:00,33.0,35.25,32.25,33.599998474121094,5127,0.0,0.0
2022-04-26 00:00:00-04:00,33.150001525878906,34.650001525878906,33.0,33.75,4453,0.0,0.0
2022-04-27 00:00:00-04:00,34.349998474121094,34.349998474121094,33.29999923706055,33.75,2633,0.0,0.0
2022-04-28 00:00:00-04:00,33.75,34.5,32.099998474121094,34.20000076293945,7527,0.0,0.0
2022-04-29 00:00:00-04:00,34.04999923706055,37.51499938964844,33.0,36.29999923706055,7133,0.0,0.0
2022-05-02 00:00:00-04:00,35.70000076293945,37.5,33.45000076293945,36.599998474121094,5507,0.0,0.0
2022-05-03 00:00:00-04:00,35.775001525878906,36.07500076293945,34.95000076293945,35.849998474121094,3487,0.0,0.0
2022-05-04 00:00:00-04:00,35.54999923706055,35.54999923706055,32.849998474121094,34.20000076293945,10840,0.0,0.0
2022-05-05 00:00:00-04:00,34.5,34.5,32.25,32.849998474121094,6253,0.0,0.0
2022-05-06 00:00:00-04:00,33.29999923706055,33.599998474121094,31.5,32.400001525878906,4400,0.0,0.0
2022-05-09 00:00:00-04:00,31.950000762939453,32.25,28.799999237060547,29.399999618530273,14427,0.0,0.0
2022-05-10 00:00:00-04:00,29.399999618530273,30.75,28.5,29.25,14940,0.0,0.0
2022-05-11 00:00:00-04:00,29.100000381469727,30.0,27.75,27.899999618530273,55833,0.0,0.0
2022-05-12 00:00:00-04:00,27.149999618530273,27.899999618530273,26.100000381469727,26.399999618530273,8227,0.0,0.0
2022-05-13 00:00:00-04:00,24.75,28.049999237060547,24.75,27.149999618530273,4020,0.0,0.0
2022-05-16 00:00:00-04:00,27.149999618530273,28.799999237060547,26.700000762939453,27.75,3413,0.0,0.0
2022-05-17 00:00:00-04:00,27.75,30.600000381469727,27.75,30.450000762939453,15293,0.0,0.0
2022-05-18 00:00:00-04:00,30.149999618530273,30.899999618530273,29.850000381469727,29.850000381469727,2547,0.0,0.0
2022-05-19 00:00:00-04:00,30.0,30.450000762939453,29.25,29.399999618530273,5160,0.0,0.0
2022-05-20 00:00:00-04:00,29.700000762939453,29.700000762939453,28.274999618530273,29.100000381469727,2920,0.0,0.0
2022-05-23 00:00:00-04:00,29.3700008392334,29.399999618530273,28.200000762939453,28.649999618530273,2567,0.0,0.0
2022-05-24 00:00:00-04:00,29.100000381469727,29.174999237060547,28.395000457763672,28.649999618530273,4873,0.0,0.0
2022-05-25 00:00:00-04:00,29.084999084472656,29.399999618530273,27.975000381469727,28.200000762939453,5100,0.0,0.0
2022-05-26 00:00:00-04:00,28.799999237060547,29.399999618530273,28.575000762939453,29.100000381469727,2687,0.0,0.0
2022-05-27 00:00:00-04:00,29.700000762939453,31.200000762939453,29.700000762939453,31.200000762939453,4740,0.0,0.0
2022-05-31 00:00:00-04:00,31.049999237060547,31.200000762939453,30.75,30.825000762939453,4787,0.0,0.0
2022-06-01 00:00:00-04:00,30.450000762939453,32.849998474121094,30.450000762939453,30.600000381469727,10247,0.0,0.0
2022-06-02 00:00:00-04:00,30.899999618530273,32.25,30.75,30.75,4347,0.0,0.0
2022-06-03 00:00:00-04:00,30.299999237060547,30.825000762939453,29.399999618530273,30.600000381469727,5620,0.0,0.0
2022-06-06 00:00:00-04:00,31.350000381469727,31.649999618530273,28.950000762939453,29.100000381469727,5920,0.0,0.0
2022-06-07 00:00:00-04:00,28.649999618530273,29.024999618530273,28.200000762939453,28.200000762939453,6153,0.0,0.0
2022-06-08 00:00:00-04:00,28.649999618530273,30.149999618530273,28.649999618530273,29.25,2300,0.0,0.0
2022-06-09 00:00:00-04:00,28.649999618530273,28.649999618530273,27.299999237060547,27.75,2760,0.0,0.0
2022-06-10 00:00:00-04:00,27.899999618530273,28.200000762939453,26.700000762939453,27.75,7800,0.0,0.0
2022-06-13 00:00:00-04:00,32.25,42.45000076293945,30.0,39.150001525878906,234613,0.0,0.0
2022-06-14 00:00:00-04:00,37.650001525878906,44.54999923706055,37.20000076293945,42.29999923706055,48920,0.0,0.0
2022-06-15 00:00:00-04:00,42.29999923706055,53.25,42.29999923706055,52.20000076293945,76227,0.0,0.0
2022-06-16 00:00:00-04:00,52.650001525878906,55.5,49.5,55.5,46613,0.0,0.0
2022-06-17 00:00:00-04:00,54.599998474121094,56.70000076293945,49.95000076293945,51.29999923706055,35240,0.0,0.0
2022-06-21 00:00:00-04:00,53.400001525878906,55.5,51.29999923706055,53.400001525878906,17827,0.0,0.0
2022-06-22 00:00:00-04:00,52.5,53.400001525878906,51.29999923706055,52.650001525878906,14000,0.0,0.0
2022-06-23 00:00:00-04:00,53.54999923706055,57.0,53.54999923706055,55.349998474121094,18647,0.0,0.0
2022-06-24 00:00:00-04:00,54.29999923706055,58.5,54.150001525878906,56.400001525878906,11560,0.0,0.0
2022-06-27 00:00:00-04:00,57.900001525878906,57.900001525878906,50.70000076293945,52.95000076293945,18140,0.0,0.0
2022-06-28 00:00:00-04:00,52.650001525878906,55.349998474121094,51.75,55.20000076293945,11660,0.0,0.0
2022-06-29 00:00:00-04:00,54.599998474121094,57.75,54.224998474121094,57.29999923706055,9260,0.0,0.0
2022-06-30 00:00:00-04:00,56.400001525878906,56.400001525878906,52.5,54.900001525878906,9973,0.0,0.0
2022-07-01 00:00:00-04:00,54.150001525878906,59.54999923706055,54.0,54.599998474121094,12820,0.0,0.0
2022-07-05 00:00:00-04:00,54.150001525878906,59.849998474121094,52.5,57.150001525878906,11113,0.0,0.0
2022-07-06 00:00:00-04:00,56.849998474121094,59.025001525878906,55.79999923706055,57.150001525878906,8673,0.0,0.0
2022-07-07 00:00:00-04:00,57.0,62.099998474121094,53.25,59.099998474121094,47373,0.0,0.0
2022-07-08 00:00:00-04:00,58.5,60.0,55.650001525878906,57.599998474121094,13580,0.0,0.0
2022-07-11 00:00:00-04:00,57.150001525878906,58.349998474121094,56.400001525878906,57.0,8813,0.0,0.0
2022-07-12 00:00:00-04:00,57.0,58.79999923706055,52.04999923706055,54.45000076293945,20993,0.0,0.0
2022-07-13 00:00:00-04:00,50.849998474121094,56.099998474121094,50.54999923706055,54.150001525878906,10187,0.0,0.0
2022-07-14 00:00:00-04:00,54.150001525878906,54.150001525878906,52.724998474121094,53.70000076293945,5073,0.0,0.0
2022-07-15 00:00:00-04:00,53.54999923706055,54.0,52.5,53.849998474121094,3920,0.0,0.0
2022-07-18 00:00:00-04:00,54.29999923706055,56.099998474121094,53.70000076293945,54.0,5340,0.0,0.0
2022-07-19 00:00:00-04:00,54.29999923706055,56.099998474121094,52.95000076293945,53.400001525878906,4487,0.0,0.0
2022-07-20 00:00:00-04:00,53.70000076293945,56.099998474121094,52.79999923706055,55.04999923706055,8247,0.0,0.0
2022-07-21 00:00:00-04:00,55.5,56.849998474121094,53.099998474121094,53.849998474121094,9000,0.0,0.0
2022-07-22 00:00:00-04:00,53.849998474121094,54.75,53.099998474121094,53.25,2300,0.0,0.0
2022-07-25 00:00:00-04:00,52.95000076293945,55.650001525878906,52.20000076293945,53.25,5947,0.0,0.0
2022-07-26 00:00:00-04:00,52.95000076293945,53.474998474121094,52.20000076293945,52.20000076293945,9133,0.0,0.0
2022-07-27 00:00:00-04:00,52.650001525878906,56.400001525878906,51.630001068115234,55.5,5607,0.0,0.0
2022-07-28 00:00:00-04:00,55.349998474121094,55.95000076293945,53.70000076293945,54.75,2693,0.0,0.0
2022-07-29 00:00:00-04:00,54.75,55.5,53.849998474121094,54.29999923706055,1927,0.0,0.0
2022-08-01 00:00:00-04:00,53.849998474121094,59.25,48.0,53.25,38627,0.0,0.0
2022-08-02 00:00:00-04:00,52.95000076293945,55.5,51.29999923706055,54.29999923706055,6413,0.0,0.0
2022-08-03 00:00:00-04:00,54.75,55.5,53.099998474121094,55.04999923706055,11253,0.0,0.0
2022-08-04 00:00:00-04:00,55.04999923706055,57.150001525878906,54.599998474121094,55.20000076293945,5787,0.0,0.0
2022-08-05 00:00:00-04:00,54.45000076293945,55.5,52.5,55.20000076293945,3047,0.0,0.0
2022-08-08 00:00:00-04:00,54.599998474121094,57.0,52.79999923706055,54.0,9287,0.0,0.0
2022-08-09 00:00:00-04:00,54.0,55.125,52.5,52.5,5640,0.0,0.0
2022-08-10 00:00:00-04:00,53.70000076293945,56.25,52.22999954223633,55.5,16647,0.0,0.0
2022-08-11 00:00:00-04:00,55.5,56.25,52.5,53.849998474121094,6233,0.0,0.0
2022-08-12 00:00:00-04:00,52.79999923706055,57.29999923706055,52.79999923706055,56.400001525878906,16833,0.0,0.0
2022-08-15 00:00:00-04:00,55.5,62.849998474121094,55.349998474121094,58.650001525878906,25100,0.0,0.0
2022-08-16 00:00:00-04:00,59.54999923706055,64.5,59.17499923706055,59.54999923706055,31967,0.0,0.0
2022-08-17 00:00:00-04:00,59.849998474121094,64.5,59.849998474121094,60.29999923706055,12827,0.0,0.0
2022-08-18 00:00:00-04:00,59.25,60.29999923706055,56.654998779296875,58.20000076293945,10333,0.0,0.0
2022-08-19 00:00:00-04:00,58.95000076293945,60.29999923706055,52.349998474121094,52.349998474121094,13280,0.0,0.0
2022-08-22 00:00:00-04:00,51.900001525878906,55.20000076293945,51.900001525878906,54.75,7600,0.0,0.0
2022-08-23 00:00:00-04:00,53.70000076293945,55.16999816894531,53.310001373291016,53.70000076293945,4813,0.0,0.0
2022-08-24 00:00:00-04:00,53.54999923706055,56.54999923706055,53.099998474121094,55.20000076293945,2953,0.0,0.0
2022-08-25 00:00:00-04:00,55.5,57.29999923706055,54.84000015258789,56.849998474121094,2773,0.0,0.0
2022-08-26 00:00:00-04:00,56.70000076293945,56.849998474121094,54.599998474121094,55.04999923706055,3433,0.0,0.0
2022-08-29 00:00:00-04:00,53.70000076293945,57.0,53.70000076293945,54.599998474121094,6680,0.0,0.0
2022-08-30 00:00:00-04:00,54.75,55.349998474121094,53.25,53.54999923706055,4373,0.0,0.0
2022-08-31 00:00:00-04:00,53.70000076293945,55.5,53.474998474121094,54.75,1640,0.0,0.0
2022-09-01 00:00:00-04:00,54.29999923706055,55.650001525878906,53.775001525878906,54.599998474121094,4333,0.0,0.0
2022-09-02 00:00:00-04:00,55.04999923706055,55.79999923706055,53.54999923706055,54.150001525878906,1627,0.0,0.0
2022-09-06 00:00:00-04:00,53.70000076293945,54.45000076293945,52.5,53.099998474121094,8073,0.0,0.0
2022-09-07 00:00:00-04:00,52.79999923706055,56.54999923706055,52.650001525878906,54.75,6573,0.0,0.0
2022-09-08 00:00:00-04:00,54.900001525878906,56.25,52.650001525878906,55.349998474121094,6120,0.0,0.0
2022-09-09 00:00:00-04:00,56.400001525878906,57.900001525878906,54.45000076293945,56.25,5820,0.0,0.0
2022-09-12 00:00:00-04:00,56.400001525878906,57.599998474121094,56.099998474121094,56.25,5267,0.0,0.0
2022-09-13 00:00:00-04:00,55.79999923706055,56.25,53.099998474121094,54.75,4520,0.0,0.0
2022-09-14 00:00:00-04:00,55.20000076293945,55.5,51.29999923706055,51.45000076293945,13807,0.0,0.0
2022-09-15 00:00:00-04:00,50.400001525878906,54.0,48.75,53.25,11667,0.0,0.0
2022-09-16 00:00:00-04:00,51.75,58.5,51.45000076293945,57.45000076293945,47833,0.0,0.0
2022-09-19 00:00:00-04:00,57.150001525878906,59.63999938964844,53.25,56.25,14087,0.0,0.0
2022-09-20 00:00:00-04:00,55.349998474121094,57.29999923706055,52.04999923706055,56.25,6300,0.0,0.0
2022-09-21 00:00:00-04:00,56.54999923706055,57.45000076293945,53.400001525878906,56.400001525878906,3680,0.0,0.0
2022-09-22 00:00:00-04:00,55.95000076293945,57.2400016784668,53.400001525878906,55.04999923706055,3967,0.0,0.0
2022-09-23 00:00:00-04:00,53.849998474121094,54.45000076293945,50.849998474121094,52.349998474121094,3827,0.0,0.0
2022-09-26 00:00:00-04:00,52.40999984741211,53.849998474121094,50.400001525878906,51.599998474121094,10520,0.0,0.0
2022-09-27 00:00:00-04:00,51.75,54.150001525878906,51.599998474121094,52.650001525878906,10040,0.0,0.0
2022-09-28 00:00:00-04:00,53.400001525878906,54.375,50.25,53.400001525878906,7680,0.0,0.0
2022-09-29 00:00:00-04:00,54.45000076293945,54.599998474121094,52.20000076293945,52.20000076293945,4020,0.0,0.0
2022-09-30 00:00:00-04:00,52.125,56.084999084472656,51.29999923706055,54.900001525878906,9687,0.0,0.0
2022-10-03 00:00:00-04:00,54.900001525878906,56.025001525878906,52.95000076293945,52.95000076293945,6820,0.0,0.0
2022-10-04 00:00:00-04:00,53.70000076293945,54.75,53.54999923706055,54.150001525878906,5067,0.0,0.0
2022-10-05 00:00:00-04:00,54.45000076293945,55.95000076293945,53.25,53.70000076293945,6120,0.0,0.0
2022-10-06 00:00:00-04:00,54.45000076293945,55.650001525878906,53.099998474121094,55.5,6973,0.0,0.0
2022-10-07 00:00:00-04:00,54.0,54.599998474121094,51.75,51.900001525878906,9087,0.0,0.0
2022-10-10 00:00:00-04:00,51.900001525878906,53.849998474121094,51.900001525878906,53.849998474121094,3180,0.0,0.0
2022-10-11 00:00:00-04:00,52.349998474121094,53.25,50.775001525878906,51.150001525878906,5473,0.0,0.0
2022-10-12 00:00:00-04:00,50.775001525878906,52.95000076293945,50.099998474121094,50.25,3240,0.0,0.0
2022-10-13 00:00:00-04:00,49.650001525878906,51.29999923706055,49.20000076293945,50.70000076293945,5220,0.0,0.0
2022-10-14 00:00:00-04:00,51.900001525878906,51.974998474121094,48.45000076293945,49.79999923706055,8893,0.0,0.0
2022-10-17 00:00:00-04:00,49.95000076293945,50.625,48.150001525878906,49.79999923706055,12640,0.0,0.0
2022-10-18 00:00:00-04:00,50.099998474121094,51.29999923706055,48.75,49.95000076293945,6127,0.0,0.0
2022-10-19 00:00:00-04:00,48.599998474121094,51.150001525878906,48.29999923706055,49.79999923706055,7887,0.0,0.0
2022-10-20 00:00:00-04:00,49.04999923706055,51.29999923706055,48.45000076293945,48.75,9280,0.0,0.0
2022-10-21 00:00:00-04:00,49.95000076293945,49.95000076293945,45.45000076293945,48.29999923706055,6060,0.0,0.0
2022-10-24 00:00:00-04:00,47.43000030517578,48.0,45.29999923706055,46.349998474121094,7233,0.0,0.0
2022-10-25 00:00:00-04:00,45.599998474121094,51.29999923706055,45.599998474121094,49.95000076293945,4320,0.0,0.0
2022-10-26 00:00:00-04:00,50.099998474121094,54.345001220703125,50.099998474121094,52.650001525878906,4060,0.0,0.0
2022-10-27 00:00:00-04:00,53.369998931884766,54.29999923706055,51.45000076293945,52.349998474121094,3680,0.0,0.0
2022-10-28 00:00:00-04:00,52.04999923706055,53.099998474121094,51.599998474121094,52.79999923706055,1533,0.0,0.0
2022-10-31 00:00:00-04:00,52.79999923706055,54.0,52.349998474121094,52.349998474121094,2367,0.0,0.0
2022-11-01 00:00:00-04:00,52.5,53.17499923706055,51.45000076293945,51.900001525878906,953,0.0,0.0
2022-11-02 00:00:00-04:00,51.599998474121094,52.650001525878906,51.0,51.45000076293945,707,0.0,0.0
2022-11-03 00:00:00-04:00,50.80500030517578,52.349998474121094,49.20000076293945,49.349998474121094,1153,0.0,0.0
2022-11-04 00:00:00-04:00,46.79999923706055,51.900001525878906,46.79999923706055,51.45000076293945,2373,0.0,0.0
2022-11-07 00:00:00-05:00,51.75,54.45000076293945,51.75,53.70000076293945,3560,0.0,0.0
2022-11-08 00:00:00-05:00,52.95000076293945,54.150001525878906,51.75,52.04999923706055,2133,0.0,0.0
2022-11-09 00:00:00-05:00,52.04999923706055,52.04999923706055,48.75,48.75,2780,0.0,0.0
2022-11-10 00:00:00-05:00,46.20000076293945,49.650001525878906,41.25,41.400001525878906,18440,0.0,0.0
2022-11-11 00:00:00-05:00,40.95000076293945,41.71500015258789,32.70000076293945,33.45000076293945,25327,0.0,0.0
2022-11-14 00:00:00-05:00,33.75,34.125,27.344999313354492,27.75,20873,0.0,0.0
2022-11-15 00:00:00-05:00,29.700000762939453,29.700000762939453,27.600000381469727,27.75,19833,0.0,0.0
2022-11-16 00:00:00-05:00,27.299999237060547,28.049999237060547,26.549999237060547,27.299999237060547,17080,0.0,0.0
2022-11-17 00:00:00-05:00,27.450000762939453,29.25,27.450000762939453,28.649999618530273,4927,0.0,0.0
2022-11-18 00:00:00-05:00,28.649999618530273,29.25,28.200000762939453,28.5,2700,0.0,0.0
2022-11-21 00:00:00-05:00,27.450000762939453,28.200000762939453,25.049999237060547,26.25,41607,0.0,0.0
2022-11-22 00:00:00-05:00,26.399999618530273,29.25,25.274999618530273,27.75,122160,0.0,0.0
2022-11-23 00:00:00-05:00,27.75,28.5,26.25,26.549999237060547,10540,0.0,0.0
2022-11-25 00:00:00-05:00,26.850000381469727,28.649999618530273,26.399999618530273,28.200000762939453,3140,0.0,0.0
2022-11-28 00:00:00-05:00,28.200000762939453,28.200000762939453,25.350000381469727,26.25,17140,0.0,0.0
2022-11-29 00:00:00-05:00,25.950000762939453,27.0,25.649999618530273,26.25,8640,0.0,0.0
2022-11-30 00:00:00-05:00,26.399999618530273,26.700000762939453,25.799999237060547,26.549999237060547,6440,0.0,0.0
2022-12-01 00:00:00-05:00,26.549999237060547,26.700000762939453,25.5,25.649999618530273,15220,0.0,0.0
2022-12-02 00:00:00-05:00,24.75,26.25,24.75,26.25,13573,0.0,0.0
2022-12-05 00:00:00-05:00,26.399999618530273,26.850000381469727,25.5,25.950000762939453,11613,0.0,0.0
2022-12-06 00:00:00-05:00,26.100000381469727,26.549999237060547,25.049999237060547,26.25,20953,0.0,0.0
2022-12-07 00:00:00-05:00,26.399999618530273,28.350000381469727,25.350000381469727,28.350000381469727,97793,0.0,0.0
2022-12-08 00:00:00-05:00,28.200000762939453,28.649999618530273,26.985000610351562,28.350000381469727,64453,0.0,0.0
2022-12-09 00:00:00-05:00,27.899999618530273,28.200000762939453,25.649999618530273,26.100000381469727,19260,0.0,0.0
2022-12-12 00:00:00-05:00,26.549999237060547,26.850000381469727,25.200000762939453,26.25,33180,0.0,0.0
2022-12-13 00:00:00-05:00,26.25,28.649999618530273,25.799999237060547,28.5,24027,0.0,0.0
2022-12-14 00:00:00-05:00,28.049999237060547,29.100000381469727,26.850000381469727,27.600000381469727,14513,0.0,0.0
2022-12-15 00:00:00-05:00,27.600000381469727,28.049999237060547,25.649999618530273,26.25,13680,0.0,0.0
2022-12-16 00:00:00-05:00,25.200000762939453,26.700000762939453,24.0,25.5,21500,0.0,0.0
2022-12-19 00:00:00-05:00,24.825000762939453,26.399999618530273,24.450000762939453,25.5,8793,0.0,0.0
2022-12-20 00:00:00-05:00,24.899999618530273,26.25,24.899999618530273,25.350000381469727,5787,0.0,0.0
2022-12-21 00:00:00-05:00,25.725000381469727,26.114999771118164,25.049999237060547,25.350000381469727,6567,0.0,0.0
2022-12-22 00:00:00-05:00,25.799999237060547,25.799999237060547,24.600000381469727,25.350000381469727,11887,0.0,0.0
2022-12-23 00:00:00-05:00,25.049999237060547,25.950000762939453,25.049999237060547,25.350000381469727,3673,0.0,0.0
2022-12-27 00:00:00-05:00,24.899999618530273,26.100000381469727,24.450000762939453,25.200000762939453,7347,0.0,0.0
2022-12-28 00:00:00-05:00,25.649999618530273,26.549999237060547,25.049999237060547,25.649999618530273,5880,0.0,0.0
2022-12-29 00:00:00-05:00,25.0049991607666,28.049999237060547,25.0049991607666,27.899999618530273,7347,0.0,0.0
2022-12-30 00:00:00-05:00,27.299999237060547,28.5,26.190000534057617,27.75,11847,0.0,0.0
2023-01-03 00:00:00-05:00,27.600000381469727,28.200000762939453,26.100000381469727,27.450000762939453,6367,0.0,0.0
2023-01-04 00:00:00-05:00,27.75,28.649999618530273,26.700000762939453,28.649999618530273,6180,0.0,0.0
2023-01-05 00:00:00-05:00,28.649999618530273,28.950000762939453,27.149999618530273,27.75,9260,0.0,0.0
2023-01-06 00:00:00-05:00,27.450000762939453,28.799999237060547,27.149999618530273,28.799999237060547,5007,0.0,0.0
2023-01-09 00:00:00-05:00,29.100000381469727,29.174999237060547,25.799999237060547,26.25,13880,0.0,0.0
2023-01-10 00:00:00-05:00,26.549999237060547,27.299999237060547,26.399999618530273,26.700000762939453,9567,0.0,0.0
2023-01-11 00:00:00-05:00,26.399999618530273,27.600000381469727,25.950000762939453,26.850000381469727,5613,0.0,0.0
2023-01-12 00:00:00-05:00,27.299999237060547,27.299999237060547,25.649999618530273,26.25,13600,0.0,0.0
2023-01-13 00:00:00-05:00,25.649999618530273,27.299999237060547,25.350000381469727,27.0,9413,0.0,0.0
2023-01-17 00:00:00-05:00,27.0,27.450000762939453,26.100000381469727,26.700000762939453,4400,0.0,0.0
2023-01-18 00:00:00-05:00,26.850000381469727,27.299999237060547,25.649999618530273,25.649999618530273,5940,0.0,0.0
2023-01-19 00:00:00-05:00,25.5,26.399999618530273,24.600000381469727,25.799999237060547,10087,0.0,0.0
2023-01-20 00:00:00-05:00,25.649999618530273,26.549999237060547,25.200000762939453,25.649999618530273,4800,0.0,0.0
2023-01-23 00:00:00-05:00,25.950000762939453,25.950000762939453,24.899999618530273,25.200000762939453,12233,0.0,0.0
2023-01-24 00:00:00-05:00,25.649999618530273,25.844999313354492,25.049999237060547,25.5,7013,0.0,0.0
2023-01-25 00:00:00-05:00,25.350000381469727,26.549999237060547,25.200000762939453,26.100000381469727,4893,0.0,0.0
2023-01-26 00:00:00-05:00,26.25,26.399999618530273,24.75,25.950000762939453,4820,0.0,0.0
2023-01-27 00:00:00-05:00,26.100000381469727,27.420000076293945,25.799999237060547,26.700000762939453,8920,0.0,0.0
2023-01-30 00:00:00-05:00,26.475000381469727,27.299999237060547,25.649999618530273,26.100000381469727,4047,0.0,0.0
2023-01-31 00:00:00-05:00,26.25,27.899999618530273,25.350000381469727,26.850000381469727,38687,0.0,0.0
2023-02-01 00:00:00-05:00,27.149999618530273,28.049999237060547,26.549999237060547,27.149999618530273,5200,0.0,0.0
2023-02-02 00:00:00-05:00,27.299999237060547,27.825000762939453,26.700000762939453,27.299999237060547,9240,0.0,0.0
2023-02-03 00:00:00-05:00,27.0,28.200000762939453,25.649999618530273,26.25,25200,0.0,0.0
2023-02-06 00:00:00-05:00,26.549999237060547,27.0,25.5,26.100000381469727,13147,0.0,0.0
2023-02-07 00:00:00-05:00,26.100000381469727,26.399999618530273,25.049999237060547,25.799999237060547,9147,0.0,0.0
2023-02-08 00:00:00-05:00,25.950000762939453,26.25,25.200000762939453,25.649999618530273,6393,0.0,0.0
2023-02-09 00:00:00-05:00,25.649999618530273,26.06999969482422,25.200000762939453,25.200000762939453,4167,0.0,0.0
2023-02-10 00:00:00-05:00,25.200000762939453,25.799999237060547,24.75,25.049999237060547,4400,0.0,0.0
2023-02-13 00:00:00-05:00,25.065000534057617,25.5,24.0,24.75,5227,0.0,0.0
2023-02-14 00:00:00-05:00,24.299999237060547,25.125,23.25,24.450000762939453,5133,0.0,0.0
2023-02-15 00:00:00-05:00,24.899999618530273,26.475000381469727,24.450000762939453,25.799999237060547,4307,0.0,0.0
2023-02-16 00:00:00-05:00,25.950000762939453,25.950000762939453,24.75,25.5,3367,0.0,0.0
2023-02-17 00:00:00-05:00,25.799999237060547,26.399999618530273,24.899999618530273,26.25,2647,0.0,0.0
2023-02-21 00:00:00-05:00,26.549999237060547,26.850000381469727,24.0,25.350000381469727,6820,0.0,0.0
2023-02-22 00:00:00-05:00,25.049999237060547,26.100000381469727,24.600000381469727,25.350000381469727,3333,0.0,0.0
2023-02-23 00:00:00-05:00,25.649999618530273,26.850000381469727,25.049999237060547,26.25,5753,0.0,0.0
2023-02-24 00:00:00-05:00,25.799999237060547,26.850000381469727,25.200000762939453,25.950000762939453,4880,0.0,0.0
2023-02-27 00:00:00-05:00,26.549999237060547,26.850000381469727,25.5,26.850000381469727,5680,0.0,0.0
2023-02-28 00:00:00-05:00,26.700000762939453,27.0,26.549999237060547,27.0,2867,0.0,0.0
2023-03-01 00:00:00-05:00,27.299999237060547,28.049999237060547,26.25,27.299999237060547,5100,0.0,0.0
2023-03-02 00:00:00-05:00,27.209999084472656,27.75,26.399999618530273,27.600000381469727,1307,0.0,0.0
2023-03-03 00:00:00-05:00,27.450000762939453,27.450000762939453,25.649999618530273,27.0,3807,0.0,0.0
2023-03-06 00:00:00-05:00,27.299999237060547,28.5,26.399999618530273,28.5,7007,0.0,0.0
2023-03-07 00:00:00-05:00,27.600000381469727,30.899999618530273,27.0,27.899999618530273,82607,0.0,0.0
2023-03-08 00:00:00-05:00,28.5,28.950000762939453,25.649999618530273,28.5,33493,0.0,0.0
2023-03-09 00:00:00-05:00,27.149999618530273,28.950000762939453,25.200000762939453,26.100000381469727,20040,0.0,0.0
2023-03-10 00:00:00-05:00,26.100000381469727,26.399999618530273,24.600000381469727,25.649999618530273,13327,0.0,0.0
2023-03-13 00:00:00-04:00,25.649999618530273,27.0,25.649999618530273,26.25,12320,0.0,0.0
2023-03-14 00:00:00-04:00,26.700000762939453,27.149999618530273,26.25,26.850000381469727,8747,0.0,0.0
2023-03-15 00:00:00-04:00,26.549999237060547,27.75,25.950000762939453,27.149999618530273,9787,0.0,0.0
2023-03-16 00:00:00-04:00,25.950000762939453,27.600000381469727,25.950000762939453,27.450000762939453,14273,0.0,0.0
2023-03-17 00:00:00-04:00,27.450000762939453,28.200000762939453,25.799999237060547,25.950000762939453,35307,0.0,0.0
2023-03-20 00:00:00-04:00,26.399999618530273,26.399999618530273,23.700000762939453,25.350000381469727,15247,0.0,0.0
2023-03-21 00:00:00-04:00,25.5,25.5,24.75,25.5,8767,0.0,0.0
2023-03-22 00:00:00-04:00,25.350000381469727,25.5,24.75,24.899999618530273,3027,0.0,0.0
2023-03-23 00:00:00-04:00,25.200000762939453,25.424999237060547,24.600000381469727,25.200000762939453,4273,0.0,0.0
2023-03-24 00:00:00-04:00,25.200000762939453,27.600000381469727,25.200000762939453,27.600000381469727,6207,0.0,0.0
2023-03-27 00:00:00-04:00,27.450000762939453,27.600000381469727,26.399999618530273,27.299999237060547,4667,0.0,0.0
2023-03-28 00:00:00-04:00,27.450000762939453,30.450000762939453,26.850000381469727,30.0,9027,0.0,0.0
2023-03-29 00:00:00-04:00,30.0,30.149999618530273,27.899999618530273,29.399999618530273,7160,0.0,0.0
2023-03-30 00:00:00-04:00,29.700000762939453,30.299999237060547,28.649999618530273,30.299999237060547,8833,0.0,0.0
2023-03-31 00:00:00-04:00,30.149999618530273,30.299999237060547,28.950000762939453,28.950000762939453,7013,0.0,0.0
2023-04-03 00:00:00-04:00,28.950000762939453,30.600000381469727,28.200000762939453,30.600000381469727,7600,0.0,0.0
2023-04-04 00:00:00-04:00,30.299999237060547,30.299999237060547,27.149999618530273,27.75,10187,0.0,0.0
2023-04-05 00:00:00-04:00,28.049999237060547,28.5,27.75,28.200000762939453,5187,0.0,0.0
2023-04-06 00:00:00-04:00,28.350000381469727,28.5,26.71500015258789,27.899999618530273,7053,0.0,0.0
2023-04-10 00:00:00-04:00,27.75,28.5,26.700000762939453,27.75,14107,0.0,0.0
2023-04-11 00:00:00-04:00,27.899999618530273,28.950000762939453,26.850000381469727,28.950000762939453,10820,0.0,0.0
2023-04-12 00:00:00-04:00,28.5,30.75,27.614999771118164,29.25,15247,0.0,0.0
2023-04-13 00:00:00-04:00,29.399999618530273,30.225000381469727,28.350000381469727,29.100000381469727,10827,0.0,0.0
2023-04-14 00:00:00-04:00,28.950000762939453,29.399999618530273,28.334999084472656,28.5,5607,0.0,0.0
2023-04-17 00:00:00-04:00,28.799999237060547,31.049999237060547,27.75,30.75,23333,0.0,0.0
2023-04-18 00:00:00-04:00,30.899999618530273,31.049999237060547,28.950000762939453,30.450000762939453,7847,0.0,0.0
2023-04-19 00:00:00-04:00,29.850000381469727,30.0,29.100000381469727,29.399999618530273,6853,0.0,0.0
2023-04-20 00:00:00-04:00,29.399999618530273,30.149999618530273,28.049999237060547,28.5,5847,0.0,0.0
2023-04-21 00:00:00-04:00,28.200000762939453,28.424999237060547,25.950000762939453,28.049999237060547,9953,0.0,0.0
2023-04-24 00:00:00-04:00,27.899999618530273,27.899999618530273,27.0,27.149999618530273,6013,0.0,0.0
2023-04-25 00:00:00-04:00,26.850000381469727,27.299999237060547,25.200000762939453,26.549999237060547,10920,0.0,0.0
2023-04-26 00:00:00-04:00,26.399999618530273,27.149999618530273,25.950000762939453,27.0,6807,0.0,0.0
2023-04-27 00:00:00-04:00,26.700000762939453,27.299999237060547,26.100000381469727,26.850000381469727,8853,0.0,0.0
2023-04-28 00:00:00-04:00,26.700000762939453,27.299999237060547,25.350000381469727,25.649999618530273,7347,0.0,0.0
2023-05-01 00:00:00-04:00,25.5,27.450000762939453,25.5,26.700000762939453,6980,0.0,0.0
2023-05-02 00:00:00-04:00,27.0,27.299999237060547,25.799999237060547,25.950000762939453,6240,0.0,0.0
2023-05-03 00:00:00-04:00,26.100000381469727,26.700000762939453,25.950000762939453,26.25,7487,0.0,0.0
2023-05-04 00:00:00-04:00,26.25,29.549999237060547,26.25,29.25,12567,0.0,0.0
2023-05-05 00:00:00-04:00,28.950000762939453,30.600000381469727,28.649999618530273,30.0,13447,0.0,0.0
2023-05-08 00:00:00-04:00,29.549999237060547,30.450000762939453,27.149999618530273,28.350000381469727,10320,0.0,0.0
2023-05-09 00:00:00-04:00,28.350000381469727,28.350000381469727,26.399999618530273,27.450000762939453,7320,0.0,0.0
2023-05-10 00:00:00-04:00,27.899999618530273,28.200000762939453,26.850000381469727,27.899999618530273,7220,0.0,0.0
2023-05-11 00:00:00-04:00,26.399999618530273,30.450000762939453,24.899999618530273,29.700000762939453,14327,0.0,0.0
2023-05-12 00:00:00-04:00,29.25,30.0,28.950000762939453,29.25,14513,0.0,0.0
2023-05-15 00:00:00-04:00,29.25,29.475000381469727,27.600000381469727,29.25,31887,0.0,0.0
2023-05-16 00:00:00-04:00,28.799999237060547,29.25,27.975000381469727,28.200000762939453,23720,0.0,0.0
2023-05-17 00:00:00-04:00,28.5,28.950000762939453,27.600000381469727,27.825000762939453,25253,0.0,0.0
2023-05-18 00:00:00-04:00,28.049999237060547,28.200000762939453,26.399999618530273,26.850000381469727,35307,0.0,0.0
2023-05-19 00:00:00-04:00,27.0,27.0,21.75,21.75,95040,0.0,0.0
2023-05-22 00:00:00-04:00,22.049999237060547,22.200000762939453,18.600000381469727,19.799999237060547,88060,0.0,0.0
2023-05-23 00:00:00-04:00,19.950000762939453,22.649999618530273,18.75,22.200000762939453,81100,0.0,0.0
2023-05-24 00:00:00-04:00,21.149999618530273,22.200000762939453,19.350000381469727,20.25,41833,0.0,0.0
2023-05-25 00:00:00-04:00,20.25,20.399999618530273,18.600000381469727,19.049999237060547,43920,0.0,0.0
2023-05-26 00:00:00-04:00,19.200000762939453,19.200000762939453,17.700000762939453,18.149999618530273,35347,0.0,0.0
2023-05-30 00:00:00-04:00,18.299999237060547,19.350000381469727,17.700000762939453,19.049999237060547,38813,0.0,0.0
2023-05-31 00:00:00-04:00,18.75,19.350000381469727,17.25,18.75,46367,0.0,0.0
2023-06-01 00:00:00-04:00,19.049999237060547,19.049999237060547,18.0,18.75,28553,0.0,0.0
2023-06-02 00:00:00-04:00,18.299999237060547,18.75,17.700000762939453,18.149999618530273,36520,0.0,0.0
2023-06-05 00:00:00-04:00,18.600000381469727,18.600000381469727,17.25,18.0,18867,0.0,0.0
2023-06-06 00:00:00-04:00,17.399999618530273,17.700000762939453,16.950000762939453,17.100000381469727,33547,0.0,0.0
2023-06-07 00:00:00-04:00,17.25,17.850000381469727,16.049999237060547,17.549999237060547,56880,0.0,0.0
2023-06-08 00:00:00-04:00,17.549999237060547,18.899999618530273,17.100000381469727,17.700000762939453,48467,0.0,0.0
2023-06-09 00:00:00-04:00,17.850000381469727,19.350000381469727,17.700000762939453,18.600000381469727,48493,0.0,0.0
2023-06-12 00:00:00-04:00,18.299999237060547,19.200000762939453,17.549999237060547,18.299999237060547,50687,0.0,0.0
2023-06-13 00:00:00-04:00,18.450000762939453,18.899999618530273,17.100000381469727,17.549999237060547,48393,0.0,0.0
2023-06-14 00:00:00-04:00,17.399999618530273,17.700000762939453,16.350000381469727,16.649999618530273,67353,0.0,0.0
2023-06-15 00:00:00-04:00,16.649999618530273,17.549999237060547,16.575000762939453,16.950000762939453,63040,0.0,0.0
2023-06-16 00:00:00-04:00,17.25,17.700000762939453,16.649999618530273,17.399999618530273,68433,0.0,0.0
2023-06-20 00:00:00-04:00,17.25,18.149999618530273,17.25,18.0,55513,0.0,0.0
2023-06-21 00:00:00-04:00,18.0,18.149999618530273,17.25,17.850000381469727,31687,0.0,0.0
2023-06-22 00:00:00-04:00,17.850000381469727,18.899999618530273,17.549999237060547,18.450000762939453,41513,0.0,0.0
2023-06-23 00:00:00-04:00,18.0,18.149999618530273,17.100000381469727,17.850000381469727,590140,0.0,0.0
2023-06-26 00:00:00-04:00,18.600000381469727,18.600000381469727,16.799999237060547,17.25,55593,0.0,0.0
2023-06-27 00:00:00-04:00,17.549999237060547,18.825000762939453,16.799999237060547,18.450000762939453,39520,0.0,0.0
2023-06-28 00:00:00-04:00,18.450000762939453,18.899999618530273,17.700000762939453,18.600000381469727,40507,0.0,0.0
2023-06-29 00:00:00-04:00,18.600000381469727,18.674999237060547,17.399999618530273,18.450000762939453,59287,0.0,0.0
2023-06-30 00:00:00-04:00,18.450000762939453,18.600000381469727,17.475000381469727,18.450000762939453,37707,0.0,0.0
2023-07-03 00:00:00-04:00,18.0,18.450000762939453,17.700000762939453,18.149999618530273,12980,0.0,0.0
2023-07-05 00:00:00-04:00,18.0,18.0,17.25,17.399999618530273,13940,0.0,0.0
2023-07-06 00:00:00-04:00,17.25,17.475000381469727,16.799999237060547,17.399999618530273,31287,0.0,0.0
2023-07-07 00:00:00-04:00,17.25,17.475000381469727,16.649999618530273,16.799999237060547,32100,0.0,0.0
2023-07-10 00:00:00-04:00,17.399999618530273,17.399999618530273,15.75,15.75,43880,0.0,0.0
2023-07-11 00:00:00-04:00,15.75,15.75,15.300000190734863,15.600000381469727,32200,0.0,0.0
2023-07-12 00:00:00-04:00,15.449999809265137,15.600000381469727,13.829999923706055,14.71500015258789,66340,0.0,0.0
2023-07-13 00:00:00-04:00,14.819999694824219,15.149999618530273,14.024999618530273,14.699999809265137,32233,0.0,0.0
2023-07-14 00:00:00-04:00,15.0,15.0,13.875,14.25,23380,0.0,0.0
2023-07-17 00:00:00-04:00,13.829999923706055,14.579999923706055,13.5,13.949999809265137,32287,0.0,0.0
2023-07-18 00:00:00-04:00,13.800000190734863,15.149999618530273,13.800000190734863,14.819999694824219,31533,0.0,0.0
2023-07-19 00:00:00-04:00,14.6850004196167,16.799999237060547,14.6850004196167,15.899999618530273,54520,0.0,0.0
2023-07-20 00:00:00-04:00,16.049999237060547,16.950000762939453,15.75,15.899999618530273,31220,0.0,0.0
2023-07-21 00:00:00-04:00,16.049999237060547,16.950000762939453,15.0,16.649999618530273,45000,0.0,0.0
2023-07-24 00:00:00-04:00,16.799999237060547,16.799999237060547,15.300000190734863,16.5,31860,0.0,0.0
2023-07-25 00:00:00-04:00,16.5,16.5,15.449999809265137,16.200000762939453,22820,0.0,0.0
2023-07-26 00:00:00-04:00,16.049999237060547,16.649999618530273,15.899999618530273,16.350000381469727,18960,0.0,0.0
2023-07-27 00:00:00-04:00,16.799999237060547,17.850000381469727,16.200000762939453,16.5,52553,0.0,0.0
2023-07-28 00:00:00-04:00,16.5,17.774999618530273,16.049999237060547,17.549999237060547,34053,0.0,0.0
2023-07-31 00:00:00-04:00,17.25,18.524999618530273,16.799999237060547,18.075000762939453,16540,0.0,0.0
2023-08-01 00:00:00-04:00,18.0,18.600000381469727,17.700000762939453,18.149999618530273,14993,0.0,0.0
2023-08-02 00:00:00-04:00,18.0,18.600000381469727,17.549999237060547,18.524999618530273,13667,0.0,0.0
2023-08-03 00:00:00-04:00,18.75,19.350000381469727,18.450000762939453,18.600000381469727,20653,0.0,0.0
2023-08-04 00:00:00-04:00,18.75,19.5,18.450000762939453,19.049999237060547,11347,0.0,0.0
2023-08-07 00:00:00-04:00,18.899999618530273,19.200000762939453,18.450000762939453,18.899999618530273,12780,0.0,0.0
2023-08-08 00:00:00-04:00,18.600000381469727,19.049999237060547,18.149999618530273,18.450000762939453,13520,0.0,0.0
2023-08-09 00:00:00-04:00,18.450000762939453,18.674999237060547,17.25,17.399999618530273,28887,0.0,0.0
2023-08-10 00:00:00-04:00,19.200000762939453,19.200000762939453,16.950000762939453,18.600000381469727,47520,0.0,0.0
2023-08-11 00:00:00-04:00,18.149999618530273,19.049999237060547,17.475000381469727,18.75,24427,0.0,0.0
2023-08-14 00:00:00-04:00,18.149999618530273,19.5,17.850000381469727,18.600000381469727,25507,0.0,0.0
2023-08-15 00:00:00-04:00,18.75,20.100000381469727,18.450000762939453,18.600000381469727,65273,0.0,0.0
2023-08-16 00:00:00-04:00,18.899999618530273,19.350000381469727,18.450000762939453,18.825000762939453,11933,0.0,0.0
2023-08-17 00:00:00-04:00,18.75,19.5,18.600000381469727,18.75,21987,0.0,0.0
2023-08-18 00:00:00-04:00,18.600000381469727,19.5,18.600000381469727,19.5,11100,0.0,0.0
2023-08-21 00:00:00-04:00,19.5,20.549999237060547,18.825000762939453,20.25,33807,0.0,0.0
2023-08-22 00:00:00-04:00,19.950000762939453,20.25,19.350000381469727,19.799999237060547,19013,0.0,0.0
2023-08-23 00:00:00-04:00,19.950000762939453,19.950000762939453,19.049999237060547,19.5,16933,0.0,0.0
2023-08-24 00:00:00-04:00,19.799999237060547,19.799999237060547,18.899999618530273,18.975000381469727,11253,0.0,0.0
2023-08-25 00:00:00-04:00,18.75,19.200000762939453,18.299999237060547,19.125,9533,0.0,0.0
2023-08-28 00:00:00-04:00,19.200000762939453,19.350000381469727,18.75,18.75,13727,0.0,0.0
2023-08-29 00:00:00-04:00,18.75,19.5,18.450000762939453,19.049999237060547,11140,0.0,0.0
2023-08-30 00:00:00-04:00,18.899999618530273,19.094999313354492,18.450000762939453,18.899999618530273,13080,0.0,0.0
2023-08-31 00:00:00-04:00,18.899999618530273,19.350000381469727,17.625,17.850000381469727,33500,0.0,0.0
2023-09-01 00:00:00-04:00,18.0,19.350000381469727,18.0,19.049999237060547,30247,0.0,0.0
2023-09-05 00:00:00-04:00,18.899999618530273,19.200000762939453,18.149999618530273,18.450000762939453,14867,0.0,0.0
2023-09-06 00:00:00-04:00,18.450000762939453,18.75,18.0,18.450000762939453,8327,0.0,0.0
2023-09-07 00:00:00-04:00,18.75,18.75,18.0,18.149999618530273,12873,0.0,0.0
2023-09-08 00:00:00-04:00,18.149999618530273,18.600000381469727,18.0,18.0,15680,0.0,0.0
2023-09-11 00:00:00-04:00,18.0,18.600000381469727,18.0,18.450000762939453,19033,0.0,0.0
2023-09-12 00:00:00-04:00,18.524999618530273,18.93000030517578,18.299999237060547,18.75,8180,0.0,0.0
2023-09-13 00:00:00-04:00,18.600000381469727,19.350000381469727,18.299999237060547,19.200000762939453,16487,0.0,0.0
2023-09-14 00:00:00-04:00,19.5,19.950000762939453,18.899999618530273,19.5,16867,0.0,0.0
2023-09-15 00:00:00-04:00,19.5,20.549999237060547,19.350000381469727,20.549999237060547,55953,0.0,0.0
2023-09-18 00:00:00-04:00,20.700000762939453,20.850000381469727,20.100000381469727,20.700000762939453,27160,0.0,0.0
2023-09-19 00:00:00-04:00,20.700000762939453,20.700000762939453,18.75,19.049999237060547,39707,0.0,0.0
2023-09-20 00:00:00-04:00,19.049999237060547,20.100000381469727,18.959999084472656,19.5,16120,0.0,0.0
2023-09-21 00:00:00-04:00,19.350000381469727,19.350000381469727,18.149999618530273,18.600000381469727,29507,0.0,0.0
2023-09-22 00:00:00-04:00,18.75,19.5,18.299999237060547,18.899999618530273,24060,0.0,0.0
2023-09-25 00:00:00-04:00,19.200000762939453,19.200000762939453,17.700000762939453,18.149999618530273,15493,0.0,0.0
2023-09-26 00:00:00-04:00,18.0,19.049999237060547,17.700000762939453,18.450000762939453,7120,0.0,0.0
2023-09-27 00:00:00-04:00,18.149999618530273,19.350000381469727,18.149999618530273,18.75,11260,0.0,0.0
2023-09-28 00:00:00-04:00,18.600000381469727,19.334999084472656,18.299999237060547,18.600000381469727,12353,0.0,0.0
2023-09-29 00:00:00-04:00,18.899999618530273,19.350000381469727,18.299999237060547,18.450000762939453,15207,0.0,0.0
2023-10-02 00:00:00-04:00,18.450000762939453,19.049999237060547,17.700000762939453,17.850000381469727,31467,0.0,0.0
2023-10-03 00:00:00-04:00,18.149999618530273,19.049999237060547,17.700000762939453,18.75,28567,0.0,0.0
2023-10-04 00:00:00-04:00,19.200000762939453,19.350000381469727,18.450000762939453,18.899999618530273,12833,0.0,0.0
2023-10-05 00:00:00-04:00,18.75,19.5,18.524999618530273,18.825000762939453,14433,0.0,0.0
2023-10-06 00:00:00-04:00,18.899999618530273,19.440000534057617,18.600000381469727,18.75,9953,0.0,0.0
2023-10-09 00:00:00-04:00,18.75,19.049999237060547,17.700000762939453,18.299999237060547,26613,0.0,0.0
2023-10-10 00:00:00-04:00,18.0,18.75,18.0,18.450000762939453,13033,0.0,0.0
2023-10-11 00:00:00-04:00,18.75,18.75,17.850000381469727,18.0,14140,0.0,0.0
2023-10-12 00:00:00-04:00,18.18000030517578,18.450000762939453,16.5,17.100000381469727,21240,0.0,0.0
2023-10-13 00:00:00-04:00,16.950000762939453,18.75,16.799999237060547,18.600000381469727,26907,0.0,0.0
2023-10-16 00:00:00-04:00,18.75,19.200000762939453,18.149999618530273,18.75,18060,0.0,0.0
2023-10-17 00:00:00-04:00,18.899999618530273,19.200000762939453,18.450000762939453,18.600000381469727,13107,0.0,0.0
2023-10-18 00:00:00-04:00,18.450000762939453,18.975000381469727,15.75,16.5,44893,0.0,0.0
2023-10-19 00:00:00-04:00,16.200000762939453,16.725000381469727,14.699999809265137,15.375,19513,0.0,0.0
2023-10-20 00:00:00-04:00,15.600000381469727,16.799999237060547,15.300000190734863,15.75,22147,0.0,0.0
2023-10-23 00:00:00-04:00,16.049999237060547,16.350000381469727,15.449999809265137,15.899999618530273,10487,0.0,0.0
2023-10-24 00:00:00-04:00,16.049999237060547,16.799999237060547,15.75,16.200000762939453,7520,0.0,0.0
2023-10-25 00:00:00-04:00,16.049999237060547,18.0,15.975000381469727,17.774999618530273,22433,0.0,0.0
2023-10-26 00:00:00-04:00,17.850000381469727,18.450000762939453,17.399999618530273,17.850000381469727,17600,0.0,0.0
2023-10-27 00:00:00-04:00,17.850000381469727,18.450000762939453,17.625,18.299999237060547,6060,0.0,0.0
2023-10-30 00:00:00-04:00,18.149999618530273,18.75,17.700000762939453,17.850000381469727,5060,0.0,0.0
2023-10-31 00:00:00-04:00,17.700000762939453,18.0,14.324999809265137,16.950000762939453,38993,0.0,0.0
2023-11-01 00:00:00-04:00,16.649999618530273,18.75,16.649999618530273,18.674999237060547,28587,0.0,0.0
2023-11-02 00:00:00-04:00,18.75,19.049999237060547,18.209999084472656,18.600000381469727,10460,0.0,0.0
2023-11-03 00:00:00-04:00,18.899999618530273,18.899999618530273,18.299999237060547,18.75,11640,0.0,0.0
2023-11-06 00:00:00-05:00,18.600000381469727,18.75,17.399999618530273,17.700000762939453,11047,0.0,0.0
2023-11-07 00:00:00-05:00,18.149999618530273,18.450000762939453,17.549999237060547,18.149999618530273,11593,0.0,0.0
2023-11-08 00:00:00-05:00,18.600000381469727,18.825000762939453,17.399999618530273,18.600000381469727,13733,0.0,0.0
2023-11-09 00:00:00-05:00,20.700000762939453,20.700000762939453,18.299999237060547,18.299999237060547,19587,0.0,0.0
2023-11-10 00:00:00-05:00,18.0,18.75,17.850000381469727,18.450000762939453,8680,0.0,0.0
2023-11-13 00:00:00-05:00,18.600000381469727,19.350000381469727,18.0,18.299999237060547,15507,0.0,0.0
2023-11-14 00:00:00-05:00,19.049999237060547,19.049999237060547,18.0,18.75,10347,0.0,0.0
2023-11-15 00:00:00-05:00,18.299999237060547,18.899999618530273,18.299999237060547,18.600000381469727,15173,0.0,0.0
2023-11-16 00:00:00-05:00,19.049999237060547,19.200000762939453,18.450000762939453,18.75,5567,0.0,0.0
2023-11-17 00:00:00-05:00,18.899999618530273,19.290000915527344,18.450000762939453,18.75,14960,0.0,0.0
2023-11-20 00:00:00-05:00,18.600000381469727,19.049999237060547,17.25,17.850000381469727,28133,0.0,0.0
2023-11-21 00:00:00-05:00,17.415000915527344,18.600000381469727,17.264999389648438,18.299999237060547,13240,0.0,0.0
2023-11-22 00:00:00-05:00,18.299999237060547,18.75,18.149999618530273,18.375,5153,0.0,0.0
2023-11-24 00:00:00-05:00,18.75,18.75,18.299999237060547,18.600000381469727,14387,0.0,0.0
2023-11-27 00:00:00-05:00,18.450000762939453,18.75,17.549999237060547,18.0,15907,0.0,0.0
2023-11-28 00:00:00-05:00,18.75,18.75,18.0,18.450000762939453,15013,0.0,0.0
2023-11-29 00:00:00-05:00,18.149999618530273,18.885000228881836,18.149999618530273,18.75,10713,0.0,0.0
2023-11-30 00:00:00-05:00,19.049999237060547,19.049999237060547,18.450000762939453,18.75,28913,0.0,0.0
2023-12-01 00:00:00-05:00,19.049999237060547,19.049999237060547,18.450000762939453,18.899999618530273,17347,0.0,0.0
2023-12-04 00:00:00-05:00,19.049999237060547,22.049999237060547,18.75,21.899999618530273,54707,0.0,0.0
2023-12-05 00:00:00-05:00,22.5,22.649999618530273,21.0,22.049999237060547,54547,0.0,0.0
2023-12-06 00:00:00-05:00,18.299999237060547,18.600000381469727,16.049999237060547,18.450000762939453,117873,0.0,0.0
2023-12-07 00:00:00-05:00,18.450000762939453,18.825000762939453,17.549999237060547,18.75,32880,0.0,0.0
2023-12-08 00:00:00-05:00,18.450000762939453,18.75,17.850000381469727,18.524999618530273,21473,0.0,0.0
2023-12-11 00:00:00-05:00,18.450000762939453,18.450000762939453,17.700000762939453,17.850000381469727,17867,0.0,0.0
2023-12-12 00:00:00-05:00,17.850000381469727,17.850000381469727,17.25,17.549999237060547,12660,0.0,0.0
2023-12-13 00:00:00-05:00,18.0,18.299999237060547,17.549999237060547,18.149999618530273,20847,0.0,0.0
2023-12-14 00:00:00-05:00,18.149999618530273,18.299999237060547,17.549999237060547,18.0,19240,0.0,0.0
2023-12-15 00:00:00-05:00,18.149999618530273,18.450000762939453,17.25,17.399999618530273,31760,0.0,0.0
2023-12-18 00:00:00-05:00,17.850000381469727,17.850000381469727,16.649999618530273,16.950000762939453,28100,0.0,0.0
2023-12-19 00:00:00-05:00,17.25,17.549999237060547,16.950000762939453,17.25,22760,0.0,0.0
2023-12-20 00:00:00-05:00,17.399999618530273,17.549999237060547,16.950000762939453,17.100000381469727,13107,0.0,0.0
2023-12-21 00:00:00-05:00,17.25,17.700000762939453,17.100000381469727,17.549999237060547,45167,0.0,0.0
2023-12-22 00:00:00-05:00,17.549999237060547,17.850000381469727,17.549999237060547,17.700000762939453,11120,0.0,0.0
2023-12-26 00:00:00-05:00,17.700000762939453,18.825000762939453,17.549999237060547,18.600000381469727,26300,0.0,0.0
2023-12-27 00:00:00-05:00,18.899999618530273,20.399999618530273,18.674999237060547,20.399999618530273,28147,0.0,0.0
2023-12-28 00:00:00-05:00,20.25,20.385000228881836,19.649999618530273,20.100000381469727,16733,0.0,0.0
2023-12-29 00:00:00-05:00,20.25,20.25,19.350000381469727,19.350000381469727,19327,0.0,0.0
2024-01-02 00:00:00-05:00,18.899999618530273,19.5,18.450000762939453,18.75,31747,0.0,0.0
2024-01-03 00:00:00-05:00,18.450000762939453,18.719999313354492,17.850000381469727,18.0,20733,0.0,0.0
2024-01-04 00:00:00-05:00,18.149999618530273,18.149999618530273,17.700000762939453,17.924999237060547,14313,0.0,0.0
2024-01-05 00:00:00-05:00,17.850000381469727,18.149999618530273,17.399999618530273,17.549999237060547,17233,0.0,0.0
2024-01-08 00:00:00-05:00,17.700000762939453,18.149999618530273,17.700000762939453,18.0,19513,0.0,0.0
2024-01-09 00:00:00-05:00,18.0,18.75,18.0,18.450000762939453,21860,0.0,0.0
2024-01-10 00:00:00-05:00,18.450000762939453,18.75,18.299999237060547,18.75,9827,0.0,0.0
2024-01-11 00:00:00-05:00,19.200000762939453,19.5,18.75,19.049999237060547,16000,0.0,0.0
2024-01-12 00:00:00-05:00,19.5,19.5,18.899999618530273,19.049999237060547,9907,0.0,0.0
2024-01-16 00:00:00-05:00,18.899999618530273,19.200000762939453,18.600000381469727,19.049999237060547,11513,0.0,0.0
2024-01-17 00:00:00-05:00,19.200000762939453,19.799999237060547,18.735000610351562,19.5,13487,0.0,0.0
2024-01-18 00:00:00-05:00,19.350000381469727,20.25,18.899999618530273,19.649999618530273,14600,0.0,0.0
2024-01-19 00:00:00-05:00,19.950000762939453,20.399999618530273,19.200000762939453,20.399999618530273,23653,0.0,0.0
2024-01-22 00:00:00-05:00,20.100000381469727,21.1200008392334,19.799999237060547,20.850000381469727,17893,0.0,0.0
2024-01-23 00:00:00-05:00,21.450000762939453,21.450000762939453,20.475000381469727,21.299999237060547,11413,0.0,0.0
2024-01-24 00:00:00-05:00,21.600000381469727,22.5,21.450000762939453,21.899999618530273,23413,0.0,0.0
2024-01-25 00:00:00-05:00,22.350000381469727,22.350000381469727,21.0,21.899999618530273,15673,0.0,0.0
2024-01-26 00:00:00-05:00,21.899999618530273,22.200000762939453,21.450000762939453,21.600000381469727,14213,0.0,0.0
2024-01-29 00:00:00-05:00,21.600000381469727,21.899999618530273,20.774999618530273,21.299999237060547,21207,0.0,0.0
2024-01-30 00:00:00-05:00,21.299999237060547,21.299999237060547,19.5,20.25,24380,0.0,0.0
2024-01-31 00:00:00-05:00,19.950000762939453,20.024999618530273,18.899999618530273,18.899999618530273,22020,0.0,0.0
2024-02-01 00:00:00-05:00,19.350000381469727,19.5,18.600000381469727,18.899999618530273,14033,0.0,0.0
2024-02-02 00:00:00-05:00,18.75,18.899999618530273,18.0,18.149999618530273,20493,0.0,0.0
2024-02-05 00:00:00-05:00,18.299999237060547,18.899999618530273,18.299999237060547,18.299999237060547,13980,0.0,0.0
2024-02-06 00:00:00-05:00,18.149999618530273,20.100000381469727,18.149999618530273,19.200000762939453,20727,0.0,0.0
2024-02-07 00:00:00-05:00,19.649999618530273,19.649999618530273,18.75,18.899999618530273,16253,0.0,0.0
2024-02-08 00:00:00-05:00,18.899999618530273,19.350000381469727,18.600000381469727,18.899999618530273,13313,0.0,0.0
2024-02-09 00:00:00-05:00,19.049999237060547,21.0,18.600000381469727,20.100000381469727,36307,0.0,0.0
2024-02-12 00:00:00-05:00,20.399999618530273,20.850000381469727,19.799999237060547,20.399999618530273,20333,0.0,0.0
2024-02-13 00:00:00-05:00,20.25,20.684999465942383,19.049999237060547,19.049999237060547,27000,0.0,0.0
2024-02-14 00:00:00-05:00,19.200000762939453,20.399999618530273,19.049999237060547,20.25,16120,0.0,0.0
2024-02-15 00:00:00-05:00,20.700000762939453,20.700000762939453,19.5,20.25,23447,0.0,0.0
2024-02-16 00:00:00-05:00,20.25,20.700000762939453,19.950000762939453,20.475000381469727,12267,0.0,0.0
2024-02-20 00:00:00-05:00,20.549999237060547,21.299999237060547,20.325000762939453,20.399999618530273,13967,0.0,0.0
2024-02-21 00:00:00-05:00,20.399999618530273,20.834999084472656,19.950000762939453,20.100000381469727,12927,0.0,0.0
2024-02-22 00:00:00-05:00,20.25,22.649999618530273,20.25,22.049999237060547,70753,0.0,0.0
2024-02-23 00:00:00-05:00,22.200000762939453,25.350000381469727,22.200000762939453,23.399999618530273,60947,0.0,0.0
2024-02-26 00:00:00-05:00,23.700000762939453,25.649999618530273,23.53499984741211,24.75,38007,0.0,0.0
2024-02-27 00:00:00-05:00,25.350000381469727,26.25,24.0,25.350000381469727,37000,0.0,0.0
2024-02-28 00:00:00-05:00,25.649999618530273,27.674999237060547,25.5,27.225000381469727,64707,0.0,0.0
2024-02-29 00:00:00-05:00,27.600000381469727,27.899999618530273,26.100000381469727,26.700000762939453,25520,0.0,0.0
2024-03-01 00:00:00-05:00,26.549999237060547,28.649999618530273,26.549999237060547,28.649999618530273,31453,0.0,0.0
2024-03-04 00:00:00-05:00,29.100000381469727,29.235000610351562,25.049999237060547,25.950000762939453,43707,0.0,0.0
2024-03-05 00:00:00-05:00,26.100000381469727,26.549999237060547,24.899999618530273,25.875,21247,0.0,0.0
2024-03-06 00:00:00-05:00,26.399999618530273,26.850000381469727,25.799999237060547,26.25,20813,0.0,0.0
2024-03-07 00:00:00-05:00,25.200000762939453,26.700000762939453,24.299999237060547,25.799999237060547,25680,0.0,0.0
2024-03-08 00:00:00-05:00,25.799999237060547,26.549999237060547,24.600000381469727,25.200000762939453,30213,0.0,0.0
2024-03-11 00:00:00-04:00,26.100000381469727,28.350000381469727,25.5,27.899999618530273,53200,0.0,0.0
2024-03-12 00:00:00-04:00,28.350000381469727,28.799999237060547,27.450000762939453,28.424999237060547,24353,0.0,0.0
2024-03-13 00:00:00-04:00,28.649999618530273,29.100000381469727,27.75,28.950000762939453,33660,0.0,0.0
2024-03-14 00:00:00-04:00,28.200000762939453,28.78499984741211,27.780000686645508,28.5,24967,0.0,0.0
2024-03-15 00:00:00-04:00,28.649999618530273,28.950000762939453,25.799999237060547,28.200000762939453,308933,0.0,0.0
2024-03-18 00:00:00-04:00,28.950000762939453,31.5,26.399999618530273,29.024999618530273,283927,0.0,0.0
2024-03-19 00:00:00-04:00,28.649999618530273,29.655000686645508,25.350000381469727,25.799999237060547,99780,0.0,0.0
2024-03-20 00:00:00-04:00,25.950000762939453,26.399999618530273,24.0,25.725000381469727,103300,0.0,0.0
2024-03-21 00:00:00-04:00,25.799999237060547,25.799999237060547,24.299999237060547,24.899999618530273,28840,0.0,0.0
2024-03-22 00:00:00-04:00,25.049999237060547,25.200000762939453,23.549999237060547,24.450000762939453,51593,0.0,0.0
2024-03-25 00:00:00-04:00,24.450000762939453,24.600000381469727,21.899999618530273,22.5,66507,0.0,0.0
2024-03-26 00:00:00-04:00,22.799999237060547,23.549999237060547,21.899999618530273,22.200000762939453,29580,0.0,0.0
2024-03-27 00:00:00-04:00,21.450000762939453,22.350000381469727,21.450000762939453,22.200000762939453,26973,0.0,0.0
2024-03-28 00:00:00-04:00,22.350000381469727,22.5,21.149999618530273,21.899999618530273,26653,0.0,0.0
2024-04-01 00:00:00-04:00,22.200000762939453,22.350000381469727,21.299999237060547,21.600000381469727,32900,0.0,0.0
2024-04-02 00:00:00-04:00,21.450000762939453,22.049999237060547,20.924999237060547,21.149999618530273,12527,0.0,0.0
2024-04-03 00:00:00-04:00,21.0,21.450000762939453,20.700000762939453,20.700000762939453,15573,0.0,0.0
2024-04-04 00:00:00-04:00,21.0,21.0,20.100000381469727,20.549999237060547,29267,0.0,0.0
2024-04-05 00:00:00-04:00,20.850000381469727,21.149999618530273,19.5,19.799999237060547,25213,0.0,0.0
2024-04-08 00:00:00-04:00,20.25,20.25,19.5,19.950000762939453,18993,0.0,0.0
2024-04-09 00:00:00-04:00,20.25,20.399999618530273,18.299999237060547,18.450000762939453,23387,0.0,0.0
2024-04-10 00:00:00-04:00,18.149999618530273,18.75,17.850000381469727,18.75,29300,0.0,0.0
2024-04-11 00:00:00-04:00,18.899999618530273,18.899999618530273,18.299999237060547,18.600000381469727,41053,0.0,0.0
2024-04-12 00:00:00-04:00,18.600000381469727,18.674999237060547,17.325000762939453,18.299999237060547,53113,0.0,0.0
2024-04-15 00:00:00-04:00,18.600000381469727,18.600000381469727,17.399999618530273,17.850000381469727,33933,0.0,0.0
2024-04-16 00:00:00-04:00,17.850000381469727,17.850000381469727,16.350000381469727,16.350000381469727,24193,0.0,0.0
2024-04-17 00:00:00-04:00,16.799999237060547,16.950000762939453,15.149999618530273,15.300000190734863,30753,0.0,0.0
2024-04-18 00:00:00-04:00,15.300000190734863,15.75,13.739999771118164,13.920000076293945,36540,0.0,0.0
2024-04-19 00:00:00-04:00,13.994999885559082,14.475000381469727,13.40999984741211,13.40999984741211,43580,0.0,0.0
2024-04-22 00:00:00-04:00,13.649999618530273,15.75,12.824999809265137,15.449999809265137,84233,0.0,0.0
2024-04-23 00:00:00-04:00,15.149999618530273,15.899999618530273,14.100000381469727,14.520000457763672,44773,0.0,0.0
2024-04-24 00:00:00-04:00,14.265000343322754,14.444999694824219,13.364999771118164,13.875,38087,0.0,0.0
2024-04-25 00:00:00-04:00,18.600000381469727,18.75,13.319999694824219,13.574999809265137,1559807,0.0,0.0
2024-04-26 00:00:00-04:00,13.425000190734863,13.710000038146973,12.0,12.899999618530273,209820,0.0,0.0
2024-04-29 00:00:00-04:00,12.899999618530273,13.170000076293945,12.449999809265137,12.885000228881836,92587,0.0,0.0
2024-04-30 00:00:00-04:00,12.449999809265137,12.675000190734863,12.149999618530273,12.3149995803833,81873,0.0,0.0
2024-05-01 00:00:00-04:00,12.255000114440918,13.920000076293945,12.255000114440918,13.619999885559082,54367,0.0,0.0
2024-05-02 00:00:00-04:00,13.78499984741211,13.875,13.0649995803833,13.170000076293945,34613,0.0,0.0
2024-05-03 00:00:00-04:00,13.199999809265137,15.149999618530273,13.199999809265137,15.149999618530273,74773,0.0,0.0
2024-05-06 00:00:00-04:00,18.0,18.149999618530273,16.049999237060547,17.100000381469727,186047,0.0,0.0
2024-05-07 00:00:00-04:00,17.25,17.25,15.149999618530273,15.449999809265137,57080,0.0,0.0
2024-05-08 00:00:00-04:00,15.149999618530273,15.600000381469727,15.149999618530273,15.600000381469727,15067,0.0,0.0
2024-05-09 00:00:00-04:00,15.0,17.700000762939453,15.0,16.799999237060547,104793,0.0,0.0
2024-05-10 00:00:00-04:00,17.100000381469727,18.600000381469727,16.799999237060547,18.299999237060547,56920,0.0,0.0
2024-05-13 00:00:00-04:00,18.75,18.75,17.25,17.549999237060547,44013,0.0,0.0
2024-05-14 00:00:00-04:00,17.399999618530273,17.700000762939453,15.795000076293945,16.950000762939453,65287,0.0,0.0
2024-05-15 00:00:00-04:00,16.799999237060547,17.850000381469727,16.575000762939453,17.774999618530273,37927,0.0,0.0
2024-05-16 00:00:00-04:00,17.549999237060547,19.649999618530273,17.399999618530273,19.350000381469727,50560,0.0,0.0
2024-05-17 00:00:00-04:00,19.5,19.875,18.299999237060547,18.899999618530273,59953,0.0,0.0
2024-05-20 00:00:00-04:00,19.350000381469727,19.950000762939453,17.700000762939453,18.0,73747,0.0,0.0
2024-05-21 00:00:00-04:00,18.450000762939453,18.450000762939453,16.799999237060547,17.399999618530273,38520,0.0,0.0
2024-05-22 00:00:00-04:00,17.700000762939453,17.700000762939453,16.950000762939453,17.399999618530273,22093,0.0,0.0
2024-05-23 00:00:00-04:00,17.399999618530273,17.475000381469727,16.5,16.950000762939453,36273,0.0,0.0
2024-05-24 00:00:00-04:00,17.25,17.25,16.350000381469727,16.649999618530273,43153,0.0,0.0
2024-05-28 00:00:00-04:00,16.649999618530273,18.0,16.5,17.549999237060547,40160,0.0,0.0
2024-05-29 00:00:00-04:00,17.25,17.399999618530273,15.899999618530273,16.049999237060547,48013,0.0,0.0
2024-05-30 00:00:00-04:00,16.049999237060547,16.5,15.824999809265137,16.049999237060547,28387,0.0,0.0
2024-05-31 00:00:00-04:00,16.350000381469727,16.5,15.449999809265137,16.200000762939453,32727,0.0,0.0
2024-06-03 00:00:00-04:00,16.200000762939453,16.649999618530273,15.899999618530273,16.350000381469727,25393,0.0,0.0
2024-06-04 00:00:00-04:00,16.5,16.5,15.600000381469727,16.049999237060547,22440,0.0,0.0
2024-06-05 00:00:00-04:00,16.049999237060547,16.5,15.824999809265137,16.200000762939453,16940,0.0,0.0
2024-06-06 00:00:00-04:00,15.75,16.200000762939453,15.449999809265137,15.600000381469727,14847,0.0,0.0
2024-06-07 00:00:00-04:00,15.75,16.350000381469727,15.449999809265137,15.899999618530273,26313,0.0,0.0
2024-06-10 00:00:00-04:00,16.049999237060547,18.149999618530273,15.600000381469727,17.549999237060547,36787,0.0,0.0
2024-06-11 00:00:00-04:00,17.25,19.200000762939453,16.950000762939453,18.899999618530273,34013,0.0,0.0
2024-06-12 00:00:00-04:00,18.899999618530273,20.024999618530273,18.0,18.600000381469727,36747,0.0,0.0
2024-06-13 00:00:00-04:00,18.299999237060547,18.600000381469727,16.950000762939453,17.850000381469727,26047,0.0,0.0
2024-06-14 00:00:00-04:00,17.700000762939453,18.0,16.950000762939453,17.325000762939453,18787,0.0,0.0
2024-06-17 00:00:00-04:00,17.700000762939453,18.299999237060547,17.100000381469727,17.850000381469727,21867,0.0,0.0
2024-06-18 00:00:00-04:00,17.700000762939453,17.850000381469727,16.799999237060547,17.25,36347,0.0,0.0
2024-06-20 00:00:00-04:00,17.100000381469727,18.0,16.799999237060547,16.950000762939453,56153,0.0,0.0
2024-06-21 00:00:00-04:00,16.799999237060547,17.700000762939453,16.350000381469727,16.350000381469727,133967,0.0,0.0
2024-06-24 00:00:00-04:00,16.200000762939453,16.950000762939453,15.899999618530273,16.049999237060547,66933,0.0,0.0
2024-06-25 00:00:00-04:00,16.200000762939453,16.350000381469727,15.449999809265137,15.449999809265137,65507,0.0,0.0
2024-06-26 00:00:00-04:00,15.149999618530273,17.25,14.850000381469727,14.970000267028809,71067,0.0,0.0
2024-06-27 00:00:00-04:00,15.449999809265137,16.5,15.225000381469727,16.200000762939453,90327,0.0,0.0
2024-06-28 00:00:00-04:00,16.200000762939453,16.875,15.449999809265137,15.600000381469727,629420,0.0,0.0
2024-07-01 00:00:00-04:00,15.600000381469727,16.200000762939453,15.449999809265137,15.75,80613,0.0,0.0
2024-07-02 00:00:00-04:00,15.75,15.75,15.300000190734863,15.600000381469727,37967,0.0,0.0
2024-07-03 00:00:00-04:00,15.899999618530273,16.049999237060547,15.449999809265137,15.75,16620,0.0,0.0
2024-07-05 00:00:00-04:00,15.899999618530273,15.899999618530273,15.600000381469727,15.675000190734863,19407,0.0,0.0
2024-07-08 00:00:00-04:00,15.75,16.200000762939453,15.300000190734863,16.049999237060547,32967,0.0,0.0
2024-07-09 00:00:00-04:00,16.049999237060547,16.200000762939453,15.449999809265137,15.975000381469727,25340,0.0,0.0
2024-07-10 00:00:00-04:00,16.049999237060547,16.5,15.75,16.5,25200,0.0,0.0
2024-07-11 00:00:00-04:00,16.649999618530273,18.225000381469727,16.5,17.850000381469727,30600,0.0,0.0
2024-07-12 00:00:00-04:00,17.700000762939453,19.350000381469727,17.700000762939453,19.049999237060547,45927,0.0,0.0
2024-07-15 00:00:00-04:00,19.049999237060547,19.5,18.0,19.049999237060547,99020,0.0,0.0
2024-07-16 00:00:00-04:00,18.75,18.75,16.950000762939453,17.25,90000,0.0,0.0
2024-07-17 00:00:00-04:00,17.25,17.25,16.200000762939453,16.5,45127,0.0,0.0
2024-07-18 00:00:00-04:00,16.200000762939453,17.100000381469727,16.200000762939453,16.200000762939453,44660,0.0,0.0
2024-07-19 00:00:00-04:00,16.049999237060547,16.5,15.524999618530273,15.899999618530273,67160,0.0,0.0
2024-07-22 00:00:00-04:00,16.350000381469727,16.350000381469727,15.149999618530273,15.600000381469727,48067,0.0,0.0
2024-07-23 00:00:00-04:00,15.600000381469727,15.899999618530273,15.149999618530273,15.300000190734863,42373,0.0,0.0
2024-07-24 00:00:00-04:00,15.300000190734863,16.049999237060547,14.850000381469727,15.300000190734863,41493,0.0,0.0
2024-07-25 00:00:00-04:00,15.449999809265137,16.274999618530273,15.300000190734863,16.200000762939453,23440,0.0,0.0
2024-07-26 00:00:00-04:00,16.200000762939453,16.799999237060547,16.200000762939453,16.649999618530273,10433,0.0,0.0
2024-07-29 00:00:00-04:00,16.799999237060547,16.950000762939453,15.75,15.899999618530273,25380,0.0,0.0
2024-07-30 00:00:00-04:00,15.600000381469727,15.899999618530273,15.300000190734863,15.600000381469727,18953,0.0,0.0
2024-07-31 00:00:00-04:00,15.75,17.174999237060547,15.375,15.75,47693,0.0,0.0
2024-08-01 00:00:00-04:00,15.75,15.75,15.449999809265137,15.600000381469727,18013,0.0,0.0
2024-08-02 00:00:00-04:00,15.300000190734863,15.449999809265137,15.0,15.300000190734863,27847,0.0,0.0
2024-08-05 00:00:00-04:00,14.850000381469727,14.850000381469727,14.399999618530273,14.774999618530273,65193,0.0,0.0
2024-08-06 00:00:00-04:00,14.774999618530273,15.75,14.399999618530273,15.0,37453,0.0,0.0
2024-08-07 00:00:00-04:00,15.149999618530273,15.899999618530273,15.149999618530273,15.75,60413,0.0,0.0
2024-08-08 00:00:00-04:00,14.25,14.970000267028809,13.5,14.25,95660,0.0,0.0
2024-08-09 00:00:00-04:00,13.949999809265137,14.25,12.600000381469727,13.350000381469727,130727,0.0,0.0
2024-08-12 00:00:00-04:00,13.350000381469727,14.100000381469727,13.350000381469727,13.664999961853027,36953,0.0,0.0
2024-08-13 00:00:00-04:00,14.25,14.385000228881836,13.5,14.324999809265137,21180,0.0,0.0
2024-08-14 00:00:00-04:00,14.324999809265137,14.324999809265137,13.5,13.725000381469727,21553,0.0,0.0
2024-08-15 00:00:00-04:00,13.800000190734863,14.25,13.5,13.800000190734863,14147,0.0,0.0
2024-08-16 00:00:00-04:00,13.755000114440918,14.100000381469727,13.5,14.039999961853027,18367,0.0,0.0
2024-08-19 00:00:00-04:00,14.085000038146973,14.430000305175781,14.085000038146973,14.25,21600,0.0,0.0
2024-08-20 00:00:00-04:00,14.25,14.550000190734863,13.949999809265137,13.979999542236328,6187,0.0,0.0
2024-08-21 00:00:00-04:00,13.994999885559082,14.25,13.845000267028809,13.949999809265137,14513,0.0,0.0
2024-08-22 00:00:00-04:00,14.024999618530273,14.15999984741211,13.845000267028809,13.979999542236328,9040,0.0,0.0
2024-08-23 00:00:00-04:00,13.949999809265137,14.204999923706055,13.800000190734863,13.904999732971191,13953,0.0,0.0
2024-08-26 00:00:00-04:00,14.550000190734863,14.550000190734863,13.800000190734863,13.979999542236328,16480,0.0,0.0
2024-08-27 00:00:00-04:00,13.800000190734863,15.675000190734863,13.800000190734863,15.449999809265137,37133,0.0,0.0
2024-08-28 00:00:00-04:00,15.0,16.200000762939453,15.0,15.449999809265137,20233,0.0,0.0
2024-08-29 00:00:00-04:00,15.270000457763672,16.350000381469727,15.149999618530273,16.049999237060547,34913,0.0,0.0
2024-08-30 00:00:00-04:00,16.049999237060547,16.125,15.449999809265137,15.600000381469727,10900,0.0,0.0
2024-09-03 00:00:00-04:00,15.75,15.899999618530273,15.0,15.0,14253,0.0,0.0
2024-09-04 00:00:00-04:00,15.0,15.300000190734863,14.475000381469727,14.864999771118164,42533,0.0,0.0
2024-09-05 00:00:00-04:00,14.970000267028809,14.970000267028809,14.625,14.71500015258789,8687,0.0,0.0
2024-09-06 00:00:00-04:00,14.625,14.850000381469727,14.069999694824219,14.279999732971191,18500,0.0,0.0
2024-09-09 00:00:00-04:00,14.324999809265137,15.600000381469727,14.069999694824219,14.399999618530273,24807,0.0,0.0
2024-09-10 00:00:00-04:00,14.145000457763672,14.475000381469727,13.979999542236328,14.010000228881836,15180,0.0,0.0
2024-09-11 00:00:00-04:00,14.024999618530273,14.3100004196167,13.649999618530273,13.8149995803833,19027,0.0,0.0
2024-09-12 00:00:00-04:00,13.800000190734863,14.100000381469727,13.694999694824219,14.024999618530273,7533,0.0,0.0
2024-09-13 00:00:00-04:00,13.9350004196167,14.055000305175781,13.350000381469727,13.574999809265137,51800,0.0,0.0
2024-09-16 00:00:00-04:00,14.100000381469727,14.25,13.199999809265137,13.289999961853027,33647,0.0,0.0
2024-09-17 00:00:00-04:00,13.199999809265137,13.4399995803833,12.75,12.899999618530273,38140,0.0,0.0
2024-09-18 00:00:00-04:00,12.824999809265137,13.4399995803833,12.75,12.75,23727,0.0,0.0
2024-09-19 00:00:00-04:00,12.824999809265137,12.975000381469727,11.774999618530273,11.9399995803833,121007,0.0,0.0
2024-09-20 00:00:00-04:00,11.595000267028809,11.850000381469727,11.175000190734863,11.430000305175781,73720,0.0,0.0
2024-09-23 00:00:00-04:00,11.399999618530273,11.850000381469727,10.770000457763672,10.800000190734863,35207,0.0,0.0
2024-09-24 00:00:00-04:00,10.949999809265137,11.279999732971191,10.5,10.5,26307,0.0,0.0
2024-09-25 00:00:00-04:00,10.649999618530273,11.100000381469727,10.425000190734863,10.5,27040,0.0,0.0
2024-09-26 00:00:00-04:00,10.350000381469727,10.904999732971191,10.170000076293945,10.199999809265137,21273,0.0,0.0
2024-09-27 00:00:00-04:00,10.649999618530273,10.920000076293945,10.319999694824219,10.484999656677246,32400,0.0,0.0
2024-09-30 00:00:00-04:00,10.364999771118164,10.890000343322754,10.050000190734863,10.050000190734863,32693,0.0,0.0
2024-10-01 00:00:00-04:00,10.0649995803833,10.350000381469727,9.75,10.140000343322754,64040,0.0,0.0
2024-10-02 00:00:00-04:00,10.050000190734863,10.484999656677246,9.854999542236328,10.0649995803833,7327,0.0,0.0
2024-10-03 00:00:00-04:00,10.319999694824219,10.425000190734863,10.050000190734863,10.274999618530273,15147,0.0,0.0
2024-10-04 00:00:00-04:00,10.350000381469727,10.800000190734863,10.350000381469727,10.664999961853027,19773,0.0,0.0
2024-10-07 00:00:00-04:00,10.875,11.055000305175781,10.350000381469727,10.545000076293945,16233,0.0,0.0
2024-10-08 00:00:00-04:00,10.470000267028809,10.979999542236328,10.470000267028809,10.574999809265137,12373,0.0,0.0
2024-10-09 00:00:00-04:00,10.710000038146973,10.710000038146973,10.199999809265137,10.229999542236328,13560,0.0,0.0
2024-10-10 00:00:00-04:00,10.350000381469727,10.4399995803833,9.75,9.75,20173,0.0,0.0
2024-10-11 00:00:00-04:00,9.75,10.1850004196167,9.75,10.050000190734863,15927,0.0,0.0
2024-10-14 00:00:00-04:00,10.050000190734863,10.680000305175781,9.869999885559082,10.649999618530273,8047,0.0,0.0
2024-10-15 00:00:00-04:00,10.529999732971191,11.265000343322754,10.350000381469727,10.5600004196167,18793,0.0,0.0
2024-10-16 00:00:00-04:00,10.680000305175781,11.475000381469727,10.574999809265137,11.324999809265137,13313,0.0,0.0
2024-10-17 00:00:00-04:00,11.25,11.324999809265137,11.100000381469727,11.25,5133,0.0,0.0
2024-10-18 00:00:00-04:00,11.25,12.135000228881836,11.100000381469727,12.0,20353,0.0,0.0
2024-10-21 00:00:00-04:00,11.550000190734863,12.0,11.399999618530273,11.699999809265137,8900,0.0,0.0
2024-10-22 00:00:00-04:00,11.550000190734863,12.0600004196167,11.550000190734863,11.850000381469727,5907,0.0,0.0
2024-10-23 00:00:00-04:00,12.0,12.0,11.414999961853027,11.595000267028809,6440,0.0,0.0
2024-10-24 00:00:00-04:00,11.6850004196167,12.0,11.25,11.850000381469727,10520,0.0,0.0
2024-10-25 00:00:00-04:00,11.550000190734863,11.835000038146973,11.25,11.5649995803833,11927,0.0,0.0
2024-10-28 00:00:00-04:00,11.25,12.149999618530273,11.130000114440918,11.760000228881836,12567,0.0,0.0
2024-10-29 00:00:00-04:00,11.550000190734863,11.729999542236328,11.25,11.25,7407,0.0,0.0
2024-10-30 00:00:00-04:00,11.25,11.354999542236328,10.364999771118164,10.5600004196167,39587,0.0,0.0
2024-10-31 00:00:00-04:00,10.5,10.920000076293945,10.170000076293945,10.350000381469727,9640,0.0,0.0
2024-11-01 00:00:00-04:00,10.140000343322754,10.845000267028809,9.75,10.140000343322754,15747,0.0,0.0
2024-11-04 00:00:00-05:00,10.170000076293945,10.800000190734863,10.020000457763672,10.050000190734863,17153,0.0,0.0
2024-11-05 00:00:00-05:00,10.050000190734863,10.5,9.914999961853027,10.050000190734863,9873,0.0,0.0
2024-11-06 00:00:00-05:00,10.050000190734863,10.649999618530273,10.050000190734863,10.649999618530273,25347,0.0,0.0
2024-11-07 00:00:00-05:00,10.5600004196167,11.9399995803833,10.350000381469727,11.550000190734863,25860,0.0,0.0
2024-11-08 00:00:00-05:00,11.399999618530273,12.0,11.100000381469727,11.699999809265137,17380,0.0,0.0
2024-11-11 00:00:00-05:00,11.699999809265137,12.0,11.430000305175781,11.520000457763672,14440,0.0,0.0
2024-11-12 00:00:00-05:00,10.350000381469727,10.350000381469727,8.595000267028809,9.0,120713,0.0,0.0
2024-11-13 00:00:00-05:00,8.850000381469727,8.850000381469727,7.5,7.605000019073486,360167,0.0,0.0
2024-11-14 00:00:00-05:00,7.949999809265137,7.949999809265137,6.614999771118164,6.824999809265137,84007,0.0,0.0
2024-11-15 00:00:00-05:00,6.824999809265137,6.885000228881836,6.195000171661377,6.525000095367432,74633,0.0,0.0
2024-11-18 00:00:00-05:00,6.75,6.75,5.715000152587891,5.775000095367432,171520,0.0,0.0
2024-11-19 00:00:00-05:00,5.699999809265137,5.699999809265137,4.875,5.085000038146973,327333,0.0,0.0
2024-11-20 00:00:00-05:00,5.085000038146973,6.929999828338623,4.815000057220459,5.505000114440918,88007,0.0,0.0
2024-11-21 00:00:00-05:00,5.699999809265137,6.764999866485596,5.400000095367432,5.925000190734863,92013,0.0,0.0
2024-11-22 00:00:00-05:00,5.864999771118164,7.260000228881836,5.864999771118164,7.199999809265137,85693,0.0,0.0
2024-11-25 00:00:00-05:00,7.349999904632568,8.295000076293945,7.349999904632568,7.949999809265137,115667,0.0,0.0
2024-11-26 00:00:00-05:00,8.220000267028809,8.399999618530273,7.394999980926514,7.695000171661377,61540,0.0,0.0
2024-11-27 00:00:00-05:00,7.949999809265137,8.654999732971191,7.710000038146973,8.039999961853027,48020,0.0,0.0
2024-11-29 00:00:00-05:00,8.175000190734863,8.489999771118164,6.900000095367432,7.5,53833,0.0,0.0
2024-12-02 00:00:00-05:00,7.650000095367432,8.234999656677246,7.5,8.069999694824219,102053,0.0,0.0
2024-12-03 00:00:00-05:00,7.90500020980835,8.324999809265137,7.664999961853027,8.100000381469727,97893,0.0,0.0
2024-12-04 00:00:00-05:00,7.965000152587891,8.175000190734863,7.275000095367432,7.800000190734863,27540,0.0,0.0
2024-12-05 00:00:00-05:00,7.90500020980835,8.100000381469727,7.050000190734863,7.5,147820,0.0,0.0
2024-12-06 00:00:00-05:00,7.320000171661377,8.505000114440918,7.320000171661377,8.145000457763672,114840,0.0,0.0
2024-12-09 00:00:00-05:00,7.769999980926514,8.220000267028809,7.695000171661377,7.860000133514404,14627,0.0,0.0
2024-12-10 00:00:00-05:00,8.039999961853027,8.039999961853027,7.53000020980835,7.590000152587891,49387,0.0,0.0
2024-12-11 00:00:00-05:00,7.679999828338623,7.934999942779541,7.349999904632568,7.425000190734863,45907,0.0,0.0
2024-12-12 00:00:00-05:00,7.425000190734863,7.800000190734863,7.065000057220459,7.320000171661377,16713,0.0,0.0
2024-12-13 00:00:00-05:00,7.125,7.5,6.914999961853027,7.065000057220459,13780,0.0,0.0
2024-12-16 00:00:00-05:00,6.914999961853027,7.349999904632568,6.75,6.809999942779541,27287,0.0,0.0
2024-12-17 00:00:00-05:00,6.75,7.349999904632568,6.300000190734863,6.855000019073486,31727,0.0,0.0
2024-12-18 00:00:00-05:00,6.974999904632568,7.215000152587891,6.300000190734863,6.300000190734863,20167,0.0,0.0
2024-12-19 00:00:00-05:00,6.284999847412109,6.809999942779541,5.864999771118164,6.329999923706055,29860,0.0,0.0
2024-12-20 00:00:00-05:00,6.224999904632568,6.900000095367432,6.224999904632568,6.300000190734863,128367,0.0,0.0
2024-12-23 00:00:00-05:00,6.585000038146973,6.585000038146973,6.0,6.269999980926514,38873,0.0,0.0
2024-12-24 00:00:00-05:00,6.090000152587891,6.239999771118164,5.159999847412109,5.715000152587891,51980,0.0,0.0
2024-12-26 00:00:00-05:00,5.25,6.315000057220459,5.25,6.269999980926514,64480,0.0,0.0
2024-12-27 00:00:00-05:00,6.074999809265137,6.300000190734863,5.59499979019165,5.880000114440918,43613,0.0,0.0
2024-12-30 00:00:00-05:00,5.715000152587891,6.75,5.610000133514404,6.195000171661377,46500,0.0,0.0
2024-12-31 00:00:00-05:00,6.320000171661377,6.96999979019165,5.710000038146973,6.679999828338623,192400,0.0,0.06666666666666667
2025-01-02 00:00:00-05:00,6.809999942779541,6.880000114440918,6.090000152587891,6.699999809265137,67900,0.0,0.0
2025-01-03 00:00:00-05:00,6.809999942779541,6.809999942779541,6.409999847412109,6.5,28000,0.0,0.0
2025-01-06 00:00:00-05:00,6.800000190734863,6.800000190734863,6.119999885559082,6.119999885559082,35400,0.0,0.0
2025-01-07 00:00:00-05:00,5.949999809265137,6.375999927520752,5.909999847412109,5.960000038146973,37200,0.0,0.0
2025-01-08 00:00:00-05:00,5.989999771118164,6.072000026702881,5.599999904632568,5.659999847412109,26400,0.0,0.0
2025-01-10 00:00:00-05:00,5.599999904632568,5.599999904632568,5.28000020980835,5.295000076293945,47800,0.0,0.0
2025-01-13 00:00:00-05:00,5.300000190734863,5.300000190734863,4.929999828338623,5.019999980926514,55700,0.0,0.0
2025-01-14 00:00:00-05:00,5.0,5.110000133514404,4.929999828338623,5.0,60600,0.0,0.0
2025-01-15 00:00:00-05:00,5.480000019073486,6.099999904632568,5.070000171661377,6.0,71500,0.0,0.0
2025-01-16 00:00:00-05:00,6.070000171661377,6.451000213623047,5.625999927520752,6.03000020980835,56900,0.0,0.0
2025-01-17 00:00:00-05:00,6.159999847412109,6.650000095367432,6.011000156402588,6.380000114440918,109800,0.0,0.0
2025-01-21 00:00:00-05:00,6.300000190734863,7.320000171661377,6.159999847412109,6.920000076293945,172600,0.0,0.0
2025-01-22 00:00:00-05:00,6.949999809265137,7.099999904632568,6.579999923706055,6.690000057220459,62200,0.0,0.0
2025-01-23 00:00:00-05:00,6.619999885559082,7.070000171661377,6.5,6.559999942779541,55700,0.0,0.0
2025-01-24 00:00:00-05:00,6.619999885559082,6.820000171661377,6.5,6.550000190734863,24400,0.0,0.0
2025-01-27 00:00:00-05:00,6.579999923706055,6.809999942779541,6.199999809265137,6.389999866485596,45200,0.0,0.0
2025-01-28 00:00:00-05:00,6.38700008392334,6.460000038146973,6.019999980926514,6.150000095367432,17200,0.0,0.0
2025-01-29 00:00:00-05:00,6.110000133514404,6.380000114440918,6.0,6.0,22500,0.0,0.0
2025-01-30 00:00:00-05:00,5.980000019073486,6.21999979019165,5.849999904632568,6.079999923706055,26800,0.0,0.0
2025-01-31 00:00:00-05:00,6.21999979019165,6.21999979019165,5.742000102996826,5.920000076293945,35700,0.0,0.0
2025-02-03 00:00:00-05:00,5.78000020980835,6.353000164031982,5.704999923706055,6.010000228881836,27800,0.0,0.0
2025-02-04 00:00:00-05:00,5.920000076293945,6.199999809265137,5.71999979019165,5.889999866485596,16800,0.0,0.0
2025-02-05 00:00:00-05:00,5.829999923706055,6.329999923706055,5.550000190734863,6.0,22700,0.0,0.0
2025-02-06 00:00:00-05:00,6.159999847412109,6.389999866485596,5.75,5.989999771118164,16900,0.0,0.0
2025-02-07 00:00:00-05:00,6.050000190734863,6.050000190734863,5.789999961853027,5.809999942779541,8300,0.0,0.0
2025-02-10 00:00:00-05:00,5.78000020980835,5.829999923706055,5.697000026702881,5.699999809265137,7300,0.0,0.0
2025-02-11 00:00:00-05:00,5.739999771118164,5.800000190734863,5.510000228881836,5.510000228881836,7200,0.0,0.0
2025-02-12 00:00:00-05:00,5.5,5.670000076293945,5.199999809265137,5.510000228881836,8600,0.0,0.0
2025-02-13 00:00:00-05:00,5.510000228881836,5.849999904632568,5.329999923706055,5.619999885559082,17500,0.0,0.0
2025-02-14 00:00:00-05:00,5.619999885559082,6.170000076293945,5.460000038146973,6.0,23600,0.0,0.0
2025-02-18 00:00:00-05:00,5.949999809265137,6.336999893188477,5.690000057220459,5.849999904632568,10500,0.0,0.0
2025-02-19 00:00:00-05:00,6.039999961853027,6.320000171661377,5.800000190734863,5.949999809265137,13000,0.0,0.0
2025-02-20 00:00:00-05:00,6.010000228881836,6.489999771118164,6.0,6.0,18100,0.0,0.0
2025-02-21 00:00:00-05:00,5.994999885559082,6.184999942779541,5.710000038146973,5.769999980926514,7500,0.0,0.0
2025-02-24 00:00:00-05:00,5.940000057220459,6.230000019073486,5.650000095367432,5.650000095367432,7200,0.0,0.0
2025-02-25 00:00:00-05:00,5.519999980926514,5.679999828338623,5.320000171661377,5.349999904632568,13200,0.0,0.0
2025-02-26 00:00:00-05:00,5.5,6.050000190734863,5.349999904632568,5.650000095367432,16600,0.0,0.0
2025-02-27 00:00:00-05:00,6.077000141143799,6.077000141143799,5.619999885559082,5.619999885559082,8300,0.0,0.0
2025-02-28 00:00:00-05:00,5.820000171661377,5.820000171661377,5.210000038146973,5.809999942779541,35500,0.0,0.0
2025-03-03 00:00:00-05:00,5.690000057220459,5.820000171661377,5.110000133514404,5.269999980926514,41900,0.0,0.0
2025-03-04 00:00:00-05:00,5.269999980926514,5.809999942779541,5.099999904632568,5.619999885559082,51100,0.0,0.0
2025-03-05 00:00:00-05:00,5.329999923706055,5.550000190734863,5.329999923706055,5.440000057220459,20400,0.0,0.0
2025-03-06 00:00:00-05:00,5.474999904632568,5.619999885559082,5.309999942779541,5.309999942779541,17100,0.0,0.0
2025-03-07 00:00:00-05:00,5.260000228881836,5.420000076293945,5.110000133514404,5.28000020980835,17600,0.0,0.0
2025-03-10 00:00:00-04:00,5.269999980926514,5.610000133514404,5.269999980926514,5.460000038146973,17300,0.0,0.0
2025-03-11 00:00:00-04:00,5.369999885559082,5.499000072479248,5.369999885559082,5.449999809265137,12000,0.0,0.0
2025-03-12 00:00:00-04:00,5.5,5.559999942779541,5.46999979019165,5.46999979019165,10900,0.0,0.0
2025-03-13 00:00:00-04:00,5.5,5.53000020980835,5.360000133514404,5.369999885559082,12900,0.0,0.0
2025-03-14 00:00:00-04:00,5.400000095367432,5.4730000495910645,5.329999923706055,5.360000133514404,13500,0.0,0.0
2025-03-17 00:00:00-04:00,5.514999866485596,6.260000228881836,5.5,5.880000114440918,34600,0.0,0.0
2025-03-18 00:00:00-04:00,5.954999923706055,6.017000198364258,5.590000152587891,5.800000190734863,13400,0.0,0.0
2025-03-19 00:00:00-04:00,5.800000190734863,6.138000011444092,5.440000057220459,6.0,20800,0.0,0.0
2025-03-20 00:00:00-04:00,9.5,9.600000381469727,9.09000015258789,9.149999618530273,2173500,0.0,0.0
2025-03-21 00:00:00-04:00,9.119999885559082,9.170000076293945,9.100000381469727,9.149999618530273,282900,0.0,0.0
2025-03-24 00:00:00-04:00,9.119999885559082,9.270000457763672,9.119999885559082,9.170000076293945,214100,0.0,0.0
2025-03-25 00:00:00-04:00,9.140000343322754,9.217000007629395,9.140000343322754,9.170000076293945,111400,0.0,0.0
2025-03-26 00:00:00-04:00,9.170000076293945,9.350000381469727,9.130000114440918,9.170000076293945,142100,0.0,0.0
2025-03-27 00:00:00-04:00,9.1899995803833,9.1899995803833,9.119999885559082,9.140000343322754,120600,0.0,0.0
2025-03-28 00:00:00-04:00,9.149999618530273,9.170000076293945,9.130000114440918,9.149999618530273,93300,0.0,0.0
2025-03-31 00:00:00-04:00,9.130000114440918,9.170000076293945,9.100000381469727,9.170000076293945,89300,0.0,0.0
2025-04-01 00:00:00-04:00,9.119999885559082,9.1899995803833,9.100000381469727,9.149999618530273,103300,0.0,0.0
2025-04-02 00:00:00-04:00,9.100000381469727,9.1899995803833,9.100000381469727,9.15999984741211,53100,0.0,0.0
2025-04-03 00:00:00-04:00,9.100000381469727,9.1899995803833,9.09000015258789,9.140000343322754,70400,0.0,0.0
2025-04-04 00:00:00-04:00,9.109999656677246,9.1899995803833,9.039999961853027,9.100000381469727,229500,0.0,0.0
2025-04-07 00:00:00-04:00,9.020000457763672,9.149999618530273,8.960000038146973,9.100000381469727,225800,0.0,0.0
2025-04-08 00:00:00-04:00,9.140000343322754,9.149999618530273,9.029999732971191,9.050000190734863,107000,0.0,0.0
2025-04-09 00:00:00-04:00,9.020000457763672,9.100000381469727,8.75,9.0,498900,0.0,0.0
2025-04-10 00:00:00-04:00,8.970000267028809,9.109999656677246,8.899999618530273,9.050000190734863,195900,0.0,0.0
2025-04-11 00:00:00-04:00,9.039999961853027,9.100000381469727,9.0,9.069999694824219,54700,0.0,0.0
2025-04-14 00:00:00-04:00,9.109999656677246,9.130000114440918,9.050000190734863,9.100000381469727,89200,0.0,0.0
2025-04-15 00:00:00-04:00,9.119999885559082,9.1899995803833,9.09000015258789,9.1899995803833,96000,0.0,0.0
2025-04-16 00:00:00-04:00,9.170000076293945,9.279999732971191,9.119999885559082,9.15999984741211,34000,0.0,0.0
2025-04-17 00:00:00-04:00,9.210000038146973,9.239999771118164,9.149999618530273,9.170000076293945,19100,0.0,0.0
2025-04-21 00:00:00-04:00,9.140000343322754,9.220000267028809,9.140000343322754,9.15999984741211,29600,0.0,0.0
2025-04-22 00:00:00-04:00,9.210000038146973,9.220000267028809,9.138999938964844,9.170000076293945,48200,0.0,0.0
2025-04-23 00:00:00-04:00,9.229999542236328,9.300000190734863,9.180000305175781,9.180000305175781,22300,0.0,0.0
2025-04-24 00:00:00-04:00,9.180000305175781,9.289999961853027,9.180000305175781,9.260000228881836,47200,0.0,0.0
2025-04-25 00:00:00-04:00,9.199999809265137,9.300000190734863,9.199999809265137,9.279999732971191,18800,0.0,0.0
